Timestamp,Suhu_Udara,Kelembapan_Udara,Kelembapan_Tanah,EC,N,P,K,Status_Pompa
2025-12-01 00:00:00,17.64,82.28,58.0,2.279,162.75,60.0,237.03,0
2025-12-01 01:00:00,15.83,85.53,58.24,2.236,163.13,60.53,240.61,0
2025-12-01 02:00:00,18.75,87.65,58.13,2.266,163.64,58.72,242.15,0
2025-12-01 03:00:00,18.26,83.42,57.79,2.238,165.75,57.59,241.5,0
2025-12-01 04:00:00,18.58,84.79,57.9,2.262,167.05,58.15,243.83,0
2025-12-01 05:00:00,18.95,89.53,57.52,2.275,169.14,57.42,243.56,0
2025-12-01 06:00:00,20.38,90.34,56.84,2.251,167.17,57.79,243.82,0
2025-12-01 07:00:00,21.32,82.36,56.92,2.171,165.29,57.95,242.14,0
2025-12-01 08:00:00,22.19,83.15,56.77,2.118,165.87,56.59,242.18,0
2025-12-01 09:00:00,23.5,81.86,55.96,2.079,167.87,57.34,237.74,0
2025-12-01 10:00:00,24.38,77.59,55.99,2.034,167.4,57.75,240.19,0
2025-12-01 11:00:00,25.44,73.53,55.59,2.08,165.97,57.91,237.41,0
2025-12-01 12:00:00,23.79,69.9,55.16,2.223,163.05,57.45,235.07,0
2025-12-01 13:00:00,24.1,74.18,54.44,2.198,163.78,57.94,229.25,0
2025-12-01 14:00:00,24.63,67.71,54.18,2.182,163.62,56.9,227.48,0
2025-12-01 15:00:00,23.49,67.35,53.16,2.155,162.9,56.14,225.46,0
2025-12-01 16:00:00,23.04,66.81,52.5,2.217,164.61,56.61,226.48,0
2025-12-01 17:00:00,23.08,64.34,51.72,2.248,164.47,57.69,223.67,0
2025-12-01 18:00:00,22.54,67.6,50.78,2.251,164.49,57.39,223.13,0
2025-12-01 19:00:00,21.89,68.42,50.83,2.181,166.13,57.94,222.02,0
2025-12-01 20:00:00,19.96,70.65,50.74,2.132,170.03,58.25,218.27,0
2025-12-01 21:00:00,19.57,74.95,50.78,2.154,169.03,58.74,219.7,0
2025-12-01 22:00:00,18.7,74.71,50.49,2.178,167.29,58.21,219.92,0
2025-12-01 23:00:00,17.98,76.84,50.59,2.185,165.42,58.19,220.77,0
2025-12-02 00:00:00,17.05,83.76,50.41,2.233,166.26,58.27,223.56,0
2025-12-02 01:00:00,16.84,83.45,50.07,2.164,164.25,59.73,224.15,0
2025-12-02 02:00:00,18.09,85.66,49.68,2.192,163.61,58.8,223.86,0
2025-12-02 03:00:00,17.39,82.8,48.89,2.215,163.15,57.64,226.72,0
2025-12-02 04:00:00,17.28,90.41,49.03,2.163,166.02,60.47,226.32,0
2025-12-02 05:00:00,19.23,88.94,49.15,2.136,168.13,60.79,225.5,0
2025-12-02 06:00:00,21.11,88.3,49.83,2.189,165.24,61.32,227.64,0
2025-12-02 07:00:00,19.04,85.75,49.53,2.129,168.08,61.92,226.06,0
2025-12-02 08:00:00,21.7,78.71,48.78,2.289,165.77,62.62,229.43,0
2025-12-02 09:00:00,23.22,80.42,47.71,2.323,166.03,63.41,230.11,0
2025-12-02 10:00:00,22.2,75.48,47.45,2.318,164.48,64.06,234.27,0
2025-12-02 11:00:00,23.88,71.75,47.1,2.301,163.81,65.02,234.16,0
2025-12-02 12:00:00,23.58,72.75,47.01,2.349,162.09,65.08,236.57,0
2025-12-02 13:00:00,23.79,73.37,46.17,2.32,165.22,65.95,232.4,0
2025-12-02 14:00:00,24.1,71.21,45.82,2.297,164.96,67.53,235.73,0
2025-12-02 15:00:00,23.24,67.93,45.11,2.384,165.37,67.54,237.42,0
2025-12-02 16:00:00,22.63,65.92,44.96,2.35,163.42,67.81,235.68,0
2025-12-02 17:00:00,22.71,65.84,56.56,2.355,160.94,67.11,237.81,1
2025-12-02 18:00:00,23.46,65.21,67.54,2.305,160.3,66.81,234.5,1
2025-12-02 19:00:00,21.53,68.55,67.3,2.32,161.43,66.99,233.29,0
2025-12-02 20:00:00,20.8,73.77,66.51,2.354,161.35,66.49,231.24,0
2025-12-02 21:00:00,19.81,78.71,65.96,2.451,163.25,66.43,233.73,0
2025-12-02 22:00:00,18.04,74.96,65.43,2.384,163.55,66.61,236.92,0
2025-12-02 23:00:00,18.19,74.86,65.04,2.291,163.62,67.84,235.7,0
2025-12-03 00:00:00,18.39,81.17,64.76,2.276,164.63,66.89,232.48,0
2025-12-03 01:00:00,18.08,87.04,64.61,2.241,164.83,67.12,230.17,0
2025-12-03 02:00:00,17.76,91.71,64.44,2.244,166.54,66.42,230.64,0
2025-12-03 03:00:00,18.33,90.9,64.24,2.279,167.47,66.98,230.93,0
2025-12-03 04:00:00,20.25,91.21,64.14,2.417,169.01,67.59,230.28,0
2025-12-03 05:00:00,19.84,85.5,63.56,2.381,170.14,68.93,228.45,0
2025-12-03 06:00:00,19.87,84.47,63.38,2.243,172.39,68.34,232.84,0
2025-12-03 07:00:00,20.95,81.47,63.61,2.233,173.58,68.28,231.4,0
2025-12-03 08:00:00,21.17,80.84,63.01,2.258,176.39,68.82,229.5,0
2025-12-03 09:00:00,24.39,82.13,62.6,2.203,174.96,69.2,232.64,0
2025-12-03 10:00:00,24.6,81.06,62.15,2.224,176.06,66.75,232.05,0
2025-12-03 11:00:00,24.09,75.02,61.85,2.238,173.13,65.99,233.48,0
2025-12-03 12:00:00,25.91,70.86,61.36,2.257,174.51,66.38,231.37,0
2025-12-03 13:00:00,24.94,66.56,61.04,2.308,174.23,66.06,232.82,0
2025-12-03 14:00:00,24.08,67.19,60.63,2.302,175.55,66.67,234.76,0
2025-12-03 15:00:00,24.67,66.88,60.26,2.335,178.15,67.47,231.98,0
2025-12-03 16:00:00,23.75,62.34,59.83,2.225,179.07,67.11,230.8,0
2025-12-03 17:00:00,23.34,68.68,58.97,2.172,177.76,67.5,228.75,0
2025-12-03 18:00:00,20.95,66.41,58.07,2.161,175.29,68.64,227.74,0
2025-12-03 19:00:00,20.43,71.38,57.76,2.11,175.85,69.36,232.11,0
2025-12-03 20:00:00,21.14,71.47,58.03,2.124,174.9,68.45,232.89,0
2025-12-03 21:00:00,20.44,74.9,57.78,2.116,175.7,68.09,237.87,0
2025-12-03 22:00:00,19.52,75.25,57.67,2.101,174.36,67.93,241.43,0
2025-12-03 23:00:00,19.52,78.99,56.88,2.168,172.31,66.91,243.94,0
2025-12-04 00:00:00,18.02,84.11,56.74,2.182,171.58,67.73,247.13,0
2025-12-04 01:00:00,17.85,84.45,56.56,2.126,172.22,66.97,249.42,0
2025-12-04 02:00:00,16.98,83.76,55.56,2.102,172.15,66.73,252.96,0
2025-12-04 03:00:00,17.56,87.9,55.45,2.161,170.4,67.56,253.42,0
2025-12-04 04:00:00,17.13,88.96,54.75,2.182,173.43,66.98,254.22,0
2025-12-04 05:00:00,19.02,91.06,54.33,2.262,172.84,66.53,254.9,0
2025-12-04 06:00:00,18.65,89.41,54.43,2.316,168.45,66.7,252.81,0
2025-12-04 07:00:00,21.76,84.62,54.28,2.291,169.99,66.19,254.03,0
2025-12-04 08:00:00,22.18,81.13,53.59,2.378,169.77,67.44,256.23,0
2025-12-04 09:00:00,21.33,79.28,52.88,2.464,169.28,66.46,253.66,0
2025-12-04 10:00:00,23.34,75.69,52.2,2.345,168.76,64.26,250.59,0
2025-12-04 11:00:00,25.41,75.42,51.68,2.344,168.28,64.95,248.43,0
2025-12-04 12:00:00,24.29,74.1,50.75,2.308,171.15,64.54,251.15,0
2025-12-04 13:00:00,23.8,72.32,50.53,2.292,171.74,63.73,249.75,0
2025-12-04 14:00:00,23.13,66.44,49.62,2.243,171.94,64.03,246.25,0
2025-12-04 15:00:00,22.8,65.09,48.55,2.191,171.19,64.34,243.09,0
2025-12-04 16:00:00,23.85,64.95,48.29,2.252,174.05,63.59,240.43,0
2025-12-04 17:00:00,22.45,61.54,47.6,2.186,175.21,64.61,238.38,0
2025-12-04 18:00:00,21.66,64.47,47.07,2.199,176.58,65.31,234.71,0
2025-12-04 19:00:00,20.7,69.14,47.07,2.125,176.62,66.98,236.24,0
2025-12-04 20:00:00,20.0,72.45,46.65,2.214,177.95,66.42,235.7,0
2025-12-04 21:00:00,18.39,75.38,46.49,2.222,178.14,66.43,237.0,0
2025-12-04 22:00:00,18.75,75.05,46.49,2.272,176.95,66.51,231.16,0
2025-12-04 23:00:00,16.97,78.62,46.78,2.286,177.14,66.08,234.03,0
2025-12-05 00:00:00,17.09,81.83,46.43,2.271,180.43,66.32,233.88,0
2025-12-05 01:00:00,18.21,83.83,46.09,2.277,180.18,66.62,235.18,0
2025-12-05 02:00:00,17.88,88.25,46.06,2.369,181.86,66.91,238.98,0
2025-12-05 03:00:00,18.45,84.35,45.92,2.311,183.33,66.47,239.7,0
2025-12-05 04:00:00,20.03,85.13,45.68,2.157,183.61,66.15,244.74,0
2025-12-05 05:00:00,19.21,86.88,45.96,2.12,185.84,65.51,239.56,0
2025-12-05 06:00:00,20.11,83.11,45.25,2.06,181.1,64.73,238.53,0
2025-12-05 07:00:00,20.81,80.03,44.63,2.135,177.15,64.59,233.85,0
2025-12-05 08:00:00,21.6,78.77,55.58,2.136,179.77,65.88,234.69,1
2025-12-05 09:00:00,22.04,79.24,67.39,2.197,178.02,67.6,234.9,1
2025-12-05 10:00:00,23.53,78.58,66.98,2.206,177.7,68.61,232.17,0
2025-12-05 11:00:00,24.28,75.78,66.0,2.213,180.34,68.0,237.75,0
2025-12-05 12:00:00,24.67,75.47,65.4,2.229,180.09,68.18,236.71,0
2025-12-05 13:00:00,24.55,69.48,64.82,2.323,182.52,66.16,231.11,0
2025-12-05 14:00:00,25.03,68.06,63.59,2.332,181.12,65.89,233.01,0
2025-12-05 15:00:00,24.05,65.75,63.08,2.397,181.59,65.43,234.85,0
2025-12-05 16:00:00,23.19,65.5,62.17,2.453,181.03,67.01,233.65,0
2025-12-05 17:00:00,22.1,71.58,61.83,2.432,183.07,67.09,235.69,0
2025-12-05 18:00:00,20.82,68.13,60.94,2.418,181.88,66.99,233.28,0
2025-12-05 19:00:00,22.02,70.09,60.81,2.388,179.47,66.78,232.33,0
2025-12-05 20:00:00,19.6,68.64,60.99,2.458,178.05,66.37,233.44,0
2025-12-05 21:00:00,18.6,75.18,61.09,2.391,176.76,66.72,235.83,0
2025-12-05 22:00:00,18.23,78.65,61.04,2.341,175.13,65.98,235.23,0
2025-12-05 23:00:00,17.77,82.62,60.81,2.322,173.48,66.36,234.01,0
2025-12-06 00:00:00,18.77,84.08,60.16,2.251,175.16,67.51,233.96,0
2025-12-06 01:00:00,17.27,84.46,59.83,2.219,177.29,67.45,228.89,0
2025-12-06 02:00:00,19.46,86.1,59.57,2.293,177.5,67.0,228.5,0
2025-12-06 03:00:00,18.01,87.44,59.28,2.333,175.84,66.79,223.87,0
2025-12-06 04:00:00,19.97,88.27,58.62,2.305,174.35,67.72,222.33,0
2025-12-06 05:00:00,19.88,90.79,58.55,2.353,170.25,67.68,219.4,0
2025-12-06 06:00:00,20.35,89.21,57.99,2.474,170.72,66.96,221.5,0
2025-12-06 07:00:00,22.1,86.66,58.26,2.481,169.26,67.54,220.35,0
2025-12-06 08:00:00,22.69,87.57,57.75,2.553,171.74,66.73,224.18,0
2025-12-06 09:00:00,23.19,73.21,57.48,2.587,168.99,66.38,220.1,0
2025-12-06 10:00:00,25.1,75.85,57.2,2.549,167.77,66.45,220.24,0
2025-12-06 11:00:00,23.68,74.12,57.26,2.543,167.48,65.59,221.19,0
2025-12-06 12:00:00,23.68,69.82,56.75,2.558,168.22,63.88,223.1,0
2025-12-06 13:00:00,24.03,66.9,56.07,2.495,171.34,64.23,229.08,0
2025-12-06 14:00:00,25.61,63.18,55.39,2.325,168.62,62.19,224.46,0
2025-12-06 15:00:00,25.05,65.6,55.27,2.273,167.93,61.35,223.09,0
2025-12-06 16:00:00,23.11,68.24,54.31,2.146,165.24,62.07,228.68,0
2025-12-06 17:00:00,21.1,68.31,53.5,2.111,166.65,62.44,226.7,0
2025-12-06 18:00:00,21.76,65.59,53.02,2.022,165.42,62.29,228.22,0
2025-12-06 19:00:00,20.29,69.77,52.78,2.094,165.22,61.47,226.2,0
2025-12-06 20:00:00,19.75,74.89,52.87,2.038,164.9,61.1,223.16,0
2025-12-06 21:00:00,18.51,70.35,52.26,2.089,165.11,61.65,221.71,0
2025-12-06 22:00:00,17.4,76.6,52.04,2.15,164.83,61.54,227.32,0
2025-12-06 23:00:00,19.29,80.56,51.79,2.202,163.09,60.44,224.79,0
2025-12-07 00:00:00,17.14,82.53,51.27,2.097,163.32,59.69,224.55,0
2025-12-07 01:00:00,18.49,86.9,51.33,2.178,161.95,59.37,224.44,0
2025-12-07 02:00:00,17.46,82.78,51.1,2.212,163.54,59.78,227.26,0
2025-12-07 03:00:00,17.18,85.11,50.86,2.267,163.7,59.94,230.47,0
2025-12-07 04:00:00,18.88,89.71,50.41,2.379,161.88,58.88,230.96,0
2025-12-07 05:00:00,18.98,83.37,50.1,2.421,166.34,60.19,223.19,0
2025-12-07 06:00:00,19.95,88.56,49.6,2.341,169.27,59.57,221.56,0
2025-12-07 07:00:00,21.1,85.9,49.66,2.378,173.5,60.04,219.24,0
2025-12-07 08:00:00,21.34,84.35,49.42,2.282,172.54,59.25,222.92,0
2025-12-07 09:00:00,21.62,78.67,49.37,2.28,170.74,61.57,221.22,0
2025-12-07 10:00:00,23.44,78.27,48.94,2.251,171.96,62.77,226.12,0
2025-12-07 11:00:00,24.71,71.22,48.27,2.255,173.68,62.05,227.58,0
2025-12-07 12:00:00,23.75,70.46,47.57,2.167,173.68,62.13,230.79,0
2025-12-07 13:00:00,24.61,69.31,47.15,2.093,169.55,61.2,236.64,0
2025-12-07 14:00:00,25.43,65.23,46.64,2.081,167.6,60.9,234.2,0
2025-12-07 15:00:00,23.97,66.92,46.02,2.083,168.26,61.32,230.19,0
2025-12-07 16:00:00,23.54,63.14,45.38,2.072,166.94,62.1,230.9,0
2025-12-07 17:00:00,22.79,67.05,45.18,2.175,164.4,60.98,233.49,0
2025-12-07 18:00:00,21.43,71.83,44.5,2.209,163.96,60.34,231.9,0
2025-12-07 19:00:00,20.3,66.08,56.7,2.239,158.16,61.23,232.15,1
2025-12-07 20:00:00,19.4,71.44,68.56,2.221,157.35,62.45,235.33,1
2025-12-07 21:00:00,19.51,70.11,68.25,2.143,156.89,61.74,238.11,0
2025-12-07 22:00:00,19.06,74.92,67.81,2.154,157.77,62.61,236.5,0
2025-12-07 23:00:00,18.53,81.6,67.57,2.272,159.05,61.48,237.1,0
2025-12-08 00:00:00,17.35,81.42,67.52,2.288,159.96,61.23,234.66,0
2025-12-08 01:00:00,18.27,86.63,67.2,2.355,161.78,60.22,231.05,0
2025-12-08 02:00:00,17.83,87.42,67.26,2.426,161.61,59.91,234.65,0
2025-12-08 03:00:00,18.02,87.46,66.93,2.451,159.12,61.69,229.33,0
2025-12-08 04:00:00,16.19,85.43,66.69,2.453,159.44,61.65,230.09,0
2025-12-08 05:00:00,18.68,89.34,66.11,2.383,158.08,61.41,229.41,0
2025-12-08 06:00:00,19.03,87.29,66.08,2.365,155.92,60.92,231.06,0
2025-12-08 07:00:00,21.44,80.96,65.79,2.339,157.32,60.68,229.55,0
2025-12-08 08:00:00,21.97,80.09,65.72,2.356,155.09,59.99,232.67,0
2025-12-08 09:00:00,22.0,72.92,65.38,2.267,156.71,60.17,232.23,0
2025-12-08 10:00:00,23.69,73.59,64.84,2.237,154.71,60.2,236.0,0
2025-12-08 11:00:00,23.03,73.37,64.65,2.266,154.6,59.84,236.5,0
2025-12-08 12:00:00,23.65,68.86,64.22,2.226,154.0,59.42,233.8,0
2025-12-08 13:00:00,24.0,67.14,63.95,2.176,156.49,59.66,235.21,0
2025-12-08 14:00:00,24.76,70.95,63.13,2.137,157.9,59.07,236.25,0
2025-12-08 15:00:00,25.01,68.95,62.7,2.132,156.7,58.94,235.92,0
2025-12-08 16:00:00,23.06,64.26,62.29,2.001,156.75,58.63,234.0,0
2025-12-08 17:00:00,23.68,68.36,61.27,1.978,159.47,56.74,236.2,0
2025-12-08 18:00:00,21.94,70.51,61.17,2.057,162.38,57.68,233.73,0
2025-12-08 19:00:00,21.17,70.77,60.62,2.094,160.02,56.16,231.64,0
2025-12-08 20:00:00,20.05,72.25,60.03,2.133,162.59,54.74,233.13,0
2025-12-08 21:00:00,19.11,76.9,58.98,2.035,164.92,55.76,232.7,0
2025-12-08 22:00:00,18.83,78.92,58.92,2.029,165.24,54.95,227.9,0
2025-12-08 23:00:00,18.49,76.81,58.22,2.041,165.07,53.3,225.85,0
2025-12-09 00:00:00,17.0,82.03,57.87,2.087,164.08,54.76,227.32,0
2025-12-09 01:00:00,17.37,83.4,57.92,2.169,161.86,54.4,227.03,0
2025-12-09 02:00:00,18.79,89.41,57.78,2.235,162.59,55.72,227.18,0
2025-12-09 03:00:00,18.09,86.17,57.39,2.204,162.38,55.09,228.22,0
2025-12-09 04:00:00,18.73,86.12,56.71,2.177,163.27,53.82,229.7,0
2025-12-09 05:00:00,20.07,90.19,56.48,2.271,164.17,53.77,230.26,0
2025-12-09 06:00:00,19.74,87.18,56.54,2.251,168.73,52.93,222.18,0
2025-12-09 07:00:00,20.98,90.06,56.55,2.19,170.74,53.57,222.68,0
2025-12-09 08:00:00,22.48,80.34,56.53,2.185,171.49,54.43,222.0,0
2025-12-09 09:00:00,23.62,78.55,55.77,2.274,167.38,55.49,222.73,0
2025-12-09 10:00:00,21.82,79.8,54.83,2.221,168.0,55.41,226.01,0
2025-12-09 11:00:00,23.52,70.96,54.36,2.201,170.72,56.85,223.78,0
2025-12-09 12:00:00,23.68,74.8,53.87,2.156,169.73,56.17,224.52,0
2025-12-09 13:00:00,24.41,66.2,53.3,2.224,173.48,56.46,226.23,0
2025-12-09 14:00:00,23.73,69.0,52.51,2.246,174.12,56.51,225.9,0
2025-12-09 15:00:00,24.5,61.77,51.15,2.306,174.29,58.45,223.08,0
2025-12-09 16:00:00,23.6,66.11,50.29,2.399,172.13,59.64,220.67,0
2025-12-09 17:00:00,23.37,62.95,49.9,2.302,174.55,59.74,221.3,0
2025-12-09 18:00:00,22.57,72.29,49.43,2.256,172.67,59.99,220.43,0
2025-12-09 19:00:00,21.48,66.54,49.52,2.233,171.35,61.43,216.34,0
2025-12-09 20:00:00,19.86,69.43,49.42,2.242,167.71,60.77,215.28,0
2025-12-09 21:00:00,19.32,75.49,49.44,2.276,169.22,58.98,213.01,0
2025-12-09 22:00:00,18.2,75.5,49.47,2.248,170.11,58.2,215.98,0
2025-12-09 23:00:00,17.01,81.6,49.28,2.21,169.92,57.94,213.22,0
2025-12-10 00:00:00,18.29,80.72,49.08,2.274,171.06,59.28,217.86,0
2025-12-10 01:00:00,17.44,82.81,48.01,2.309,171.98,60.3,224.12,0
2025-12-10 02:00:00,16.57,86.46,47.61,2.327,171.04,60.31,222.81,0
2025-12-10 03:00:00,18.34,84.58,47.23,2.196,169.38,60.78,221.89,0
2025-12-10 04:00:00,18.37,88.99,47.0,2.276,166.12,60.18,224.9,0
2025-12-10 05:00:00,17.81,89.82,46.52,2.289,165.76,62.11,228.12,0
2025-12-10 06:00:00,19.13,87.91,46.6,2.28,163.37,63.2,227.23,0
2025-12-10 07:00:00,20.51,86.39,46.14,2.232,163.73,63.21,226.52,0
2025-12-10 08:00:00,22.05,77.69,45.92,2.199,163.49,63.11,225.86,0
2025-12-10 09:00:00,23.3,78.69,45.07,2.153,162.83,63.71,224.19,0
2025-12-10 10:00:00,24.0,76.43,44.33,2.043,164.8,63.61,227.01,0
2025-12-10 11:00:00,24.45,77.79,55.55,2.012,163.03,61.92,227.8,1
2025-12-10 12:00:00,24.36,70.05,66.84,1.936,159.78,63.3,226.35,1
2025-12-10 13:00:00,25.71,63.47,66.62,1.958,159.59,64.31,226.94,0
2025-12-10 14:00:00,24.87,64.96,65.95,1.913,158.47,64.58,226.4,0
2025-12-10 15:00:00,24.19,64.72,65.3,1.984,158.95,64.12,233.09,0
2025-12-10 16:00:00,23.87,60.61,64.51,1.906,157.55,64.07,232.56,0
2025-12-10 17:00:00,22.47,68.8,63.88,2.005,158.6,61.63,234.53,0
2025-12-10 18:00:00,21.87,63.55,63.4,2.076,157.11,60.64,235.64,0
2025-12-10 19:00:00,19.54,70.34,63.13,2.028,155.65,62.27,235.23,0
2025-12-10 20:00:00,19.82,68.77,62.89,2.041,157.14,62.73,236.32,0
2025-12-10 21:00:00,20.48,77.92,62.99,2.008,157.37,60.95,236.78,0
2025-12-10 22:00:00,18.63,76.31,62.87,2.063,155.54,60.24,242.91,0
2025-12-10 23:00:00,18.04,78.65,62.33,2.188,154.2,58.56,242.27,0
2025-12-11 00:00:00,18.32,83.82,62.1,2.267,153.96,57.96,235.39,0
2025-12-11 01:00:00,17.75,82.26,61.74,2.228,152.35,57.93,240.84,0
2025-12-11 02:00:00,17.07,87.97,61.7,2.24,152.33,59.5,239.28,0
2025-12-11 03:00:00,17.99,86.42,61.53,2.335,152.39,60.28,239.28,0
2025-12-11 04:00:00,17.73,86.51,61.67,2.364,151.24,60.06,237.71,0
2025-12-11 05:00:00,19.38,87.41,61.25,2.42,152.96,59.89,236.07,0
2025-12-11 06:00:00,19.51,83.8,60.99,2.451,151.61,59.23,233.22,0
2025-12-11 07:00:00,21.65,84.3,60.47,2.445,154.38,60.3,228.31,0
2025-12-11 08:00:00,21.55,83.35,59.91,2.431,154.42,61.44,226.85,0
2025-12-11 09:00:00,22.17,74.08,58.89,2.349,153.65,60.25,228.54,0
2025-12-11 10:00:00,23.4,79.73,58.43,2.299,155.08,58.75,224.75,0
2025-12-11 11:00:00,24.29,76.19,57.85,2.245,155.53,58.56,226.52,0
2025-12-11 12:00:00,23.54,66.86,57.34,2.228,157.28,58.49,232.75,0
2025-12-11 13:00:00,24.14,64.2,57.01,2.239,153.99,58.83,233.58,0
2025-12-11 14:00:00,24.45,69.58,56.51,2.237,155.36,57.42,230.17,0
2025-12-11 15:00:00,24.97,68.29,55.56,2.254,154.81,56.91,231.42,0
2025-12-11 16:00:00,21.7,67.56,54.84,2.297,155.29,56.99,233.99,0
2025-12-11 17:00:00,23.18,62.81,54.26,2.273,155.51,56.44,237.31,0
2025-12-11 18:00:00,21.64,72.05,53.61,2.319,158.32,57.38,237.66,0
2025-12-11 19:00:00,20.65,67.33,53.35,2.386,155.24,59.2,239.04,0
2025-12-11 20:00:00,19.62,72.1,53.63,2.405,158.53,58.8,240.96,0
2025-12-11 21:00:00,19.0,74.78,53.46,2.365,160.06,59.69,242.17,0
2025-12-11 22:00:00,18.96,80.98,53.38,2.417,160.53,59.44,242.61,0
2025-12-11 23:00:00,17.59,80.16,52.58,2.438,158.13,58.68,240.63,0
2025-12-12 00:00:00,18.78,83.54,52.6,2.465,155.4,58.14,242.73,0
2025-12-12 01:00:00,17.94,84.59,53.26,2.546,154.77,58.95,241.01,0
2025-12-12 02:00:00,17.76,83.53,53.46,2.571,156.32,58.46,247.21,0
2025-12-12 03:00:00,17.85,81.83,53.13,2.647,156.66,58.17,245.0,0
2025-12-12 04:00:00,19.36,88.08,53.61,2.613,158.03,57.25,246.51,0
2025-12-12 05:00:00,20.19,84.09,53.42,2.566,155.68,57.96,242.74,0
2025-12-12 06:00:00,19.28,87.4,53.31,2.616,156.13,58.5,241.16,0
2025-12-12 07:00:00,20.51,85.15,53.03,2.535,158.46,59.91,239.38,0
2025-12-12 08:00:00,22.35,82.81,52.39,2.632,161.33,60.51,235.74,0
2025-12-12 09:00:00,23.41,77.21,51.16,2.686,159.22,60.93,234.27,0
2025-12-12 10:00:00,23.26,79.59,50.84,2.665,158.82,61.48,235.21,0
2025-12-12 11:00:00,23.51,75.34,50.19,2.711,158.45,61.27,234.58,0
2025-12-12 12:00:00,24.44,68.55,49.56,2.722,157.59,61.39,237.58,0
2025-12-12 13:00:00,25.53,74.39,49.07,2.615,159.52,62.25,235.12,0
2025-12-12 14:00:00,24.41,66.95,48.38,2.544,164.91,61.5,236.86,0
2025-12-12 15:00:00,23.15,63.04,47.9,2.544,162.91,63.05,235.29,0
2025-12-12 16:00:00,23.55,64.1,47.71,2.537,163.75,63.59,238.1,0
2025-12-12 17:00:00,23.3,62.6,47.27,2.599,164.34,65.36,239.9,0
2025-12-12 18:00:00,21.83,70.87,46.67,2.596,164.93,64.2,242.19,0
2025-12-12 19:00:00,21.88,71.92,46.43,2.499,167.34,63.08,241.42,0
2025-12-12 20:00:00,20.7,73.35,46.3,2.452,167.91,63.38,244.43,0
2025-12-12 21:00:00,19.21,75.53,45.85,2.486,163.95,63.45,239.8,0
2025-12-12 22:00:00,18.56,80.12,45.71,2.364,161.41,63.0,240.68,0
2025-12-12 23:00:00,16.68,79.24,45.71,2.275,159.63,61.82,240.74,0
2025-12-13 00:00:00,18.47,83.56,45.54,2.254,158.5,61.59,242.54,0
2025-12-13 01:00:00,17.27,82.75,45.21,2.313,158.51,61.8,241.97,0
2025-12-13 02:00:00,17.34,86.14,44.93,2.299,158.38,60.62,239.16,0
2025-12-13 03:00:00,17.58,88.75,56.92,2.327,155.36,60.3,236.23,1
2025-12-13 04:00:00,18.84,80.3,68.39,2.325,152.85,60.69,236.14,1
2025-12-13 05:00:00,18.46,86.08,67.95,2.315,149.52,61.44,235.43,0
2025-12-13 06:00:00,19.41,86.94,67.26,2.275,147.35,61.2,237.55,0
2025-12-13 07:00:00,20.96,84.58,67.07,2.327,149.84,60.5,239.81,0
2025-12-13 08:00:00,21.47,81.37,66.78,2.25,149.96,60.65,239.69,0
2025-12-13 09:00:00,22.98,81.32,66.63,2.239,148.84,60.51,239.52,0
2025-12-13 10:00:00,23.06,75.23,66.53,2.312,146.04,59.23,241.95,0
2025-12-13 11:00:00,25.15,71.1,65.76,2.266,144.97,58.91,240.99,0
2025-12-13 12:00:00,24.87,74.46,65.26,2.175,146.87,58.47,240.18,0
2025-12-13 13:00:00,24.98,71.83,64.57,2.056,148.45,58.6,236.62,0
2025-12-13 14:00:00,23.96,65.98,64.5,2.113,148.66,58.04,238.73,0
2025-12-13 15:00:00,25.72,66.2,64.32,2.17,148.83,57.66,238.32,0
2025-12-13 16:00:00,23.17,68.11,63.81,2.159,146.29,57.63,241.0,0
2025-12-13 17:00:00,22.25,66.48,63.07,2.092,145.64,58.34,237.68,0
2025-12-13 18:00:00,22.4,68.8,61.49,2.098,147.41,58.53,236.32,0
2025-12-13 19:00:00,21.14,70.41,60.86,2.183,146.9,61.03,238.62,0
2025-12-13 20:00:00,19.52,70.7,60.1,2.115,150.55,59.92,239.25,0
2025-12-13 21:00:00,20.79,75.44,59.47,2.192,153.3,60.81,236.08,0
2025-12-13 22:00:00,19.21,74.59,59.83,2.097,152.95,60.77,238.33,0
2025-12-13 23:00:00,17.97,80.83,59.24,2.043,152.95,59.55,234.9,0
2025-12-14 00:00:00,19.3,82.31,58.73,2.068,157.44,59.29,236.98,0
2025-12-14 01:00:00,18.07,83.88,58.25,2.141,159.26,58.01,234.43,0
2025-12-14 02:00:00,17.61,83.41,58.83,2.24,159.62,58.2,237.49,0
2025-12-14 03:00:00,19.57,87.95,58.61,2.304,160.17,58.04,237.65,0
2025-12-14 04:00:00,18.99,88.1,58.71,2.397,160.63,57.54,238.37,0
2025-12-14 05:00:00,19.68,85.53,58.56,2.401,160.77,56.72,238.0,0
2025-12-14 06:00:00,19.82,82.53,57.77,2.357,159.02,57.79,238.07,0
2025-12-14 07:00:00,21.03,80.67,58.03,2.424,158.53,57.78,238.13,0
2025-12-14 08:00:00,21.62,81.86,57.6,2.497,156.2,58.09,239.73,0
2025-12-14 09:00:00,23.76,80.61,57.0,2.539,157.86,58.37,239.34,0
2025-12-14 10:00:00,22.35,81.62,56.97,2.559,157.91,58.57,242.78,0
2025-12-14 11:00:00,24.99,74.04,56.3,2.624,159.59,58.38,240.55,0
2025-12-14 12:00:00,23.77,67.44,55.69,2.622,157.51,59.86,242.42,0
2025-12-14 13:00:00,24.46,68.7,55.02,2.598,160.37,61.93,243.46,0
2025-12-14 14:00:00,24.17,70.6,54.78,2.621,162.89,63.24,246.12,0
2025-12-14 15:00:00,23.67,64.67,54.47,2.627,160.14,63.22,245.87,0
2025-12-14 16:00:00,23.96,68.8,53.99,2.657,159.43,63.14,246.15,0
2025-12-14 17:00:00,22.75,66.81,53.12,2.625,158.93,64.09,246.39,0
2025-12-14 18:00:00,21.44,69.09,52.46,2.656,156.59,63.35,242.78,0
2025-12-14 19:00:00,21.11,73.87,51.94,2.683,156.46,64.85,243.37,0
2025-12-14 20:00:00,19.61,66.91,52.09,2.669,157.8,65.47,251.13,0
2025-12-14 21:00:00,18.87,76.39,51.42,2.598,157.25,65.12,254.35,0
2025-12-14 22:00:00,17.48,76.76,51.69,2.652,154.47,65.28,251.43,0
2025-12-14 23:00:00,17.65,77.47,51.88,2.554,156.28,65.74,246.11,0
2025-12-15 00:00:00,17.97,82.25,51.4,2.479,155.21,65.25,245.68,0
2025-12-15 01:00:00,17.53,89.01,51.08,2.477,154.36,66.08,247.86,0
2025-12-15 02:00:00,18.89,89.86,50.67,2.314,157.82,67.1,247.12,0
2025-12-15 03:00:00,19.8,82.62,50.59,2.405,158.82,66.71,251.23,0
2025-12-15 04:00:00,18.2,86.08,50.82,2.399,157.61,66.14,248.47,0
2025-12-15 05:00:00,18.67,89.98,50.97,2.484,155.76,65.92,248.36,0
2025-12-15 06:00:00,20.89,86.47,50.64,2.58,157.87,64.77,247.42,0
2025-12-15 07:00:00,21.23,84.73,50.82,2.551,159.77,63.18,248.63,0
2025-12-15 08:00:00,22.7,78.58,50.62,2.614,159.07,62.76,249.95,0
2025-12-15 09:00:00,23.03,77.98,50.0,2.529,157.04,61.87,252.17,0
2025-12-15 10:00:00,23.34,73.6,49.44,2.539,158.05,63.47,251.0,0
2025-12-15 11:00:00,23.9,70.02,49.34,2.494,159.4,63.01,253.35,0
2025-12-15 12:00:00,24.68,68.36,49.09,2.522,158.95,63.39,253.29,0
2025-12-15 13:00:00,24.35,66.9,48.89,2.559,157.21,62.79,255.78,0
2025-12-15 14:00:00,25.23,65.57,49.1,2.531,157.56,64.37,258.49,0
2025-12-15 15:00:00,23.12,64.27,48.71,2.548,158.69,64.12,257.36,0
2025-12-15 16:00:00,24.32,68.55,48.24,2.587,158.07,62.94,254.56,0
2025-12-15 17:00:00,21.44,64.11,48.1,2.578,158.82,63.51,254.09,0
2025-12-15 18:00:00,22.01,71.04,48.14,2.711,159.71,63.7,255.61,0
2025-12-15 19:00:00,20.77,68.01,47.76,2.674,161.99,64.73,250.82,0
2025-12-15 20:00:00,19.03,72.6,47.5,2.747,161.35,64.51,248.79,0
2025-12-15 21:00:00,17.81,75.33,46.99,2.785,159.45,64.53,249.81,0
2025-12-15 22:00:00,17.76,74.76,46.89,2.639,159.55,63.1,242.6,0
2025-12-15 23:00:00,18.0,79.03,46.96,2.705,162.8,63.82,239.63,0
2025-12-16 00:00:00,17.2,81.24,46.48,2.741,159.72,63.82,237.87,0
2025-12-16 01:00:00,16.77,85.71,46.62,2.717,155.76,63.66,237.51,0
2025-12-16 02:00:00,18.57,86.2,46.28,2.71,155.94,63.4,236.58,0
2025-12-16 03:00:00,17.11,85.75,45.92,2.711,155.62,63.1,235.75,0
2025-12-16 04:00:00,19.0,88.3,46.06,2.765,155.62,63.83,232.38,0
2025-12-16 05:00:00,18.63,88.47,45.67,2.707,155.55,62.95,236.94,0
2025-12-16 06:00:00,19.31,91.15,45.05,2.774,157.74,63.59,235.32,0
2025-12-16 07:00:00,20.58,84.95,45.07,2.676,157.95,62.09,230.55,0
2025-12-16 08:00:00,22.34,82.53,44.48,2.544,159.71,60.37,233.61,0
2025-12-16 09:00:00,21.79,80.92,56.29,2.562,155.46,61.69,231.74,1
2025-12-16 10:00:00,23.68,74.63,67.98,2.62,154.89,60.77,228.87,1
2025-12-16 11:00:00,23.36,69.84,66.9,2.586,153.83,60.91,230.87,0
2025-12-16 12:00:00,23.83,70.72,66.73,2.431,150.16,60.7,229.78,0
2025-12-16 13:00:00,24.78,71.9,66.73,2.332,150.94,61.05,230.47,0
2025-12-16 14:00:00,25.9,70.56,66.47,2.356,151.33,61.12,229.11,0
2025-12-16 15:00:00,23.39,61.68,66.23,2.351,151.03,62.09,228.25,0
2025-12-16 16:00:00,23.98,67.67,65.59,2.425,151.36,60.8,226.1,0
2025-12-16 17:00:00,22.53,60.91,64.89,2.42,152.1,61.44,223.51,0
2025-12-16 18:00:00,21.57,68.62,64.41,2.368,154.43,61.41,232.76,0
2025-12-16 19:00:00,21.75,70.22,64.48,2.381,156.01,60.05,230.81,0
2025-12-16 20:00:00,19.5,67.19,64.55,2.437,156.96,59.63,227.36,0
2025-12-16 21:00:00,18.44,76.65,64.22,2.508,161.44,58.26,230.57,0
2025-12-16 22:00:00,18.85,81.36,63.86,2.487,160.31,56.86,231.46,0
2025-12-16 23:00:00,19.09,79.69,63.21,2.478,158.05,56.62,231.68,0
2025-12-17 00:00:00,18.14,82.85,63.21,2.512,160.44,57.85,230.62,0
2025-12-17 01:00:00,16.52,88.48,62.89,2.452,163.98,58.26,229.83,0
2025-12-17 02:00:00,17.19,83.71,62.6,2.486,162.88,59.54,229.34,0
2025-12-17 03:00:00,18.65,84.87,62.92,2.459,165.44,59.68,232.46,0
2025-12-17 04:00:00,19.63,85.9,62.9,2.443,164.47,61.15,231.97,0
2025-12-17 05:00:00,19.41,87.72,62.79,2.433,165.54,62.47,234.98,0
2025-12-17 06:00:00,19.69,86.61,62.84,2.432,166.67,61.61,234.85,0
2025-12-17 07:00:00,22.15,83.39,63.07,2.538,165.47,61.68,234.34,0
2025-12-17 08:00:00,21.85,81.75,62.03,2.493,168.77,61.04,231.82,0
2025-12-17 09:00:00,22.33,78.5,61.31,2.454,172.15,60.94,237.34,0
2025-12-17 10:00:00,22.93,75.77,60.69,2.53,170.03,62.46,237.26,0
2025-12-17 11:00:00,23.19,72.23,59.83,2.541,170.19,61.87,237.15,0
2025-12-17 12:00:00,26.36,69.6,59.18,2.57,171.63,60.81,241.69,0
2025-12-17 13:00:00,25.49,64.22,58.14,2.489,167.97,59.84,242.39,0
2025-12-17 14:00:00,23.92,66.91,57.85,2.491,167.9,59.54,243.34,0
2025-12-17 15:00:00,25.24,61.49,57.13,2.526,164.81,62.99,243.07,0
2025-12-17 16:00:00,23.85,67.88,56.62,2.47,166.02,64.29,240.74,0
2025-12-17 17:00:00,23.08,64.98,56.08,2.496,166.13,61.63,243.49,0
2025-12-17 18:00:00,21.4,67.18,55.7,2.47,165.42,61.61,239.53,0
2025-12-17 19:00:00,20.64,68.29,54.76,2.419,162.58,61.06,236.86,0
2025-12-17 20:00:00,20.06,70.89,54.7,2.472,161.6,61.97,234.82,0
2025-12-17 21:00:00,17.87,77.31,54.41,2.528,162.67,60.91,235.46,0
2025-12-17 22:00:00,18.18,73.62,54.34,2.52,162.69,60.01,235.4,0
2025-12-17 23:00:00,17.97,75.79,53.78,2.531,164.93,59.56,230.72,0
2025-12-18 00:00:00,18.54,82.8,53.71,2.595,166.96,59.01,236.73,0
2025-12-18 01:00:00,17.07,83.54,53.9,2.55,168.84,59.68,238.54,0
2025-12-18 02:00:00,18.19,87.43,53.75,2.554,167.71,59.45,237.14,0
2025-12-18 03:00:00,16.53,89.42,53.34,2.513,168.14,60.43,238.11,0
2025-12-18 04:00:00,19.34,85.23,52.93,2.437,166.27,59.75,239.07,0
2025-12-18 05:00:00,18.62,89.13,52.91,2.403,163.95,60.6,238.05,0
2025-12-18 06:00:00,20.19,83.97,52.88,2.329,166.12,59.6,238.88,0
2025-12-18 07:00:00,21.28,84.96,52.79,2.352,163.94,60.22,239.7,0
2025-12-18 08:00:00,22.05,79.41,52.22,2.302,161.66,59.83,242.19,0
2025-12-18 09:00:00,22.68,80.18,51.73,2.218,161.98,60.69,242.0,0
2025-12-18 10:00:00,22.61,76.95,51.16,2.269,161.61,58.54,242.46,0
2025-12-18 11:00:00,23.41,71.4,50.48,2.311,161.42,57.93,241.56,0
2025-12-18 12:00:00,25.08,68.1,50.14,2.291,165.71,59.11,240.15,0
2025-12-18 13:00:00,24.08,71.1,49.67,2.334,163.89,59.01,237.97,0
2025-12-18 14:00:00,24.31,66.34,49.49,2.283,164.83,57.57,235.81,0
2025-12-18 15:00:00,22.99,68.9,49.27,2.262,164.99,57.07,234.61,0
2025-12-18 16:00:00,24.08,64.64,48.79,2.289,166.81,57.56,234.04,0
2025-12-18 17:00:00,21.83,69.63,48.42,2.352,165.32,56.96,236.6,0
2025-12-18 18:00:00,22.55,65.1,47.58,2.325,164.9,58.16,235.57,0
2025-12-18 19:00:00,20.26,72.9,47.35,2.288,165.11,59.25,234.71,0
2025-12-18 20:00:00,20.8,71.94,47.26,2.347,162.53,59.94,234.0,0
2025-12-18 21:00:00,19.26,75.15,46.58,2.381,159.38,60.93,233.93,0
2025-12-18 22:00:00,18.13,74.49,46.51,2.384,159.56,60.49,238.23,0
2025-12-18 23:00:00,19.09,81.67,46.02,2.449,162.19,61.88,237.12,0
2025-12-19 00:00:00,17.57,84.41,45.57,2.555,161.67,62.85,238.41,0
2025-12-19 01:00:00,17.25,83.97,45.21,2.56,161.41,62.71,239.12,0
2025-12-19 02:00:00,18.26,81.19,45.0,2.506,163.63,61.22,239.07,0
2025-12-19 03:00:00,16.93,84.84,44.4,2.521,163.42,59.12,236.47,0
2025-12-19 04:00:00,16.76,85.22,56.46,2.457,164.88,60.09,237.7,1
2025-12-19 05:00:00,20.06,88.75,68.31,2.52,169.68,58.7,232.75,1
2025-12-19 06:00:00,19.51,85.36,68.69,2.463,168.46,57.97,230.32,0
2025-12-19 07:00:00,21.61,83.66,68.58,2.44,168.0,58.52,229.2,0
2025-12-19 08:00:00,21.94,81.08,68.2,2.38,168.59,57.46,228.92,0
2025-12-19 09:00:00,21.94,83.52,67.39,2.385,171.13,59.78,229.44,0
2025-12-19 10:00:00,23.9,77.11,66.48,2.392,170.68,60.06,233.19,0
2025-12-19 11:00:00,23.74,74.65,66.1,2.43,171.77,61.45,234.86,0
2025-12-19 12:00:00,23.63,69.95,65.21,2.428,172.12,62.41,235.29,0
2025-12-19 13:00:00,23.76,69.15,64.84,2.422,171.71,60.11,234.44,0
2025-12-19 14:00:00,23.17,65.03,64.8,2.379,170.68,60.84,233.65,0
2025-12-19 15:00:00,24.31,67.23,64.52,2.356,169.36,60.86,230.88,0
2025-12-19 16:00:00,22.82,63.13,64.13,2.269,174.7,60.83,225.82,0
2025-12-19 17:00:00,22.73,68.24,63.66,2.355,171.54,60.85,223.09,0
2025-12-19 18:00:00,21.78,65.64,62.99,2.345,168.67,61.83,226.61,0
2025-12-19 19:00:00,20.34,71.59,62.76,2.44,168.97,63.32,225.25,0
2025-12-19 20:00:00,19.03,76.27,62.39,2.423,169.18,62.2,224.43,0
2025-12-19 21:00:00,21.02,74.16,61.79,2.301,169.78,62.27,227.51,0
2025-12-19 22:00:00,18.49,80.28,61.61,2.274,168.01,63.52,221.28,0
2025-12-19 23:00:00,19.25,81.73,61.74,2.275,166.04,63.29,220.5,0
2025-12-20 00:00:00,18.43,78.92,61.15,2.281,165.49,63.43,218.48,0
2025-12-20 01:00:00,17.28,85.06,61.37,2.323,167.1,63.59,220.04,0
2025-12-20 02:00:00,17.75,87.78,61.54,2.332,165.19,65.44,222.18,0
2025-12-20 03:00:00,18.08,89.12,61.45,2.309,165.45,66.01,224.25,0
2025-12-20 04:00:00,19.82,88.45,61.38,2.254,164.51,67.75,228.56,0
2025-12-20 05:00:00,19.83,88.04,61.12,2.233,161.79,69.15,230.27,0
2025-12-20 06:00:00,19.53,86.54,60.93,2.274,159.61,68.73,231.13,0
2025-12-20 07:00:00,21.25,85.11,60.59,2.327,161.46,68.8,237.4,0
2025-12-20 08:00:00,22.47,79.44,60.05,2.285,160.52,70.44,231.96,0
2025-12-20 09:00:00,21.93,79.26,59.54,2.346,162.93,69.16,237.62,0
2025-12-20 10:00:00,23.82,73.37,59.54,2.377,162.95,69.63,241.84,0
2025-12-20 11:00:00,24.97,72.91,59.14,2.318,160.57,70.1,241.13,0
2025-12-20 12:00:00,23.78,70.02,58.52,2.332,161.61,69.61,239.05,0
2025-12-20 13:00:00,24.0,67.59,57.93,2.352,160.3,69.04,237.21,0
2025-12-20 14:00:00,25.19,64.84,57.14,2.284,159.81,68.61,236.37,0
2025-12-20 15:00:00,23.78,67.05,56.42,2.204,162.06,69.04,239.3,0
2025-12-20 16:00:00,22.79,65.2,56.13,2.239,159.85,70.15,232.92,0
2025-12-20 17:00:00,23.37,65.32,55.43,2.216,159.25,70.58,238.04,0
2025-12-20 18:00:00,22.31,63.95,54.69,2.313,157.53,69.19,237.89,0
2025-12-20 19:00:00,21.07,68.48,54.31,2.415,155.68,70.33,240.69,0
2025-12-20 20:00:00,20.88,74.36,53.89,2.435,155.21,71.15,237.33,0
2025-12-20 21:00:00,20.09,77.06,54.03,2.483,154.05,70.65,239.02,0
2025-12-20 22:00:00,18.47,77.93,53.87,2.409,154.0,69.81,239.79,0
2025-12-20 23:00:00,19.35,79.11,53.59,2.321,155.59,68.75,240.96,0
2025-12-21 00:00:00,18.73,83.9,53.4,2.311,154.61,69.52,238.93,0
2025-12-21 01:00:00,16.11,83.11,53.26,2.233,152.39,67.6,237.78,0
2025-12-21 02:00:00,16.9,85.78,52.84,2.256,154.05,68.42,234.55,0
2025-12-21 03:00:00,16.39,85.77,52.22,2.212,153.12,67.82,236.48,0
2025-12-21 04:00:00,18.3,90.27,52.42,2.23,156.89,67.9,239.77,0
2025-12-21 05:00:00,18.4,89.58,52.52,2.224,156.47,64.65,240.23,0
2025-12-21 06:00:00,19.52,86.44,52.43,2.268,156.57,62.97,233.27,0
2025-12-21 07:00:00,21.76,89.11,52.51,2.29,152.76,62.33,236.75,0
2025-12-21 08:00:00,20.68,83.53,52.53,2.266,151.16,61.5,236.96,0
2025-12-21 09:00:00,22.84,80.74,51.82,2.187,147.61,62.2,230.23,0
2025-12-21 10:00:00,23.56,77.62,50.92,2.204,148.83,62.47,226.21,0
2025-12-21 11:00:00,23.97,71.0,50.56,2.106,149.33,64.19,224.01,0
2025-12-21 12:00:00,24.47,69.26,49.55,2.195,151.09,64.59,224.56,0
2025-12-21 13:00:00,22.94,69.09,49.01,2.234,153.1,63.93,222.53,0
2025-12-21 14:00:00,23.81,67.36,48.35,2.289,155.31,64.97,220.93,0
2025-12-21 15:00:00,25.11,67.85,47.99,2.232,155.29,64.46,223.92,0
2025-12-21 16:00:00,22.64,64.33,47.29,2.258,155.84,63.92,227.44,0
2025-12-21 17:00:00,23.92,66.55,47.08,2.221,157.24,63.87,230.19,0
2025-12-21 18:00:00,20.92,67.7,46.31,2.235,156.12,65.27,226.34,0
2025-12-21 19:00:00,19.93,69.54,46.32,2.18,154.79,66.11,229.13,0
2025-12-21 20:00:00,19.43,71.54,45.92,2.183,157.97,66.91,228.23,0
2025-12-21 21:00:00,20.04,70.64,45.89,2.109,155.0,68.53,233.47,0
2025-12-21 22:00:00,18.14,71.35,45.38,2.113,156.3,69.23,234.2,0
2025-12-21 23:00:00,18.21,77.49,45.17,2.027,157.26,67.9,237.28,0
2025-12-22 00:00:00,17.67,81.17,45.37,2.151,155.55,68.21,238.56,0
2025-12-22 01:00:00,17.46,81.83,45.21,2.171,154.73,69.49,239.46,0
2025-12-22 02:00:00,18.51,86.39,45.36,2.18,154.49,67.9,238.32,0
2025-12-22 03:00:00,18.51,90.35,45.15,2.229,155.31,67.7,241.17,0
2025-12-22 04:00:00,17.73,89.82,44.8,2.156,156.33,66.57,243.19,0
2025-12-22 05:00:00,19.06,88.79,56.65,2.119,156.62,66.55,241.95,1
2025-12-22 06:00:00,21.31,88.99,68.64,2.164,157.29,67.44,240.5,1
2025-12-22 07:00:00,21.22,82.47,67.87,2.183,158.79,68.48,238.45,0
2025-12-22 08:00:00,20.85,81.36,67.47,2.148,160.14,68.12,240.32,0
2025-12-22 09:00:00,21.74,81.38,66.64,2.198,163.1,68.53,240.64,0
2025-12-22 10:00:00,24.1,75.81,65.72,2.223,165.05,66.98,241.08,0
2025-12-22 11:00:00,24.52,73.1,65.32,2.259,165.08,65.26,239.88,0
2025-12-22 12:00:00,23.74,76.16,65.16,2.285,166.23,66.17,243.28,0
2025-12-22 13:00:00,25.02,69.46,64.65,2.245,166.94,63.32,239.14,0
2025-12-22 14:00:00,25.5,71.88,63.67,2.244,167.16,62.66,240.89,0
2025-12-22 15:00:00,25.05,61.82,62.9,2.137,165.51,63.25,243.05,0
2025-12-22 16:00:00,24.6,64.42,62.21,2.118,165.78,63.41,241.85,0
2025-12-22 17:00:00,23.14,67.4,61.71,2.116,162.03,60.82,237.89,0
2025-12-22 18:00:00,21.78,67.71,61.14,2.166,164.08,61.33,238.7,0
2025-12-22 19:00:00,20.72,64.08,61.09,2.206,164.75,60.57,241.5,0
2025-12-22 20:00:00,20.08,70.93,61.19,2.168,164.47,60.72,245.61,0
2025-12-22 21:00:00,18.64,80.34,61.09,2.131,163.74,60.2,246.72,0
2025-12-22 22:00:00,18.27,77.62,61.16,2.221,164.97,59.63,244.6,0
2025-12-22 23:00:00,18.86,81.36,60.88,2.209,168.28,58.08,245.85,0
2025-12-23 00:00:00,16.49,80.89,61.67,2.222,168.82,57.88,246.56,0
2025-12-23 01:00:00,16.42,85.39,61.63,2.275,172.09,59.11,246.79,0
2025-12-23 02:00:00,18.2,86.5,61.64,2.272,173.22,58.82,243.99,0
2025-12-23 03:00:00,17.72,90.42,61.96,2.264,171.44,58.58,245.03,0
2025-12-23 04:00:00,17.18,90.72,61.79,2.248,172.06,58.04,245.71,0
2025-12-23 05:00:00,19.21,88.64,61.4,2.221,172.48,57.01,251.24,0
2025-12-23 06:00:00,19.95,86.7,61.59,2.235,170.73,56.26,250.65,0
2025-12-23 07:00:00,20.7,80.58,61.8,2.13,169.77,56.63,254.1,0
2025-12-23 08:00:00,22.39,78.22,61.29,2.121,168.81,59.0,256.63,0
2025-12-23 09:00:00,21.82,80.05,61.27,2.166,168.83,59.97,255.67,0
2025-12-23 10:00:00,23.48,79.19,60.69,2.2,168.18,60.59,257.73,0
2025-12-23 11:00:00,23.88,77.48,60.4,2.292,168.53,62.42,254.64,0
2025-12-23 12:00:00,24.41,69.28,60.29,2.343,169.17,62.83,253.17,0
2025-12-23 13:00:00,23.29,65.45,59.76,2.364,171.28,63.78,250.93,0
2025-12-23 14:00:00,24.01,69.81,59.34,2.362,172.02,63.91,249.73,0
2025-12-23 15:00:00,24.04,64.34,59.08,2.33,170.48,64.26,243.99,0
2025-12-23 16:00:00,23.85,62.06,58.41,2.358,174.06,62.93,248.04,0
2025-12-23 17:00:00,24.04,65.14,57.6,2.373,172.44,62.62,246.62,0
2025-12-23 18:00:00,22.47,66.2,57.45,2.346,171.45,62.1,248.01,0
2025-12-23 19:00:00,21.32,72.52,57.34,2.291,172.26,61.54,247.97,0
2025-12-23 20:00:00,20.98,73.66,56.99,2.288,177.19,60.95,246.64,0
2025-12-23 21:00:00,19.04,72.31,56.82,2.358,177.42,62.27,242.87,0
2025-12-23 22:00:00,19.61,80.49,56.77,2.361,175.77,61.93,240.19,0
2025-12-23 23:00:00,18.75,80.16,56.1,2.358,172.39,61.8,239.34,0
2025-12-24 00:00:00,17.31,85.15,56.11,2.379,169.02,63.84,237.94,0
2025-12-24 01:00:00,18.85,88.1,56.04,2.403,168.88,64.49,235.36,0
2025-12-24 02:00:00,17.93,85.87,56.33,2.411,169.71,64.42,233.62,0
2025-12-24 03:00:00,19.5,89.05,56.07,2.4,166.96,65.3,234.84,0
2025-12-24 04:00:00,18.74,86.98,56.28,2.363,167.28,64.6,237.04,0
2025-12-24 05:00:00,18.86,89.95,56.07,2.419,164.83,64.14,234.03,0
2025-12-24 06:00:00,19.56,86.75,55.91,2.385,163.17,63.75,231.87,0
2025-12-24 07:00:00,20.75,87.18,55.79,2.473,164.38,63.92,232.57,0
2025-12-24 08:00:00,21.51,86.31,55.87,2.47,163.06,64.28,232.28,0
2025-12-24 09:00:00,23.64,81.22,54.94,2.462,165.5,63.36,231.5,0
2025-12-24 10:00:00,23.45,76.77,54.53,2.496,164.42,63.69,233.98,0
2025-12-24 11:00:00,22.9,73.96,53.98,2.443,166.44,64.18,234.49,0
2025-12-24 12:00:00,24.53,64.11,53.41,2.467,170.46,63.69,230.46,0
2025-12-24 13:00:00,24.59,67.44,53.02,2.463,168.9,63.49,228.69,0
2025-12-24 14:00:00,24.05,69.81,52.78,2.476,173.19,62.43,224.85,0
2025-12-24 15:00:00,24.22,68.8,52.38,2.423,172.88,61.05,224.91,0
2025-12-24 16:00:00,23.44,64.16,52.19,2.372,171.43,60.05,222.1,0
2025-12-24 17:00:00,23.19,66.79,51.56,2.257,170.64,60.76,218.34,0
2025-12-24 18:00:00,22.31,67.0,50.99,2.233,169.69,61.27,214.03,0
2025-12-24 19:00:00,21.26,70.95,50.49,2.207,172.02,63.02,220.04,0
2025-12-24 20:00:00,19.18,77.02,50.88,2.173,174.11,63.03,217.38,0
2025-12-24 21:00:00,20.73,75.92,50.63,2.175,176.1,63.04,217.47,0
2025-12-24 22:00:00,17.44,75.32,50.34,2.188,173.32,63.31,218.49,0
2025-12-24 23:00:00,17.88,79.65,50.32,2.226,173.33,62.31,219.62,0
2025-12-25 00:00:00,16.85,86.0,50.45,2.265,170.2,63.12,221.94,0
2025-12-25 01:00:00,17.78,81.26,50.05,2.306,171.81,63.43,222.46,0
2025-12-25 02:00:00,17.72,84.99,50.2,2.348,170.67,62.53,221.96,0
2025-12-25 03:00:00,17.85,89.4,49.91,2.361,171.35,62.85,223.16,0
2025-12-25 04:00:00,19.59,91.24,50.14,2.36,170.19,63.51,224.27,0
2025-12-25 05:00:00,20.03,89.15,49.78,2.411,166.82,62.26,224.94,0
2025-12-25 06:00:00,19.87,85.01,49.8,2.445,168.34,63.21,227.04,0
2025-12-25 07:00:00,21.56,86.12,49.61,2.346,169.94,62.77,225.88,0
2025-12-25 08:00:00,23.0,83.54,48.72,2.332,170.0,59.98,225.83,0
2025-12-25 09:00:00,23.52,80.72,47.73,2.222,166.0,60.92,222.97,0
2025-12-25 10:00:00,23.38,76.76,46.95,2.118,167.31,62.16,222.96,0
2025-12-25 11:00:00,22.92,74.29,46.69,2.1,165.89,61.14,221.97,0
2025-12-25 12:00:00,24.61,69.23,45.54,2.107,166.78,59.66,225.26,0
2025-12-25 13:00:00,24.97,75.42,45.07,2.095,165.83,60.93,222.09,0
2025-12-25 14:00:00,23.84,67.87,44.58,2.002,165.1,60.4,221.55,0
2025-12-25 15:00:00,24.05,67.75,55.52,2.07,165.99,61.66,220.91,1
2025-12-25 16:00:00,23.42,65.46,66.72,2.044,164.47,60.06,223.29,1
2025-12-25 17:00:00,23.72,68.49,65.92,2.091,164.19,61.38,220.69,0
2025-12-25 18:00:00,23.2,64.23,65.37,2.065,165.14,62.37,221.41,0
2025-12-25 19:00:00,21.82,64.86,65.61,2.051,169.03,62.84,222.29,0
2025-12-25 20:00:00,20.03,71.42,65.74,2.095,168.74,61.01,225.23,0
2025-12-25 21:00:00,20.05,79.29,65.43,2.088,170.1,60.72,223.58,0
2025-12-25 22:00:00,18.98,80.02,64.98,2.113,167.79,61.66,220.89,0
2025-12-25 23:00:00,17.92,77.83,64.31,2.143,170.73,60.15,222.78,0
2025-12-26 00:00:00,19.08,83.79,64.0,2.068,169.04,59.74,219.9,0
2025-12-26 01:00:00,16.98,83.19,63.53,2.113,168.64,60.16,219.35,0
2025-12-26 02:00:00,18.04,87.59,63.32,2.07,169.42,59.18,219.54,0
2025-12-26 03:00:00,18.56,88.89,63.12,2.019,167.84,60.43,221.85,0
2025-12-26 04:00:00,18.32,90.32,62.78,1.995,169.67,61.47,218.65,0
2025-12-26 05:00:00,19.64,83.71,62.44,2.066,168.29,61.7,218.73,0
2025-12-26 06:00:00,20.76,83.36,62.03,1.986,169.65,62.1,219.61,0
2025-12-26 07:00:00,21.17,84.59,61.68,2.047,171.39,61.61,218.23,0
2025-12-26 08:00:00,22.24,79.92,61.56,2.085,172.18,62.16,218.17,0
2025-12-26 09:00:00,22.82,77.07,61.16,2.105,173.16,61.61,221.23,0
2025-12-26 10:00:00,24.03,77.68,60.75,2.133,177.39,61.45,220.65,0
2025-12-26 11:00:00,23.87,71.86,60.49,2.127,177.65,61.02,220.46,0
2025-12-26 12:00:00,24.16,77.14,60.21,2.18,177.34,62.34,223.4,0
2025-12-26 13:00:00,24.51,67.89,60.07,2.163,177.45,63.42,223.44,0
2025-12-26 14:00:00,25.21,66.8,59.67,2.075,179.24,62.47,227.36,0
2025-12-26 15:00:00,22.81,67.12,59.18,2.086,182.86,63.66,223.65,0
2025-12-26 16:00:00,22.84,62.23,58.45,2.149,181.85,62.9,223.53,0
2025-12-26 17:00:00,24.34,67.65,57.63,2.189,179.53,64.54,226.05,0
2025-12-26 18:00:00,22.1,68.33,57.35,2.306,181.04,65.87,224.7,0
2025-12-26 19:00:00,20.72,68.35,57.11,2.29,177.95,67.73,224.62,0
2025-12-26 20:00:00,20.65,72.18,56.51,2.281,177.9,67.82,228.3,0
2025-12-26 21:00:00,18.7,75.22,55.68,2.269,177.93,67.4,226.7,0
2025-12-26 22:00:00,17.05,80.59,56.12,2.224,177.22,66.96,228.32,0
2025-12-26 23:00:00,18.22,86.1,55.63,2.201,176.64,67.15,230.52,0
2025-12-27 00:00:00,17.11,79.85,55.22,2.146,173.2,66.08,230.94,0
2025-12-27 01:00:00,17.57,81.53,55.39,2.019,171.31,63.79,231.24,0
2025-12-27 02:00:00,17.85,86.78,54.83,2.004,172.74,63.38,228.87,0
2025-12-27 03:00:00,18.07,82.43,54.79,2.026,168.76,63.37,231.0,0
2025-12-27 04:00:00,17.33,89.62,55.13,2.083,168.46,63.83,228.06,0
2025-12-27 05:00:00,19.27,87.91,55.57,2.064,167.75,64.14,229.39,0
2025-12-27 06:00:00,20.41,87.44,55.23,2.046,164.06,64.2,228.37,0
2025-12-27 07:00:00,20.02,84.02,55.03,2.126,167.14,65.18,227.72,0
2025-12-27 08:00:00,20.84,83.14,54.36,2.058,165.2,64.3,227.58,0
2025-12-27 09:00:00,22.0,81.03,53.81,2.065,166.18,63.63,229.2,0
2025-12-27 10:00:00,24.0,77.5,53.63,2.139,165.29,65.48,233.39,0
2025-12-27 11:00:00,22.63,70.79,52.66,2.108,163.76,62.51,233.75,0
2025-12-27 12:00:00,24.96,71.93,52.28,2.029,163.38,63.5,232.01,0
2025-12-27 13:00:00,24.77,73.86,51.66,2.151,162.81,63.96,228.57,0
2025-12-27 14:00:00,24.2,68.08,51.5,2.209,162.56,63.9,231.79,0
2025-12-27 15:00:00,22.99,66.72,51.34,2.265,161.24,64.65,232.39,0
2025-12-27 16:00:00,22.92,69.9,50.66,2.262,159.56,65.22,231.94,0
2025-12-27 17:00:00,23.3,64.51,50.07,2.304,161.59,63.81,232.24,0
2025-12-27 18:00:00,22.79,69.7,49.78,2.154,161.74,62.88,234.29,0
2025-12-27 19:00:00,20.28,67.9,49.88,2.138,161.76,62.42,233.3,0
2025-12-27 20:00:00,20.89,74.22,48.94,2.206,160.29,60.5,231.72,0
2025-12-27 21:00:00,19.73,76.15,49.0,2.129,163.31,60.54,228.61,0
2025-12-27 22:00:00,18.52,75.97,49.3,2.121,163.22,61.15,226.23,0
2025-12-27 23:00:00,17.45,79.18,49.17,2.153,159.88,62.23,225.81,0
2025-12-28 00:00:00,17.21,84.94,49.26,2.116,160.58,62.29,228.96,0
2025-12-28 01:00:00,18.78,80.14,49.44,2.129,159.38,61.61,227.99,0
2025-12-28 02:00:00,17.74,85.42,49.31,2.164,161.24,61.82,228.99,0
2025-12-28 03:00:00,18.9,89.18,49.35,2.192,163.26,61.76,232.1,0
2025-12-28 04:00:00,18.69,87.23,49.16,2.175,164.99,62.47,233.2,0
2025-12-28 05:00:00,18.93,87.96,48.94,2.134,164.16,62.41,238.22,0
2025-12-28 06:00:00,20.5,81.42,48.54,2.17,163.99,63.2,238.23,0
2025-12-28 07:00:00,22.51,82.64,48.39,2.199,164.48,62.93,237.68,0
2025-12-28 08:00:00,21.45,84.2,48.41,2.224,166.11,64.06,236.59,0
2025-12-28 09:00:00,23.39,77.97,47.58,2.236,164.2,64.16,241.49,0
2025-12-28 10:00:00,23.61,73.74,47.2,2.261,164.4,63.56,244.22,0
2025-12-28 11:00:00,23.02,76.81,46.74,2.316,167.78,63.21,240.11,0
2025-12-28 12:00:00,23.35,72.79,46.63,2.334,166.71,63.83,245.13,0
2025-12-28 13:00:00,24.18,66.5,46.56,2.337,166.59,62.63,245.86,0
2025-12-28 14:00:00,24.62,67.82,45.72,2.303,171.23,62.5,245.64,0
2025-12-28 15:00:00,24.65,63.73,44.98,2.386,170.55,63.44,246.41,0
2025-12-28 16:00:00,22.38,65.62,56.27,2.312,167.56,63.87,243.44,1
2025-12-28 17:00:00,23.21,66.81,67.56,2.299,167.35,62.77,243.51,1
2025-12-28 18:00:00,21.82,65.45,66.9,2.269,170.27,63.03,242.31,0
2025-12-28 19:00:00,21.0,71.08,66.8,2.161,171.96,61.79,241.05,0
2025-12-28 20:00:00,20.51,73.74,66.34,2.192,169.92,61.97,243.14,0
2025-12-28 21:00:00,20.47,74.81,65.93,2.188,170.47,63.21,242.07,0
2025-12-28 22:00:00,18.74,78.03,65.49,2.198,169.94,63.24,241.97,0
2025-12-28 23:00:00,17.02,76.21,65.44,2.194,171.2,62.18,242.44,0
2025-12-29 00:00:00,17.49,85.91,65.22,2.247,169.84,62.01,244.43,0
2025-12-29 01:00:00,18.1,84.55,64.95,2.303,170.54,62.18,247.13,0
2025-12-29 02:00:00,18.24,84.19,64.5,2.237,173.76,63.16,246.56,0
2025-12-29 03:00:00,18.43,87.99,63.82,2.347,168.7,64.1,245.03,0
2025-12-29 04:00:00,18.17,89.86,64.11,2.33,169.62,63.05,249.29,0
2025-12-29 05:00:00,18.29,88.91,63.82,2.363,171.81,62.73,242.13,0
2025-12-29 06:00:00,20.51,83.81,64.43,2.369,168.74,63.06,243.94,0
2025-12-29 07:00:00,20.15,86.67,64.46,2.371,167.29,62.49,243.13,0
2025-12-29 08:00:00,22.39,82.35,64.46,2.399,166.49,62.92,244.15,0
2025-12-29 09:00:00,23.24,81.1,64.2,2.471,165.12,61.68,243.79,0
2025-12-29 10:00:00,23.15,75.0,63.69,2.506,163.66,61.93,246.56,0
2025-12-29 11:00:00,23.95,76.77,62.95,2.477,163.04,62.85,247.03,0
2025-12-29 12:00:00,24.52,71.96,62.09,2.459,164.65,62.88,242.87,0
2025-12-29 13:00:00,24.07,72.19,61.86,2.414,167.34,63.01,238.82,0
2025-12-29 14:00:00,23.41,63.64,61.38,2.449,169.59,63.74,238.09,0
2025-12-29 15:00:00,24.0,62.87,61.0,2.474,171.2,63.29,239.45,0
2025-12-29 16:00:00,23.52,65.4,60.69,2.442,174.25,63.81,242.5,0
2025-12-29 17:00:00,23.7,70.04,60.23,2.511,177.54,63.72,240.45,0
2025-12-29 18:00:00,21.36,72.38,59.54,2.561,177.33,62.86,234.65,0
2025-12-29 19:00:00,21.75,67.0,59.64,2.652,179.42,63.64,235.74,0
2025-12-29 20:00:00,19.29,71.63,59.38,2.58,179.6,64.85,235.81,0
2025-12-29 21:00:00,18.31,74.54,59.21,2.554,178.63,65.81,236.13,0
2025-12-29 22:00:00,18.31,78.8,59.23,2.525,177.99,66.51,233.32,0
2025-12-29 23:00:00,17.31,82.06,59.01,2.665,179.3,66.83,236.39,0
2025-12-30 00:00:00,16.67,79.71,58.26,2.64,181.36,67.01,234.28,0
2025-12-30 01:00:00,18.86,84.94,58.38,2.692,181.75,66.78,235.08,0
2025-12-30 02:00:00,17.3,81.5,58.55,2.727,180.37,66.04,235.77,0
2025-12-30 03:00:00,19.59,89.65,57.8,2.692,178.87,64.06,237.1,0
2025-12-30 04:00:00,17.83,87.15,57.29,2.668,174.98,62.59,235.14,0
2025-12-30 05:00:00,18.05,84.61,57.7,2.674,175.23,62.58,232.82,0
2025-12-30 06:00:00,21.0,87.36,57.57,2.723,175.35,61.42,235.06,0
2025-12-30 07:00:00,20.49,83.85,57.37,2.683,173.06,61.81,236.44,0
2025-12-30 08:00:00,22.0,85.65,56.69,2.626,173.59,63.38,237.21,0
2025-12-30 09:00:00,21.8,77.62,55.83,2.659,174.06,60.44,239.91,0
2025-12-30 10:00:00,23.45,82.56,55.21,2.565,171.03,59.61,240.52,0
2025-12-30 11:00:00,23.07,76.29,54.95,2.561,170.21,61.65,239.32,0
2025-12-30 12:00:00,24.33,74.72,54.38,2.607,172.54,62.41,240.4,0
2025-12-30 13:00:00,24.17,66.65,54.0,2.611,171.1,62.3,241.25,0
2025-12-30 14:00:00,24.54,71.94,53.96,2.555,170.89,61.81,242.13,0
2025-12-30 15:00:00,24.47,63.34,53.22,2.477,170.94,62.34,239.57,0
2025-12-30 16:00:00,23.64,65.48,52.75,2.536,170.65,63.22,236.89,0
2025-12-30 17:00:00,23.07,69.64,52.49,2.509,171.67,62.04,239.0,0
2025-12-30 18:00:00,21.83,68.74,51.66,2.44,173.08,63.38,238.43,0
2025-12-30 19:00:00,20.7,66.12,51.52,2.499,175.04,63.7,233.4,0
2025-12-30 20:00:00,20.42,74.34,51.88,2.533,174.07,64.49,230.05,0
2025-12-30 21:00:00,19.17,75.0,51.58,2.454,174.65,65.34,227.0,0
2025-12-30 22:00:00,18.47,75.96,51.7,2.594,175.78,65.52,230.07,0
2025-12-30 23:00:00,18.25,75.99,51.46,2.541,175.13,65.81,230.19,0
2025-12-31 00:00:00,16.9,83.59,51.8,2.571,173.43,66.16,230.52,0
2025-12-31 01:00:00,18.5,84.37,51.1,2.671,173.35,65.72,229.86,0
2025-12-31 02:00:00,17.44,86.92,50.92,2.698,171.93,66.19,227.47,0
2025-12-31 03:00:00,18.06,83.66,50.28,2.686,170.38,65.83,229.75,0
2025-12-31 04:00:00,18.49,86.95,49.87,2.573,170.57,65.72,231.64,0
2025-12-31 05:00:00,19.71,88.83,49.46,2.677,170.0,67.01,230.05,0
2025-12-31 06:00:00,20.33,91.22,49.18,2.702,170.12,66.83,233.8,0
2025-12-31 07:00:00,20.97,84.26,48.62,2.589,167.12,67.06,235.72,0
2025-12-31 08:00:00,22.92,86.11,48.04,2.661,166.72,66.75,233.55,0
2025-12-31 09:00:00,20.51,81.82,47.63,2.64,162.58,66.28,232.91,0
2025-12-31 10:00:00,24.34,77.58,46.6,2.599,160.8,67.88,232.09,0
2025-12-31 11:00:00,24.68,71.62,45.85,2.544,160.81,66.39,233.02,0
2025-12-31 12:00:00,23.1,69.07,46.05,2.537,163.16,66.3,229.55,0
2025-12-31 13:00:00,25.15,70.77,45.58,2.569,164.2,65.09,228.06,0
2025-12-31 14:00:00,25.12,66.16,44.46,2.521,164.39,66.13,230.39,0
2025-12-31 15:00:00,24.42,64.84,55.48,2.513,163.74,65.95,226.65,1
2025-12-31 16:00:00,22.38,65.55,66.99,2.701,163.34,65.41,226.58,1
2025-12-31 17:00:00,23.23,65.97,66.46,2.701,165.76,63.66,223.93,0
2025-12-31 18:00:00,22.61,69.73,65.73,2.731,163.73,65.02,226.77,0
2025-12-31 19:00:00,20.6,67.96,66.19,2.643,162.48,63.74,228.04,0
2025-12-31 20:00:00,20.4,73.5,66.78,2.538,164.5,64.13,224.72,0
2025-12-31 21:00:00,19.0,75.25,66.5,2.609,163.9,64.9,222.62,0
2025-12-31 22:00:00,19.14,72.82,66.56,2.658,167.43,66.77,223.28,0
2025-12-31 23:00:00,17.75,80.58,66.64,2.736,168.58,66.13,218.1,0
2026-01-01 00:00:00,17.21,75.83,66.75,2.701,170.52,65.24,216.19,0
2026-01-01 01:00:00,17.47,82.54,66.36,2.748,167.37,64.75,215.07,0
2026-01-01 02:00:00,16.68,87.68,66.74,2.563,169.18,64.14,219.28,0
2026-01-01 03:00:00,17.87,87.6,66.52,2.577,167.49,62.38,218.62,0
2026-01-01 04:00:00,18.78,83.58,66.45,2.62,168.67,63.84,221.09,0
2026-01-01 05:00:00,19.86,84.83,66.25,2.556,167.87,63.41,220.6,0
2026-01-01 06:00:00,20.27,80.0,66.01,2.602,168.16,63.23,223.19,0
2026-01-01 07:00:00,20.0,81.42,65.89,2.57,166.04,63.75,219.9,0
2026-01-01 08:00:00,22.85,83.95,64.98,2.546,162.9,64.95,218.84,0
2026-01-01 09:00:00,23.76,78.45,63.83,2.513,163.26,63.82,219.38,0
2026-01-01 10:00:00,23.55,77.42,63.2,2.593,162.8,64.08,220.6,0
2026-01-01 11:00:00,23.5,74.19,62.38,2.546,161.28,62.93,222.13,0
2026-01-01 12:00:00,24.01,71.58,61.98,2.494,158.4,63.2,223.26,0
2026-01-01 13:00:00,24.36,71.78,61.55,2.429,153.85,63.43,225.11,0
2026-01-01 14:00:00,24.58,66.97,60.98,2.398,155.24,62.96,225.58,0
2026-01-01 15:00:00,23.82,68.65,60.86,2.402,155.17,63.14,226.48,0
2026-01-01 16:00:00,22.87,59.81,60.31,2.434,154.47,63.33,224.37,0
2026-01-01 17:00:00,23.47,69.15,59.31,2.379,155.28,63.22,220.86,0
2026-01-01 18:00:00,22.09,64.25,58.69,2.396,157.49,63.0,218.77,0
2026-01-01 19:00:00,20.26,66.54,58.84,2.426,158.28,61.74,215.37,0
2026-01-01 20:00:00,20.3,69.74,58.08,2.361,157.75,60.77,216.91,0
2026-01-01 21:00:00,19.36,76.86,57.85,2.361,161.88,60.25,220.16,0
2026-01-01 22:00:00,18.02,74.78,57.82,2.351,160.86,59.39,218.53,0
2026-01-01 23:00:00,18.81,78.21,58.42,2.352,158.49,58.96,221.88,0
2026-01-02 00:00:00,17.71,80.1,58.58,2.317,158.93,58.98,223.66,0
2026-01-02 01:00:00,17.35,85.42,58.42,2.307,158.71,59.15,222.85,0
2026-01-02 02:00:00,17.56,88.39,58.38,2.309,160.67,59.74,222.58,0
2026-01-02 03:00:00,18.28,91.89,57.61,2.42,159.89,59.95,225.99,0
2026-01-02 04:00:00,18.47,94.0,57.09,2.414,159.8,60.12,220.63,0
2026-01-02 05:00:00,19.19,89.25,57.09,2.487,158.45,60.66,224.13,0
2026-01-02 06:00:00,20.84,87.44,56.94,2.558,160.17,59.87,226.91,0
2026-01-02 07:00:00,20.01,81.73,56.82,2.461,160.62,59.19,225.84,0
2026-01-02 08:00:00,21.03,87.27,56.28,2.432,160.3,58.93,226.07,0
2026-01-02 09:00:00,23.29,80.39,55.72,2.508,160.21,58.4,230.58,0
2026-01-02 10:00:00,25.17,76.28,55.18,2.504,160.37,56.93,227.53,0
2026-01-02 11:00:00,24.64,75.12,54.3,2.483,157.97,57.6,227.45,0
2026-01-02 12:00:00,25.69,69.91,53.66,2.515,160.34,56.83,229.44,0
2026-01-02 13:00:00,24.2,63.38,52.72,2.564,162.51,58.62,230.25,0
2026-01-02 14:00:00,23.93,68.9,51.97,2.544,162.69,58.87,230.61,0
2026-01-02 15:00:00,24.35,69.73,51.76,2.51,162.66,57.61,235.37,0
2026-01-02 16:00:00,24.14,67.39,51.14,2.354,160.96,58.34,232.59,0
2026-01-02 17:00:00,21.83,66.36,50.77,2.353,164.23,58.48,230.05,0
2026-01-02 18:00:00,21.76,67.51,50.26,2.326,166.94,58.85,224.01,0
2026-01-02 19:00:00,20.98,69.65,49.94,2.264,167.57,58.5,221.87,0
2026-01-02 20:00:00,19.62,71.85,49.44,2.254,168.94,57.76,220.86,0
2026-01-02 21:00:00,18.86,74.0,49.12,2.232,171.0,56.58,222.37,0
2026-01-02 22:00:00,19.12,77.06,48.97,2.247,172.61,55.59,225.4,0
2026-01-02 23:00:00,18.3,83.73,48.95,2.234,170.76,54.55,223.47,0
2026-01-03 00:00:00,18.18,83.68,48.79,2.266,169.97,54.45,223.69,0
2026-01-03 01:00:00,17.74,85.04,48.78,2.278,170.62,54.63,227.74,0
2026-01-03 02:00:00,17.01,88.17,48.12,2.356,170.76,53.46,227.64,0
2026-01-03 03:00:00,18.27,89.27,48.18,2.32,171.88,54.53,229.3,0
2026-01-03 04:00:00,17.86,90.36,47.65,2.426,172.77,54.88,232.39,0
2026-01-03 05:00:00,19.03,85.73,47.74,2.481,172.9,57.28,230.19,0
2026-01-03 06:00:00,19.37,85.32,47.69,2.558,167.9,57.05,227.6,0
2026-01-03 07:00:00,20.57,82.74,46.93,2.555,169.89,59.21,232.02,0
2026-01-03 08:00:00,21.97,84.42,46.6,2.52,171.21,59.97,233.62,0
2026-01-03 09:00:00,22.43,81.64,46.35,2.472,174.68,58.26,230.37,0
2026-01-03 10:00:00,22.86,73.82,46.17,2.565,173.44,57.3,227.96,0
2026-01-03 11:00:00,24.83,75.13,45.37,2.613,169.78,57.73,227.81,0
2026-01-03 12:00:00,24.3,74.93,44.86,2.53,169.27,56.29,231.66,0
2026-01-03 13:00:00,24.13,68.63,56.5,2.573,169.92,55.65,234.28,1
2026-01-03 14:00:00,23.62,68.26,68.16,2.504,168.92,54.41,236.98,1
2026-01-03 15:00:00,22.72,68.2,67.73,2.509,171.24,56.56,235.79,0
2026-01-03 16:00:00,23.32,62.7,67.04,2.544,169.8,57.71,235.73,0
2026-01-03 17:00:00,21.79,66.75,66.79,2.615,169.43,57.54,233.7,0
2026-01-03 18:00:00,22.4,70.65,66.54,2.607,168.81,59.03,232.73,0
2026-01-03 19:00:00,21.02,67.74,66.29,2.577,173.65,60.25,230.03,0
2026-01-03 20:00:00,21.18,73.58,65.85,2.561,171.67,61.48,228.1,0
2026-01-03 21:00:00,19.41,74.22,65.44,2.606,172.45,61.0,226.63,0
2026-01-03 22:00:00,18.02,75.31,65.65,2.632,169.99,60.75,226.69,0
2026-01-03 23:00:00,16.65,79.61,65.73,2.608,170.41,59.8,228.15,0
2026-01-04 00:00:00,18.18,81.18,65.52,2.475,168.48,59.76,232.66,0
2026-01-04 01:00:00,16.59,82.56,65.26,2.316,170.32,59.1,231.87,0
2026-01-04 02:00:00,17.33,85.89,64.53,2.329,171.74,58.22,233.49,0
2026-01-04 03:00:00,19.14,87.8,64.31,2.256,171.96,59.35,233.12,0
2026-01-04 04:00:00,18.95,87.58,63.75,2.227,169.18,60.03,235.62,0
2026-01-04 05:00:00,19.52,86.96,63.6,2.219,168.91,59.3,232.45,0
2026-01-04 06:00:00,20.76,87.09,63.76,2.349,168.21,60.23,231.24,0
2026-01-04 07:00:00,21.63,86.11,63.26,2.353,169.58,60.56,233.08,0
2026-01-04 08:00:00,23.01,79.64,62.78,2.392,167.77,60.32,234.63,0
2026-01-04 09:00:00,22.33,79.22,62.52,2.416,169.74,61.8,236.15,0
2026-01-04 10:00:00,23.21,72.07,62.03,2.263,171.29,62.08,239.62,0
2026-01-04 11:00:00,23.39,73.75,61.31,2.241,168.56,63.68,235.05,0
2026-01-04 12:00:00,24.36,71.88,60.75,2.172,168.02,64.14,231.91,0
2026-01-04 13:00:00,24.41,70.65,60.47,2.285,167.81,64.66,233.47,0
2026-01-04 14:00:00,23.15,67.86,59.99,2.177,169.51,63.61,235.58,0
2026-01-04 15:00:00,23.57,67.75,59.43,2.16,168.09,63.07,237.19,0
2026-01-04 16:00:00,24.48,66.16,59.21,2.154,168.34,64.34,243.85,0
2026-01-04 17:00:00,22.92,64.69,58.81,2.105,170.19,65.32,241.12,0
2026-01-04 18:00:00,22.41,64.68,57.9,2.125,170.43,64.9,241.74,0
2026-01-04 19:00:00,20.92,68.56,57.89,2.135,166.87,63.59,241.22,0
2026-01-04 20:00:00,18.77,69.58,57.97,2.156,165.91,65.04,242.47,0
2026-01-04 21:00:00,19.16,73.85,57.4,2.196,167.5,65.91,243.03,0
2026-01-04 22:00:00,19.25,75.77,56.52,2.218,168.8,64.76,241.34,0
2026-01-04 23:00:00,17.14,80.89,56.01,2.246,164.6,63.65,241.99,0
2026-01-05 00:00:00,18.14,82.62,55.78,2.317,164.98,65.25,241.85,0
2026-01-05 01:00:00,16.31,85.9,55.88,2.217,166.68,64.69,241.83,0
2026-01-05 02:00:00,17.63,87.63,55.41,2.265,167.58,64.17,244.32,0
2026-01-05 03:00:00,18.35,87.18,55.38,2.204,168.66,63.5,250.05,0
2026-01-05 04:00:00,18.31,87.7,54.31,2.172,172.22,63.77,244.52,0
2026-01-05 05:00:00,20.98,88.88,54.17,2.189,171.86,62.46,247.26,0
2026-01-05 06:00:00,19.75,92.64,53.84,2.221,172.13,62.66,248.26,0
2026-01-05 07:00:00,20.6,82.31,54.27,2.258,170.15,61.37,245.74,0
2026-01-05 08:00:00,22.05,82.6,53.16,2.205,168.81,60.13,244.3,0
2026-01-05 09:00:00,22.22,76.86,52.6,2.309,168.06,58.96,246.04,0
2026-01-05 10:00:00,22.47,76.95,51.48,2.283,169.46,57.85,245.61,0
2026-01-05 11:00:00,23.26,72.47,50.75,2.241,167.94,58.63,244.96,0
2026-01-05 12:00:00,24.91,71.2,49.67,2.169,170.04,59.38,242.74,0
2026-01-05 13:00:00,24.29,69.61,49.8,2.096,167.87,59.31,240.46,0
2026-01-05 14:00:00,25.57,66.25,49.12,2.026,168.91,58.82,237.77,0
2026-01-05 15:00:00,23.72,61.92,48.5,2.064,169.75,60.16,236.36,0
2026-01-05 16:00:00,23.97,69.56,47.92,2.117,170.02,60.84,235.97,0
2026-01-05 17:00:00,23.11,68.47,47.02,2.078,171.59,59.82,236.81,0
2026-01-05 18:00:00,21.59,67.15,46.79,2.025,169.99,60.2,234.66,0
2026-01-05 19:00:00,20.38,66.98,46.78,2.032,168.95,60.52,236.56,0
2026-01-05 20:00:00,18.88,71.71,46.86,2.056,167.06,61.21,234.22,0
2026-01-05 21:00:00,19.64,75.06,46.29,2.089,167.0,63.71,236.18,0
2026-01-05 22:00:00,19.36,78.93,46.43,2.046,166.7,62.92,233.95,0
2026-01-05 23:00:00,16.86,82.0,46.54,2.054,168.17,63.39,239.05,0
2026-01-06 00:00:00,17.36,85.13,46.27,2.165,168.74,64.7,240.47,0
2026-01-06 01:00:00,17.03,80.43,46.34,2.103,169.83,66.16,242.3,0
2026-01-06 02:00:00,18.01,85.76,46.22,2.115,169.29,66.2,241.5,0
2026-01-06 03:00:00,17.74,90.11,45.54,2.158,169.84,64.9,242.69,0
2026-01-06 04:00:00,19.45,85.69,45.29,2.11,172.91,63.2,239.18,0
2026-01-06 05:00:00,18.98,90.67,44.94,2.16,170.18,63.9,236.53,0
2026-01-06 06:00:00,19.23,91.05,56.77,2.089,166.66,64.16,235.69,1
2026-01-06 07:00:00,20.67,87.76,68.87,2.142,167.74,64.21,239.45,1
2026-01-06 08:00:00,21.65,84.15,67.83,2.156,166.1,64.39,241.74,0
2026-01-06 09:00:00,23.12,78.73,67.14,2.081,163.57,65.2,235.81,0
2026-01-06 10:00:00,23.21,77.7,66.34,2.137,164.59,65.6,233.31,0
2026-01-06 11:00:00,24.34,70.79,65.54,2.095,162.8,65.84,233.17,0
2026-01-06 12:00:00,23.83,69.55,64.73,2.1,165.66,65.19,236.41,0
2026-01-06 13:00:00,24.29,67.44,64.18,2.152,165.91,66.03,236.95,0
2026-01-06 14:00:00,23.83,67.63,63.78,2.104,165.51,65.39,230.51,0
2026-01-06 15:00:00,23.44,65.39,63.32,2.086,164.01,66.16,227.8,0
2026-01-06 16:00:00,24.37,66.65,62.81,2.169,164.44,65.68,229.96,0
2026-01-06 17:00:00,22.25,68.57,62.45,2.054,161.6,66.1,230.72,0
2026-01-06 18:00:00,21.66,65.7,62.61,2.156,157.29,67.56,231.27,0
2026-01-06 19:00:00,21.73,69.59,62.45,2.078,154.8,67.99,234.24,0
2026-01-06 20:00:00,20.62,70.46,62.56,2.052,157.26,69.09,233.41,0
2026-01-06 21:00:00,20.4,74.63,62.65,2.086,155.9,68.54,235.24,0
2026-01-06 22:00:00,18.86,78.72,62.98,2.137,153.68,68.43,239.33,0
2026-01-06 23:00:00,17.55,82.15,62.95,2.167,153.98,67.92,239.67,0
2026-01-07 00:00:00,19.06,84.18,62.5,2.179,158.42,66.25,237.21,0
2026-01-07 01:00:00,17.91,85.81,62.39,2.161,160.65,67.08,236.03,0
2026-01-07 02:00:00,17.51,82.98,62.26,2.265,159.38,67.44,233.72,0
2026-01-07 03:00:00,18.01,84.92,62.31,2.313,158.13,67.73,228.18,0
2026-01-07 04:00:00,18.65,85.94,61.85,2.383,156.98,68.66,226.55,0
2026-01-07 05:00:00,19.08,88.52,62.03,2.352,155.66,67.44,228.56,0
2026-01-07 06:00:00,19.13,83.3,61.83,2.209,157.01,66.04,228.9,0
2026-01-07 07:00:00,22.14,85.62,61.88,2.276,156.73,67.04,232.6,0
2026-01-07 08:00:00,21.89,83.16,61.42,2.299,155.05,66.82,233.08,0
2026-01-07 09:00:00,22.88,75.01,60.9,2.31,153.05,66.87,235.39,0
2026-01-07 10:00:00,24.93,74.28,60.4,2.276,157.67,65.4,230.97,0
2026-01-07 11:00:00,23.55,76.76,60.04,2.256,159.29,66.63,230.08,0
2026-01-07 12:00:00,24.84,73.24,60.06,2.223,157.98,67.09,229.65,0
2026-01-07 13:00:00,23.95,67.1,58.89,2.232,160.44,66.42,227.85,0
2026-01-07 14:00:00,24.61,64.89,58.49,2.168,158.55,68.17,232.02,0
2026-01-07 15:00:00,24.17,60.25,57.94,2.223,158.56,66.75,227.35,0
2026-01-07 16:00:00,24.03,69.68,57.32,2.351,158.37,66.31,227.45,0
2026-01-07 17:00:00,23.6,66.48,56.05,2.311,158.97,67.07,230.66,0
2026-01-07 18:00:00,21.5,72.18,55.68,2.215,157.51,67.96,232.78,0
2026-01-07 19:00:00,21.99,68.74,55.44,2.215,158.04,66.44,231.94,0
2026-01-07 20:00:00,21.14,72.21,54.99,2.24,155.17,66.05,229.85,0
2026-01-07 21:00:00,19.08,76.38,54.8,2.271,154.89,66.6,232.83,0
2026-01-07 22:00:00,18.52,81.1,54.51,2.369,157.7,67.79,231.64,0
2026-01-07 23:00:00,17.62,81.1,53.79,2.413,159.83,68.86,229.73,0
2026-01-08 00:00:00,17.41,82.51,53.62,2.297,158.79,69.29,232.49,0
2026-01-08 01:00:00,16.66,84.85,53.59,2.223,156.29,69.15,233.39,0
2026-01-08 02:00:00,18.16,83.91,53.23,2.253,152.71,68.77,232.59,0
2026-01-08 03:00:00,16.53,86.67,53.11,2.229,154.31,69.02,233.52,0
2026-01-08 04:00:00,18.04,88.13,52.94,2.325,155.24,70.1,234.71,0
2026-01-08 05:00:00,19.22,91.08,53.05,2.267,156.33,69.66,234.59,0
2026-01-08 06:00:00,21.0,85.45,52.82,2.327,159.72,69.19,234.99,0
2026-01-08 07:00:00,20.62,87.43,52.86,2.286,160.2,70.0,229.59,0
2026-01-08 08:00:00,22.21,82.3,52.22,2.302,160.8,70.72,229.59,0
2026-01-08 09:00:00,22.69,82.96,52.25,2.253,158.46,70.01,228.26,0
2026-01-08 10:00:00,24.14,78.69,51.56,2.289,161.64,68.58,226.6,0
2026-01-08 11:00:00,24.29,75.68,50.79,2.355,161.48,66.84,225.31,0
2026-01-08 12:00:00,24.96,73.95,50.19,2.366,160.15,66.81,224.55,0
2026-01-08 13:00:00,24.11,71.3,49.4,2.476,160.72,65.67,224.33,0
2026-01-08 14:00:00,23.67,70.13,48.47,2.42,164.49,66.37,225.28,0
2026-01-08 15:00:00,24.29,71.7,48.12,2.418,168.35,64.69,223.93,0
2026-01-08 16:00:00,23.13,70.04,46.64,2.46,166.47,66.06,225.78,0
2026-01-08 17:00:00,22.77,67.54,45.87,2.392,168.53,65.64,228.08,0
2026-01-08 18:00:00,22.13,66.37,44.92,2.389,168.99,64.81,230.24,0
2026-01-08 19:00:00,21.87,70.14,56.76,2.423,170.61,64.24,232.82,1
2026-01-08 20:00:00,20.64,66.68,67.91,2.47,170.89,63.39,231.51,1
2026-01-08 21:00:00,18.77,76.23,67.87,2.527,171.76,64.72,231.0,0
2026-01-08 22:00:00,17.72,74.35,67.87,2.459,173.86,65.24,231.82,0
2026-01-08 23:00:00,19.16,82.65,67.18,2.465,170.36,65.23,230.92,0
2026-01-09 00:00:00,16.51,87.45,67.03,2.374,170.8,64.05,228.23,0
2026-01-09 01:00:00,17.18,81.15,66.99,2.326,168.46,63.94,227.31,0
2026-01-09 02:00:00,18.07,86.4,67.07,2.314,167.49,63.19,231.78,0
2026-01-09 03:00:00,19.12,84.96,66.43,2.381,167.39,60.78,230.08,0
2026-01-09 04:00:00,18.39,83.68,65.75,2.407,165.48,60.2,228.34,0
2026-01-09 05:00:00,19.27,87.36,66.0,2.402,164.41,60.79,227.31,0
2026-01-09 06:00:00,19.48,88.11,65.55,2.422,161.92,60.45,229.09,0
2026-01-09 07:00:00,21.09,86.66,65.19,2.445,160.97,60.36,230.25,0
2026-01-09 08:00:00,21.1,82.88,64.83,2.457,162.05,61.35,232.26,0
2026-01-09 09:00:00,22.22,75.69,63.93,2.411,163.73,62.14,238.72,0
2026-01-09 10:00:00,24.01,77.31,63.29,2.346,162.39,63.91,240.59,0
2026-01-09 11:00:00,23.73,70.42,63.0,2.329,164.89,61.87,242.56,0
2026-01-09 12:00:00,25.02,67.93,62.0,2.28,165.93,61.12,249.33,0
2026-01-09 13:00:00,24.39,66.73,61.28,2.318,168.48,61.96,249.84,0
2026-01-09 14:00:00,23.42,70.1,60.39,2.409,165.15,62.35,248.12,0
2026-01-09 15:00:00,24.85,67.74,59.58,2.435,165.7,62.43,246.7,0
2026-01-09 16:00:00,22.55,66.81,59.39,2.317,166.78,61.87,248.76,0
2026-01-09 17:00:00,22.33,64.22,59.26,2.278,163.61,62.08,244.94,0
2026-01-09 18:00:00,21.77,66.5,58.78,2.28,168.01,62.23,239.58,0
2026-01-09 19:00:00,21.7,65.8,58.74,2.196,166.75,60.56,237.3,0
2026-01-09 20:00:00,19.73,74.91,58.69,2.205,167.66,60.79,239.23,0
2026-01-09 21:00:00,18.6,79.65,58.29,2.24,169.22,60.36,240.5,0
2026-01-09 22:00:00,18.64,78.39,58.16,2.328,169.23,61.17,239.83,0
2026-01-09 23:00:00,17.82,81.68,57.58,2.436,171.56,61.51,242.26,0
2026-01-10 00:00:00,17.29,82.1,57.09,2.355,174.88,63.28,243.42,0
2026-01-10 01:00:00,17.65,80.73,56.86,2.344,172.49,63.24,243.86,0
2026-01-10 02:00:00,16.78,84.42,56.34,2.334,172.4,62.22,243.37,0
2026-01-10 03:00:00,16.76,86.46,55.76,2.289,173.75,59.98,245.19,0
2026-01-10 04:00:00,20.02,87.04,55.35,2.296,170.46,59.19,246.57,0
2026-01-10 05:00:00,19.32,86.09,55.49,2.291,172.16,59.62,245.31,0
2026-01-10 06:00:00,20.22,86.65,55.76,2.329,174.95,60.26,246.83,0
2026-01-10 07:00:00,20.45,82.65,55.55,2.408,176.86,59.76,244.6,0
2026-01-10 08:00:00,22.53,87.92,55.17,2.409,177.17,59.44,244.71,0
2026-01-10 09:00:00,22.38,76.43,54.45,2.372,179.46,59.58,245.22,0
2026-01-10 10:00:00,21.52,79.22,53.28,2.305,179.52,60.0,243.88,0
2026-01-10 11:00:00,23.63,73.5,52.45,2.427,176.57,60.98,243.77,0
2026-01-10 12:00:00,24.18,72.66,51.79,2.473,175.17,60.48,244.85,0
2026-01-10 13:00:00,24.38,70.49,51.27,2.485,174.3,59.86,241.65,0
2026-01-10 14:00:00,24.24,67.87,50.68,2.462,173.81,61.74,241.78,0
2026-01-10 15:00:00,23.58,63.54,50.03,2.547,173.29,63.36,246.98,0
2026-01-10 16:00:00,22.96,65.17,49.3,2.52,172.35,62.84,244.31,0
2026-01-10 17:00:00,22.54,66.8,48.85,2.402,172.45,63.84,246.42,0
2026-01-10 18:00:00,20.75,67.74,47.89,2.411,174.86,65.77,245.61,0
2026-01-10 19:00:00,19.63,66.66,47.93,2.329,174.85,66.84,248.04,0
2026-01-10 20:00:00,20.16,74.73,47.56,2.344,175.59,66.01,245.58,0
2026-01-10 21:00:00,19.33,67.92,47.98,2.421,171.21,65.98,245.06,0
2026-01-10 22:00:00,19.14,76.37,47.68,2.312,171.19,64.29,250.09,0
2026-01-10 23:00:00,17.79,77.54,47.34,2.257,172.9,63.35,248.9,0
2026-01-11 00:00:00,16.78,82.96,46.97,2.312,174.83,63.3,249.79,0
2026-01-11 01:00:00,16.14,87.32,46.63,2.281,176.5,63.46,250.54,0
2026-01-11 02:00:00,17.0,83.01,46.61,2.308,176.58,62.79,244.69,0
2026-01-11 03:00:00,18.26,93.51,46.4,2.332,176.87,60.29,245.32,0
2026-01-11 04:00:00,19.53,88.5,46.49,2.383,175.18,60.51,241.71,0
2026-01-11 05:00:00,19.29,88.58,46.43,2.339,176.29,61.21,242.96,0
2026-01-11 06:00:00,19.24,82.93,46.24,2.183,174.64,61.93,242.85,0
2026-01-11 07:00:00,20.38,84.66,46.15,2.215,175.48,61.74,239.67,0
2026-01-11 08:00:00,21.31,84.93,45.96,2.127,175.14,61.63,236.46,0
2026-01-11 09:00:00,22.47,80.37,45.61,2.195,174.76,61.86,236.21,0
2026-01-11 10:00:00,24.26,77.35,45.13,2.2,176.17,62.23,242.35,0
2026-01-11 11:00:00,24.87,74.02,44.68,2.189,176.73,62.14,246.04,0
2026-01-11 12:00:00,24.26,68.05,55.77,2.238,176.77,60.05,246.39,1
2026-01-11 13:00:00,24.63,65.76,67.98,2.138,175.41,61.36,247.11,1
2026-01-11 14:00:00,23.82,70.4,67.57,2.137,177.87,60.97,248.0,0
2026-01-11 15:00:00,22.83,68.58,67.21,2.176,177.96,59.9,246.02,0
2026-01-11 16:00:00,24.73,68.58,66.63,2.199,178.79,59.61,243.74,0
2026-01-11 17:00:00,21.12,64.32,65.39,2.177,178.38,59.78,245.43,0
2026-01-11 18:00:00,20.62,67.08,64.76,2.157,176.6,59.3,243.4,0
2026-01-11 19:00:00,22.26,72.3,64.58,2.26,176.77,58.89,246.58,0
2026-01-11 20:00:00,20.11,68.43,64.14,2.317,175.23,58.69,242.62,0
2026-01-11 21:00:00,18.46,76.98,63.69,2.276,175.61,59.12,239.99,0
2026-01-11 22:00:00,19.0,75.53,63.39,2.359,169.3,58.48,243.28,0
2026-01-11 23:00:00,18.51,77.71,63.42,2.4,168.41,58.89,242.14,0
2026-01-12 00:00:00,16.69,82.42,63.59,2.422,168.25,57.74,241.48,0
2026-01-12 01:00:00,17.13,81.99,63.45,2.445,166.4,59.68,242.77,0
2026-01-12 02:00:00,18.23,81.78,63.08,2.366,167.0,60.71,245.28,0
2026-01-12 03:00:00,17.4,87.82,62.77,2.452,166.16,60.5,246.29,0
2026-01-12 04:00:00,18.72,89.34,62.6,2.498,166.1,60.85,246.44,0
2026-01-12 05:00:00,20.25,90.66,62.46,2.499,165.07,59.83,247.87,0
2026-01-12 06:00:00,18.42,88.04,62.39,2.5,166.81,60.4,248.25,0
2026-01-12 07:00:00,20.76,89.69,62.06,2.48,167.72,61.21,250.3,0
2026-01-12 08:00:00,22.09,85.9,61.67,2.434,168.15,61.48,256.68,0
2026-01-12 09:00:00,21.5,81.69,61.25,2.456,168.14,62.3,256.86,0
2026-01-12 10:00:00,23.1,78.17,60.58,2.398,172.57,62.29,253.62,0
2026-01-12 11:00:00,24.76,77.23,59.49,2.4,171.98,62.19,255.28,0
2026-01-12 12:00:00,23.89,65.97,58.67,2.399,170.45,61.59,253.9,0
2026-01-12 13:00:00,23.46,68.02,58.58,2.415,168.12,62.1,253.8,0
2026-01-12 14:00:00,25.17,62.83,57.5,2.463,169.62,61.35,253.78,0
2026-01-12 15:00:00,24.34,68.03,57.33,2.476,172.37,61.74,251.38,0
2026-01-12 16:00:00,23.43,64.14,56.25,2.505,170.55,62.02,249.64,0
2026-01-12 17:00:00,22.68,73.92,55.46,2.375,169.82,63.23,243.13,0
2026-01-12 18:00:00,22.63,66.18,54.8,2.397,168.98,63.72,242.47,0
2026-01-12 19:00:00,21.21,69.49,55.13,2.395,168.59,62.08,243.5,0
2026-01-12 20:00:00,20.55,70.49,54.94,2.41,165.27,61.48,243.11,0
2026-01-12 21:00:00,18.77,72.93,54.67,2.371,166.71,60.88,241.56,0
2026-01-12 22:00:00,17.18,73.88,54.19,2.435,168.78,60.25,242.17,0
2026-01-12 23:00:00,18.4,76.65,54.15,2.441,165.2,61.18,239.46,0
2026-01-13 00:00:00,18.39,77.05,53.8,2.386,168.36,59.22,236.59,0
2026-01-13 01:00:00,17.34,86.14,53.53,2.346,171.14,60.58,237.83,0
2026-01-13 02:00:00,18.24,85.46,53.22,2.397,165.37,61.52,239.14,0
2026-01-13 03:00:00,17.73,92.46,53.24,2.385,161.44,61.71,240.21,0
2026-01-13 04:00:00,18.46,84.89,53.27,2.379,161.34,62.03,239.2,0
2026-01-13 05:00:00,20.48,91.32,52.8,2.361,163.86,62.1,241.72,0
2026-01-13 06:00:00,19.89,90.46,52.41,2.418,164.43,62.24,238.57,0
2026-01-13 07:00:00,20.75,87.97,51.99,2.438,164.49,63.24,237.65,0
2026-01-13 08:00:00,20.6,83.09,51.5,2.358,165.54,63.0,239.39,0
2026-01-13 09:00:00,23.23,79.0,51.21,2.295,164.06,63.51,241.32,0
2026-01-13 10:00:00,22.98,80.19,50.71,2.296,166.4,62.68,239.07,0
2026-01-13 11:00:00,24.13,72.17,49.49,2.257,166.16,63.14,244.23,0
2026-01-13 12:00:00,24.16,72.18,49.16,2.131,163.17,62.86,243.44,0
2026-01-13 13:00:00,24.19,69.11,48.19,2.098,161.81,63.22,243.24,0
2026-01-13 14:00:00,24.3,65.25,47.41,2.095,162.61,62.41,245.27,0
2026-01-13 15:00:00,24.0,67.07,46.9,2.086,162.18,62.8,248.64,0
2026-01-13 16:00:00,24.3,67.85,46.31,2.144,161.58,62.73,248.11,0
2026-01-13 17:00:00,23.81,64.05,46.01,2.021,162.09,64.12,250.39,0
2026-01-13 18:00:00,22.36,68.62,45.28,1.994,162.85,64.29,248.48,0
2026-01-13 19:00:00,21.89,63.65,44.79,2.063,160.72,64.66,251.97,0
2026-01-13 20:00:00,20.69,68.88,56.49,2.04,163.09,64.19,251.22,1
2026-01-13 21:00:00,19.6,73.01,68.59,1.985,162.93,64.4,251.2,1
2026-01-13 22:00:00,19.54,77.89,68.58,1.966,163.77,64.76,249.52,0
2026-01-13 23:00:00,17.05,82.02,68.4,2.016,164.0,64.36,249.33,0
2026-01-14 00:00:00,17.14,82.71,68.6,2.021,163.3,63.9,246.79,0
2026-01-14 01:00:00,16.93,86.19,68.74,1.997,165.01,63.11,246.04,0
2026-01-14 02:00:00,17.41,86.12,68.78,2.047,165.15,63.01,245.54,0
2026-01-14 03:00:00,18.45,88.64,68.23,2.087,165.28,62.39,242.37,0
2026-01-14 04:00:00,17.74,88.88,68.26,2.027,160.79,62.64,240.57,0
2026-01-14 05:00:00,19.6,86.35,68.0,2.051,162.43,61.91,235.04,0
2026-01-14 06:00:00,19.68,85.64,67.68,1.991,162.23,61.81,231.94,0
2026-01-14 07:00:00,20.76,86.28,67.28,2.083,163.7,60.96,232.06,0
2026-01-14 08:00:00,22.05,87.03,66.68,2.172,166.71,62.02,234.6,0
2026-01-14 09:00:00,23.93,82.86,65.93,2.163,168.12,62.04,233.73,0
2026-01-14 10:00:00,22.98,74.18,65.42,2.237,168.1,62.06,233.72,0
2026-01-14 11:00:00,23.98,71.34,64.8,2.196,167.46,62.59,236.69,0
2026-01-14 12:00:00,23.63,70.16,64.31,2.195,171.91,64.17,238.69,0
2026-01-14 13:00:00,23.99,69.47,63.91,2.167,172.5,64.18,240.55,0
2026-01-14 14:00:00,23.62,67.59,63.26,2.175,172.58,62.77,240.57,0
2026-01-14 15:00:00,24.2,69.48,62.48,2.188,171.94,63.81,239.07,0
2026-01-14 16:00:00,23.77,69.24,61.31,2.195,170.05,62.54,239.85,0
2026-01-14 17:00:00,23.23,66.39,60.99,2.197,166.34,62.07,242.81,0
2026-01-14 18:00:00,21.38,66.9,60.46,2.212,169.02,63.14,246.94,0
2026-01-14 19:00:00,21.36,70.51,60.21,2.294,167.46,62.81,252.36,0
2026-01-14 20:00:00,20.17,74.16,60.36,2.173,167.02,62.27,255.32,0
2026-01-14 21:00:00,19.21,75.53,59.77,2.297,166.75,62.51,254.41,0
2026-01-14 22:00:00,17.66,75.92,59.59,2.277,169.26,62.51,250.43,0
2026-01-14 23:00:00,18.08,78.32,59.1,2.274,167.71,61.87,251.17,0
2026-01-15 00:00:00,17.75,79.72,59.1,2.355,168.06,62.66,253.1,0
2026-01-15 01:00:00,17.57,85.26,58.23,2.388,168.86,63.75,245.81,0
2026-01-15 02:00:00,17.9,88.08,58.27,2.414,166.22,64.94,241.57,0
2026-01-15 03:00:00,18.46,89.46,58.3,2.48,163.51,65.35,240.1,0
2026-01-15 04:00:00,17.76,90.88,57.82,2.458,162.28,64.62,237.93,0
2026-01-15 05:00:00,19.1,91.33,57.64,2.502,162.83,63.41,233.76,0
2026-01-15 06:00:00,20.46,83.09,57.17,2.412,163.12,61.28,234.77,0
2026-01-15 07:00:00,20.81,85.79,57.1,2.429,162.98,62.24,237.88,0
2026-01-15 08:00:00,22.58,83.6,56.79,2.454,164.24,62.4,237.27,0
2026-01-15 09:00:00,22.81,79.66,55.94,2.512,162.73,62.01,233.0,0
2026-01-15 10:00:00,22.11,74.93,55.0,2.54,162.51,60.27,233.62,0
2026-01-15 11:00:00,24.62,77.76,54.76,2.535,162.41,59.26,230.91,0
2026-01-15 12:00:00,24.3,70.03,54.78,2.5,161.02,57.75,228.6,0
2026-01-15 13:00:00,23.26,63.74,54.37,2.466,165.32,59.18,231.32,0
2026-01-15 14:00:00,24.2,67.52,53.97,2.435,161.42,59.84,234.5,0
2026-01-15 15:00:00,23.14,65.78,53.31,2.348,163.79,58.73,233.8,0
2026-01-15 16:00:00,24.0,70.64,52.8,2.449,165.28,60.3,235.69,0
2026-01-15 17:00:00,22.72,67.6,52.36,2.499,166.73,59.7,232.97,0
2026-01-15 18:00:00,21.26,66.71,51.75,2.5,166.83,60.08,234.39,0
2026-01-15 19:00:00,21.57,68.73,51.96,2.535,169.16,60.45,233.46,0
2026-01-15 20:00:00,20.42,70.98,51.81,2.564,168.18,60.42,230.23,0
2026-01-15 21:00:00,19.08,79.7,51.7,2.486,168.76,60.19,228.2,0
2026-01-15 22:00:00,17.65,78.69,51.45,2.511,168.74,60.28,229.56,0
2026-01-15 23:00:00,17.38,76.33,51.23,2.572,168.18,60.08,226.13,0
2026-01-16 00:00:00,17.02,81.89,51.4,2.512,168.27,60.36,225.87,0
2026-01-16 01:00:00,18.02,84.72,51.24,2.406,166.43,60.67,229.0,0
2026-01-16 02:00:00,16.44,83.76,51.09,2.328,165.18,60.23,228.07,0
2026-01-16 03:00:00,17.94,83.17,50.95,2.321,168.01,61.28,224.56,0
2026-01-16 04:00:00,18.35,89.49,50.64,2.246,173.08,60.55,224.39,0
2026-01-16 05:00:00,19.97,85.61,50.02,2.24,173.69,60.94,226.62,0
2026-01-16 06:00:00,20.26,89.65,50.29,2.204,174.85,60.67,223.79,0
2026-01-16 07:00:00,21.37,84.8,50.41,2.211,174.91,59.93,227.32,0
2026-01-16 08:00:00,21.54,81.31,50.23,2.187,175.33,59.74,229.61,0
2026-01-16 09:00:00,21.89,73.81,49.36,2.193,175.89,59.21,230.76,0
2026-01-16 10:00:00,23.25,80.06,49.24,2.236,177.32,59.89,232.41,0
2026-01-16 11:00:00,24.58,74.89,49.26,2.183,179.6,59.87,232.86,0
2026-01-16 12:00:00,24.92,70.38,49.0,2.208,177.42,61.16,233.8,0
2026-01-16 13:00:00,24.2,67.0,48.93,2.164,182.01,60.33,234.04,0
2026-01-16 14:00:00,23.78,71.47,48.61,2.173,181.58,58.4,236.3,0
2026-01-16 15:00:00,23.29,63.71,47.8,2.177,181.17,58.87,239.46,0
2026-01-16 16:00:00,23.38,65.08,47.39,2.207,179.78,60.51,237.19,0
2026-01-16 17:00:00,22.85,67.8,46.53,2.224,178.45,61.0,235.32,0
2026-01-16 18:00:00,22.94,71.1,45.8,2.304,179.02,60.18,234.33,0
2026-01-16 19:00:00,21.09,68.68,45.69,2.302,179.61,59.31,232.84,0
2026-01-16 20:00:00,20.52,69.66,45.54,2.264,180.04,61.22,235.78,0
2026-01-16 21:00:00,18.7,73.89,45.48,2.323,178.62,60.9,232.0,0
2026-01-16 22:00:00,18.55,79.26,44.75,2.341,173.21,60.02,233.5,0
2026-01-16 23:00:00,18.07,82.67,56.5,2.391,169.65,61.15,237.04,1
2026-01-17 00:00:00,17.52,79.06,68.46,2.377,169.49,61.04,235.49,1
2026-01-17 01:00:00,17.48,85.07,68.49,2.294,169.92,59.25,239.15,0
2026-01-17 02:00:00,17.71,82.94,68.53,2.429,168.96,61.2,241.84,0
2026-01-17 03:00:00,18.31,89.84,68.41,2.383,167.56,61.75,240.62,0
2026-01-17 04:00:00,19.34,89.06,68.09,2.308,167.99,60.4,242.39,0
2026-01-17 05:00:00,17.66,85.32,68.05,2.35,167.68,61.7,239.95,0
2026-01-17 06:00:00,20.87,90.36,67.76,2.29,166.71,60.77,236.95,0
2026-01-17 07:00:00,19.8,85.62,67.83,2.267,163.74,59.81,235.69,0
2026-01-17 08:00:00,22.12,83.06,67.4,2.277,162.27,59.07,239.03,0
2026-01-17 09:00:00,24.4,79.4,66.82,2.27,164.05,60.91,237.69,0
2026-01-17 10:00:00,23.45,76.98,66.03,2.25,162.36,62.78,237.66,0
2026-01-17 11:00:00,24.16,73.2,65.8,2.349,163.66,62.26,235.01,0
2026-01-17 12:00:00,24.16,69.65,65.4,2.339,166.21,63.79,237.18,0
2026-01-17 13:00:00,24.97,72.29,65.46,2.282,164.74,61.68,239.15,0
2026-01-17 14:00:00,24.63,66.24,65.06,2.342,163.95,62.51,237.18,0
2026-01-17 15:00:00,23.56,65.06,64.68,2.296,165.77,63.72,231.28,0
2026-01-17 16:00:00,23.39,65.68,63.68,2.29,167.95,65.03,230.56,0
2026-01-17 17:00:00,21.97,69.94,63.22,2.236,166.68,65.01,231.89,0
2026-01-17 18:00:00,21.82,70.3,62.58,2.253,163.69,65.43,232.01,0
2026-01-17 19:00:00,20.71,68.23,62.63,2.259,166.0,64.68,232.36,0
2026-01-17 20:00:00,20.19,74.57,62.53,2.26,167.01,64.62,233.37,0
2026-01-17 21:00:00,18.75,74.42,62.62,2.272,167.65,64.39,232.17,0
2026-01-17 22:00:00,18.38,74.89,63.06,2.323,169.2,64.12,229.17,0
2026-01-17 23:00:00,17.98,78.66,62.62,2.363,166.89,65.08,231.31,0
2026-01-18 00:00:00,17.67,85.93,62.71,2.297,167.52,65.18,229.29,0
2026-01-18 01:00:00,17.69,89.99,62.71,2.256,166.91,66.61,226.57,0
2026-01-18 02:00:00,17.5,87.33,63.1,2.315,167.92,66.69,228.24,0
2026-01-18 03:00:00,17.42,86.21,63.12,2.267,169.24,68.52,225.81,0
2026-01-18 04:00:00,18.58,87.69,63.1,2.299,170.83,69.43,224.23,0
2026-01-18 05:00:00,19.12,85.72,63.15,2.349,171.67,69.13,228.72,0
2026-01-18 06:00:00,20.81,84.98,63.23,2.247,171.86,69.08,233.0,0
2026-01-18 07:00:00,21.81,82.99,63.46,2.227,172.09,68.11,236.08,0
2026-01-18 08:00:00,20.95,82.3,62.67,2.281,172.47,68.07,237.92,0
2026-01-18 09:00:00,23.18,80.15,61.99,2.273,171.05,67.0,240.67,0
2026-01-18 10:00:00,24.05,76.63,61.95,2.251,170.14,68.05,245.29,0
2026-01-18 11:00:00,23.09,73.6,60.81,2.304,170.66,67.56,247.51,0
2026-01-18 12:00:00,24.79,73.4,60.21,2.37,171.6,67.71,247.52,0
2026-01-18 13:00:00,25.13,68.65,59.69,2.324,170.17,65.49,249.07,0
2026-01-18 14:00:00,23.72,67.06,59.07,2.429,168.02,65.14,247.21,0
2026-01-18 15:00:00,23.87,65.93,58.98,2.313,164.88,64.71,246.96,0
2026-01-18 16:00:00,23.61,69.86,58.57,2.221,162.62,65.46,246.84,0
2026-01-18 17:00:00,23.15,65.15,57.89,2.2,161.74,65.83,245.9,0
2026-01-18 18:00:00,21.21,68.96,57.15,2.187,161.07,66.63,244.57,0
2026-01-18 19:00:00,21.81,67.35,57.04,2.177,160.72,66.89,247.31,0
2026-01-18 20:00:00,18.67,72.37,57.19,2.154,158.72,67.85,244.31,0
2026-01-18 21:00:00,20.18,75.52,57.03,2.12,155.71,68.05,244.22,0
2026-01-18 22:00:00,18.91,79.71,56.79,2.12,156.31,66.63,240.53,0
2026-01-18 23:00:00,17.53,78.89,56.38,2.097,156.88,66.41,235.24,0
2026-01-19 00:00:00,18.22,79.72,56.29,2.152,158.33,66.24,238.21,0
2026-01-19 01:00:00,16.77,82.82,56.19,2.164,160.06,63.18,241.27,0
2026-01-19 02:00:00,17.7,88.94,55.77,2.161,160.96,62.23,239.74,0
2026-01-19 03:00:00,18.14,92.83,55.88,2.166,161.33,64.06,239.63,0
2026-01-19 04:00:00,18.69,90.09,56.19,2.242,163.06,63.75,238.68,0
2026-01-19 05:00:00,18.66,84.47,56.0,2.217,165.7,63.6,237.77,0
2026-01-19 06:00:00,19.75,88.53,55.89,2.147,164.45,61.59,236.41,0
2026-01-19 07:00:00,21.09,82.42,55.36,2.099,165.86,60.39,237.49,0
2026-01-19 08:00:00,21.4,81.63,55.03,2.099,164.7,60.88,236.41,0
2026-01-19 09:00:00,22.94,80.32,54.62,2.142,165.11,60.49,237.38,0
2026-01-19 10:00:00,23.04,77.89,53.96,2.206,167.03,59.54,241.43,0
2026-01-19 11:00:00,24.73,74.32,53.17,2.311,166.46,60.78,242.08,0
2026-01-19 12:00:00,25.47,70.0,53.15,2.355,164.68,60.19,242.04,0
2026-01-19 13:00:00,24.29,71.87,52.7,2.298,163.87,59.07,240.26,0
2026-01-19 14:00:00,25.02,66.15,51.86,2.286,162.2,59.19,239.96,0
2026-01-19 15:00:00,23.88,69.51,51.55,2.157,160.38,58.55,235.54,0
2026-01-19 16:00:00,22.82,62.6,51.06,2.148,162.73,57.91,239.36,0
2026-01-19 17:00:00,22.45,66.91,50.53,2.123,163.78,57.98,236.75,0
2026-01-19 18:00:00,21.97,64.41,50.27,1.996,162.54,57.52,231.86,0
2026-01-19 19:00:00,19.75,67.14,49.29,2.144,160.86,56.16,231.76,0
2026-01-19 20:00:00,20.53,70.22,48.55,2.132,159.38,56.84,232.81,0
2026-01-19 21:00:00,19.31,77.95,48.76,2.018,158.31,57.77,236.23,0
2026-01-19 22:00:00,19.23,80.27,48.52,2.021,160.65,57.67,236.78,0
2026-01-19 23:00:00,18.39,82.03,48.19,2.139,160.63,58.36,239.0,0
2026-01-20 00:00:00,17.7,82.58,47.59,2.265,164.64,58.14,241.13,0
2026-01-20 01:00:00,17.25,85.25,47.45,2.271,164.58,56.53,242.9,0
2026-01-20 02:00:00,18.69,89.69,47.35,2.279,163.56,57.5,239.67,0
2026-01-20 03:00:00,19.49,89.38,47.58,2.354,165.29,57.55,240.72,0
2026-01-20 04:00:00,18.29,88.05,47.49,2.341,162.27,57.82,236.97,0
2026-01-20 05:00:00,19.98,91.34,47.2,2.366,162.72,57.85,241.85,0
2026-01-20 06:00:00,19.6,88.56,47.12,2.412,160.63,57.81,243.26,0
2026-01-20 07:00:00,20.59,85.38,47.25,2.339,156.88,58.06,241.28,0
2026-01-20 08:00:00,21.64,81.35,46.97,2.429,156.99,58.33,241.91,0
2026-01-20 09:00:00,23.23,78.47,46.6,2.367,158.81,59.57,239.03,0
2026-01-20 10:00:00,22.72,76.16,46.13,2.324,159.45,60.04,234.95,0
2026-01-20 11:00:00,25.12,75.3,45.38,2.328,159.84,61.16,237.14,0
2026-01-20 12:00:00,25.04,73.59,44.5,2.383,155.37,62.54,234.58,0
2026-01-20 13:00:00,24.96,65.61,55.58,2.418,155.47,61.07,234.15,1
2026-01-20 14:00:00,24.18,62.61,67.13,2.407,155.59,62.25,234.71,1
2026-01-20 15:00:00,24.61,64.0,66.71,2.416,157.09,62.83,234.27,0
2026-01-20 16:00:00,21.43,64.98,66.49,2.472,155.5,63.25,231.73,0
2026-01-20 17:00:00,23.06,69.36,66.1,2.461,157.37,64.1,232.05,0
2026-01-20 18:00:00,22.02,66.77,65.87,2.401,156.76,63.8,232.56,0
2026-01-20 19:00:00,19.68,69.86,65.63,2.358,156.55,64.29,234.86,0
2026-01-20 20:00:00,20.38,72.54,65.66,2.408,157.84,63.27,240.98,0
2026-01-20 21:00:00,19.66,71.59,65.16,2.352,155.98,61.96,235.74,0
2026-01-20 22:00:00,17.23,80.65,64.94,2.254,157.83,62.44,233.71,0
2026-01-20 23:00:00,17.14,78.18,64.19,2.239,155.68,62.36,234.33,0
2026-01-21 00:00:00,19.06,86.4,64.0,2.239,157.23,62.35,236.89,0
2026-01-21 01:00:00,17.37,84.46,64.17,2.295,157.12,61.62,237.66,0
2026-01-21 02:00:00,18.3,85.68,63.99,2.208,157.16,61.98,240.34,0
2026-01-21 03:00:00,18.76,84.85,64.01,2.235,151.95,61.6,236.37,0
2026-01-21 04:00:00,18.8,88.49,63.89,2.309,151.41,61.57,235.51,0
2026-01-21 05:00:00,19.96,93.26,63.52,2.259,151.58,61.14,239.14,0
2026-01-21 06:00:00,18.62,87.56,63.26,2.267,154.9,60.45,236.78,0
2026-01-21 07:00:00,20.84,85.45,63.41,2.14,155.24,60.31,229.44,0
2026-01-21 08:00:00,19.75,80.83,63.08,2.204,154.45,61.43,227.68,0
2026-01-21 09:00:00,21.53,81.33,62.34,2.258,156.38,61.02,229.14,0
2026-01-21 10:00:00,23.09,77.39,61.37,2.26,155.81,60.93,229.25,0
2026-01-21 11:00:00,23.57,74.0,60.87,2.183,158.04,60.73,226.33,0
2026-01-21 12:00:00,24.41,72.74,60.13,2.231,158.79,60.19,224.96,0
2026-01-21 13:00:00,24.49,64.68,59.51,2.221,157.42,61.35,222.13,0
2026-01-21 14:00:00,24.47,67.22,58.51,2.06,159.41,60.15,219.75,0
2026-01-21 15:00:00,24.15,63.38,58.26,2.123,160.71,60.12,218.31,0
2026-01-21 16:00:00,23.71,66.07,57.67,2.206,162.5,59.42,219.41,0
2026-01-21 17:00:00,22.08,64.56,57.13,2.293,162.27,60.01,214.22,0
2026-01-21 18:00:00,21.4,65.83,56.33,2.217,163.46,60.19,218.67,0
2026-01-21 19:00:00,20.97,65.89,56.05,2.107,166.98,61.31,219.23,0
2026-01-21 20:00:00,20.08,74.29,55.89,2.096,167.21,61.99,217.25,0
2026-01-21 21:00:00,18.49,72.46,55.5,2.142,166.4,62.06,215.71,0
2026-01-21 22:00:00,19.28,75.44,55.24,2.096,169.13,62.73,215.08,0
2026-01-21 23:00:00,18.48,83.67,55.45,2.015,170.16,63.46,216.09,0
2026-01-22 00:00:00,17.02,83.92,54.73,2.078,169.14,62.6,217.42,0
2026-01-22 01:00:00,17.35,79.69,54.58,2.073,172.1,63.27,217.81,0
2026-01-22 02:00:00,19.03,89.99,54.15,2.126,169.65,63.5,216.78,0
2026-01-22 03:00:00,18.08,91.74,54.35,2.139,170.42,63.9,217.67,0
2026-01-22 04:00:00,18.8,91.89,54.09,2.141,172.26,63.48,213.35,0
2026-01-22 05:00:00,18.82,89.3,53.58,2.148,173.9,62.66,211.39,0
2026-01-22 06:00:00,19.87,83.77,53.32,2.137,171.93,61.71,210.88,0
2026-01-22 07:00:00,22.06,84.66,53.22,2.121,169.42,58.65,208.73,0
2026-01-22 08:00:00,21.99,78.88,53.5,2.068,169.65,58.12,209.5,0
2026-01-22 09:00:00,22.7,77.68,52.32,2.113,170.74,60.43,207.43,0
2026-01-22 10:00:00,23.48,74.22,51.4,2.201,168.57,61.21,213.09,0
2026-01-22 11:00:00,25.81,72.59,51.21,2.178,168.97,61.52,210.54,0
2026-01-22 12:00:00,24.41,71.91,50.19,2.298,166.18,62.4,215.54,0
2026-01-22 13:00:00,23.92,68.11,49.63,2.321,168.05,62.16,211.5,0
2026-01-22 14:00:00,23.92,66.25,48.93,2.335,166.9,61.8,217.69,0
2026-01-22 15:00:00,24.58,65.65,48.17,2.372,166.53,61.54,220.02,0
2026-01-22 16:00:00,22.47,69.75,47.56,2.425,168.02,60.9,222.74,0
2026-01-22 17:00:00,23.07,71.78,46.91,2.389,169.29,60.34,219.94,0
2026-01-22 18:00:00,21.4,66.35,46.67,2.416,169.97,60.38,219.89,0
2026-01-22 19:00:00,19.7,70.06,46.87,2.471,171.62,60.48,220.0,0
2026-01-22 20:00:00,19.41,69.4,46.8,2.436,172.09,61.72,220.5,0
2026-01-22 21:00:00,19.27,76.07,46.53,2.427,174.42,62.65,224.41,0
2026-01-22 22:00:00,19.5,75.81,46.41,2.372,170.96,61.3,226.66,0
2026-01-22 23:00:00,18.61,78.07,46.45,2.337,170.61,61.05,226.67,0
2026-01-23 00:00:00,17.41,87.5,46.55,2.314,170.21,60.09,229.58,0
2026-01-23 01:00:00,18.18,81.39,46.46,2.259,169.6,57.8,232.81,0
2026-01-23 02:00:00,17.37,80.39,46.72,2.258,170.32,58.0,231.5,0
2026-01-23 03:00:00,16.94,89.46,46.33,2.281,170.49,58.64,230.18,0
2026-01-23 04:00:00,18.54,87.08,46.47,2.308,171.75,58.8,235.83,0
2026-01-23 05:00:00,18.2,86.01,46.49,2.259,169.35,59.29,235.19,0
2026-01-23 06:00:00,20.65,93.36,46.1,2.225,173.3,59.07,233.57,0
2026-01-23 07:00:00,21.56,86.6,45.97,2.281,172.27,58.24,233.25,0
2026-01-23 08:00:00,21.29,82.35,45.51,2.246,172.49,58.02,236.03,0
2026-01-23 09:00:00,22.85,78.08,44.91,2.299,171.82,59.37,237.77,0
2026-01-23 10:00:00,23.57,78.11,56.31,2.255,171.7,59.79,237.32,1
2026-01-23 11:00:00,24.64,69.82,67.28,2.281,170.46,58.48,238.73,1
2026-01-23 12:00:00,23.51,70.21,66.52,2.328,170.62,58.71,239.17,0
2026-01-23 13:00:00,24.92,69.13,65.88,2.167,171.44,59.95,238.61,0
2026-01-23 14:00:00,23.46,68.01,65.14,2.228,166.86,60.7,237.68,0
2026-01-23 15:00:00,24.58,66.02,64.32,2.311,166.19,61.9,237.91,0
2026-01-23 16:00:00,24.22,64.27,64.07,2.292,165.48,60.56,236.73,0
2026-01-23 17:00:00,22.28,68.68,63.49,2.313,169.64,60.72,236.82,0
2026-01-23 18:00:00,22.76,63.34,63.59,2.262,171.0,60.44,236.6,0
2026-01-23 19:00:00,19.9,68.53,63.45,2.287,173.46,61.02,232.9,0
2026-01-23 20:00:00,20.86,70.21,63.57,2.435,174.13,60.29,231.68,0
2026-01-23 21:00:00,20.26,76.68,63.3,2.294,173.91,59.56,231.2,0
2026-01-23 22:00:00,18.77,75.85,62.9,2.264,174.21,59.63,236.04,0
2026-01-23 23:00:00,17.83,80.94,62.78,2.315,175.86,58.87,235.59,0
2026-01-24 00:00:00,17.84,83.33,62.97,2.389,178.58,59.2,236.24,0
2026-01-24 01:00:00,17.08,80.19,62.75,2.3,178.58,57.45,241.56,0
2026-01-24 02:00:00,19.46,86.36,62.68,2.262,176.92,58.64,237.28,0
2026-01-24 03:00:00,17.56,83.27,62.56,2.23,178.1,56.24,233.33,0
2026-01-24 04:00:00,19.45,88.88,62.33,2.195,176.04,57.22,231.47,0
2026-01-24 05:00:00,18.73,85.8,62.11,2.196,176.3,56.84,230.81,0
2026-01-24 06:00:00,21.21,89.49,61.61,2.117,177.08,55.69,230.44,0
2026-01-24 07:00:00,22.41,84.33,61.41,2.115,176.4,56.04,229.39,0
2026-01-24 08:00:00,22.18,80.57,61.05,2.072,174.32,57.01,226.59,0
2026-01-24 09:00:00,22.95,82.85,60.59,2.083,173.13,58.2,229.44,0
2026-01-24 10:00:00,22.81,74.82,60.09,2.056,172.23,59.33,228.59,0
2026-01-24 11:00:00,23.28,76.39,59.75,2.063,170.05,58.64,231.87,0
2026-01-24 12:00:00,24.59,72.67,59.24,2.018,169.15,58.92,229.48,0
2026-01-24 13:00:00,25.52,68.31,58.67,2.095,166.37,57.42,234.66,0
2026-01-24 14:00:00,24.0,64.13,58.33,2.089,167.38,57.63,230.51,0
2026-01-24 15:00:00,25.58,69.48,57.79,2.105,167.88,58.06,230.7,0
2026-01-24 16:00:00,23.05,67.25,57.16,2.11,168.25,57.84,228.42,0
2026-01-24 17:00:00,22.91,64.44,56.75,2.124,167.42,56.31,228.84,0
2026-01-24 18:00:00,22.07,68.09,56.19,2.136,166.87,55.95,226.69,0
2026-01-24 19:00:00,20.93,71.74,55.9,2.196,165.3,57.85,221.75,0
2026-01-24 20:00:00,18.66,71.78,55.75,2.186,166.2,58.32,220.46,0
2026-01-24 21:00:00,18.82,74.75,55.6,2.151,163.71,58.0,225.17,0
2026-01-24 22:00:00,18.66,79.58,55.07,2.164,163.91,57.98,223.17,0
2026-01-24 23:00:00,17.9,83.69,54.97,2.137,162.81,58.44,225.03,0
2026-01-25 00:00:00,18.06,82.2,55.32,2.143,166.07,57.15,225.54,0
2026-01-25 01:00:00,18.03,81.43,54.83,2.091,166.97,55.95,224.88,0
2026-01-25 02:00:00,17.45,83.27,54.48,2.169,166.89,55.47,230.49,0
2026-01-25 03:00:00,17.3,85.9,55.11,2.131,164.82,55.21,229.93,0
2026-01-25 04:00:00,19.61,85.66,54.67,2.215,162.38,57.03,230.61,0
2026-01-25 05:00:00,18.3,83.42,54.85,2.217,163.37,57.24,231.04,0
2026-01-25 06:00:00,19.68,91.15,54.58,2.274,166.68,56.92,235.18,0
2026-01-25 07:00:00,20.41,86.1,54.4,2.23,167.35,57.12,231.42,0
2026-01-25 08:00:00,22.43,81.19,53.81,2.117,167.57,55.44,237.21,0
2026-01-25 09:00:00,23.67,79.77,53.38,2.031,167.81,54.83,240.9,0
2026-01-25 10:00:00,23.35,72.53,52.34,2.2,167.88,54.37,241.6,0
2026-01-25 11:00:00,24.19,77.05,51.83,2.171,168.13,53.68,242.81,0
2026-01-25 12:00:00,24.68,66.63,51.15,2.246,166.77,55.04,241.85,0
2026-01-25 13:00:00,25.76,70.5,50.01,2.172,164.95,55.84,241.89,0
2026-01-25 14:00:00,23.14,62.88,49.79,2.192,165.15,54.94,242.59,0
2026-01-25 15:00:00,24.55,65.34,48.59,2.22,167.83,54.01,239.94,0
2026-01-25 16:00:00,23.74,69.11,48.67,2.396,169.12,53.12,243.49,0
2026-01-25 17:00:00,22.49,62.29,48.31,2.37,166.73,53.21,243.63,0
2026-01-25 18:00:00,22.13,67.1,47.35,2.322,166.2,53.66,243.55,0
2026-01-25 19:00:00,21.52,70.79,47.55,2.342,167.47,54.28,240.96,0
2026-01-25 20:00:00,20.5,72.66,47.12,2.284,170.1,53.6,243.58,0
2026-01-25 21:00:00,20.76,74.33,46.71,2.309,173.12,53.69,243.04,0
2026-01-25 22:00:00,18.61,78.24,45.97,2.305,172.41,53.89,241.32,0
2026-01-25 23:00:00,17.99,78.32,45.51,2.26,173.6,55.21,238.29,0
2026-01-26 00:00:00,17.49,87.33,45.09,2.292,173.71,56.11,237.72,0
2026-01-26 01:00:00,17.89,80.75,45.13,2.299,173.14,55.0,234.66,0
2026-01-26 02:00:00,17.6,89.43,45.28,2.345,172.93,53.51,235.54,0
2026-01-26 03:00:00,17.98,88.1,44.71,2.441,172.75,53.67,237.45,0
2026-01-26 04:00:00,18.54,89.54,56.59,2.401,174.55,53.34,236.35,1
2026-01-26 05:00:00,19.16,89.61,67.84,2.369,171.64,52.74,236.87,1
2026-01-26 06:00:00,19.67,87.92,67.72,2.284,172.22,52.33,239.83,0
2026-01-26 07:00:00,21.29,82.75,68.17,2.316,174.7,53.15,239.15,0
2026-01-26 08:00:00,21.71,81.78,67.09,2.276,176.89,52.06,238.68,0
2026-01-26 09:00:00,23.18,76.22,66.23,2.299,177.44,54.02,238.51,0
2026-01-26 10:00:00,23.55,76.25,65.88,2.369,175.58,53.61,237.24,0
2026-01-26 11:00:00,23.76,74.96,65.58,2.323,176.55,54.44,236.24,0
2026-01-26 12:00:00,25.48,73.02,64.72,2.293,178.48,54.06,234.26,0
2026-01-26 13:00:00,24.43,70.2,64.6,2.354,177.01,52.93,235.37,0
2026-01-26 14:00:00,24.82,63.09,63.78,2.393,177.17,53.07,235.17,0
2026-01-26 15:00:00,23.54,64.97,63.73,2.422,176.32,52.21,236.66,0
2026-01-26 16:00:00,22.06,64.34,63.32,2.39,174.76,52.64,239.13,0
2026-01-26 17:00:00,22.35,63.1,63.14,2.298,173.8,52.9,236.3,0
2026-01-26 18:00:00,20.41,65.38,62.71,2.255,173.68,52.54,234.14,0
2026-01-26 19:00:00,20.83,69.23,62.7,2.198,171.68,52.96,235.92,0
2026-01-26 20:00:00,21.12,75.03,62.72,2.24,169.47,54.17,235.23,0
2026-01-26 21:00:00,18.62,71.77,62.86,2.261,167.69,54.31,235.42,0
2026-01-26 22:00:00,17.05,74.18,62.65,2.228,168.17,53.88,235.61,0
2026-01-26 23:00:00,19.02,78.35,62.18,2.207,165.4,54.48,233.21,0
2026-01-27 00:00:00,17.29,83.34,61.96,2.242,161.4,55.11,234.57,0
2026-01-27 01:00:00,17.49,87.84,61.56,2.227,164.01,55.06,235.21,0
2026-01-27 02:00:00,18.17,86.31,61.18,2.197,162.23,56.5,232.68,0
2026-01-27 03:00:00,18.34,84.01,61.47,2.323,161.99,56.4,232.38,0
2026-01-27 04:00:00,19.05,84.92,61.46,2.289,163.77,57.9,232.24,0
2026-01-27 05:00:00,19.88,88.1,61.43,2.33,161.23,57.44,234.25,0
2026-01-27 06:00:00,18.87,89.01,61.55,2.351,158.79,58.34,237.22,0
2026-01-27 07:00:00,20.01,89.32,61.54,2.256,157.9,58.25,237.09,0
2026-01-27 08:00:00,22.73,79.54,61.54,2.218,159.91,58.61,232.78,0
2026-01-27 09:00:00,22.2,80.2,60.36,2.273,160.08,56.88,234.71,0
2026-01-27 10:00:00,23.0,74.43,59.51,2.267,160.26,58.99,240.22,0
2026-01-27 11:00:00,23.15,71.91,58.74,2.182,159.92,59.37,241.75,0
2026-01-27 12:00:00,24.1,69.04,57.76,2.214,161.13,60.36,240.73,0
2026-01-27 13:00:00,24.26,68.39,57.23,2.185,163.87,59.17,241.45,0
2026-01-27 14:00:00,23.72,65.27,56.72,2.219,169.28,59.41,243.12,0
2026-01-27 15:00:00,23.29,72.57,56.75,2.386,168.84,59.32,243.0,0
2026-01-27 16:00:00,23.7,64.85,56.46,2.403,171.44,58.45,245.89,0
2026-01-27 17:00:00,22.18,68.84,55.76,2.432,172.98,59.72,242.51,0
2026-01-27 18:00:00,21.48,65.82,55.36,2.408,173.14,59.92,241.13,0
2026-01-27 19:00:00,19.47,74.8,54.61,2.333,168.84,59.93,241.97,0
2026-01-27 20:00:00,21.45,72.35,54.45,2.392,168.0,60.55,243.37,0
2026-01-27 21:00:00,19.91,76.25,54.28,2.349,167.27,59.83,241.58,0
2026-01-27 22:00:00,18.18,75.52,53.81,2.332,167.83,60.04,240.12,0
2026-01-27 23:00:00,17.34,82.29,53.55,2.438,167.36,60.18,238.2,0
2026-01-28 00:00:00,17.63,83.34,53.14,2.408,166.25,60.35,236.18,0
2026-01-28 01:00:00,17.49,83.83,52.66,2.473,169.86,61.33,237.41,0
2026-01-28 02:00:00,16.73,83.83,52.66,2.484,172.02,60.97,237.2,0
2026-01-28 03:00:00,16.18,87.03,52.77,2.438,168.09,60.52,240.33,0
2026-01-28 04:00:00,18.16,87.19,52.73,2.449,167.46,60.01,237.33,0
2026-01-28 05:00:00,18.16,89.8,52.4,2.396,168.5,59.48,236.82,0
2026-01-28 06:00:00,20.21,85.95,52.0,2.443,170.76,60.55,238.57,0
2026-01-28 07:00:00,21.12,79.97,51.67,2.508,169.77,60.53,239.25,0
2026-01-28 08:00:00,21.22,84.12,51.06,2.496,169.19,61.49,236.29,0
2026-01-28 09:00:00,22.38,83.08,50.24,2.563,169.2,61.75,239.11,0
2026-01-28 10:00:00,24.71,72.83,49.99,2.554,170.22,60.97,239.14,0
2026-01-28 11:00:00,24.57,78.66,49.36,2.591,167.25,59.65,243.73,0
2026-01-28 12:00:00,24.06,74.99,49.03,2.748,163.53,58.41,242.96,0
2026-01-28 13:00:00,26.1,67.64,48.03,2.865,165.85,57.72,245.46,0
2026-01-28 14:00:00,23.54,64.68,47.27,2.815,164.03,58.76,244.04,0
2026-01-28 15:00:00,23.46,69.01,46.97,2.796,167.89,60.03,243.0,0
2026-01-28 16:00:00,23.4,62.58,46.67,2.698,166.22,60.17,243.83,0
2026-01-28 17:00:00,21.68,64.7,45.76,2.718,165.84,61.06,239.14,0
2026-01-28 18:00:00,23.16,64.19,45.29,2.712,166.47,60.59,233.88,0
2026-01-28 19:00:00,21.13,69.24,45.19,2.637,162.57,60.07,232.25,0
2026-01-28 20:00:00,19.54,75.16,44.78,2.685,167.82,60.82,229.13,0
2026-01-28 21:00:00,19.56,75.09,56.68,2.642,167.0,61.01,223.79,1
2026-01-28 22:00:00,18.63,79.55,68.01,2.587,165.41,61.7,226.21,1
2026-01-28 23:00:00,17.76,78.97,67.53,2.591,163.3,61.75,224.67,0
2026-01-29 00:00:00,16.77,82.74,67.51,2.542,164.01,61.42,224.32,0
2026-01-29 01:00:00,16.49,81.71,67.32,2.523,164.58,61.24,225.21,0
2026-01-29 02:00:00,19.15,86.28,67.14,2.613,162.56,61.54,226.96,0
2026-01-29 03:00:00,17.02,85.76,66.89,2.554,160.18,61.77,228.07,0
2026-01-29 04:00:00,19.71,87.6,66.85,2.577,162.28,60.94,228.92,0
2026-01-29 05:00:00,18.66,87.05,66.83,2.522,161.2,60.86,230.4,0
2026-01-29 06:00:00,20.65,85.74,66.87,2.448,158.26,59.53,229.38,0
2026-01-29 07:00:00,21.33,90.05,66.7,2.433,158.26,59.29,227.88,0
2026-01-29 08:00:00,22.37,86.92,66.03,2.585,157.81,58.54,222.44,0
2026-01-29 09:00:00,23.26,83.39,65.31,2.612,161.61,55.9,224.66,0
2026-01-29 10:00:00,22.35,81.49,64.44,2.618,160.8,58.08,223.47,0
2026-01-29 11:00:00,23.56,77.7,63.76,2.564,160.42,57.5,229.0,0
2026-01-29 12:00:00,23.42,71.44,63.02,2.522,160.99,56.79,231.15,0
2026-01-29 13:00:00,24.63,68.91,62.93,2.418,160.13,58.4,233.71,0
2026-01-29 14:00:00,23.45,68.06,62.06,2.517,161.11,57.46,235.54,0
2026-01-29 15:00:00,22.64,65.85,61.81,2.518,159.44,56.29,236.84,0
2026-01-29 16:00:00,23.31,63.4,61.18,2.514,159.23,56.27,237.94,0
2026-01-29 17:00:00,21.2,67.12,60.56,2.511,160.19,56.0,239.22,0
2026-01-29 18:00:00,22.09,63.56,60.13,2.622,162.43,55.6,239.44,0
2026-01-29 19:00:00,20.12,69.57,59.51,2.617,161.48,54.97,237.68,0
2026-01-29 20:00:00,19.51,69.01,59.07,2.583,160.55,55.01,234.6,0
2026-01-29 21:00:00,17.65,73.95,58.49,2.672,163.5,56.69,235.68,0
2026-01-29 22:00:00,19.68,77.48,58.18,2.638,162.57,55.4,238.87,0
2026-01-29 23:00:00,16.94,78.96,57.71,2.513,162.56,56.36,238.36,0
2026-01-30 00:00:00,17.36,78.4,57.9,2.406,165.74,57.91,238.57,0
2026-01-30 01:00:00,16.25,81.81,57.53,2.387,165.83,57.47,235.1,0
2026-01-30 02:00:00,17.03,87.67,56.61,2.399,165.35,57.94,233.96,0
2026-01-30 03:00:00,19.2,86.23,56.31,2.441,165.03,57.95,230.94,0
2026-01-30 04:00:00,18.73,89.4,56.36,2.376,163.69,56.53,228.25,0
2026-01-30 05:00:00,18.74,87.65,56.65,2.357,164.56,57.79,228.83,0
2026-01-30 06:00:00,20.07,86.03,56.38,2.305,162.91,57.95,229.0,0
2026-01-30 07:00:00,20.61,85.65,56.02,2.371,164.4,57.6,231.26,0
2026-01-30 08:00:00,21.84,80.81,55.47,2.443,164.45,56.36,233.37,0
2026-01-30 09:00:00,23.27,80.85,55.03,2.551,164.89,57.0,231.26,0
2026-01-30 10:00:00,23.24,75.95,54.14,2.554,168.01,57.29,226.61,0
2026-01-30 11:00:00,24.19,80.49,53.5,2.648,165.28,57.97,224.66,0
2026-01-30 12:00:00,24.55,68.67,52.92,2.582,165.32,58.59,223.4,0
2026-01-30 13:00:00,24.27,68.33,52.37,2.575,166.45,57.96,225.36,0
2026-01-30 14:00:00,23.87,66.68,51.76,2.493,165.28,55.01,227.37,0
2026-01-30 15:00:00,23.66,63.0,50.92,2.513,166.99,55.12,227.64,0
2026-01-30 16:00:00,23.96,67.81,50.46,2.516,165.93,55.17,229.86,0
2026-01-30 17:00:00,23.3,65.3,49.89,2.353,166.41,55.52,236.52,0
2026-01-30 18:00:00,21.11,61.52,49.32,2.416,166.13,57.08,236.15,0
2026-01-30 19:00:00,20.82,70.96,48.8,2.459,166.38,57.18,235.51,0
2026-01-30 20:00:00,19.57,69.91,48.79,2.415,166.46,57.95,233.38,0
2026-01-30 21:00:00,19.81,73.89,48.3,2.424,166.34,58.41,234.26,0
2026-01-30 22:00:00,18.2,78.69,48.59,2.325,165.44,57.27,237.14,0
2026-01-30 23:00:00,19.51,78.94,48.04,2.277,164.22,56.25,235.79,0
2026-01-31 00:00:00,17.77,81.57,48.06,2.379,164.82,57.46,234.77,0
2026-01-31 01:00:00,18.33,90.94,47.29,2.304,164.92,56.81,233.48,0
2026-01-31 02:00:00,16.91,81.14,46.41,2.305,163.68,57.3,230.68,0
2026-01-31 03:00:00,17.98,84.41,46.05,2.22,164.35,56.52,231.23,0
2026-01-31 04:00:00,18.96,85.27,45.17,2.246,163.55,57.35,231.84,0
2026-01-31 05:00:00,18.53,92.1,45.19,2.284,166.4,57.71,231.89,0
2026-01-31 06:00:00,20.11,84.91,44.98,2.328,170.83,57.57,236.65,0
2026-01-31 07:00:00,21.74,85.38,57.2,2.355,173.1,58.31,237.57,1
2026-01-31 08:00:00,21.68,81.31,68.6,2.436,175.17,58.65,234.65,1
2026-01-31 09:00:00,22.15,81.36,68.12,2.394,176.23,58.1,236.25,0
2026-01-31 10:00:00,24.74,76.97,67.48,2.323,175.4,58.23,235.33,0
2026-01-31 11:00:00,23.21,74.79,66.66,2.287,171.57,58.95,234.5,0
2026-01-31 12:00:00,24.49,74.72,65.97,2.207,169.46,60.03,234.09,0
2026-01-31 13:00:00,24.0,70.32,65.04,2.218,168.06,59.98,233.42,0
2026-01-31 14:00:00,23.72,65.64,64.6,2.215,170.12,61.65,234.17,0
2026-01-31 15:00:00,24.55,67.15,63.94,2.25,170.37,60.99,239.5,0
2026-01-31 16:00:00,23.33,72.05,63.35,2.156,168.97,59.62,238.36,0
2026-01-31 17:00:00,23.03,67.79,63.64,2.166,165.49,58.42,238.41,0
2026-01-31 18:00:00,20.33,67.85,62.97,2.248,169.64,58.52,238.83,0
2026-01-31 19:00:00,21.35,65.8,62.86,2.286,170.42,58.63,237.35,0
2026-01-31 20:00:00,19.59,73.31,62.65,2.173,171.84,58.84,236.23,0
2026-01-31 21:00:00,17.93,76.33,62.79,2.181,170.6,58.34,238.65,0
2026-01-31 22:00:00,19.84,77.78,62.67,2.146,170.12,60.45,237.2,0
2026-01-31 23:00:00,18.39,80.13,62.38,2.157,169.3,61.86,234.87,0
2026-02-01 00:00:00,17.78,89.58,62.87,2.144,169.24,60.83,239.33,0
2026-02-01 01:00:00,18.37,86.92,62.41,2.26,172.4,60.78,236.1,0
2026-02-01 02:00:00,17.79,89.63,62.16,2.268,169.93,60.86,238.25,0
2026-02-01 03:00:00,17.41,87.79,62.23,2.289,169.66,61.51,237.59,0
2026-02-01 04:00:00,18.4,87.67,61.79,2.287,170.13,60.15,234.42,0
2026-02-01 05:00:00,18.78,89.21,61.81,2.316,169.71,58.66,233.51,0
2026-02-01 06:00:00,19.74,86.19,61.47,2.302,171.31,57.67,233.02,0
2026-02-01 07:00:00,20.12,84.65,61.57,2.349,167.94,59.15,229.04,0
2026-02-01 08:00:00,21.23,83.66,61.32,2.322,171.21,58.65,230.41,0
2026-02-01 09:00:00,23.38,78.56,60.73,2.403,168.49,59.47,231.46,0
2026-02-01 10:00:00,23.71,77.55,59.87,2.425,166.32,60.08,230.76,0
2026-02-01 11:00:00,23.68,74.35,59.19,2.407,165.46,59.98,232.16,0
2026-02-01 12:00:00,23.66,73.92,58.62,2.45,164.27,60.78,232.81,0
2026-02-01 13:00:00,24.22,67.69,58.33,2.469,165.07,59.71,236.15,0
2026-02-01 14:00:00,23.2,62.47,57.86,2.507,165.62,59.36,233.4,0
2026-02-01 15:00:00,24.12,65.6,57.46,2.498,165.8,57.44,232.75,0
2026-02-01 16:00:00,24.14,66.99,57.0,2.47,163.22,57.67,235.37,0
2026-02-01 17:00:00,24.41,68.79,56.69,2.466,163.04,57.08,236.7,0
2026-02-01 18:00:00,21.13,65.74,56.08,2.424,163.15,59.2,230.86,0
2026-02-01 19:00:00,21.63,70.58,55.93,2.474,165.44,59.34,226.9,0
2026-02-01 20:00:00,19.6,74.34,55.74,2.55,165.78,60.16,227.3,0
2026-02-01 21:00:00,18.46,76.03,55.41,2.567,166.44,60.8,231.79,0
2026-02-01 22:00:00,17.73,75.02,55.51,2.634,169.92,60.77,230.87,0
2026-02-01 23:00:00,18.07,78.14,55.61,2.678,167.63,61.69,232.7,0
2026-02-02 00:00:00,16.97,83.59,55.77,2.635,166.83,61.73,233.02,0
2026-02-02 01:00:00,17.08,88.84,55.34,2.662,164.71,62.17,234.57,0
2026-02-02 02:00:00,17.31,86.56,55.24,2.56,167.61,64.29,237.26,0
2026-02-02 03:00:00,17.45,87.21,55.37,2.553,170.52,64.39,239.51,0
2026-02-02 04:00:00,17.96,84.58,55.62,2.464,173.05,63.84,241.56,0
2026-02-02 05:00:00,17.55,86.71,54.97,2.446,173.72,63.15,239.69,0
2026-02-02 06:00:00,20.16,84.74,54.77,2.349,174.05,63.04,239.08,0
2026-02-02 07:00:00,21.05,84.85,54.51,2.412,172.87,63.12,240.17,0
2026-02-02 08:00:00,21.35,78.72,54.44,2.38,173.94,63.14,241.12,0
2026-02-02 09:00:00,23.0,79.03,53.22,2.429,171.27,61.68,242.3,0
2026-02-02 10:00:00,24.45,74.48,52.34,2.415,168.71,59.65,237.51,0
2026-02-02 11:00:00,24.05,76.5,52.21,2.297,167.81,58.85,240.38,0
2026-02-02 12:00:00,25.31,69.35,51.49,2.268,171.09,59.0,235.85,0
2026-02-02 13:00:00,26.07,67.79,50.53,2.238,169.92,59.14,233.93,0
2026-02-02 14:00:00,26.15,68.18,50.4,2.242,169.04,59.64,234.48,0
2026-02-02 15:00:00,23.2,65.24,49.42,2.336,169.4,60.04,234.43,0
2026-02-02 16:00:00,22.65,71.9,49.17,2.434,170.84,59.65,238.0,0
2026-02-02 17:00:00,22.44,68.7,48.15,2.411,172.86,58.8,234.93,0
2026-02-02 18:00:00,22.0,67.52,47.16,2.327,170.53,59.36,234.02,0
2026-02-02 19:00:00,22.11,70.14,47.02,2.281,170.14,59.65,229.15,0
2026-02-02 20:00:00,20.53,65.61,46.57,2.311,170.33,58.73,229.77,0
2026-02-02 21:00:00,18.41,77.23,46.45,2.304,170.71,59.39,229.51,0
2026-02-02 22:00:00,18.1,78.28,46.79,2.209,172.04,60.33,226.68,0
2026-02-02 23:00:00,17.94,79.66,46.55,2.185,173.23,61.09,230.37,0
2026-02-03 00:00:00,16.58,83.91,46.83,2.272,172.95,61.99,233.3,0
2026-02-03 01:00:00,17.51,86.5,46.73,2.291,174.7,61.31,233.57,0
2026-02-03 02:00:00,16.79,85.49,46.82,2.295,176.06,62.1,236.49,0
2026-02-03 03:00:00,16.81,88.58,45.91,2.272,177.22,61.95,236.18,0
2026-02-03 04:00:00,17.86,90.62,45.9,2.246,175.78,63.8,237.91,0
2026-02-03 05:00:00,19.54,88.76,45.85,2.283,176.63,64.55,239.92,0
2026-02-03 06:00:00,20.38,85.89,45.54,2.292,178.33,64.86,237.0,0
2026-02-03 07:00:00,21.07,85.52,45.91,2.339,176.87,66.32,237.98,0
2026-02-03 08:00:00,22.6,85.96,45.21,2.369,176.63,65.73,238.25,0
2026-02-03 09:00:00,23.37,81.81,44.16,2.366,178.98,66.11,235.53,0
2026-02-03 10:00:00,23.62,74.09,55.84,2.384,179.14,68.0,232.31,1
2026-02-03 11:00:00,24.08,75.62,66.85,2.343,178.41,68.56,233.69,1
2026-02-03 12:00:00,24.47,72.64,66.3,2.337,180.51,68.49,233.05,0
2026-02-03 13:00:00,24.4,72.13,66.14,2.415,179.04,68.06,229.49,0
2026-02-03 14:00:00,22.86,67.56,65.73,2.407,175.43,67.0,231.21,0
2026-02-03 15:00:00,24.83,65.45,65.09,2.387,173.61,66.59,233.74,0
2026-02-03 16:00:00,23.75,62.58,64.42,2.393,175.31,65.72,230.87,0
2026-02-03 17:00:00,21.9,64.64,64.25,2.317,175.83,65.4,231.08,0
2026-02-03 18:00:00,22.91,70.49,63.33,2.329,175.52,65.2,235.07,0
2026-02-03 19:00:00,20.59,69.72,63.36,2.429,177.01,65.99,232.79,0
2026-02-03 20:00:00,20.02,71.25,63.82,2.371,176.83,65.51,237.16,0
2026-02-03 21:00:00,19.97,77.39,63.79,2.382,175.96,64.86,236.25,0
2026-02-03 22:00:00,18.68,79.72,63.51,2.375,177.02,65.58,236.01,0
2026-02-03 23:00:00,18.9,78.01,63.27,2.367,175.85,66.1,232.47,0
2026-02-04 00:00:00,17.37,85.5,62.92,2.358,176.3,65.75,229.2,0
2026-02-04 01:00:00,18.68,80.63,62.53,2.397,174.42,66.18,227.85,0
2026-02-04 02:00:00,17.07,87.68,62.36,2.324,172.14,65.82,230.42,0
2026-02-04 03:00:00,18.89,88.48,62.37,2.364,170.3,65.51,236.5,0
2026-02-04 04:00:00,16.94,90.87,62.65,2.364,170.04,66.81,242.94,0
2026-02-04 05:00:00,18.48,88.58,61.86,2.253,168.67,66.54,242.24,0
2026-02-04 06:00:00,20.3,85.91,60.93,2.279,167.41,66.04,240.99,0
2026-02-04 07:00:00,20.72,84.36,61.22,2.288,167.04,65.93,238.23,0
2026-02-04 08:00:00,21.85,89.23,60.69,2.236,166.83,64.05,240.85,0
2026-02-04 09:00:00,22.78,80.05,60.16,2.25,163.96,63.83,238.74,0
2026-02-04 10:00:00,22.64,78.49,59.76,2.175,159.46,64.01,237.96,0
2026-02-04 11:00:00,23.25,69.1,59.15,2.142,160.4,65.73,239.06,0
2026-02-04 12:00:00,24.54,69.43,59.17,2.156,160.84,65.7,239.98,0
2026-02-04 13:00:00,24.03,70.52,58.76,2.065,158.54,65.98,238.21,0
2026-02-04 14:00:00,25.32,63.44,58.05,2.012,159.58,66.18,237.81,0
2026-02-04 15:00:00,23.9,67.75,57.38,1.972,160.58,68.09,236.21,0
2026-02-04 16:00:00,23.98,64.19,56.77,2.0,160.21,68.81,234.07,0
2026-02-04 17:00:00,23.06,63.79,55.98,2.047,163.93,67.3,231.55,0
2026-02-04 18:00:00,21.49,65.65,55.94,2.011,166.26,68.25,228.04,0
2026-02-04 19:00:00,19.61,73.04,55.78,1.975,165.49,67.21,229.3,0
2026-02-04 20:00:00,20.92,72.33,55.23,2.006,164.79,66.47,228.98,0
2026-02-04 21:00:00,18.56,71.88,55.15,2.033,162.17,65.16,226.44,0
2026-02-04 22:00:00,18.24,78.94,55.38,2.01,164.49,66.71,223.8,0
2026-02-04 23:00:00,17.86,81.92,55.5,2.14,164.95,67.64,221.25,0
2026-02-05 00:00:00,17.58,81.55,55.07,2.162,166.44,68.57,220.41,0
2026-02-05 01:00:00,18.17,87.18,54.54,2.161,162.54,69.31,223.95,0
2026-02-05 02:00:00,17.62,89.04,54.77,2.148,164.04,69.71,222.8,0
2026-02-05 03:00:00,17.88,89.75,54.08,2.219,163.16,69.19,224.81,0
2026-02-05 04:00:00,19.24,86.32,53.99,2.258,164.28,69.16,229.22,0
2026-02-05 05:00:00,19.67,84.68,53.62,2.156,165.25,68.48,229.93,0
2026-02-05 06:00:00,19.58,82.29,53.81,2.125,165.2,67.52,228.27,0
2026-02-05 07:00:00,20.2,83.14,53.3,2.11,163.94,66.78,228.38,0
2026-02-05 08:00:00,21.33,81.58,52.51,2.123,164.7,68.75,228.6,0
2026-02-05 09:00:00,22.72,79.13,52.14,2.173,163.21,68.21,233.24,0
2026-02-05 10:00:00,22.6,76.88,51.82,2.117,165.17,68.92,229.0,0
2026-02-05 11:00:00,24.09,78.49,51.67,2.125,163.86,70.58,232.09,0
2026-02-05 12:00:00,24.29,70.65,51.24,2.24,163.95,71.03,227.88,0
2026-02-05 13:00:00,22.72,69.1,50.79,2.246,162.65,70.05,230.26,0
2026-02-05 14:00:00,23.4,62.93,50.55,2.208,163.03,69.14,229.48,0
2026-02-05 15:00:00,22.01,71.94,49.59,2.134,161.25,69.04,234.32,0
2026-02-05 16:00:00,23.23,62.71,48.77,2.117,159.94,70.86,236.04,0
2026-02-05 17:00:00,23.5,64.61,47.82,2.065,164.28,71.87,237.42,0
2026-02-05 18:00:00,20.58,69.21,46.46,2.057,165.83,72.06,234.94,0
2026-02-05 19:00:00,20.07,69.84,46.52,2.107,166.46,71.57,239.46,0
2026-02-05 20:00:00,19.98,75.61,46.75,2.123,167.32,71.63,246.27,0
2026-02-05 21:00:00,18.51,75.95,46.71,2.106,167.78,71.51,250.74,0
2026-02-05 22:00:00,17.78,76.8,46.63,2.012,167.51,71.39,247.44,0
2026-02-05 23:00:00,18.35,82.46,46.45,2.082,168.77,70.32,246.35,0
2026-02-06 00:00:00,17.27,85.4,46.27,2.077,167.13,69.27,242.81,0
2026-02-06 01:00:00,16.46,83.13,46.58,2.099,169.92,69.34,240.89,0
2026-02-06 02:00:00,16.16,88.93,46.84,2.058,169.94,68.08,241.31,0
2026-02-06 03:00:00,19.51,87.07,46.47,2.05,171.18,67.33,242.82,0
2026-02-06 04:00:00,19.31,87.74,46.6,2.033,173.77,67.2,243.76,0
2026-02-06 05:00:00,18.93,87.98,46.77,1.972,174.3,67.34,239.02,0
2026-02-06 06:00:00,20.16,85.57,46.76,1.94,172.47,68.19,238.73,0
2026-02-06 07:00:00,20.66,83.69,46.68,1.965,174.37,66.87,239.83,0
2026-02-06 08:00:00,22.26,84.96,46.23,2.006,177.05,65.6,241.96,0
2026-02-06 09:00:00,22.15,76.02,45.24,1.986,173.06,66.67,242.69,0
2026-02-06 10:00:00,23.09,74.35,44.21,1.935,172.56,68.04,243.52,0
2026-02-06 11:00:00,24.35,75.84,55.88,1.939,172.78,66.92,242.5,1
2026-02-06 12:00:00,25.4,71.32,66.98,2.012,171.99,66.01,242.81,1
2026-02-06 13:00:00,25.02,71.7,65.99,1.975,169.47,66.38,248.88,0
2026-02-06 14:00:00,25.24,68.37,64.8,1.999,167.7,66.29,251.2,0
2026-02-06 15:00:00,23.81,63.04,64.09,1.98,164.26,66.21,251.3,0
2026-02-06 16:00:00,23.04,66.16,63.65,2.07,166.01,65.39,252.31,0
2026-02-06 17:00:00,21.39,67.71,63.23,2.056,168.44,65.93,251.63,0
2026-02-06 18:00:00,21.96,68.06,62.94,2.113,170.75,65.6,250.98,0
2026-02-06 19:00:00,21.27,68.05,62.62,2.187,170.47,65.25,252.56,0
2026-02-06 20:00:00,19.88,70.82,62.45,2.287,170.74,64.13,250.18,0
2026-02-06 21:00:00,18.71,72.75,62.51,2.207,172.44,64.78,249.1,0
2026-02-06 22:00:00,19.4,73.69,62.45,2.13,171.72,64.37,244.97,0
2026-02-06 23:00:00,18.41,76.19,62.07,2.211,169.74,64.26,246.41,0
2026-02-07 00:00:00,18.54,83.48,61.96,2.278,168.53,65.26,248.51,0
2026-02-07 01:00:00,16.83,82.6,61.17,2.242,168.7,64.22,249.35,0
2026-02-07 02:00:00,17.12,87.97,60.97,2.052,167.27,64.08,248.04,0
2026-02-07 03:00:00,18.81,86.14,60.58,2.074,168.03,62.61,247.28,0
2026-02-07 04:00:00,18.49,84.72,60.84,1.999,165.47,62.13,247.03,0
2026-02-07 05:00:00,18.85,86.61,60.34,1.97,165.01,63.28,249.17,0
2026-02-07 06:00:00,19.74,91.76,60.18,2.004,165.74,61.86,251.05,0
2026-02-07 07:00:00,20.99,84.54,59.85,2.044,165.95,62.07,246.66,0
2026-02-07 08:00:00,22.61,84.11,59.13,2.157,164.59,63.51,243.88,0
2026-02-07 09:00:00,22.64,80.27,58.69,2.144,165.93,63.96,244.53,0
2026-02-07 10:00:00,24.03,73.49,58.0,2.097,166.37,63.38,240.7,0
2026-02-07 11:00:00,24.36,77.78,57.99,2.166,162.55,62.33,242.71,0
2026-02-07 12:00:00,23.77,70.88,56.83,2.198,163.47,60.59,241.64,0
2026-02-07 13:00:00,23.88,65.95,56.46,2.183,162.77,62.04,243.08,0
2026-02-07 14:00:00,24.07,66.19,55.87,2.193,161.91,61.66,242.76,0
2026-02-07 15:00:00,23.1,65.86,55.3,2.178,160.54,60.05,242.12,0
2026-02-07 16:00:00,23.11,67.87,54.83,2.228,158.92,59.18,239.05,0
2026-02-07 17:00:00,23.81,64.67,54.57,2.335,159.53,58.3,237.48,0
2026-02-07 18:00:00,21.88,74.02,54.1,2.289,160.73,57.96,237.07,0
2026-02-07 19:00:00,20.46,66.88,54.2,2.315,161.18,60.24,236.59,0
2026-02-07 20:00:00,21.44,73.03,54.01,2.222,163.04,61.12,238.32,0
2026-02-07 21:00:00,18.6,69.22,53.5,2.163,164.17,61.58,236.55,0
2026-02-07 22:00:00,17.85,76.69,53.28,2.206,160.59,62.67,236.4,0
2026-02-07 23:00:00,18.83,80.77,53.42,2.209,159.11,64.3,240.09,0
2026-02-08 00:00:00,18.08,79.7,53.1,2.149,161.49,64.71,241.89,0
2026-02-08 01:00:00,17.41,88.53,52.57,2.16,159.34,65.92,241.81,0
2026-02-08 02:00:00,18.2,87.61,52.56,2.222,154.65,65.23,237.82,0
2026-02-08 03:00:00,18.18,86.83,52.46,2.141,158.36,64.36,234.25,0
2026-02-08 04:00:00,17.69,89.06,52.03,2.257,159.16,63.36,235.88,0
2026-02-08 05:00:00,17.57,86.14,51.76,2.294,158.16,63.58,237.68,0
2026-02-08 06:00:00,19.7,89.65,51.51,2.33,156.91,61.17,232.69,0
2026-02-08 07:00:00,21.76,87.32,51.31,2.328,158.36,62.38,234.55,0
2026-02-08 08:00:00,21.61,83.43,50.95,2.431,159.49,61.93,233.17,0
2026-02-08 09:00:00,23.07,81.38,50.27,2.479,160.3,62.67,232.25,0
2026-02-08 10:00:00,23.6,73.31,49.92,2.445,160.15,61.4,234.61,0
2026-02-08 11:00:00,22.85,77.82,49.21,2.48,158.04,62.42,236.46,0
2026-02-08 12:00:00,24.1,71.25,49.14,2.424,158.25,63.65,236.14,0
2026-02-08 13:00:00,24.75,71.78,49.08,2.398,160.44,63.69,237.8,0
2026-02-08 14:00:00,23.83,69.35,48.26,2.479,159.65,64.12,236.75,0
2026-02-08 15:00:00,23.78,68.9,47.33,2.49,160.94,63.13,234.69,0
2026-02-08 16:00:00,23.75,63.38,47.06,2.516,160.38,63.14,237.86,0
2026-02-08 17:00:00,22.8,64.07,46.59,2.571,162.0,63.98,241.03,0
2026-02-08 18:00:00,22.64,73.09,46.2,2.585,160.36,63.65,239.12,0
2026-02-08 19:00:00,21.27,65.42,45.8,2.517,160.57,64.97,237.58,0
2026-02-08 20:00:00,19.43,68.76,45.56,2.601,161.57,63.28,239.68,0
2026-02-08 21:00:00,18.92,74.26,45.26,2.611,160.49,62.94,237.71,0
2026-02-08 22:00:00,18.54,77.11,45.15,2.624,161.32,61.19,239.58,0
2026-02-08 23:00:00,18.91,78.5,44.57,2.605,161.42,61.49,236.79,0
2026-02-09 00:00:00,17.29,84.04,56.35,2.65,161.48,61.32,235.98,1
2026-02-09 01:00:00,16.29,87.03,67.77,2.741,160.4,61.18,238.38,1
2026-02-09 02:00:00,17.93,86.48,67.41,2.687,162.38,61.87,235.79,0
2026-02-09 03:00:00,17.44,86.95,67.18,2.724,160.78,61.62,234.28,0
2026-02-09 04:00:00,17.63,87.94,67.14,2.697,161.46,64.16,235.25,0
2026-02-09 05:00:00,19.26,86.38,67.11,2.549,160.07,64.82,230.75,0
2026-02-09 06:00:00,20.78,82.28,67.14,2.447,160.15,64.76,231.14,0
2026-02-09 07:00:00,20.6,85.53,66.5,2.462,161.5,64.07,234.24,0
2026-02-09 08:00:00,22.25,84.41,66.32,2.512,161.12,63.19,236.44,0
2026-02-09 09:00:00,23.23,79.46,65.57,2.533,155.74,63.55,236.24,0
2026-02-09 10:00:00,24.03,71.34,64.84,2.563,153.69,63.03,236.23,0
2026-02-09 11:00:00,23.52,72.72,64.36,2.7,150.25,63.89,239.9,0
2026-02-09 12:00:00,23.6,73.76,63.7,2.704,150.97,63.76,243.08,0
2026-02-09 13:00:00,23.81,65.63,63.24,2.66,151.52,63.63,242.44,0
2026-02-09 14:00:00,24.93,69.21,62.84,2.627,151.43,63.69,240.49,0
2026-02-09 15:00:00,24.5,65.26,62.04,2.702,150.84,63.5,242.36,0
2026-02-09 16:00:00,22.8,65.95,61.43,2.598,151.81,63.71,244.82,0
2026-02-09 17:00:00,24.24,64.66,60.82,2.651,149.73,65.52,247.78,0
2026-02-09 18:00:00,21.15,64.63,60.56,2.628,152.06,65.9,248.6,0
2026-02-09 19:00:00,21.7,72.81,60.22,2.555,152.71,66.16,247.03,0
2026-02-09 20:00:00,21.16,73.54,59.87,2.45,151.5,66.75,242.25,0
2026-02-09 21:00:00,19.33,75.76,59.36,2.528,151.29,66.51,246.73,0
2026-02-09 22:00:00,17.99,79.27,58.89,2.461,151.6,65.5,250.15,0
2026-02-09 23:00:00,17.45,81.1,58.28,2.453,149.65,62.68,247.48,0
2026-02-10 00:00:00,17.44,84.86,57.87,2.384,151.48,60.81,247.33,0
2026-02-10 01:00:00,18.26,83.12,58.15,2.496,153.75,61.52,246.16,0
2026-02-10 02:00:00,16.78,89.97,58.16,2.488,154.42,61.87,245.77,0
2026-02-10 03:00:00,16.68,90.85,58.34,2.394,156.53,61.74,244.23,0
2026-02-10 04:00:00,18.78,88.95,57.86,2.362,161.64,63.87,245.5,0
2026-02-10 05:00:00,19.66,86.91,57.07,2.441,158.39,63.79,242.14,0
2026-02-10 06:00:00,21.47,83.47,56.97,2.373,158.75,61.61,240.8,0
2026-02-10 07:00:00,20.03,85.35,57.32,2.346,156.58,62.3,242.69,0
2026-02-10 08:00:00,21.81,86.71,56.63,2.414,159.73,63.33,237.37,0
2026-02-10 09:00:00,23.56,76.94,56.1,2.427,160.38,63.94,238.02,0
2026-02-10 10:00:00,23.56,79.55,55.07,2.345,159.31,64.94,236.5,0
2026-02-10 11:00:00,23.89,72.97,54.51,2.355,159.07,63.27,240.47,0
2026-02-10 12:00:00,24.93,70.53,53.9,2.342,161.71,63.31,241.02,0
2026-02-10 13:00:00,24.08,66.28,52.71,2.342,162.66,62.53,238.75,0
2026-02-10 14:00:00,24.98,65.59,51.83,2.396,163.79,62.98,242.19,0
2026-02-10 15:00:00,23.15,67.99,50.94,2.404,166.52,64.32,241.89,0
2026-02-10 16:00:00,22.41,67.93,49.91,2.391,168.18,63.92,241.87,0
2026-02-10 17:00:00,22.56,66.96,49.14,2.376,170.07,64.45,243.74,0
2026-02-10 18:00:00,20.11,66.22,48.74,2.435,169.64,63.59,241.79,0
2026-02-10 19:00:00,21.06,66.46,48.35,2.383,165.4,63.52,245.07,0
2026-02-10 20:00:00,18.88,71.65,48.5,2.247,165.57,63.01,246.01,0
2026-02-10 21:00:00,19.45,73.24,48.19,2.237,164.35,64.61,243.86,0
2026-02-10 22:00:00,18.65,77.53,48.09,2.264,165.8,63.56,242.33,0
2026-02-10 23:00:00,17.92,79.04,48.04,2.242,162.58,63.59,238.83,0
2026-02-11 00:00:00,17.92,81.76,48.3,2.214,164.17,64.77,239.4,0
2026-02-11 01:00:00,17.64,85.18,47.88,2.198,164.54,62.94,238.74,0
2026-02-11 02:00:00,17.41,87.41,47.82,2.204,165.2,63.3,239.33,0
2026-02-11 03:00:00,19.25,90.68,47.33,2.133,166.3,63.36,234.86,0
2026-02-11 04:00:00,18.8,87.16,47.65,2.184,166.2,62.71,233.56,0
2026-02-11 05:00:00,19.79,88.99,47.14,2.033,165.55,63.78,231.18,0
2026-02-11 06:00:00,20.85,91.04,47.05,2.084,167.57,65.27,232.6,0
2026-02-11 07:00:00,21.47,86.21,47.32,2.118,168.54,65.76,231.22,0
2026-02-11 08:00:00,23.35,85.41,46.4,2.16,169.63,65.38,232.58,0
2026-02-11 09:00:00,22.87,78.3,46.02,2.054,169.3,63.98,231.37,0
2026-02-11 10:00:00,23.47,75.2,45.17,2.089,169.33,64.08,235.62,0
2026-02-11 11:00:00,23.58,73.75,45.3,2.071,169.13,63.88,235.71,0
2026-02-11 12:00:00,24.2,71.37,44.17,2.183,165.82,63.74,237.97,0
2026-02-11 13:00:00,23.99,71.9,55.15,2.213,163.31,63.24,237.54,1
2026-02-11 14:00:00,24.85,65.65,66.25,2.149,163.15,62.68,239.72,1
2026-02-11 15:00:00,23.39,66.15,65.36,2.058,159.85,62.68,237.55,0
2026-02-11 16:00:00,23.53,68.69,64.96,2.038,159.85,61.56,237.32,0
2026-02-11 17:00:00,23.14,66.91,64.94,2.105,158.45,62.5,236.04,0
2026-02-11 18:00:00,22.01,67.45,64.74,2.188,158.58,61.8,240.66,0
2026-02-11 19:00:00,20.37,69.82,64.61,2.207,159.14,61.91,237.4,0
2026-02-11 20:00:00,20.58,68.68,64.41,2.218,156.03,61.62,242.46,0
2026-02-11 21:00:00,19.19,71.29,64.03,2.204,156.97,62.21,238.65,0
2026-02-11 22:00:00,16.51,73.03,63.95,2.209,156.48,62.74,240.31,0
2026-02-11 23:00:00,17.28,80.36,63.68,2.288,152.64,63.18,238.49,0
2026-02-12 00:00:00,18.6,84.8,63.54,2.268,152.31,62.09,238.95,0
2026-02-12 01:00:00,18.54,86.69,63.12,2.31,153.5,61.91,238.33,0
2026-02-12 02:00:00,17.99,89.39,62.56,2.278,153.23,63.36,236.08,0
2026-02-12 03:00:00,18.52,91.26,62.37,2.34,152.86,63.01,236.23,0
2026-02-12 04:00:00,17.98,88.36,62.17,2.372,153.62,63.93,235.13,0
2026-02-12 05:00:00,19.07,87.46,61.79,2.425,153.22,63.86,236.55,0
2026-02-12 06:00:00,20.96,90.22,61.36,2.529,153.21,63.52,233.96,0
2026-02-12 07:00:00,21.3,83.03,61.33,2.359,151.29,63.65,235.19,0
2026-02-12 08:00:00,21.95,79.55,60.91,2.4,150.91,62.85,237.34,0
2026-02-12 09:00:00,22.62,79.0,60.92,2.421,154.86,63.63,236.95,0
2026-02-12 10:00:00,24.3,75.86,60.77,2.439,155.59,62.81,233.55,0
2026-02-12 11:00:00,24.82,74.27,59.84,2.444,156.45,63.29,237.95,0
2026-02-12 12:00:00,24.84,69.37,59.22,2.448,155.63,64.22,238.97,0
2026-02-12 13:00:00,24.55,70.15,58.24,2.458,155.3,64.54,236.97,0
2026-02-12 14:00:00,24.13,66.05,57.12,2.501,155.27,63.95,238.11,0
2026-02-12 15:00:00,24.52,69.45,57.22,2.537,157.24,64.06,233.76,0
2026-02-12 16:00:00,22.7,63.01,57.11,2.519,159.71,63.33,236.77,0
2026-02-12 17:00:00,22.12,66.03,56.37,2.492,159.1,63.1,241.99,0
2026-02-12 18:00:00,20.89,66.64,56.19,2.48,159.29,62.6,243.7,0
2026-02-12 19:00:00,21.86,69.8,56.41,2.443,159.1,61.9,240.76,0
2026-02-12 20:00:00,19.59,73.82,55.63,2.539,160.71,62.47,235.5,0
2026-02-12 21:00:00,19.53,74.82,55.69,2.446,161.72,63.34,238.88,0
2026-02-12 22:00:00,18.44,76.68,55.34,2.481,161.69,64.25,238.32,0
2026-02-12 23:00:00,20.0,81.58,55.25,2.513,163.64,64.4,237.17,0
2026-02-13 00:00:00,17.93,84.61,55.96,2.466,164.63,65.65,239.98,0
2026-02-13 01:00:00,16.2,85.45,56.23,2.472,163.25,64.93,238.25,0
2026-02-13 02:00:00,18.44,87.5,55.99,2.536,163.34,66.0,240.0,0
2026-02-13 03:00:00,17.7,89.24,56.22,2.5,163.09,66.7,239.81,0
2026-02-13 04:00:00,18.38,83.89,55.44,2.565,161.39,66.59,240.18,0
2026-02-13 05:00:00,18.78,86.75,55.39,2.613,161.13,66.65,244.0,0
2026-02-13 06:00:00,20.23,87.47,55.35,2.549,163.33,67.45,242.32,0
2026-02-13 07:00:00,21.13,84.05,55.36,2.465,165.37,67.88,240.51,0
2026-02-13 08:00:00,21.45,81.78,54.66,2.463,167.0,67.94,239.73,0
2026-02-13 09:00:00,22.39,80.78,54.22,2.377,168.32,67.36,236.48,0
2026-02-13 10:00:00,23.55,77.99,53.92,2.198,168.56,66.36,238.75,0
2026-02-13 11:00:00,22.39,75.32,52.67,2.175,167.34,66.33,240.57,0
2026-02-13 12:00:00,23.37,69.52,52.02,2.315,168.26,65.17,240.27,0
2026-02-13 13:00:00,25.67,65.68,51.17,2.287,165.16,65.73,237.7,0
2026-02-13 14:00:00,24.61,69.48,50.8,2.31,163.95,64.02,230.7,0
2026-02-13 15:00:00,23.66,64.52,50.66,2.352,165.98,64.24,228.83,0
2026-02-13 16:00:00,22.29,63.97,49.92,2.346,165.05,63.92,228.56,0
2026-02-13 17:00:00,22.71,64.12,49.04,2.322,166.2,63.47,224.13,0
2026-02-13 18:00:00,22.6,70.35,48.52,2.395,165.5,63.18,230.91,0
2026-02-13 19:00:00,22.85,69.75,47.97,2.39,166.47,60.55,232.16,0
2026-02-13 20:00:00,21.42,72.36,47.7,2.379,163.64,60.19,233.66,0
2026-02-13 21:00:00,18.63,75.88,47.4,2.421,165.98,59.47,233.35,0
2026-02-13 22:00:00,18.18,76.89,47.38,2.351,163.94,58.77,235.28,0
2026-02-13 23:00:00,16.94,82.38,47.27,2.271,161.53,61.68,234.51,0
2026-02-14 00:00:00,17.03,79.51,47.12,2.176,163.86,60.44,234.13,0
2026-02-14 01:00:00,17.35,82.06,47.41,2.219,163.9,60.84,237.69,0
2026-02-14 02:00:00,17.36,83.67,47.29,2.214,163.39,60.16,240.3,0
2026-02-14 03:00:00,19.41,88.68,46.97,2.27,166.28,59.4,240.01,0
2026-02-14 04:00:00,17.6,89.27,46.68,2.275,167.54,58.26,244.81,0
2026-02-14 05:00:00,19.22,86.44,46.25,2.195,166.63,59.39,244.12,0
2026-02-14 06:00:00,18.65,85.95,45.74,2.181,166.33,60.55,242.4,0
2026-02-14 07:00:00,21.23,87.95,45.13,2.243,168.21,60.04,242.34,0
2026-02-14 08:00:00,20.97,80.76,44.92,2.231,166.34,60.92,242.73,0
2026-02-14 09:00:00,23.52,80.59,56.14,2.307,168.89,60.02,239.36,1
2026-02-14 10:00:00,23.27,75.29,67.68,2.279,167.93,59.72,240.36,1
2026-02-14 11:00:00,23.05,76.89,67.03,2.324,166.25,60.39,245.38,0
2026-02-14 12:00:00,22.91,73.07,66.47,2.215,168.15,59.54,247.24,0
2026-02-14 13:00:00,23.81,65.72,66.25,2.208,169.35,58.95,248.28,0
2026-02-14 14:00:00,24.55,66.82,65.74,2.191,165.98,59.06,248.82,0
2026-02-14 15:00:00,24.33,61.18,64.9,2.115,165.75,59.19,245.64,0
2026-02-14 16:00:00,23.13,68.25,64.17,2.194,163.73,58.3,242.61,0
2026-02-14 17:00:00,23.4,71.49,63.87,2.163,165.22,60.42,242.64,0
2026-02-14 18:00:00,21.11,62.02,63.46,2.128,168.3,59.71,241.19,0
2026-02-14 19:00:00,18.95,65.65,63.54,2.218,169.14,60.63,237.26,0
2026-02-14 20:00:00,20.29,71.92,63.27,2.234,167.61,61.21,236.27,0
2026-02-14 21:00:00,20.15,74.11,62.65,2.285,169.1,60.51,237.34,0
2026-02-14 22:00:00,19.43,75.97,62.6,2.184,168.85,60.97,238.67,0
2026-02-14 23:00:00,17.06,75.5,62.48,2.144,168.56,60.25,236.4,0
2026-02-15 00:00:00,17.24,83.31,62.36,2.28,167.55,60.36,236.22,0
2026-02-15 01:00:00,18.01,87.0,61.75,2.333,167.63,61.15,237.19,0
2026-02-15 02:00:00,17.18,93.64,61.35,2.266,167.4,60.68,233.91,0
2026-02-15 03:00:00,18.04,90.89,60.87,2.282,162.98,61.09,232.04,0
2026-02-15 04:00:00,18.02,84.75,60.79,2.224,163.1,60.6,232.15,0
2026-02-15 05:00:00,18.49,87.6,60.72,2.313,162.93,60.8,230.02,0
2026-02-15 06:00:00,19.47,88.01,60.51,2.176,163.64,60.93,229.45,0
2026-02-15 07:00:00,21.67,83.06,60.6,2.201,160.08,60.63,235.97,0
2026-02-15 08:00:00,21.92,84.45,60.5,2.223,161.2,59.02,232.15,0
2026-02-15 09:00:00,23.64,81.61,60.04,2.162,161.4,59.81,235.86,0
2026-02-15 10:00:00,23.84,80.09,59.68,2.155,162.44,61.67,236.67,0
2026-02-15 11:00:00,25.16,76.16,58.95,2.188,159.61,61.81,233.52,0
2026-02-15 12:00:00,24.95,72.21,58.16,2.089,157.6,61.26,235.29,0
2026-02-15 13:00:00,25.03,67.63,57.89,2.027,154.52,61.47,235.39,0
2026-02-15 14:00:00,24.3,64.24,57.07,2.037,155.2,62.52,238.38,0
2026-02-15 15:00:00,26.14,66.92,56.7,2.005,154.98,63.65,239.86,0
2026-02-15 16:00:00,23.55,64.99,56.65,1.998,155.12,64.42,240.11,0
2026-02-15 17:00:00,21.37,65.61,56.3,2.018,153.01,64.75,239.09,0
2026-02-15 18:00:00,22.09,70.28,55.72,1.983,151.31,65.28,241.81,0
2026-02-15 19:00:00,20.31,72.64,55.12,2.004,147.36,65.29,240.49,0
2026-02-15 20:00:00,20.81,68.41,54.97,2.042,145.65,64.33,236.71,0
2026-02-15 21:00:00,19.76,73.63,55.07,2.107,145.25,63.92,231.89,0
2026-02-15 22:00:00,18.39,75.92,54.82,2.046,144.96,63.57,228.95,0
2026-02-15 23:00:00,17.35,80.63,54.93,2.026,145.64,63.78,231.26,0
2026-02-16 00:00:00,17.72,76.83,54.84,2.08,147.79,62.14,230.54,0
2026-02-16 01:00:00,17.05,81.13,54.72,2.007,147.24,62.6,228.83,0
2026-02-16 02:00:00,18.17,86.23,54.43,2.034,148.83,60.77,228.06,0
2026-02-16 03:00:00,18.36,89.59,53.79,2.054,150.87,61.18,230.48,0
2026-02-16 04:00:00,20.58,88.19,53.46,1.916,153.51,62.25,232.29,0
2026-02-16 05:00:00,18.94,89.3,53.13,1.913,154.85,63.05,232.83,0
2026-02-16 06:00:00,19.88,87.02,53.11,1.96,155.39,62.21,231.44,0
2026-02-16 07:00:00,20.89,87.97,52.9,1.971,153.83,62.77,230.64,0
2026-02-16 08:00:00,21.83,86.21,52.68,1.966,154.77,63.38,230.53,0
2026-02-16 09:00:00,23.47,77.95,52.2,1.999,154.5,64.87,228.51,0
2026-02-16 10:00:00,23.28,79.21,51.49,2.079,157.4,65.12,228.56,0
2026-02-16 11:00:00,25.41,75.42,50.68,2.127,157.86,65.95,226.52,0
2026-02-16 12:00:00,24.79,77.76,49.93,2.094,157.86,65.43,227.86,0
2026-02-16 13:00:00,24.16,67.23,49.41,2.02,160.7,64.56,229.41,0
2026-02-16 14:00:00,23.86,67.18,48.74,2.071,160.0,65.27,232.48,0
2026-02-16 15:00:00,24.76,63.79,47.85,2.017,160.19,65.96,233.26,0
2026-02-16 16:00:00,23.49,63.57,47.59,2.005,164.0,65.27,233.92,0
2026-02-16 17:00:00,22.76,67.34,47.08,2.037,164.52,64.08,231.88,0
2026-02-16 18:00:00,21.49,67.99,46.61,2.125,166.57,64.13,231.92,0
2026-02-16 19:00:00,20.96,70.58,46.16,2.214,169.21,64.1,229.52,0
2026-02-16 20:00:00,19.65,72.8,45.65,2.224,168.05,64.25,225.53,0
2026-02-16 21:00:00,20.2,73.56,45.4,2.198,169.56,64.98,225.34,0
2026-02-16 22:00:00,19.03,76.39,44.59,2.134,168.78,65.82,224.56,0
2026-02-16 23:00:00,17.85,77.42,56.63,2.263,172.3,65.71,226.61,1
2026-02-17 00:00:00,17.49,80.75,68.22,2.248,174.61,64.7,224.63,1
2026-02-17 01:00:00,17.56,84.64,67.94,2.292,175.56,63.97,232.18,0
2026-02-17 02:00:00,17.62,87.02,67.86,2.305,177.02,63.37,231.12,0
2026-02-17 03:00:00,17.3,89.4,67.6,2.275,175.29,63.22,231.14,0
2026-02-17 04:00:00,17.19,89.52,67.05,2.244,177.97,62.72,229.92,0
2026-02-17 05:00:00,18.69,91.52,67.3,2.165,175.82,62.48,232.12,0
2026-02-17 06:00:00,20.0,84.09,66.64,2.242,176.12,62.53,231.73,0
2026-02-17 07:00:00,20.48,84.2,65.77,2.239,174.39,61.94,229.44,0
2026-02-17 08:00:00,22.48,80.29,65.48,2.329,175.56,62.23,225.13,0
2026-02-17 09:00:00,22.59,83.04,64.48,2.3,178.28,63.87,227.06,0
2026-02-17 10:00:00,24.79,75.74,64.29,2.282,178.56,63.66,229.08,0
2026-02-17 11:00:00,23.64,77.04,63.84,2.215,178.59,63.0,230.24,0
2026-02-17 12:00:00,24.48,75.13,63.36,2.202,177.84,63.24,229.94,0
2026-02-17 13:00:00,24.3,70.26,62.63,2.135,177.51,62.49,229.39,0
2026-02-17 14:00:00,24.69,68.21,61.81,2.171,176.4,62.34,231.62,0
2026-02-17 15:00:00,24.78,66.47,61.13,2.186,178.89,61.72,231.53,0
2026-02-17 16:00:00,23.9,65.21,60.31,2.283,179.76,60.77,234.52,0
2026-02-17 17:00:00,21.33,65.28,60.12,2.196,178.54,60.01,234.29,0
2026-02-17 18:00:00,22.26,67.11,59.34,2.277,178.11,59.48,233.99,0
2026-02-17 19:00:00,20.29,73.78,59.29,2.219,182.84,58.62,234.97,0
2026-02-17 20:00:00,19.88,68.9,59.4,2.246,182.61,59.87,238.45,0
2026-02-17 21:00:00,19.73,74.66,58.93,2.181,184.52,60.32,241.22,0
2026-02-17 22:00:00,17.74,78.78,58.84,2.201,182.7,61.22,240.79,0
2026-02-17 23:00:00,18.78,79.14,58.38,2.058,182.85,60.02,239.56,0
2026-02-18 00:00:00,17.37,83.54,58.12,2.034,181.01,59.82,236.31,0
2026-02-18 01:00:00,19.02,81.02,57.79,2.059,179.41,60.26,237.98,0
2026-02-18 02:00:00,17.67,89.84,57.38,2.181,180.26,61.8,233.37,0
2026-02-18 03:00:00,19.16,90.45,57.23,2.062,178.04,61.13,237.72,0
2026-02-18 04:00:00,19.36,87.75,56.66,2.079,175.37,60.0,239.69,0
2026-02-18 05:00:00,18.82,85.43,56.74,2.063,176.19,60.23,237.59,0
2026-02-18 06:00:00,19.18,88.51,56.22,1.965,174.86,59.67,240.54,0
2026-02-18 07:00:00,21.08,81.91,55.64,1.921,173.96,61.28,241.63,0
2026-02-18 08:00:00,21.5,79.99,55.01,1.919,170.36,61.79,242.47,0
2026-02-18 09:00:00,23.86,79.71,54.34,1.974,167.86,61.54,241.43,0
2026-02-18 10:00:00,23.3,80.8,53.88,2.002,168.15,61.3,242.49,0
2026-02-18 11:00:00,23.82,75.75,53.35,1.944,167.6,61.2,238.57,0
2026-02-18 12:00:00,23.4,69.88,52.3,1.859,169.13,59.59,238.55,0
2026-02-18 13:00:00,24.79,65.02,52.03,1.915,167.35,59.7,236.67,0
2026-02-18 14:00:00,23.56,67.58,51.38,1.93,166.95,59.33,235.87,0
2026-02-18 15:00:00,24.34,67.0,50.89,2.053,166.96,59.98,234.1,0
2026-02-18 16:00:00,23.88,65.82,50.99,2.049,166.51,59.23,232.55,0
2026-02-18 17:00:00,22.23,70.89,50.82,2.135,167.53,59.93,235.9,0
2026-02-18 18:00:00,22.58,67.14,50.33,2.179,165.47,60.48,232.27,0
2026-02-18 19:00:00,20.81,63.52,49.72,2.237,166.38,60.67,233.43,0
2026-02-18 20:00:00,19.06,70.48,49.11,2.267,168.37,61.84,230.68,0
2026-02-18 21:00:00,20.33,75.29,49.26,2.297,166.76,60.14,234.2,0
2026-02-18 22:00:00,17.88,77.97,48.94,2.159,167.41,60.6,235.31,0
2026-02-18 23:00:00,18.32,79.41,48.69,2.155,167.95,60.6,231.78,0
2026-02-19 00:00:00,17.92,81.64,48.15,2.125,168.9,60.58,232.78,0
2026-02-19 01:00:00,17.77,79.78,48.08,2.214,168.74,59.74,231.15,0
2026-02-19 02:00:00,17.88,86.74,48.22,2.16,171.15,58.53,231.91,0
2026-02-19 03:00:00,17.29,86.78,48.48,2.153,174.7,59.43,228.74,0
2026-02-19 04:00:00,19.71,88.62,48.15,2.211,175.44,60.22,232.13,0
2026-02-19 05:00:00,19.92,88.85,48.14,2.235,175.58,61.89,227.28,0
2026-02-19 06:00:00,20.43,89.63,47.91,2.25,175.18,63.66,225.65,0
2026-02-19 07:00:00,20.07,82.39,47.98,2.32,172.41,62.22,223.41,0
2026-02-19 08:00:00,21.22,79.27,47.42,2.334,169.55,62.07,224.94,0
2026-02-19 09:00:00,23.21,78.41,46.62,2.299,167.29,62.3,224.21,0
2026-02-19 10:00:00,22.07,75.16,46.47,2.221,167.67,63.15,224.29,0
2026-02-19 11:00:00,24.27,72.09,45.93,2.256,167.22,64.4,223.22,0
2026-02-19 12:00:00,23.45,75.11,45.26,2.213,169.88,63.4,220.39,0
2026-02-19 13:00:00,23.89,69.59,44.76,2.205,165.18,62.88,220.55,0
2026-02-19 14:00:00,23.39,72.4,55.98,2.276,165.24,64.08,218.01,1
2026-02-19 15:00:00,24.2,66.37,67.54,2.264,166.01,62.51,214.28,1
2026-02-19 16:00:00,24.26,63.07,66.91,2.24,167.59,61.53,216.88,0
2026-02-19 17:00:00,22.99,64.35,66.12,2.228,167.74,61.94,214.69,0
2026-02-19 18:00:00,22.23,70.03,66.28,2.218,168.29,63.79,219.35,0
2026-02-19 19:00:00,21.12,66.39,65.78,2.164,168.47,62.23,223.68,0
2026-02-19 20:00:00,20.57,72.89,65.68,2.274,169.13,62.27,226.46,0
2026-02-19 21:00:00,19.58,73.26,65.5,2.243,168.93,62.76,224.05,0
2026-02-19 22:00:00,16.62,74.68,64.99,2.294,172.58,64.06,229.9,0
2026-02-19 23:00:00,18.6,83.31,64.69,2.233,173.32,64.4,224.27,0
2026-02-20 00:00:00,18.18,81.03,64.09,2.271,173.34,62.67,222.6,0
2026-02-20 01:00:00,17.25,82.71,64.51,2.283,171.68,61.5,225.3,0
2026-02-20 02:00:00,16.24,86.33,64.23,2.286,170.79,62.75,227.67,0
2026-02-20 03:00:00,18.14,86.35,63.97,2.297,173.28,63.12,226.23,0
2026-02-20 04:00:00,18.75,93.54,64.36,2.322,168.48,62.07,224.7,0
2026-02-20 05:00:00,18.94,90.28,63.91,2.307,168.44,62.52,224.68,0
2026-02-20 06:00:00,20.22,85.05,64.1,2.296,168.26,62.78,224.98,0
2026-02-20 07:00:00,21.75,83.59,64.07,2.331,169.03,60.51,224.31,0
2026-02-20 08:00:00,23.58,77.45,62.92,2.26,169.34,58.66,228.98,0
2026-02-20 09:00:00,22.85,80.19,62.25,2.185,171.9,59.04,227.58,0
2026-02-20 10:00:00,23.71,75.13,61.82,2.204,171.8,60.96,231.61,0
2026-02-20 11:00:00,23.45,74.37,61.27,2.09,171.41,61.23,232.8,0
2026-02-20 12:00:00,24.03,66.58,60.72,2.004,172.87,59.05,235.46,0
2026-02-20 13:00:00,24.4,69.15,59.97,2.133,175.31,57.69,231.7,0
2026-02-20 14:00:00,25.21,71.72,59.19,2.238,176.14,58.38,234.43,0
2026-02-20 15:00:00,24.6,66.51,58.53,2.208,177.51,59.15,236.94,0
2026-02-20 16:00:00,24.83,64.06,58.55,2.274,176.62,59.06,235.18,0
2026-02-20 17:00:00,21.71,66.32,57.73,2.338,176.38,58.71,237.29,0
2026-02-20 18:00:00,20.98,67.31,57.03,2.364,178.6,59.53,233.48,0
2026-02-20 19:00:00,21.77,74.7,56.84,2.354,179.0,60.6,232.37,0
2026-02-20 20:00:00,21.11,70.67,56.2,2.388,178.01,61.26,235.41,0
2026-02-20 21:00:00,19.27,71.14,56.13,2.43,177.55,60.43,234.94,0
2026-02-20 22:00:00,15.4,77.05,55.55,2.459,178.91,61.28,234.28,0
2026-02-20 23:00:00,17.45,80.34,55.02,2.355,180.38,60.99,237.83,0
2026-02-21 00:00:00,17.85,83.91,54.48,2.473,178.25,60.48,232.8,0
2026-02-21 01:00:00,16.87,86.67,53.79,2.605,178.37,59.94,232.47,0
2026-02-21 02:00:00,17.75,91.42,53.97,2.469,177.82,60.02,232.43,0
2026-02-21 03:00:00,19.3,86.14,53.92,2.488,177.19,60.6,230.57,0
2026-02-21 04:00:00,19.52,86.28,54.0,2.598,179.1,58.82,234.22,0
2026-02-21 05:00:00,19.82,82.99,54.05,2.637,178.11,58.26,231.99,0
2026-02-21 06:00:00,20.05,88.18,53.8,2.674,176.55,57.96,229.89,0
2026-02-21 07:00:00,20.65,82.56,53.59,2.562,174.62,59.01,223.97,0
2026-02-21 08:00:00,22.44,84.73,53.34,2.591,173.92,58.32,227.3,0
2026-02-21 09:00:00,22.77,78.62,53.28,2.585,172.24,58.13,226.86,0
2026-02-21 10:00:00,23.52,81.31,52.34,2.612,170.39,58.98,226.45,0
2026-02-21 11:00:00,22.95,70.57,52.54,2.528,168.58,59.1,226.34,0
2026-02-21 12:00:00,23.88,74.06,51.58,2.448,166.94,60.57,229.76,0
2026-02-21 13:00:00,25.03,71.48,50.87,2.429,165.49,60.48,234.05,0
2026-02-21 14:00:00,23.61,68.79,50.34,2.397,166.19,62.22,229.77,0
2026-02-21 15:00:00,24.22,63.58,49.82,2.381,162.61,64.07,228.87,0
2026-02-21 16:00:00,23.76,67.33,49.85,2.346,161.45,64.42,226.34,0
2026-02-21 17:00:00,23.08,66.69,49.6,2.331,161.41,64.72,226.22,0
2026-02-21 18:00:00,22.3,62.9,49.17,2.289,163.62,65.14,226.43,0
2026-02-21 19:00:00,21.44,73.12,49.28,2.287,163.23,65.78,222.56,0
2026-02-21 20:00:00,19.66,70.64,49.18,2.202,163.03,65.78,224.1,0
2026-02-21 21:00:00,18.22,77.86,48.78,2.24,162.95,66.72,223.52,0
2026-02-21 22:00:00,17.91,76.83,48.72,2.26,159.75,67.03,226.05,0
2026-02-21 23:00:00,18.48,82.3,48.54,2.187,161.14,68.13,226.57,0
2026-02-22 00:00:00,16.78,80.35,48.09,2.274,162.41,66.63,222.7,0
2026-02-22 01:00:00,16.77,85.31,48.27,2.227,163.98,66.69,224.85,0
2026-02-22 02:00:00,16.89,86.89,48.05,2.303,168.53,67.46,222.01,0
2026-02-22 03:00:00,16.68,86.82,47.52,2.323,166.05,66.27,219.58,0
2026-02-22 04:00:00,17.72,85.83,47.03,2.381,163.33,66.53,219.56,0
2026-02-22 05:00:00,19.95,79.96,46.99,2.386,164.67,66.94,219.62,0
2026-02-22 06:00:00,19.59,84.41,47.1,2.414,164.07,68.35,216.01,0
2026-02-22 07:00:00,19.78,86.53,47.05,2.465,162.34,67.85,216.59,0
2026-02-22 08:00:00,21.55,79.01,46.65,2.568,161.94,67.87,217.28,0
2026-02-22 09:00:00,23.11,76.88,45.84,2.614,160.94,67.19,217.85,0
2026-02-22 10:00:00,22.19,73.41,45.32,2.619,164.21,66.91,214.49,0
2026-02-22 11:00:00,24.7,74.68,44.65,2.516,168.31,68.22,215.87,0
2026-02-22 12:00:00,23.37,69.27,56.04,2.356,165.24,68.01,218.38,1
2026-02-22 13:00:00,24.22,72.27,67.44,2.344,162.57,67.19,215.84,1
2026-02-22 14:00:00,24.09,69.31,66.68,2.298,161.3,66.87,214.11,0
2026-02-22 15:00:00,23.64,66.88,66.34,2.257,160.21,66.26,217.12,0
2026-02-22 16:00:00,23.43,66.76,65.48,2.255,159.0,65.73,221.97,0
2026-02-22 17:00:00,23.29,64.47,64.53,2.298,158.89,65.13,222.2,0
2026-02-22 18:00:00,21.88,65.57,63.75,2.261,158.33,64.59,221.72,0
2026-02-22 19:00:00,20.58,71.0,63.81,2.318,156.16,63.44,222.88,0
2026-02-22 20:00:00,20.41,73.78,63.71,2.318,154.67,63.46,226.88,0
2026-02-22 21:00:00,19.4,75.91,62.98,2.319,157.87,62.54,225.16,0
2026-02-22 22:00:00,18.06,75.82,62.96,2.43,157.51,63.55,224.44,0
2026-02-22 23:00:00,18.0,78.87,62.74,2.432,157.07,63.22,223.69,0
2026-02-23 00:00:00,17.09,80.17,62.42,2.42,154.65,63.55,220.72,0
2026-02-23 01:00:00,16.89,86.7,62.14,2.443,154.23,63.88,223.56,0
2026-02-23 02:00:00,18.18,81.62,61.54,2.54,156.39,62.17,224.79,0
2026-02-23 03:00:00,18.28,82.11,61.4,2.521,157.81,61.92,220.25,0
2026-02-23 04:00:00,19.06,82.99,60.82,2.532,159.56,63.47,220.96,0
2026-02-23 05:00:00,19.69,82.27,60.51,2.509,157.61,62.73,225.82,0
2026-02-23 06:00:00,19.47,89.92,60.21,2.488,155.71,64.75,226.97,0
2026-02-23 07:00:00,21.7,86.75,60.24,2.446,158.12,65.16,231.38,0
2026-02-23 08:00:00,21.7,79.5,59.7,2.402,159.88,65.53,230.16,0
2026-02-23 09:00:00,23.4,79.58,59.35,2.496,159.62,65.64,232.82,0
2026-02-23 10:00:00,23.39,80.66,58.43,2.449,161.37,66.47,236.21,0
2026-02-23 11:00:00,24.25,75.4,57.84,2.347,159.35,67.33,235.97,0
2026-02-23 12:00:00,24.62,76.79,57.43,2.351,157.34,67.15,234.89,0
2026-02-23 13:00:00,25.07,68.94,57.23,2.408,154.73,66.61,237.65,0
2026-02-23 14:00:00,23.24,65.84,56.33,2.475,155.79,65.19,238.87,0
2026-02-23 15:00:00,22.93,63.67,55.52,2.391,156.55,65.83,241.06,0
2026-02-23 16:00:00,23.95,66.06,55.11,2.452,155.95,65.77,241.79,0
2026-02-23 17:00:00,23.0,68.71,55.04,2.565,154.91,64.9,241.25,0
2026-02-23 18:00:00,21.36,67.72,54.57,2.505,159.66,64.29,240.72,0
2026-02-23 19:00:00,21.26,68.33,54.04,2.48,159.4,64.16,239.54,0
2026-02-23 20:00:00,19.11,74.64,53.51,2.394,162.13,63.21,240.32,0
2026-02-23 21:00:00,21.54,75.48,53.35,2.498,161.98,63.22,239.61,0
2026-02-23 22:00:00,19.44,76.72,53.26,2.395,161.2,61.72,240.01,0
2026-02-23 23:00:00,18.4,77.93,53.0,2.364,163.9,61.25,237.78,0
2026-02-24 00:00:00,17.67,81.86,52.47,2.407,165.37,60.23,235.51,0
2026-02-24 01:00:00,17.07,85.96,52.6,2.358,165.31,60.46,236.95,0
2026-02-24 02:00:00,16.7,84.58,52.3,2.295,167.34,59.63,237.82,0
2026-02-24 03:00:00,17.89,84.54,52.26,2.292,171.78,59.2,236.6,0
2026-02-24 04:00:00,17.92,86.8,51.52,2.436,170.19,61.31,239.97,0
2026-02-24 05:00:00,18.69,87.5,51.68,2.411,170.83,62.11,237.66,0
2026-02-24 06:00:00,19.1,89.93,51.28,2.391,169.86,62.65,238.62,0
2026-02-24 07:00:00,21.17,81.88,51.48,2.318,167.99,63.8,239.59,0
2026-02-24 08:00:00,21.64,83.07,51.12,2.34,166.13,64.21,239.49,0
2026-02-24 09:00:00,23.12,79.15,50.13,2.39,168.95,62.88,242.43,0
2026-02-24 10:00:00,23.79,76.43,49.64,2.347,165.51,61.66,246.13,0
2026-02-24 11:00:00,24.19,78.0,49.57,2.376,166.41,59.24,242.7,0
2026-02-24 12:00:00,26.24,71.7,48.82,2.335,164.86,59.5,236.62,0
2026-02-24 13:00:00,25.08,66.94,48.74,2.219,168.06,58.62,235.32,0
2026-02-24 14:00:00,23.5,69.7,48.3,2.252,167.45,58.21,232.85,0
2026-02-24 15:00:00,24.35,68.41,48.14,2.38,166.69,58.04,231.86,0
2026-02-24 16:00:00,23.44,63.5,47.62,2.302,169.45,57.61,236.57,0
2026-02-24 17:00:00,21.81,63.39,47.04,2.313,170.85,57.71,243.23,0
2026-02-24 18:00:00,20.91,68.5,47.04,2.391,171.61,57.58,240.45,0
2026-02-24 19:00:00,21.32,69.14,47.05,2.378,172.8,57.37,240.74,0
2026-02-24 20:00:00,20.58,70.32,46.78,2.287,170.54,56.12,240.95,0
2026-02-24 21:00:00,18.52,76.79,46.71,2.291,171.65,56.51,241.52,0
2026-02-24 22:00:00,19.2,75.52,46.34,2.381,171.03,58.63,237.77,0
2026-02-24 23:00:00,18.17,80.9,46.17,2.345,171.44,58.98,240.72,0
2026-02-25 00:00:00,18.46,85.44,46.33,2.356,172.05,61.11,242.69,0
2026-02-25 01:00:00,18.26,83.93,46.08,2.288,169.77,60.63,241.1,0
2026-02-25 02:00:00,17.51,81.95,45.62,2.283,170.65,60.44,243.88,0
2026-02-25 03:00:00,19.11,86.62,45.13,2.308,170.09,60.47,239.83,0
2026-02-25 04:00:00,17.74,88.47,44.95,2.315,167.65,60.37,235.35,0
2026-02-25 05:00:00,20.92,90.13,56.51,2.288,167.28,61.46,236.0,1
2026-02-25 06:00:00,19.48,85.22,67.88,2.315,167.23,59.51,237.03,1
2026-02-25 07:00:00,20.97,89.09,67.32,2.354,168.21,59.17,236.51,0
2026-02-25 08:00:00,21.51,79.25,67.13,2.395,163.78,60.75,239.21,0
2026-02-25 09:00:00,22.49,80.26,66.53,2.37,164.53,60.34,237.35,0
2026-02-25 10:00:00,25.52,76.4,65.97,2.328,163.62,61.23,240.25,0
2026-02-25 11:00:00,23.71,77.52,65.12,2.444,165.14,61.8,241.95,0
2026-02-25 12:00:00,24.98,67.82,64.38,2.442,165.13,61.74,246.26,0
2026-02-25 13:00:00,24.34,70.29,63.63,2.417,164.52,62.03,241.27,0
2026-02-25 14:00:00,25.04,66.86,62.98,2.32,164.22,61.95,239.74,0
2026-02-25 15:00:00,23.65,70.2,61.92,2.263,164.85,60.04,237.24,0
2026-02-25 16:00:00,23.65,63.93,61.68,2.227,166.49,60.51,239.07,0
2026-02-25 17:00:00,23.19,67.41,61.12,2.258,164.83,60.0,242.8,0
2026-02-25 18:00:00,21.4,65.38,60.63,2.24,164.22,58.82,241.48,0
2026-02-25 19:00:00,22.93,69.69,60.7,2.245,166.89,59.27,242.65,0
2026-02-25 20:00:00,20.57,70.58,60.75,2.163,166.17,59.64,245.88,0
2026-02-25 21:00:00,19.09,73.19,60.38,2.257,166.78,60.59,246.15,0
2026-02-25 22:00:00,18.04,72.03,60.36,2.215,164.49,60.4,247.35,0
2026-02-25 23:00:00,18.03,80.88,60.34,2.235,161.42,61.22,241.77,0
2026-02-26 00:00:00,16.77,79.79,60.24,2.208,159.69,61.26,245.35,0
2026-02-26 01:00:00,18.75,81.99,60.35,2.195,158.67,61.6,244.08,0
2026-02-26 02:00:00,17.92,82.64,60.39,2.155,160.79,61.99,250.3,0
2026-02-26 03:00:00,17.91,84.99,60.41,2.183,163.03,60.8,247.41,0
2026-02-26 04:00:00,19.26,89.25,60.62,2.132,159.64,61.17,247.98,0
2026-02-26 05:00:00,18.74,88.75,60.43,2.163,158.88,61.29,249.39,0
2026-02-26 06:00:00,19.28,88.19,60.25,2.165,160.38,61.07,242.42,0
2026-02-26 07:00:00,20.91,82.21,60.29,2.213,160.38,61.2,246.49,0
2026-02-26 08:00:00,22.0,83.04,59.69,2.263,163.27,63.52,247.77,0
2026-02-26 09:00:00,23.12,78.31,59.28,2.246,164.55,61.74,243.4,0
2026-02-26 10:00:00,22.44,79.39,58.56,2.272,164.09,61.63,243.9,0
2026-02-26 11:00:00,23.71,75.22,57.31,2.247,163.8,62.37,244.37,0
2026-02-26 12:00:00,22.22,69.86,56.94,2.33,163.75,61.24,243.56,0
2026-02-26 13:00:00,23.67,71.82,55.91,2.306,162.28,61.6,241.65,0
2026-02-26 14:00:00,24.88,68.74,55.13,2.293,164.08,61.88,241.14,0
2026-02-26 15:00:00,24.7,62.91,54.81,2.266,165.45,60.46,242.99,0
2026-02-26 16:00:00,22.68,61.82,54.51,2.224,166.25,59.98,244.64,0
2026-02-26 17:00:00,22.52,63.01,54.31,2.352,166.64,61.64,244.18,0
2026-02-26 18:00:00,21.92,71.6,53.15,2.377,164.74,60.22,244.29,0
2026-02-26 19:00:00,21.75,66.68,53.04,2.376,165.65,59.88,243.51,0
2026-02-26 20:00:00,21.16,76.19,52.76,2.342,165.86,59.79,240.65,0
2026-02-26 21:00:00,19.36,71.48,52.86,2.406,169.43,59.86,240.23,0
2026-02-26 22:00:00,18.34,74.07,53.1,2.366,166.93,59.56,238.13,0
2026-02-26 23:00:00,16.96,82.05,52.51,2.368,165.55,59.7,235.48,0
2026-02-27 00:00:00,17.69,84.81,52.31,2.496,162.67,59.74,229.41,0
2026-02-27 01:00:00,18.95,86.17,52.36,2.425,162.37,60.45,228.67,0
2026-02-27 02:00:00,18.52,88.22,52.06,2.448,159.34,61.25,230.95,0
2026-02-27 03:00:00,18.09,85.62,52.39,2.455,161.7,61.67,234.21,0
2026-02-27 04:00:00,18.74,90.08,52.07,2.476,163.8,61.9,235.37,0
2026-02-27 05:00:00,18.77,88.23,51.78,2.447,163.56,60.49,232.11,0
2026-02-27 06:00:00,19.84,85.61,51.25,2.401,161.79,60.64,231.87,0
2026-02-27 07:00:00,21.1,85.01,51.1,2.407,159.18,61.68,229.14,0
2026-02-27 08:00:00,22.01,85.15,49.64,2.372,158.14,60.24,234.2,0
2026-02-27 09:00:00,23.46,80.83,49.01,2.227,159.54,59.11,233.27,0
2026-02-27 10:00:00,24.15,71.61,48.83,2.183,158.35,60.54,232.12,0
2026-02-27 11:00:00,24.4,76.38,47.84,2.172,162.05,59.24,234.58,0
2026-02-27 12:00:00,23.68,73.54,46.8,2.117,164.85,59.23,234.5,0
2026-02-27 13:00:00,23.83,68.27,46.57,2.138,164.86,58.81,237.2,0
2026-02-27 14:00:00,23.76,67.77,46.38,2.104,164.03,60.2,234.29,0
2026-02-27 15:00:00,24.2,66.66,45.41,2.115,163.04,60.52,234.54,0
2026-02-27 16:00:00,22.06,61.05,45.38,2.258,166.0,61.28,235.83,0
2026-02-27 17:00:00,22.75,65.37,44.96,2.335,164.78,61.35,229.25,0
2026-02-27 18:00:00,22.89,66.57,56.71,2.368,166.47,63.17,227.83,1
2026-02-27 19:00:00,21.47,68.83,68.28,2.472,166.45,62.46,226.65,1
2026-02-27 20:00:00,19.85,70.19,68.52,2.455,167.68,62.76,227.21,0
2026-02-27 21:00:00,18.76,75.81,68.24,2.441,166.09,63.87,226.82,0
2026-02-27 22:00:00,19.09,74.98,67.95,2.368,165.45,65.15,227.97,0
2026-02-27 23:00:00,18.18,82.12,67.89,2.44,165.39,64.81,227.74,0
2026-02-28 00:00:00,17.45,84.04,67.58,2.547,164.24,62.9,230.97,0
2026-02-28 01:00:00,17.09,88.18,66.92,2.584,166.51,62.53,236.45,0
2026-02-28 02:00:00,17.67,90.86,66.76,2.65,165.08,64.08,232.62,0
2026-02-28 03:00:00,17.76,91.98,66.46,2.461,164.04,63.33,232.8,0
2026-02-28 04:00:00,19.07,85.04,66.03,2.59,166.52,63.56,235.63,0
2026-02-28 05:00:00,20.12,88.49,66.21,2.564,168.56,63.23,233.84,0
2026-02-28 06:00:00,19.14,84.73,66.72,2.687,171.27,63.13,234.6,0
2026-02-28 07:00:00,20.14,92.98,66.25,2.763,167.59,64.28,233.67,0
2026-02-28 08:00:00,22.85,84.04,65.75,2.777,167.84,64.44,231.23,0
2026-02-28 09:00:00,22.87,83.39,65.08,2.723,167.89,66.2,228.87,0
2026-02-28 10:00:00,22.68,78.09,65.21,2.703,166.77,66.96,223.0,0
2026-02-28 11:00:00,24.72,67.56,64.79,2.56,167.28,66.93,224.02,0
2026-02-28 12:00:00,24.62,69.54,64.5,2.598,166.61,66.69,225.15,0
2026-02-28 13:00:00,26.04,67.51,64.28,2.424,166.84,66.85,223.26,0
2026-02-28 14:00:00,24.22,66.5,63.75,2.397,172.89,65.6,223.15,0
2026-02-28 15:00:00,24.81,67.27,63.13,2.483,173.14,64.54,220.13,0
2026-02-28 16:00:00,22.46,67.25,63.03,2.513,173.46,65.14,222.21,0
2026-02-28 17:00:00,23.73,59.81,62.7,2.407,174.6,65.87,221.85,0
2026-02-28 18:00:00,22.57,66.88,61.89,2.319,174.54,64.57,224.43,0
2026-02-28 19:00:00,22.12,68.01,61.48,2.282,172.19,65.26,224.15,0
2026-02-28 20:00:00,20.87,74.95,61.16,2.288,168.93,65.01,222.23,0
2026-02-28 21:00:00,19.18,75.63,61.31,2.341,168.72,64.17,221.53,0
2026-02-28 22:00:00,17.71,76.54,61.55,2.374,168.09,63.82,225.97,0
2026-02-28 23:00:00,17.55,80.41,61.99,2.306,164.43,64.57,231.66,0
2026-03-01 00:00:00,16.39,78.28,61.58,2.342,167.39,65.04,228.06,0
2026-03-01 01:00:00,16.86,86.43,61.42,2.383,167.49,65.21,230.67,0
2026-03-01 02:00:00,17.92,85.54,61.1,2.407,169.98,65.46,228.12,0
2026-03-01 03:00:00,17.94,85.61,60.85,2.548,165.76,64.33,226.56,0
2026-03-01 04:00:00,18.37,91.29,60.93,2.574,168.36,64.75,227.51,0
2026-03-01 05:00:00,18.69,88.31,60.71,2.613,167.35,64.26,229.1,0
2026-03-01 06:00:00,18.85,84.86,60.91,2.704,169.52,66.01,227.58,0
2026-03-01 07:00:00,21.13,83.27,60.55,2.726,169.73,65.54,229.48,0
2026-03-01 08:00:00,22.17,83.41,60.23,2.663,170.35,67.44,232.71,0
2026-03-01 09:00:00,22.06,80.57,59.54,2.713,170.96,67.13,234.65,0
2026-03-01 10:00:00,23.1,77.07,58.43,2.66,169.95,66.89,232.25,0
2026-03-01 11:00:00,25.11,71.14,57.56,2.575,168.59,66.48,231.28,0
2026-03-01 12:00:00,25.19,68.86,57.02,2.502,167.8,65.22,233.65,0
2026-03-01 13:00:00,23.46,67.35,57.04,2.562,165.04,66.31,237.6,0
2026-03-01 14:00:00,24.32,66.98,56.34,2.581,164.17,66.27,234.29,0
2026-03-01 15:00:00,25.05,66.27,55.72,2.625,162.95,66.71,235.08,0
2026-03-01 16:00:00,23.32,65.6,55.3,2.64,160.34,68.02,236.91,0
2026-03-01 17:00:00,22.56,66.09,54.57,2.627,161.35,67.72,233.33,0
2026-03-01 18:00:00,22.67,72.18,53.87,2.623,161.51,67.47,235.96,0
2026-03-01 19:00:00,21.69,71.34,53.69,2.636,162.09,67.43,241.2,0
2026-03-01 20:00:00,20.75,74.47,53.36,2.577,163.46,66.11,242.55,0
2026-03-01 21:00:00,19.07,75.31,52.63,2.48,163.1,64.35,243.58,0
2026-03-01 22:00:00,18.99,77.18,52.23,2.438,161.48,62.92,241.28,0
2026-03-01 23:00:00,19.02,80.87,52.22,2.461,162.17,64.01,239.74,0
2026-03-02 00:00:00,17.58,83.06,52.21,2.411,157.02,63.66,237.88,0
2026-03-02 01:00:00,17.22,86.8,52.41,2.531,157.15,64.31,235.53,0
2026-03-02 02:00:00,18.48,84.09,52.59,2.541,158.84,64.01,234.89,0
2026-03-02 03:00:00,19.4,89.44,52.12,2.532,160.97,62.53,235.67,0
2026-03-02 04:00:00,20.01,88.42,51.69,2.479,160.18,63.29,233.49,0
2026-03-02 05:00:00,18.99,83.11,51.28,2.521,156.34,62.46,232.7,0
2026-03-02 06:00:00,19.9,86.74,51.04,2.433,151.94,62.96,233.61,0
2026-03-02 07:00:00,20.28,81.51,50.65,2.443,153.62,63.77,228.39,0
2026-03-02 08:00:00,21.99,81.16,50.05,2.407,153.43,63.67,231.09,0
2026-03-02 09:00:00,22.0,79.45,49.24,2.406,157.53,64.05,231.82,0
2026-03-02 10:00:00,23.11,73.23,48.91,2.428,155.29,62.71,232.55,0
2026-03-02 11:00:00,24.52,74.02,48.06,2.35,156.29,65.32,235.56,0
2026-03-02 12:00:00,24.65,71.67,47.2,2.247,159.63,65.62,237.88,0
2026-03-02 13:00:00,23.23,71.11,46.79,2.194,160.22,66.21,239.25,0
2026-03-02 14:00:00,25.48,66.34,46.44,2.255,157.54,66.92,239.74,0
2026-03-02 15:00:00,23.27,67.06,45.81,2.28,162.83,66.65,239.48,0
2026-03-02 16:00:00,22.8,65.76,45.52,2.257,165.76,66.58,237.8,0
2026-03-02 17:00:00,21.88,65.33,45.21,2.378,165.32,67.42,235.26,0
2026-03-02 18:00:00,21.44,63.3,45.23,2.45,166.79,66.93,236.22,0
2026-03-02 19:00:00,20.37,68.94,45.25,2.502,168.21,67.13,237.14,0
2026-03-02 20:00:00,19.48,73.36,45.56,2.445,169.23,67.4,237.39,0
2026-03-02 21:00:00,17.53,71.82,45.38,2.496,166.58,66.58,233.91,0
2026-03-02 22:00:00,18.62,76.46,45.6,2.503,167.1,66.84,227.32,0
2026-03-02 23:00:00,18.13,79.67,45.82,2.446,169.64,65.17,227.85,0
2026-03-03 00:00:00,19.19,85.26,45.58,2.429,170.37,65.9,223.62,0
2026-03-03 01:00:00,17.84,84.85,45.17,2.358,170.87,67.19,224.98,0
2026-03-03 02:00:00,17.27,87.25,44.82,2.311,169.67,67.85,230.36,0
2026-03-03 03:00:00,17.13,87.6,56.74,2.242,167.85,69.03,231.42,1
2026-03-03 04:00:00,18.46,86.77,68.2,2.303,164.91,68.13,230.5,1
2026-03-03 05:00:00,19.56,84.79,67.86,2.299,166.27,67.74,228.11,0
2026-03-03 06:00:00,19.74,85.81,68.02,2.242,165.83,67.68,227.02,0
2026-03-03 07:00:00,21.04,85.76,68.02,2.277,163.38,67.63,227.32,0
2026-03-03 08:00:00,23.23,82.81,66.76,2.279,165.2,67.07,230.39,0
2026-03-03 09:00:00,22.48,83.55,65.81,2.343,164.14,66.09,230.97,0
2026-03-03 10:00:00,22.15,79.36,65.9,2.348,162.63,67.52,230.44,0
2026-03-03 11:00:00,24.64,77.25,65.69,2.259,161.83,66.61,232.35,0
2026-03-03 12:00:00,24.6,66.42,64.95,2.232,161.61,67.96,236.18,0
2026-03-03 13:00:00,23.3,73.17,63.94,2.167,162.57,68.23,236.9,0
2026-03-03 14:00:00,24.68,68.14,63.0,2.21,161.09,68.22,237.28,0
2026-03-03 15:00:00,23.33,67.4,62.59,2.282,163.06,68.53,233.02,0
2026-03-03 16:00:00,23.78,68.24,62.62,2.19,164.01,69.7,229.71,0
2026-03-03 17:00:00,24.09,66.43,62.63,2.19,163.13,67.11,226.25,0
2026-03-03 18:00:00,21.78,64.8,61.61,2.267,162.91,67.28,226.21,0
2026-03-03 19:00:00,21.76,72.84,61.32,2.176,162.24,67.25,224.57,0
2026-03-03 20:00:00,19.23,69.58,60.87,2.159,162.47,67.26,223.85,0
2026-03-03 21:00:00,18.19,71.69,60.71,2.169,165.3,67.95,222.29,0
2026-03-03 22:00:00,19.94,76.41,60.11,2.242,164.51,67.22,221.03,0
2026-03-03 23:00:00,18.18,78.88,59.74,2.279,164.87,66.03,217.09,0
2026-03-04 00:00:00,18.06,82.51,59.28,2.325,163.62,64.66,218.54,0
2026-03-04 01:00:00,18.31,84.53,59.24,2.359,164.63,63.77,221.11,0
2026-03-04 02:00:00,17.25,89.89,58.89,2.333,165.14,64.33,221.98,0
2026-03-04 03:00:00,18.55,88.77,58.58,2.429,167.53,64.72,223.54,0
2026-03-04 04:00:00,19.0,85.86,58.53,2.38,165.94,65.43,225.28,0
2026-03-04 05:00:00,18.34,85.82,58.82,2.208,167.14,64.92,226.83,0
2026-03-04 06:00:00,21.15,85.56,59.26,2.106,169.33,64.45,229.35,0
2026-03-04 07:00:00,21.91,83.82,59.19,2.113,168.37,65.87,232.61,0
2026-03-04 08:00:00,21.01,81.21,58.62,2.106,168.01,66.67,236.68,0
2026-03-04 09:00:00,22.89,77.09,58.46,2.087,168.23,67.21,231.78,0
2026-03-04 10:00:00,23.31,77.73,58.25,2.111,167.68,65.41,233.11,0
2026-03-04 11:00:00,25.02,73.01,57.94,2.196,167.89,67.07,230.18,0
2026-03-04 12:00:00,23.39,69.12,56.91,2.231,168.99,66.83,233.93,0
2026-03-04 13:00:00,27.02,70.44,56.69,2.275,168.62,66.84,234.15,0
2026-03-04 14:00:00,24.26,69.59,56.23,2.212,168.26,67.1,234.89,0
2026-03-04 15:00:00,24.55,65.76,55.4,2.187,168.61,67.1,235.18,0
2026-03-04 16:00:00,24.45,70.45,54.63,2.237,167.74,66.79,235.7,0
2026-03-04 17:00:00,22.61,71.91,54.25,2.247,167.0,66.78,239.78,0
2026-03-04 18:00:00,21.83,68.72,52.94,2.28,165.31,67.21,242.64,0
2026-03-04 19:00:00,20.65,68.05,52.71,2.318,165.22,67.81,246.27,0
2026-03-04 20:00:00,19.47,72.17,52.31,2.327,166.02,68.74,245.22,0
2026-03-04 21:00:00,19.44,71.09,51.88,2.42,165.49,67.55,239.4,0
2026-03-04 22:00:00,18.43,74.82,51.55,2.38,164.08,66.89,241.05,0
2026-03-04 23:00:00,17.61,75.64,50.9,2.325,163.94,67.51,237.95,0
2026-03-05 00:00:00,17.3,80.93,51.02,2.217,164.7,65.93,236.9,0
2026-03-05 01:00:00,17.9,81.7,50.18,2.268,164.94,65.96,236.65,0
2026-03-05 02:00:00,17.06,88.09,50.03,2.236,168.96,65.13,236.57,0
2026-03-05 03:00:00,17.8,85.75,49.58,2.316,167.62,65.53,238.1,0
2026-03-05 04:00:00,19.15,88.69,49.97,2.33,167.24,64.67,235.64,0
2026-03-05 05:00:00,19.42,89.49,49.78,2.308,168.56,64.26,237.18,0
2026-03-05 06:00:00,19.36,89.45,48.94,2.244,167.16,63.94,236.59,0
2026-03-05 07:00:00,20.98,83.89,48.91,2.299,170.55,64.1,243.02,0
2026-03-05 08:00:00,22.21,83.28,48.03,2.295,170.33,64.9,238.64,0
2026-03-05 09:00:00,23.44,80.7,47.76,2.312,171.13,65.74,238.78,0
2026-03-05 10:00:00,22.95,80.18,47.39,2.347,170.92,65.81,240.13,0
2026-03-05 11:00:00,23.64,76.11,47.27,2.36,172.52,64.7,238.84,0
2026-03-05 12:00:00,23.89,74.76,46.77,2.305,170.3,66.94,237.21,0
2026-03-05 13:00:00,24.05,65.06,46.45,2.336,172.92,66.72,240.42,0
2026-03-05 14:00:00,24.66,65.81,45.89,2.382,173.02,66.82,242.25,0
2026-03-05 15:00:00,24.45,68.95,45.15,2.398,173.88,66.89,239.89,0
2026-03-05 16:00:00,24.21,67.45,44.91,2.429,172.2,67.07,235.94,0
2026-03-05 17:00:00,22.69,66.06,55.98,2.464,172.52,66.15,237.36,1
2026-03-05 18:00:00,20.92,66.29,67.42,2.429,170.48,66.42,238.05,1
2026-03-05 19:00:00,21.47,71.19,67.05,2.394,172.37,67.93,239.32,0
2026-03-05 20:00:00,20.21,66.55,67.1,2.521,169.76,65.94,238.78,0
2026-03-05 21:00:00,19.29,76.13,66.62,2.585,169.84,65.85,240.74,0
2026-03-05 22:00:00,17.63,77.23,66.3,2.562,168.95,64.73,244.45,0
2026-03-05 23:00:00,17.83,78.62,66.11,2.585,165.98,65.54,247.81,0
2026-03-06 00:00:00,16.78,83.76,66.36,2.508,164.26,66.46,245.12,0
2026-03-06 01:00:00,17.84,83.81,66.0,2.458,165.1,66.21,250.86,0
2026-03-06 02:00:00,17.32,86.6,65.68,2.372,163.48,66.14,251.71,0
2026-03-06 03:00:00,17.61,87.51,65.07,2.384,162.33,65.22,247.31,0
2026-03-06 04:00:00,17.45,89.86,64.58,2.396,163.11,63.0,247.79,0
2026-03-06 05:00:00,19.97,88.02,64.5,2.454,164.84,62.73,247.72,0
2026-03-06 06:00:00,19.91,81.75,64.31,2.431,166.03,62.51,246.8,0
2026-03-06 07:00:00,21.06,81.3,64.12,2.486,165.91,62.54,245.7,0
2026-03-06 08:00:00,21.39,79.79,64.1,2.512,166.26,59.57,246.92,0
2026-03-06 09:00:00,21.59,80.99,63.04,2.645,166.43,58.09,248.09,0
2026-03-06 10:00:00,23.1,78.39,63.18,2.72,164.5,56.87,245.97,0
2026-03-06 11:00:00,23.77,78.33,62.97,2.781,165.03,57.1,244.08,0
2026-03-06 12:00:00,24.59,68.96,62.31,2.797,163.14,57.78,242.19,0
2026-03-06 13:00:00,24.25,72.49,61.86,2.709,164.32,56.86,241.39,0
2026-03-06 14:00:00,23.88,62.63,61.1,2.698,164.59,56.76,243.29,0
2026-03-06 15:00:00,22.98,66.42,60.63,2.805,160.71,56.4,245.88,0
2026-03-06 16:00:00,23.51,66.61,60.72,2.8,162.65,58.39,244.8,0
2026-03-06 17:00:00,22.19,66.98,59.97,2.715,161.8,58.16,247.06,0
2026-03-06 18:00:00,22.83,66.7,59.35,2.706,160.84,57.89,247.56,0
2026-03-06 19:00:00,21.11,69.52,58.92,2.619,162.73,57.28,247.26,0
2026-03-06 20:00:00,20.49,68.41,58.54,2.545,162.53,55.71,251.32,0
2026-03-06 21:00:00,19.08,76.32,58.22,2.553,163.7,56.48,251.33,0
2026-03-06 22:00:00,18.67,77.62,57.69,2.579,162.58,56.4,250.17,0
2026-03-06 23:00:00,17.35,80.75,57.42,2.512,164.12,56.22,251.5,0
2026-03-07 00:00:00,16.79,81.8,57.23,2.463,164.51,56.56,247.6,0
2026-03-07 01:00:00,17.51,83.96,56.91,2.366,165.26,55.3,246.42,0
2026-03-07 02:00:00,18.02,87.84,56.02,2.354,164.93,57.1,246.5,0
2026-03-07 03:00:00,16.61,91.6,55.77,2.233,167.86,55.61,247.73,0
2026-03-07 04:00:00,18.18,84.52,55.56,2.22,171.12,57.4,247.69,0
2026-03-07 05:00:00,20.54,84.02,55.93,2.231,166.9,57.52,243.84,0
2026-03-07 06:00:00,20.43,87.19,55.74,2.13,168.5,57.31,241.18,0
2026-03-07 07:00:00,22.08,83.95,55.82,2.082,166.41,58.05,239.8,0
2026-03-07 08:00:00,21.46,82.81,55.14,2.093,167.27,57.86,240.16,0
2026-03-07 09:00:00,22.43,79.79,54.98,2.096,163.98,58.82,236.66,0
2026-03-07 10:00:00,24.15,78.56,54.13,2.101,164.75,59.19,240.1,0
2026-03-07 11:00:00,24.47,73.44,53.71,2.132,163.25,59.92,240.63,0
2026-03-07 12:00:00,24.31,68.48,53.4,2.044,162.5,60.92,241.06,0
2026-03-07 13:00:00,23.62,67.25,53.05,2.104,161.82,60.79,240.32,0
2026-03-07 14:00:00,25.19,67.07,53.13,2.099,160.62,61.7,236.45,0
2026-03-07 15:00:00,25.79,63.24,52.38,2.077,159.53,62.17,236.6,0
2026-03-07 16:00:00,22.37,65.91,52.25,1.981,159.03,63.37,238.39,0
2026-03-07 17:00:00,23.73,66.53,52.03,1.987,158.99,63.0,237.84,0
2026-03-07 18:00:00,21.58,66.58,51.5,2.04,159.81,64.2,240.37,0
2026-03-07 19:00:00,20.77,69.74,51.85,2.066,163.37,63.43,239.95,0
2026-03-07 20:00:00,20.28,67.46,51.61,2.093,161.73,61.59,241.44,0
2026-03-07 21:00:00,18.41,71.77,51.41,2.087,162.09,60.37,240.84,0
2026-03-07 22:00:00,18.5,74.14,51.21,2.098,163.6,60.12,241.5,0
2026-03-07 23:00:00,16.84,82.05,50.63,2.046,162.38,60.41,243.34,0
2026-03-08 00:00:00,17.95,88.27,50.66,2.064,158.42,60.47,240.23,0
2026-03-08 01:00:00,19.06,82.58,50.64,2.051,155.24,61.23,241.58,0
2026-03-08 02:00:00,17.17,85.94,50.41,2.001,151.64,60.17,243.89,0
2026-03-08 03:00:00,17.85,85.89,50.74,2.067,154.94,61.78,248.92,0
2026-03-08 04:00:00,18.44,88.55,50.41,1.989,156.45,63.0,248.4,0
2026-03-08 05:00:00,19.94,86.1,49.69,2.042,158.16,63.81,242.48,0
2026-03-08 06:00:00,20.38,87.23,50.06,2.095,160.2,64.89,237.66,0
2026-03-08 07:00:00,21.64,86.44,50.16,2.078,159.35,63.41,235.31,0
2026-03-08 08:00:00,21.55,79.44,49.8,2.155,163.72,63.99,238.5,0
2026-03-08 09:00:00,23.05,80.53,49.14,2.133,164.38,64.6,243.81,0
2026-03-08 10:00:00,21.12,72.51,48.69,2.108,164.27,65.39,242.36,0
2026-03-08 11:00:00,24.5,73.51,47.75,2.049,166.3,66.05,242.12,0
2026-03-08 12:00:00,23.53,70.69,47.12,2.066,167.45,66.33,235.31,0
2026-03-08 13:00:00,24.27,68.65,46.28,2.025,169.75,66.57,236.93,0
2026-03-08 14:00:00,24.9,66.69,45.79,1.997,172.07,67.5,237.17,0
2026-03-08 15:00:00,22.96,65.14,45.51,2.014,171.15,66.78,236.43,0
2026-03-08 16:00:00,24.24,65.34,44.64,2.033,171.24,66.96,233.95,0
2026-03-08 17:00:00,22.66,66.97,56.3,2.127,169.36,66.32,233.12,1
2026-03-08 18:00:00,22.92,68.14,67.8,2.195,166.25,66.05,229.85,1
2026-03-08 19:00:00,20.37,69.51,67.81,2.235,167.71,63.52,227.96,0
2026-03-08 20:00:00,18.83,70.07,67.53,2.231,169.32,62.69,225.14,0
2026-03-08 21:00:00,19.23,76.85,67.55,2.211,165.58,62.28,223.09,0
2026-03-08 22:00:00,18.94,80.81,67.14,2.216,164.27,61.89,220.79,0
2026-03-08 23:00:00,18.44,76.63,66.43,2.189,164.4,61.59,222.95,0
2026-03-09 00:00:00,16.82,82.91,65.8,2.154,164.69,60.54,220.67,0
2026-03-09 01:00:00,16.36,83.61,65.45,2.16,168.39,60.28,221.26,0
2026-03-09 02:00:00,17.4,88.84,64.76,2.117,167.12,61.31,219.22,0
2026-03-09 03:00:00,18.33,87.59,65.03,2.081,166.73,61.07,217.37,0
2026-03-09 04:00:00,18.85,88.13,64.8,2.153,167.83,62.26,215.53,0
2026-03-09 05:00:00,20.35,88.86,64.88,2.081,167.09,63.36,218.94,0
2026-03-09 06:00:00,19.83,85.78,64.91,2.034,166.09,62.79,219.29,0
2026-03-09 07:00:00,19.71,88.97,64.72,2.129,164.99,63.28,218.21,0
2026-03-09 08:00:00,22.74,83.77,65.22,2.117,165.41,62.06,216.54,0
2026-03-09 09:00:00,22.89,82.18,65.54,2.213,165.08,61.11,214.1,0
2026-03-09 10:00:00,23.67,76.45,65.4,2.149,166.31,61.24,213.35,0
2026-03-09 11:00:00,24.57,73.85,64.56,2.164,166.9,61.72,210.84,0
2026-03-09 12:00:00,25.27,73.53,64.42,2.22,161.57,63.18,210.96,0
2026-03-09 13:00:00,24.48,71.0,63.33,2.171,158.56,63.0,210.39,0
2026-03-09 14:00:00,25.2,64.35,63.18,2.28,157.91,63.13,209.68,0
2026-03-09 15:00:00,24.42,66.69,61.84,2.258,159.96,63.18,214.04,0
2026-03-09 16:00:00,23.02,67.18,61.19,2.292,158.99,64.76,214.48,0
2026-03-09 17:00:00,22.59,66.05,61.0,2.252,159.91,65.88,215.05,0
2026-03-09 18:00:00,22.34,68.42,60.56,2.345,161.19,66.11,219.25,0
2026-03-09 19:00:00,20.5,69.0,59.92,2.36,162.31,66.71,216.64,0
2026-03-09 20:00:00,20.71,65.88,59.77,2.481,161.43,66.88,216.34,0
2026-03-09 21:00:00,19.36,70.88,59.69,2.539,159.51,67.7,213.4,0
2026-03-09 22:00:00,18.79,79.44,59.55,2.573,157.37,68.3,214.66,0
2026-03-09 23:00:00,18.98,79.24,59.23,2.496,163.02,67.84,217.19,0
2026-03-10 00:00:00,17.87,82.97,59.28,2.488,163.92,67.76,212.02,0
2026-03-10 01:00:00,17.55,84.77,59.43,2.456,167.28,67.73,215.32,0
2026-03-10 02:00:00,17.56,84.46,59.18,2.446,165.68,67.7,217.08,0
2026-03-10 03:00:00,17.87,86.46,59.44,2.445,167.9,67.07,218.07,0
2026-03-10 04:00:00,18.74,88.82,59.19,2.381,166.93,67.22,215.81,0
2026-03-10 05:00:00,20.2,88.7,58.84,2.366,166.8,66.6,218.7,0
2026-03-10 06:00:00,19.67,92.0,59.05,2.355,166.21,65.94,223.72,0
2026-03-10 07:00:00,20.52,83.58,59.25,2.291,164.58,65.71,223.27,0
2026-03-10 08:00:00,22.81,86.68,58.5,2.339,163.04,65.85,223.06,0
2026-03-10 09:00:00,22.35,77.7,57.72,2.35,163.05,66.83,223.71,0
2026-03-10 10:00:00,23.63,78.22,57.69,2.395,162.07,67.33,223.28,0
2026-03-10 11:00:00,23.62,74.6,57.1,2.418,162.42,68.17,223.42,0
2026-03-10 12:00:00,23.21,71.19,56.54,2.307,161.01,69.58,226.57,0
2026-03-10 13:00:00,24.64,69.21,55.9,2.256,162.45,68.82,226.83,0
2026-03-10 14:00:00,25.16,65.92,55.73,2.359,161.72,69.26,227.96,0
2026-03-10 15:00:00,23.99,68.63,55.81,2.402,164.8,69.72,233.39,0
2026-03-10 16:00:00,22.44,63.89,55.27,2.297,164.71,69.72,237.14,0
2026-03-10 17:00:00,22.83,67.17,55.44,2.326,164.54,70.29,234.41,0
2026-03-10 18:00:00,21.38,69.36,54.73,2.274,167.45,70.12,238.8,0
2026-03-10 19:00:00,19.17,72.68,54.44,2.15,166.46,70.48,242.05,0
2026-03-10 20:00:00,20.04,73.93,54.44,2.26,165.67,68.95,245.44,0
2026-03-10 21:00:00,19.61,75.58,54.0,2.267,164.38,68.74,243.35,0
2026-03-10 22:00:00,19.35,75.41,54.0,2.282,164.77,69.18,243.46,0
2026-03-10 23:00:00,19.2,77.88,53.64,2.208,163.46,69.89,242.06,0
2026-03-11 00:00:00,18.07,79.65,52.98,2.146,164.92,68.88,242.01,0
2026-03-11 01:00:00,18.15,81.69,52.26,2.061,164.84,68.6,246.04,0
2026-03-11 02:00:00,16.72,86.52,51.96,2.163,166.35,67.44,245.84,0
2026-03-11 03:00:00,19.1,85.81,51.88,2.074,167.61,66.93,241.0,0
2026-03-11 04:00:00,19.41,91.0,51.28,2.186,166.58,67.07,239.76,0
2026-03-11 05:00:00,18.99,86.18,51.13,2.135,165.19,67.85,237.89,0
2026-03-11 06:00:00,20.57,86.76,50.98,2.073,164.59,68.48,242.22,0
2026-03-11 07:00:00,21.41,84.12,50.73,2.086,164.62,68.49,239.83,0
2026-03-11 08:00:00,22.94,78.99,49.9,2.06,165.24,67.71,238.57,0
2026-03-11 09:00:00,22.64,82.57,49.42,2.082,166.03,67.41,237.46,0
2026-03-11 10:00:00,22.95,78.74,48.82,2.045,165.93,69.53,241.33,0
2026-03-11 11:00:00,23.69,76.18,48.55,2.044,164.67,68.05,243.42,0
2026-03-11 12:00:00,25.01,72.99,47.59,2.016,163.63,66.78,244.42,0
2026-03-11 13:00:00,23.16,67.32,47.07,2.088,164.61,66.79,244.53,0
2026-03-11 14:00:00,22.28,65.62,46.14,2.133,163.46,67.29,244.59,0
2026-03-11 15:00:00,24.66,67.5,45.5,2.16,164.53,67.91,244.3,0
2026-03-11 16:00:00,23.67,69.86,44.61,2.233,165.62,67.99,248.97,0
2026-03-11 17:00:00,22.76,67.34,55.78,2.253,168.35,66.44,245.11,1
2026-03-11 18:00:00,20.99,69.92,67.23,2.267,167.35,66.11,237.69,1
2026-03-11 19:00:00,19.8,67.91,66.86,2.263,166.67,64.4,238.66,0
2026-03-11 20:00:00,19.65,74.24,67.1,2.222,162.44,64.68,241.98,0
2026-03-11 21:00:00,19.5,73.1,67.25,2.185,160.85,65.01,242.1,0
2026-03-11 22:00:00,18.12,77.6,67.29,2.202,159.29,64.81,236.79,0
2026-03-11 23:00:00,18.6,78.93,67.33,2.27,160.43,63.66,238.57,0
2026-03-12 00:00:00,16.95,84.72,67.17,2.306,163.87,62.87,235.73,0
2026-03-12 01:00:00,17.14,87.04,67.36,2.339,164.96,61.38,232.48,0
2026-03-12 02:00:00,18.11,82.83,67.07,2.27,166.74,61.36,230.16,0
2026-03-12 03:00:00,17.71,90.94,67.51,2.304,165.39,64.23,226.38,0
2026-03-12 04:00:00,18.3,93.94,67.02,2.28,163.22,64.07,227.32,0
2026-03-12 05:00:00,18.8,86.74,66.48,2.292,162.86,63.63,226.09,0
2026-03-12 06:00:00,19.51,86.21,65.87,2.325,161.82,63.77,223.21,0
2026-03-12 07:00:00,21.25,87.88,65.3,2.254,160.4,62.69,229.75,0
2026-03-12 08:00:00,22.24,82.67,64.26,2.267,160.97,61.66,228.68,0
2026-03-12 09:00:00,22.91,79.84,63.77,2.283,159.0,61.11,229.13,0
2026-03-12 10:00:00,23.04,81.74,63.47,2.344,160.73,61.94,233.3,0
2026-03-12 11:00:00,23.89,70.77,62.92,2.31,160.18,62.24,235.08,0
2026-03-12 12:00:00,25.5,69.53,61.93,2.306,160.29,62.09,239.85,0
2026-03-12 13:00:00,23.51,70.27,61.23,2.316,160.66,62.76,237.87,0
2026-03-12 14:00:00,25.7,63.42,60.9,2.284,159.99,64.27,240.34,0
2026-03-12 15:00:00,24.1,65.44,60.24,2.253,162.47,64.87,241.3,0
2026-03-12 16:00:00,23.35,65.04,59.44,2.221,159.68,63.87,243.47,0
2026-03-12 17:00:00,23.42,68.78,58.43,2.219,162.2,62.12,245.16,0
2026-03-12 18:00:00,20.46,69.21,57.75,2.33,161.69,60.54,242.72,0
2026-03-12 19:00:00,21.97,65.01,57.34,2.322,163.48,61.37,249.4,0
2026-03-12 20:00:00,21.39,69.77,57.11,2.35,163.9,60.71,243.02,0
2026-03-12 21:00:00,20.01,72.43,57.05,2.348,165.48,61.48,240.46,0
2026-03-12 22:00:00,17.05,76.46,56.77,2.326,165.25,61.09,241.89,0
2026-03-12 23:00:00,18.5,77.1,56.63,2.323,165.67,61.46,242.27,0
2026-03-13 00:00:00,18.77,83.63,56.57,2.368,167.62,62.11,242.25,0
2026-03-13 01:00:00,18.58,83.04,56.0,2.36,167.68,61.4,243.67,0
2026-03-13 02:00:00,16.63,88.0,56.36,2.346,169.97,62.16,241.13,0
2026-03-13 03:00:00,18.68,87.62,55.94,2.329,170.41,61.56,242.92,0
2026-03-13 04:00:00,19.78,85.57,55.9,2.267,168.87,60.94,242.21,0
2026-03-13 05:00:00,19.27,91.1,55.36,2.332,168.08,61.71,245.35,0
2026-03-13 06:00:00,19.08,90.07,55.19,2.303,169.55,62.29,244.07,0
2026-03-13 07:00:00,21.58,85.5,55.03,2.391,167.14,62.7,244.78,0
2026-03-13 08:00:00,22.64,81.9,54.98,2.399,168.48,61.68,245.89,0
2026-03-13 09:00:00,22.65,77.21,54.35,2.476,167.68,61.35,247.61,0
2026-03-13 10:00:00,22.64,79.68,54.19,2.452,165.25,61.99,247.07,0
2026-03-13 11:00:00,24.72,76.21,53.71,2.397,165.62,64.04,245.75,0
2026-03-13 12:00:00,23.84,69.47,53.7,2.453,164.33,65.61,243.28,0
2026-03-13 13:00:00,24.78,67.5,52.6,2.409,163.33,65.08,244.08,0
2026-03-13 14:00:00,25.47,68.62,52.17,2.478,162.27,64.4,238.88,0
2026-03-13 15:00:00,22.87,63.44,50.81,2.501,162.59,65.88,239.46,0
2026-03-13 16:00:00,24.11,64.44,50.23,2.574,161.98,66.31,240.19,0
2026-03-13 17:00:00,22.61,63.77,49.98,2.497,162.81,65.76,244.62,0
2026-03-13 18:00:00,21.78,64.95,49.87,2.54,164.72,65.76,242.49,0
2026-03-13 19:00:00,21.36,67.42,49.89,2.479,165.7,64.52,242.58,0
2026-03-13 20:00:00,19.55,73.77,49.6,2.323,168.92,65.35,242.6,0
2026-03-13 21:00:00,18.43,69.77,49.56,2.375,172.46,66.51,239.46,0
2026-03-13 22:00:00,17.28,78.08,50.12,2.369,171.64,67.76,239.22,0
2026-03-13 23:00:00,18.83,80.49,49.94,2.422,169.3,68.6,235.65,0
2026-03-14 00:00:00,17.36,84.92,50.03,2.419,168.61,68.12,238.03,0
2026-03-14 01:00:00,17.9,85.42,49.7,2.412,168.67,68.74,239.35,0
2026-03-14 02:00:00,17.28,85.58,49.82,2.494,172.53,69.85,240.22,0
2026-03-14 03:00:00,17.16,85.59,49.89,2.487,171.56,70.47,238.36,0
2026-03-14 04:00:00,18.98,90.48,49.51,2.446,171.8,70.98,241.74,0
2026-03-14 05:00:00,19.48,88.87,49.54,2.43,170.3,70.88,238.69,0
2026-03-14 06:00:00,19.93,85.29,49.59,2.431,169.46,69.8,238.63,0
2026-03-14 07:00:00,21.21,87.05,49.61,2.251,167.1,71.24,235.53,0
2026-03-14 08:00:00,21.23,81.39,49.05,2.284,164.38,70.93,235.04,0
2026-03-14 09:00:00,23.49,79.84,48.86,2.366,166.85,71.75,238.22,0
2026-03-14 10:00:00,24.38,75.49,48.01,2.359,168.7,73.69,239.24,0
2026-03-14 11:00:00,24.56,75.49,47.45,2.329,167.89,74.16,236.72,0
2026-03-14 12:00:00,24.12,69.01,46.92,2.351,169.69,74.85,235.33,0
2026-03-14 13:00:00,24.54,68.48,46.7,2.452,167.15,73.62,234.37,0
2026-03-14 14:00:00,25.48,65.84,45.84,2.469,166.75,72.62,232.31,0
2026-03-14 15:00:00,24.93,67.03,45.34,2.47,166.99,73.44,233.13,0
2026-03-14 16:00:00,24.87,66.97,44.63,2.435,169.19,72.6,238.68,0
2026-03-14 17:00:00,22.2,63.61,56.11,2.361,169.38,71.07,237.1,1
2026-03-14 18:00:00,21.3,68.49,67.68,2.358,170.18,69.31,241.82,1
2026-03-14 19:00:00,21.09,65.53,67.09,2.357,169.13,68.89,241.47,0
2026-03-14 20:00:00,20.38,76.98,67.27,2.237,169.44,68.48,241.95,0
2026-03-14 21:00:00,19.15,72.87,67.2,2.198,171.54,69.18,242.26,0
2026-03-14 22:00:00,18.25,79.62,66.74,2.274,168.37,68.08,237.65,0
2026-03-14 23:00:00,18.86,80.35,66.44,2.261,170.28,69.14,238.66,0
2026-03-15 00:00:00,17.56,83.1,66.69,2.116,169.69,67.83,232.39,0
2026-03-15 01:00:00,16.65,81.86,66.61,2.225,166.97,66.59,233.05,0
2026-03-15 02:00:00,16.85,88.63,66.12,2.177,166.41,66.57,233.55,0
2026-03-15 03:00:00,18.14,87.75,65.69,2.157,168.68,66.49,229.79,0
2026-03-15 04:00:00,20.63,89.18,65.68,2.231,167.66,66.87,230.21,0
2026-03-15 05:00:00,18.57,87.4,65.7,2.191,168.09,65.67,229.72,0
2026-03-15 06:00:00,19.87,86.85,65.61,2.081,165.07,65.88,229.6,0
2026-03-15 07:00:00,22.68,82.56,65.32,2.109,161.78,64.25,229.51,0
2026-03-15 08:00:00,21.57,82.12,65.01,2.17,159.97,62.21,228.31,0
2026-03-15 09:00:00,23.07,78.8,64.36,2.151,161.99,63.85,228.83,0
2026-03-15 10:00:00,24.79,75.24,63.54,2.154,162.02,64.73,231.31,0
2026-03-15 11:00:00,23.37,74.49,63.45,2.094,164.12,64.65,230.89,0
2026-03-15 12:00:00,24.16,72.41,63.04,2.048,166.24,62.75,230.97,0
2026-03-15 13:00:00,24.16,69.85,62.24,2.047,164.83,62.31,232.8,0
2026-03-15 14:00:00,23.32,67.22,61.72,2.103,167.65,62.71,238.58,0
2026-03-15 15:00:00,25.13,67.4,61.16,2.123,166.57,62.27,237.92,0
2026-03-15 16:00:00,23.07,66.61,60.49,2.197,168.3,63.67,233.52,0
2026-03-15 17:00:00,22.14,66.62,60.01,2.303,169.9,64.18,231.35,0
2026-03-15 18:00:00,21.59,67.89,59.19,2.356,169.82,63.29,233.04,0
2026-03-15 19:00:00,21.65,72.18,59.25,2.257,169.75,61.81,236.92,0
2026-03-15 20:00:00,20.17,68.49,59.05,2.243,170.13,62.61,234.46,0
2026-03-15 21:00:00,18.7,73.36,58.36,2.299,170.14,63.34,234.38,0
2026-03-15 22:00:00,18.81,77.85,58.09,2.292,169.23,63.98,234.46,0
2026-03-15 23:00:00,18.54,75.89,57.71,2.196,168.2,65.44,232.56,0
2026-03-16 00:00:00,17.6,85.96,56.61,2.17,167.39,65.75,236.52,0
2026-03-16 01:00:00,17.34,85.42,56.37,2.043,169.49,65.72,239.36,0
2026-03-16 02:00:00,18.33,88.92,56.48,2.044,166.45,66.3,240.0,0
2026-03-16 03:00:00,17.84,90.42,56.24,2.021,165.49,67.28,238.7,0
2026-03-16 04:00:00,19.65,89.03,56.26,2.019,164.89,67.74,240.9,0
2026-03-16 05:00:00,18.72,82.04,56.06,2.109,164.48,67.6,241.89,0
2026-03-16 06:00:00,19.55,86.9,55.72,2.043,165.04,68.3,240.46,0
2026-03-16 07:00:00,20.37,85.31,55.3,2.018,162.61,68.2,242.61,0
2026-03-16 08:00:00,21.74,79.78,54.37,1.969,164.55,67.57,243.16,0
2026-03-16 09:00:00,22.75,75.37,54.09,2.056,166.16,67.52,238.6,0
2026-03-16 10:00:00,22.55,78.15,53.76,2.141,167.33,67.06,235.94,0
2026-03-16 11:00:00,24.1,71.03,53.11,2.174,166.86,66.83,232.56,0
2026-03-16 12:00:00,24.78,76.65,51.93,2.201,165.46,65.93,235.26,0
2026-03-16 13:00:00,23.47,69.88,51.52,2.136,164.86,66.71,233.5,0
2026-03-16 14:00:00,24.02,70.85,50.68,2.16,164.97,66.76,235.14,0
2026-03-16 15:00:00,24.43,66.45,50.16,2.102,166.17,67.26,240.56,0
2026-03-16 16:00:00,22.71,67.88,49.14,2.118,165.98,67.53,242.27,0
2026-03-16 17:00:00,22.53,66.51,48.61,2.111,166.59,66.55,240.86,0
2026-03-16 18:00:00,22.67,69.99,48.02,2.088,165.74,67.61,238.71,0
2026-03-16 19:00:00,22.26,64.13,47.1,2.105,166.23,67.24,237.76,0
2026-03-16 20:00:00,20.4,73.72,47.38,2.159,165.73,66.76,235.05,0
2026-03-16 21:00:00,19.13,75.82,47.09,2.275,166.19,66.81,232.18,0
2026-03-16 22:00:00,18.17,76.61,46.81,2.31,162.96,66.87,230.31,0
2026-03-16 23:00:00,18.61,78.82,46.77,2.446,163.92,69.07,231.88,0
2026-03-17 00:00:00,18.41,81.75,46.55,2.448,164.93,69.39,230.73,0
2026-03-17 01:00:00,16.69,85.49,46.46,2.545,165.89,68.73,230.38,0
2026-03-17 02:00:00,18.26,89.56,45.92,2.554,164.07,70.24,231.79,0
2026-03-17 03:00:00,17.54,86.29,45.68,2.55,162.83,68.53,233.76,0
2026-03-17 04:00:00,17.92,83.75,44.9,2.523,161.36,67.9,229.0,0
2026-03-17 05:00:00,19.14,93.84,56.63,2.525,162.1,67.22,224.99,1
2026-03-17 06:00:00,20.79,88.21,68.87,2.535,163.4,67.06,224.53,1
2026-03-17 07:00:00,21.22,83.8,68.21,2.434,162.21,67.22,222.27,0
2026-03-17 08:00:00,22.1,85.47,67.56,2.466,164.69,67.45,225.04,0
2026-03-17 09:00:00,23.0,82.18,66.36,2.366,167.04,67.67,224.38,0
2026-03-17 10:00:00,23.8,78.23,65.8,2.403,167.21,68.06,229.4,0
2026-03-17 11:00:00,23.95,72.96,65.38,2.432,167.79,67.83,228.46,0
2026-03-17 12:00:00,24.82,73.17,64.93,2.508,164.65,68.81,229.56,0
2026-03-17 13:00:00,24.04,71.95,64.18,2.442,163.72,67.16,228.17,0
2026-03-17 14:00:00,24.84,63.17,62.97,2.372,161.51,64.71,229.73,0
2026-03-17 15:00:00,24.63,66.94,62.03,2.434,160.01,65.29,231.26,0
2026-03-17 16:00:00,23.96,66.75,61.85,2.36,161.14,64.89,233.67,0
2026-03-17 17:00:00,23.28,67.04,61.55,2.285,162.66,66.35,233.4,0
2026-03-17 18:00:00,22.23,67.59,60.97,2.299,164.19,67.16,236.66,0
2026-03-17 19:00:00,21.82,72.19,60.82,2.296,164.65,67.54,237.32,0
2026-03-17 20:00:00,18.5,70.97,60.31,2.306,165.61,66.93,235.6,0
2026-03-17 21:00:00,19.85,74.15,60.5,2.338,162.72,67.39,233.98,0
2026-03-17 22:00:00,19.91,77.79,60.08,2.368,160.49,66.87,235.85,0
2026-03-17 23:00:00,17.53,79.4,60.02,2.358,160.3,66.78,238.97,0
2026-03-18 00:00:00,17.11,79.03,59.42,2.357,161.56,66.34,235.97,0
2026-03-18 01:00:00,18.4,85.31,59.16,2.349,160.89,66.45,237.8,0
2026-03-18 02:00:00,16.97,87.09,59.34,2.348,158.61,66.09,233.94,0
2026-03-18 03:00:00,17.5,86.71,58.85,2.261,157.62,66.87,232.45,0
2026-03-18 04:00:00,18.64,87.67,58.88,2.309,156.23,67.13,233.8,0
2026-03-18 05:00:00,18.69,79.68,58.35,2.372,153.48,66.51,231.74,0
2026-03-18 06:00:00,20.71,89.55,57.88,2.405,157.95,65.98,235.57,0
2026-03-18 07:00:00,20.45,87.03,57.68,2.431,160.45,64.71,237.06,0
2026-03-18 08:00:00,22.16,79.16,57.42,2.362,157.07,62.88,234.01,0
2026-03-18 09:00:00,22.95,78.16,56.78,2.273,153.93,63.69,235.69,0
2026-03-18 10:00:00,24.64,80.62,56.39,2.325,152.92,63.32,232.36,0
2026-03-18 11:00:00,24.85,71.27,56.17,2.325,150.72,62.18,232.5,0
2026-03-18 12:00:00,24.01,72.7,55.37,2.333,155.58,62.58,234.82,0
2026-03-18 13:00:00,23.61,67.99,54.36,2.344,154.52,61.91,236.6,0
2026-03-18 14:00:00,24.97,68.5,53.68,2.356,155.59,61.85,236.3,0
2026-03-18 15:00:00,23.57,66.5,53.5,2.391,155.05,60.69,235.38,0
2026-03-18 16:00:00,23.24,65.29,52.7,2.379,153.35,61.32,232.47,0
2026-03-18 17:00:00,22.01,67.35,52.45,2.259,155.7,61.42,233.05,0
2026-03-18 18:00:00,22.38,66.24,51.82,2.303,157.25,61.88,235.16,0
2026-03-18 19:00:00,20.55,64.76,52.15,2.338,157.45,61.5,240.31,0
2026-03-18 20:00:00,20.07,69.18,52.62,2.257,162.04,61.74,238.91,0
2026-03-18 21:00:00,19.24,71.53,52.73,2.19,162.58,60.44,240.83,0
2026-03-18 22:00:00,18.65,72.99,52.04,2.251,161.86,62.53,242.45,0
2026-03-18 23:00:00,18.43,80.77,51.12,2.322,165.43,62.89,240.88,0
2026-03-19 00:00:00,17.45,82.07,50.94,2.16,166.14,64.4,242.39,0
2026-03-19 01:00:00,16.98,85.66,51.01,2.197,169.03,64.09,239.98,0
2026-03-19 02:00:00,16.32,87.83,50.96,2.191,168.8,63.08,240.37,0
2026-03-19 03:00:00,18.04,89.52,50.54,2.203,163.22,62.6,239.58,0
2026-03-19 04:00:00,18.42,89.02,49.89,2.217,160.48,62.55,240.46,0
2026-03-19 05:00:00,18.75,85.18,49.97,2.177,162.61,62.43,241.49,0
2026-03-19 06:00:00,20.14,87.98,50.33,2.225,161.65,64.09,239.85,0
2026-03-19 07:00:00,21.6,85.33,49.93,2.189,162.24,63.26,239.58,0
2026-03-19 08:00:00,22.68,87.98,49.62,2.242,164.39,62.67,239.03,0
2026-03-19 09:00:00,21.68,79.87,49.85,2.304,164.74,63.3,236.1,0
2026-03-19 10:00:00,23.22,77.96,49.24,2.251,163.2,61.83,235.12,0
2026-03-19 11:00:00,24.7,73.92,48.62,2.204,163.25,61.8,233.67,0
2026-03-19 12:00:00,25.5,71.62,48.22,2.217,163.52,61.93,230.92,0
2026-03-19 13:00:00,23.93,69.18,47.57,2.313,162.84,62.32,229.11,0
2026-03-19 14:00:00,25.35,66.39,47.4,2.277,160.43,62.63,228.76,0
2026-03-19 15:00:00,23.09,66.82,46.72,2.254,159.98,64.4,229.21,0
2026-03-19 16:00:00,24.28,67.55,46.14,2.277,160.01,63.53,226.39,0
2026-03-19 17:00:00,22.55,65.33,45.16,2.318,157.61,62.9,229.82,0
2026-03-19 18:00:00,23.0,69.56,44.53,2.348,156.25,63.42,231.62,0
2026-03-19 19:00:00,20.68,71.01,56.03,2.347,155.31,63.59,231.57,1
2026-03-19 20:00:00,19.88,69.3,67.93,2.325,152.35,63.85,228.7,1
2026-03-19 21:00:00,19.16,71.74,67.23,2.343,153.09,62.53,228.48,0
2026-03-19 22:00:00,17.45,78.12,67.33,2.148,153.99,64.48,228.12,0
2026-03-19 23:00:00,16.74,78.38,66.87,2.271,153.45,64.81,225.77,0
2026-03-20 00:00:00,17.98,79.89,67.2,2.262,151.45,63.3,223.32,0
2026-03-20 01:00:00,18.19,89.07,67.41,2.275,152.73,63.82,225.82,0
2026-03-20 02:00:00,18.04,84.11,67.37,2.403,154.2,62.77,225.47,0
2026-03-20 03:00:00,17.09,83.82,66.71,2.351,154.81,63.58,228.16,0
2026-03-20 04:00:00,18.86,86.04,66.32,2.488,155.29,62.35,228.47,0
2026-03-20 05:00:00,18.56,88.2,65.85,2.519,156.75,63.24,230.68,0
2026-03-20 06:00:00,20.38,86.71,65.42,2.53,156.91,62.11,232.69,0
2026-03-20 07:00:00,21.79,89.5,65.7,2.553,155.58,61.23,233.97,0
2026-03-20 08:00:00,22.16,80.58,65.1,2.485,155.83,61.38,236.98,0
2026-03-20 09:00:00,23.78,80.44,64.34,2.373,155.49,60.84,237.13,0
2026-03-20 10:00:00,23.37,79.82,63.56,2.297,155.74,60.38,233.29,0
2026-03-20 11:00:00,23.88,72.51,62.83,2.362,157.71,59.05,230.03,0
2026-03-20 12:00:00,24.43,73.26,62.43,2.302,155.83,58.84,228.65,0
2026-03-20 13:00:00,23.56,64.64,61.38,2.203,156.52,59.73,230.82,0
2026-03-20 14:00:00,24.1,71.87,60.85,2.205,154.6,61.49,230.03,0
2026-03-20 15:00:00,23.81,68.86,60.41,2.246,153.37,62.25,230.79,0
2026-03-20 16:00:00,23.28,64.3,59.33,2.252,156.67,62.86,232.34,0
2026-03-20 17:00:00,22.94,68.45,58.35,2.292,157.82,61.32,232.89,0
2026-03-20 18:00:00,20.87,70.76,57.79,2.362,158.4,61.31,227.26,0
2026-03-20 19:00:00,20.2,66.0,58.02,2.391,155.68,60.74,224.68,0
2026-03-20 20:00:00,20.89,70.0,58.18,2.376,155.63,59.42,229.61,0
2026-03-20 21:00:00,17.84,77.52,57.8,2.338,152.27,58.35,230.7,0
2026-03-20 22:00:00,18.96,77.17,58.02,2.381,152.85,59.06,224.17,0
2026-03-20 23:00:00,17.71,80.94,57.72,2.392,151.09,58.65,224.88,0
2026-03-21 00:00:00,17.73,82.68,57.42,2.334,152.65,57.42,229.89,0
2026-03-21 01:00:00,18.59,87.01,57.25,2.41,153.43,56.99,230.83,0
2026-03-21 02:00:00,17.53,87.81,57.3,2.418,151.71,57.4,231.15,0
2026-03-21 03:00:00,18.41,87.89,56.92,2.449,152.93,56.93,226.77,0
2026-03-21 04:00:00,18.57,82.75,56.6,2.415,157.18,55.99,226.51,0
2026-03-21 05:00:00,19.17,89.23,56.03,2.475,157.12,55.35,222.82,0
2026-03-21 06:00:00,19.93,88.35,55.93,2.367,159.02,56.34,220.38,0
2026-03-21 07:00:00,21.49,81.68,56.01,2.463,155.48,54.64,217.48,0
2026-03-21 08:00:00,21.39,79.57,55.76,2.335,156.7,54.62,222.71,0
2026-03-21 09:00:00,21.96,81.14,54.8,2.25,156.01,54.74,225.14,0
2026-03-21 10:00:00,23.53,77.49,54.13,2.269,155.88,54.28,229.14,0
2026-03-21 11:00:00,24.17,69.22,53.94,2.239,157.32,53.65,226.12,0
2026-03-21 12:00:00,23.1,69.44,53.45,2.224,157.19,54.78,227.04,0
2026-03-21 13:00:00,24.49,70.01,52.89,2.197,154.59,55.88,224.92,0
2026-03-21 14:00:00,23.52,69.17,52.34,2.157,157.75,56.16,223.17,0
2026-03-21 15:00:00,24.47,64.91,51.93,2.186,155.43,55.84,224.94,0
2026-03-21 16:00:00,22.21,65.63,51.47,2.192,154.31,56.13,225.89,0
2026-03-21 17:00:00,24.1,64.18,50.73,2.252,154.96,56.67,227.06,0
2026-03-21 18:00:00,21.67,70.78,50.44,2.26,155.61,56.73,224.31,0
2026-03-21 19:00:00,20.39,69.66,49.88,2.238,156.76,57.28,225.17,0
2026-03-21 20:00:00,19.9,69.83,50.08,2.289,157.33,57.1,226.53,0
2026-03-21 21:00:00,19.64,71.26,49.61,2.18,159.7,54.41,225.26,0
2026-03-21 22:00:00,19.15,73.83,49.58,2.033,160.8,54.46,225.07,0
2026-03-21 23:00:00,17.78,84.38,49.33,1.957,158.83,55.31,221.45,0
2026-03-22 00:00:00,16.61,82.07,48.98,1.96,154.4,55.53,216.74,0
2026-03-22 01:00:00,16.65,83.78,49.19,2.007,155.1,56.04,222.68,0
2026-03-22 02:00:00,17.82,85.99,49.21,1.868,158.13,55.97,223.8,0
2026-03-22 03:00:00,18.66,86.05,49.0,1.897,156.15,55.98,223.47,0
2026-03-22 04:00:00,19.31,87.73,49.32,1.904,154.62,56.31,226.04,0
2026-03-22 05:00:00,19.37,87.71,49.41,1.94,155.67,58.23,224.31,0
2026-03-22 06:00:00,20.77,86.56,48.97,1.851,156.91,59.11,225.12,0
2026-03-22 07:00:00,22.34,81.62,48.09,2.039,159.26,59.83,228.38,0
2026-03-22 08:00:00,22.74,84.73,47.57,2.059,162.44,60.08,225.96,0
2026-03-22 09:00:00,23.4,78.46,47.43,2.003,162.97,58.94,225.18,0
2026-03-22 10:00:00,22.91,75.35,47.05,2.032,161.38,60.13,222.22,0
2026-03-22 11:00:00,24.7,72.39,46.96,2.14,159.91,61.01,224.94,0
2026-03-22 12:00:00,24.7,68.87,46.21,2.074,159.14,61.37,225.96,0
2026-03-22 13:00:00,24.96,69.89,45.6,2.0,161.23,61.35,229.34,0
2026-03-22 14:00:00,25.26,69.71,45.01,2.014,160.48,61.86,231.73,0
2026-03-22 15:00:00,24.28,64.57,44.51,2.032,162.39,61.65,231.24,0
2026-03-22 16:00:00,23.4,61.39,56.18,2.094,159.75,62.32,232.46,1
2026-03-22 17:00:00,22.0,63.81,68.12,2.197,160.48,61.55,233.64,1
2026-03-22 18:00:00,21.7,66.35,68.13,2.251,159.31,59.85,235.54,0
2026-03-22 19:00:00,21.15,66.14,68.43,2.171,160.47,58.83,239.18,0
2026-03-22 20:00:00,20.29,70.0,68.43,2.116,160.19,59.05,236.24,0
2026-03-22 21:00:00,19.42,72.77,68.12,2.081,161.82,58.87,231.49,0
2026-03-22 22:00:00,19.2,76.96,67.99,2.143,161.17,58.83,229.04,0
2026-03-22 23:00:00,18.57,76.21,67.99,2.19,161.27,57.76,230.52,0
2026-03-23 00:00:00,17.58,83.95,67.83,2.273,162.88,58.16,231.78,0
2026-03-23 01:00:00,16.91,88.93,67.35,2.309,162.78,57.34,230.52,0
2026-03-23 02:00:00,17.89,90.1,67.02,2.27,162.97,57.93,230.06,0
2026-03-23 03:00:00,19.54,86.17,67.08,2.261,164.42,56.78,228.22,0
2026-03-23 04:00:00,18.75,89.67,66.8,2.176,164.31,56.18,228.29,0
2026-03-23 05:00:00,19.04,89.0,66.61,2.222,161.48,55.48,226.89,0
2026-03-23 06:00:00,20.47,86.42,66.39,2.19,160.59,56.19,231.39,0
2026-03-23 07:00:00,21.42,85.22,65.92,2.271,157.31,55.95,234.88,0
2026-03-23 08:00:00,22.32,84.21,65.32,2.309,157.17,56.51,236.69,0
2026-03-23 09:00:00,23.71,82.06,64.62,2.425,158.33,57.7,236.69,0
2026-03-23 10:00:00,23.75,74.97,63.85,2.441,158.82,59.43,239.45,0
2026-03-23 11:00:00,24.96,76.02,62.96,2.456,161.58,59.72,239.48,0
2026-03-23 12:00:00,24.54,75.67,62.36,2.434,164.02,58.8,239.65,0
2026-03-23 13:00:00,25.56,71.43,61.98,2.401,164.52,60.02,235.1,0
2026-03-23 14:00:00,25.23,71.31,61.74,2.379,160.24,61.44,235.75,0
2026-03-23 15:00:00,24.68,59.92,60.75,2.433,161.64,61.4,232.48,0
2026-03-23 16:00:00,24.03,67.49,60.67,2.343,160.38,62.61,231.6,0
2026-03-23 17:00:00,24.36,67.04,60.2,2.344,162.15,62.89,232.19,0
2026-03-23 18:00:00,22.66,70.04,59.3,2.241,162.83,61.37,230.09,0
2026-03-23 19:00:00,20.41,66.41,58.98,2.267,164.1,60.82,231.53,0
2026-03-23 20:00:00,20.27,70.23,58.22,2.242,165.04,60.4,234.33,0
2026-03-23 21:00:00,19.06,76.4,57.53,2.276,169.34,60.12,232.16,0
2026-03-23 22:00:00,19.97,74.35,57.85,2.233,170.1,59.34,232.59,0
2026-03-23 23:00:00,18.84,80.45,57.44,2.223,167.59,58.55,229.6,0
2026-03-24 00:00:00,19.04,82.46,57.4,2.266,169.42,59.86,226.95,0
2026-03-24 01:00:00,16.97,84.29,57.17,2.276,168.47,58.36,228.13,0
2026-03-24 02:00:00,18.39,87.96,56.97,2.37,170.75,57.82,230.25,0
2026-03-24 03:00:00,17.01,84.84,56.88,2.336,173.3,58.51,226.72,0
2026-03-24 04:00:00,17.41,86.05,56.06,2.3,174.08,58.11,232.25,0
2026-03-24 05:00:00,18.97,87.28,56.25,2.374,171.42,58.59,231.15,0
2026-03-24 06:00:00,21.15,83.52,56.02,2.347,170.34,58.33,231.86,0
2026-03-24 07:00:00,20.31,87.86,55.67,2.319,172.54,58.83,230.68,0
2026-03-24 08:00:00,21.89,80.5,55.26,2.34,175.83,57.99,230.19,0
2026-03-24 09:00:00,23.58,81.81,54.49,2.328,175.51,56.44,234.22,0
2026-03-24 10:00:00,24.07,74.81,53.98,2.307,174.59,56.25,238.03,0
2026-03-24 11:00:00,25.58,75.91,53.36,2.265,172.09,54.81,233.75,0
2026-03-24 12:00:00,24.38,67.48,53.01,2.349,169.7,54.96,232.4,0
2026-03-24 13:00:00,24.19,72.74,52.38,2.337,169.93,54.15,239.91,0
2026-03-24 14:00:00,23.61,70.31,51.51,2.3,171.0,53.38,238.58,0
2026-03-24 15:00:00,23.77,64.99,51.06,2.283,168.08,54.96,239.46,0
2026-03-24 16:00:00,22.7,63.94,50.42,2.305,169.45,55.42,242.08,0
2026-03-24 17:00:00,21.49,67.52,49.32,2.392,171.74,54.23,243.86,0
2026-03-24 18:00:00,23.28,63.66,48.83,2.376,172.61,54.42,236.37,0
2026-03-24 19:00:00,21.03,69.31,48.46,2.319,175.28,54.52,237.14,0
2026-03-24 20:00:00,21.91,69.48,48.37,2.433,175.51,52.88,241.4,0
2026-03-24 21:00:00,18.66,73.52,47.91,2.431,175.74,53.47,241.16,0
2026-03-24 22:00:00,18.22,75.39,47.35,2.416,175.94,54.58,238.24,0
2026-03-24 23:00:00,17.43,77.85,47.5,2.412,177.95,54.42,235.53,0
2026-03-25 00:00:00,17.17,86.76,47.56,2.329,178.4,54.39,235.0,0
2026-03-25 01:00:00,18.11,86.73,47.35,2.325,176.91,54.12,236.69,0
2026-03-25 02:00:00,18.02,82.83,47.29,2.369,177.19,54.7,243.83,0
2026-03-25 03:00:00,18.58,85.44,47.33,2.437,177.49,54.69,242.66,0
2026-03-25 04:00:00,19.46,90.14,47.13,2.406,176.6,54.72,243.69,0
2026-03-25 05:00:00,20.03,90.05,46.56,2.41,177.98,54.21,239.39,0
2026-03-25 06:00:00,19.39,83.06,46.45,2.476,177.63,56.28,234.96,0
2026-03-25 07:00:00,20.63,86.52,46.55,2.466,178.39,56.22,233.72,0
2026-03-25 08:00:00,21.99,83.16,46.18,2.498,178.77,57.03,234.9,0
2026-03-25 09:00:00,25.36,74.99,45.63,2.509,176.92,57.41,234.69,0
2026-03-25 10:00:00,24.02,75.99,45.23,2.455,174.68,55.25,234.83,0
2026-03-25 11:00:00,24.11,73.81,44.6,2.389,173.0,55.12,234.16,0
2026-03-25 12:00:00,24.85,71.62,56.35,2.446,172.54,54.29,234.13,1
2026-03-25 13:00:00,24.08,65.92,68.19,2.276,175.1,55.4,233.44,1
2026-03-25 14:00:00,24.56,65.57,67.23,2.237,174.61,54.45,230.14,0
2026-03-25 15:00:00,24.7,64.82,67.0,2.158,174.9,55.13,226.66,0
2026-03-25 16:00:00,23.45,64.66,67.11,2.232,176.07,56.23,230.47,0
2026-03-25 17:00:00,22.22,65.08,66.72,2.318,174.98,56.66,228.64,0
2026-03-25 18:00:00,21.85,67.14,66.46,2.273,173.84,56.82,228.36,0
2026-03-25 19:00:00,20.78,70.0,66.07,2.441,175.38,56.62,231.66,0
2026-03-25 20:00:00,19.14,75.94,65.72,2.514,175.99,56.67,231.16,0
2026-03-25 21:00:00,18.85,76.33,65.45,2.511,174.53,55.62,233.54,0
2026-03-25 22:00:00,17.55,80.29,65.13,2.586,173.41,55.97,231.4,0
2026-03-25 23:00:00,17.1,78.65,64.54,2.528,173.22,57.1,235.46,0
2026-03-26 00:00:00,16.82,79.99,64.29,2.495,173.49,56.46,236.01,0
2026-03-26 01:00:00,18.17,86.78,64.34,2.509,175.39,56.65,235.89,0
2026-03-26 02:00:00,18.66,86.49,63.75,2.453,175.93,56.71,235.43,0
2026-03-26 03:00:00,16.89,89.45,63.6,2.365,173.72,57.15,237.33,0
2026-03-26 04:00:00,19.63,85.79,63.45,2.304,171.96,56.82,237.8,0
2026-03-26 05:00:00,18.46,89.25,63.16,2.292,172.24,55.61,229.67,0
2026-03-26 06:00:00,20.62,86.09,63.11,2.321,172.21,54.8,228.81,0
2026-03-26 07:00:00,21.18,83.63,63.03,2.299,170.4,52.93,229.93,0
2026-03-26 08:00:00,22.35,81.58,62.36,2.201,172.08,53.9,227.76,0
2026-03-26 09:00:00,21.93,81.07,62.13,2.236,167.75,54.5,226.86,0
2026-03-26 10:00:00,22.21,78.94,61.75,2.317,168.24,54.71,226.3,0
2026-03-26 11:00:00,23.47,73.24,61.66,2.276,165.33,54.3,230.72,0
2026-03-26 12:00:00,24.68,72.36,61.07,2.378,166.9,54.39,232.43,0
2026-03-26 13:00:00,25.87,70.07,60.4,2.424,166.35,54.59,233.38,0
2026-03-26 14:00:00,23.66,69.32,59.78,2.352,167.64,54.34,230.55,0
2026-03-26 15:00:00,23.96,68.84,59.57,2.31,166.83,54.14,229.06,0
2026-03-26 16:00:00,22.95,70.53,58.97,2.29,169.14,55.55,231.48,0
2026-03-26 17:00:00,22.74,65.21,58.39,2.28,165.62,54.62,233.31,0
2026-03-26 18:00:00,20.55,71.12,58.42,2.135,167.18,55.73,229.84,0
2026-03-26 19:00:00,22.05,69.51,57.82,2.101,166.0,54.47,233.6,0
2026-03-26 20:00:00,20.11,68.76,57.73,2.082,166.63,56.14,231.52,0
2026-03-26 21:00:00,19.89,72.53,57.51,2.211,167.32,54.17,232.59,0
2026-03-26 22:00:00,18.36,78.16,57.23,2.231,164.72,54.82,239.54,0
2026-03-26 23:00:00,18.1,81.66,56.75,2.188,166.52,54.44,238.27,0
2026-03-27 00:00:00,18.41,79.96,56.35,2.169,167.17,54.52,238.52,0
2026-03-27 01:00:00,17.59,82.87,56.03,2.204,167.3,54.62,236.95,0
2026-03-27 02:00:00,17.74,85.19,55.98,2.188,167.9,55.39,237.29,0
2026-03-27 03:00:00,17.41,85.47,56.03,2.161,168.01,53.82,240.74,0
2026-03-27 04:00:00,18.15,83.3,55.3,2.137,169.39,54.04,239.97,0
2026-03-27 05:00:00,18.54,82.08,54.74,2.177,168.36,54.44,238.98,0
2026-03-27 06:00:00,19.58,85.57,54.7,2.103,169.74,54.08,241.54,0
2026-03-27 07:00:00,21.88,85.41,54.69,2.052,170.58,54.21,238.06,0
2026-03-27 08:00:00,23.17,84.14,53.69,2.013,170.04,53.85,238.11,0
2026-03-27 09:00:00,21.88,76.44,53.41,1.967,173.16,54.59,236.14,0
2026-03-27 10:00:00,23.75,73.64,52.84,1.941,173.65,55.14,235.48,0
2026-03-27 11:00:00,23.81,72.83,52.5,2.02,173.66,55.54,233.24,0
2026-03-27 12:00:00,25.36,71.51,51.67,2.102,174.34,56.33,229.76,0
2026-03-27 13:00:00,24.59,71.74,50.69,2.132,173.78,57.63,224.5,0
2026-03-27 14:00:00,24.38,69.27,50.03,2.157,175.59,56.87,223.89,0
2026-03-27 15:00:00,23.51,65.46,49.39,2.126,175.13,59.02,225.02,0
2026-03-27 16:00:00,22.4,66.9,48.74,2.014,176.2,59.46,227.55,0
2026-03-27 17:00:00,23.28,64.27,48.07,2.042,173.83,59.09,224.58,0
2026-03-27 18:00:00,22.15,67.66,48.03,2.078,170.24,61.24,225.48,0
2026-03-27 19:00:00,21.26,69.07,47.32,2.053,170.76,60.89,227.36,0
2026-03-27 20:00:00,19.67,75.01,46.86,2.006,169.84,59.84,228.64,0
2026-03-27 21:00:00,19.15,75.39,46.54,1.95,169.3,59.44,229.6,0
2026-03-27 22:00:00,19.08,75.07,46.34,1.985,164.91,59.02,224.47,0
2026-03-27 23:00:00,18.66,77.95,46.36,2.012,167.97,60.08,224.7,0
2026-03-28 00:00:00,16.79,81.67,46.42,2.104,168.04,60.04,225.0,0
2026-03-28 01:00:00,17.06,80.87,46.54,2.069,170.32,60.19,226.87,0
2026-03-28 02:00:00,16.65,85.95,46.48,2.068,167.6,60.3,230.74,0
2026-03-28 03:00:00,18.11,87.27,45.77,2.085,167.68,61.4,230.31,0
2026-03-28 04:00:00,19.14,89.17,45.07,2.067,168.3,61.13,229.68,0
2026-03-28 05:00:00,19.05,89.16,45.21,2.134,168.41,60.97,230.27,0
2026-03-28 06:00:00,19.63,86.77,45.34,2.22,168.7,60.38,230.56,0
2026-03-28 07:00:00,20.77,80.7,45.33,2.159,166.05,60.05,231.87,0
2026-03-28 08:00:00,23.52,79.45,44.52,2.141,166.58,60.58,233.35,0
2026-03-28 09:00:00,23.58,78.33,55.86,2.232,165.0,61.28,232.99,1
2026-03-28 10:00:00,23.99,78.63,67.18,2.256,163.88,62.83,234.34,1
2026-03-28 11:00:00,24.26,75.7,66.31,2.266,163.96,62.71,233.82,0
2026-03-28 12:00:00,24.37,70.88,65.82,2.289,163.37,62.45,230.26,0
2026-03-28 13:00:00,23.87,75.12,65.9,2.329,162.9,62.8,227.6,0
2026-03-28 14:00:00,23.64,71.38,65.19,2.351,165.01,62.35,222.14,0
2026-03-28 15:00:00,23.63,69.47,65.02,2.36,164.73,61.77,226.94,0
2026-03-28 16:00:00,22.81,67.75,64.2,2.356,164.02,62.06,230.55,0
2026-03-28 17:00:00,22.32,67.52,63.19,2.433,163.84,61.71,233.36,0
2026-03-28 18:00:00,21.83,68.44,62.93,2.408,161.89,61.46,232.9,0
2026-03-28 19:00:00,20.98,64.71,62.67,2.4,162.31,62.02,235.45,0
2026-03-28 20:00:00,19.66,68.87,62.85,2.486,163.71,62.3,237.67,0
2026-03-28 21:00:00,19.6,73.6,63.09,2.493,164.33,64.09,233.9,0
2026-03-28 22:00:00,18.39,77.32,62.81,2.475,164.42,64.86,231.99,0
2026-03-28 23:00:00,18.12,79.54,63.01,2.501,165.53,64.08,233.48,0
2026-03-29 00:00:00,17.1,83.18,62.55,2.501,164.51,63.66,232.34,0
2026-03-29 01:00:00,17.99,79.52,62.08,2.442,164.6,62.37,230.7,0
2026-03-29 02:00:00,17.24,87.79,62.2,2.447,167.13,61.48,232.98,0
2026-03-29 03:00:00,19.09,87.78,61.54,2.388,166.52,62.64,231.01,0
2026-03-29 04:00:00,18.37,87.53,61.34,2.492,167.55,62.37,237.41,0
2026-03-29 05:00:00,19.18,89.94,61.51,2.492,168.59,61.11,241.28,0
2026-03-29 06:00:00,20.51,83.91,61.71,2.423,167.08,59.38,240.43,0
2026-03-29 07:00:00,21.57,84.19,61.38,2.391,168.24,58.14,243.28,0
2026-03-29 08:00:00,22.55,83.21,61.13,2.43,167.01,57.53,243.33,0
2026-03-29 09:00:00,23.99,77.71,60.23,2.355,167.71,57.67,241.88,0
2026-03-29 10:00:00,23.94,71.99,59.46,2.515,166.48,57.44,246.48,0
2026-03-29 11:00:00,23.98,71.27,58.97,2.412,166.92,58.21,246.88,0
2026-03-29 12:00:00,24.01,71.34,58.52,2.46,167.08,57.48,244.05,0
2026-03-29 13:00:00,24.41,68.6,57.64,2.42,167.2,58.72,244.75,0
2026-03-29 14:00:00,25.42,67.43,57.63,2.363,167.6,58.69,248.45,0
2026-03-29 15:00:00,23.06,64.73,56.51,2.391,166.54,59.21,247.79,0
2026-03-29 16:00:00,22.9,62.72,55.97,2.357,164.38,58.82,247.67,0
2026-03-29 17:00:00,22.6,66.72,55.47,2.448,164.55,59.83,246.29,0
2026-03-29 18:00:00,21.32,67.06,54.4,2.354,166.55,58.7,246.6,0
2026-03-29 19:00:00,20.71,70.82,54.59,2.384,167.54,57.69,243.58,0
2026-03-29 20:00:00,21.36,69.63,54.17,2.362,168.24,56.95,241.16,0
2026-03-29 21:00:00,19.04,69.1,54.0,2.375,167.2,58.16,240.0,0
2026-03-29 22:00:00,18.81,70.49,53.9,2.401,167.44,58.06,240.17,0
2026-03-29 23:00:00,16.81,78.84,53.26,2.29,165.85,57.32,242.69,0
2026-03-30 00:00:00,16.85,82.82,52.74,2.304,165.05,57.29,241.94,0
2026-03-30 01:00:00,18.15,84.2,53.01,2.369,165.69,57.58,243.66,0
2026-03-30 02:00:00,18.79,85.11,52.79,2.393,162.4,56.75,242.13,0
2026-03-30 03:00:00,18.12,83.65,51.78,2.364,165.61,57.05,243.24,0
2026-03-30 04:00:00,18.31,83.28,51.49,2.275,163.19,57.07,245.83,0
2026-03-30 05:00:00,19.6,88.54,51.28,2.307,166.66,56.77,245.0,0
2026-03-30 06:00:00,18.28,85.96,51.15,2.419,165.08,55.78,245.38,0
2026-03-30 07:00:00,21.16,83.87,50.35,2.45,163.55,56.77,243.39,0
2026-03-30 08:00:00,21.17,78.65,49.79,2.509,162.89,56.5,244.44,0
2026-03-30 09:00:00,23.31,77.43,48.98,2.551,162.19,54.03,236.96,0
2026-03-30 10:00:00,21.94,77.11,48.5,2.51,161.21,54.59,232.8,0
2026-03-30 11:00:00,23.59,74.86,48.09,2.5,160.7,55.15,234.34,0
2026-03-30 12:00:00,24.35,71.09,47.64,2.538,161.03,56.2,230.28,0
2026-03-30 13:00:00,23.97,72.67,47.5,2.427,159.58,56.74,229.3,0
2026-03-30 14:00:00,24.12,66.03,47.59,2.457,161.31,57.03,233.09,0
2026-03-30 15:00:00,24.66,69.59,46.69,2.522,164.0,56.74,235.35,0
2026-03-30 16:00:00,23.46,66.54,46.01,2.503,160.54,56.46,241.32,0
2026-03-30 17:00:00,22.1,66.65,45.68,2.538,164.05,57.23,241.19,0
2026-03-30 18:00:00,22.56,69.81,45.09,2.488,165.48,57.24,240.67,0
2026-03-30 19:00:00,21.18,67.66,44.08,2.477,165.93,56.09,240.41,0
2026-03-30 20:00:00,20.3,70.68,55.82,2.448,164.86,55.95,237.83,1
2026-03-30 21:00:00,18.63,71.09,67.99,2.465,165.16,56.09,237.16,1
2026-03-30 22:00:00,16.74,79.34,67.37,2.448,166.77,54.47,233.9,0
2026-03-30 23:00:00,17.33,80.69,67.24,2.337,171.4,55.37,236.89,0
2026-03-31 00:00:00,16.91,85.24,66.46,2.291,175.09,55.57,238.64,0
2026-03-31 01:00:00,17.07,85.29,66.52,2.408,171.93,54.54,235.55,0
2026-03-31 02:00:00,17.03,89.28,66.4,2.435,171.28,54.49,233.86,0
2026-03-31 03:00:00,18.05,85.76,66.03,2.299,171.17,54.62,234.9,0
2026-03-31 04:00:00,19.14,90.47,65.7,2.372,173.34,55.7,235.58,0
2026-03-31 05:00:00,20.0,86.63,65.05,2.298,172.86,56.71,232.93,0
2026-03-31 06:00:00,20.68,86.53,65.15,2.351,171.18,57.84,233.2,0
2026-03-31 07:00:00,20.37,86.6,64.71,2.425,171.03,58.3,234.71,0
2026-03-31 08:00:00,21.95,88.32,64.31,2.423,170.1,57.83,236.23,0
2026-03-31 09:00:00,23.85,81.9,63.46,2.354,171.67,57.14,240.38,0
2026-03-31 10:00:00,22.37,79.29,63.57,2.308,175.7,56.65,240.74,0
2026-03-31 11:00:00,24.97,72.79,63.47,2.345,176.91,56.75,237.35,0
2026-03-31 12:00:00,23.68,71.89,63.53,2.274,178.15,56.89,234.57,0
2026-03-31 13:00:00,24.71,68.98,63.62,2.24,179.84,57.97,237.73,0
2026-03-31 14:00:00,24.67,70.99,62.86,2.275,180.07,57.86,241.62,0
2026-03-31 15:00:00,24.16,66.01,62.03,2.238,178.75,56.16,241.2,0
2026-03-31 16:00:00,25.03,69.32,62.07,2.328,177.66,55.26,241.85,0
2026-03-31 17:00:00,22.54,63.12,61.47,2.263,179.12,54.59,241.74,0
2026-03-31 18:00:00,20.76,70.97,61.17,2.069,179.08,53.93,240.66,0
2026-03-31 19:00:00,21.25,67.07,60.79,2.038,176.75,51.65,236.65,0
2026-03-31 20:00:00,19.98,73.63,60.41,2.075,178.63,53.37,237.76,0
2026-03-31 21:00:00,19.64,71.99,60.46,2.143,176.7,51.66,242.07,0
2026-03-31 22:00:00,19.14,78.55,59.66,2.129,174.2,51.46,242.15,0
2026-03-31 23:00:00,17.95,77.44,59.7,2.125,172.25,52.37,241.03,0
2026-04-01 00:00:00,17.92,85.09,59.66,2.135,172.51,53.19,239.65,0
2026-04-01 01:00:00,17.6,86.89,59.3,2.251,173.96,52.13,240.66,0
2026-04-01 02:00:00,18.87,85.02,59.1,2.277,174.06,53.51,243.26,0
2026-04-01 03:00:00,17.71,89.07,58.96,2.249,172.7,54.72,244.18,0
2026-04-01 04:00:00,18.04,90.37,58.83,2.376,170.94,54.78,239.04,0
2026-04-01 05:00:00,19.87,85.32,58.84,2.371,172.09,55.02,243.2,0
2026-04-01 06:00:00,19.44,83.94,58.39,2.242,171.64,54.4,244.87,0
2026-04-01 07:00:00,21.27,82.1,59.0,2.163,171.99,54.86,243.93,0
2026-04-01 08:00:00,21.79,79.47,58.39,2.206,171.45,55.28,242.15,0
2026-04-01 09:00:00,22.68,77.16,57.8,2.106,171.73,55.04,240.68,0
2026-04-01 10:00:00,25.18,79.31,57.81,2.149,172.17,55.83,242.55,0
2026-04-01 11:00:00,24.89,75.55,56.69,2.113,176.25,56.31,237.24,0
2026-04-01 12:00:00,25.1,67.26,56.7,2.197,176.52,59.38,238.41,0
2026-04-01 13:00:00,24.87,67.95,56.16,2.214,175.36,58.64,238.94,0
2026-04-01 14:00:00,23.9,64.58,55.44,2.122,175.26,59.94,239.41,0
2026-04-01 15:00:00,24.21,68.53,54.54,2.189,173.14,59.24,236.28,0
2026-04-01 16:00:00,23.88,64.88,53.59,2.279,171.09,59.8,231.96,0
2026-04-01 17:00:00,22.89,62.51,52.94,2.204,173.1,57.52,237.72,0
2026-04-01 18:00:00,21.97,67.9,52.47,2.162,173.32,57.2,237.92,0
2026-04-01 19:00:00,20.72,70.74,52.46,2.202,175.0,57.76,242.61,0
2026-04-01 20:00:00,20.29,69.12,52.34,2.25,171.68,58.11,244.49,0
2026-04-01 21:00:00,18.88,73.49,51.98,2.394,169.66,56.42,244.3,0
2026-04-01 22:00:00,19.02,74.74,52.19,2.441,170.01,56.22,244.41,0
2026-04-01 23:00:00,16.56,82.96,52.79,2.575,168.32,57.72,246.64,0
2026-04-02 00:00:00,18.57,81.42,53.04,2.557,165.63,58.77,249.04,0
2026-04-02 01:00:00,16.58,82.97,52.73,2.562,163.66,59.73,249.53,0
2026-04-02 02:00:00,16.87,86.4,52.68,2.51,163.13,61.92,251.53,0
2026-04-02 03:00:00,18.26,87.11,52.65,2.464,163.95,60.35,253.56,0
2026-04-02 04:00:00,18.9,89.72,52.93,2.461,167.08,60.05,253.45,0
2026-04-02 05:00:00,20.7,90.67,52.63,2.415,165.1,60.13,251.02,0
2026-04-02 06:00:00,20.3,89.59,52.14,2.253,163.3,59.53,251.46,0
2026-04-02 07:00:00,20.97,83.82,52.28,2.216,160.75,59.72,248.77,0
2026-04-02 08:00:00,22.04,83.26,51.85,2.287,161.96,60.96,247.13,0
2026-04-02 09:00:00,23.86,83.57,50.96,2.292,162.3,61.09,247.52,0
2026-04-02 10:00:00,25.17,80.82,50.6,2.297,160.67,59.13,246.69,0
2026-04-02 11:00:00,23.9,71.96,50.59,2.252,159.35,59.83,249.4,0
2026-04-02 12:00:00,24.76,72.98,49.81,2.275,159.35,59.88,247.03,0
2026-04-02 13:00:00,24.45,70.28,48.98,2.376,159.46,57.98,241.11,0
2026-04-02 14:00:00,24.31,69.79,48.42,2.455,157.81,57.55,244.08,0
2026-04-02 15:00:00,25.35,69.48,48.05,2.466,158.42,56.12,243.74,0
2026-04-02 16:00:00,22.83,63.4,47.47,2.403,156.2,56.04,243.54,0
2026-04-02 17:00:00,21.12,64.65,47.26,2.502,156.64,55.76,241.14,0
2026-04-02 18:00:00,22.13,69.74,46.79,2.551,156.66,54.58,236.13,0
2026-04-02 19:00:00,21.84,69.59,46.89,2.445,157.71,55.02,234.02,0
2026-04-02 20:00:00,20.25,65.93,46.48,2.329,160.18,54.26,235.5,0
2026-04-02 21:00:00,19.6,69.99,45.91,2.242,159.71,55.68,234.97,0
2026-04-02 22:00:00,19.05,78.66,45.61,2.216,159.92,56.02,234.14,0
2026-04-02 23:00:00,18.05,81.94,45.0,2.276,156.56,55.97,229.93,0
2026-04-03 00:00:00,18.01,79.13,44.93,2.331,160.45,57.28,234.72,0
2026-04-03 01:00:00,17.88,87.53,56.12,2.349,157.28,57.65,234.58,1
2026-04-03 02:00:00,16.25,86.03,67.79,2.337,157.44,58.1,240.46,1
2026-04-03 03:00:00,18.05,85.07,67.5,2.477,153.15,58.15,241.1,0
2026-04-03 04:00:00,17.42,86.6,66.99,2.466,152.14,57.99,244.67,0
2026-04-03 05:00:00,19.22,84.57,66.69,2.45,155.78,58.47,242.4,0
2026-04-03 06:00:00,19.75,84.99,66.5,2.409,158.21,59.95,238.24,0
2026-04-03 07:00:00,21.72,80.11,66.68,2.534,160.25,56.93,237.61,0
2026-04-03 08:00:00,22.08,82.32,65.81,2.561,160.1,58.77,238.88,0
2026-04-03 09:00:00,23.08,81.31,65.36,2.48,163.26,57.96,240.36,0
2026-04-03 10:00:00,23.34,73.63,64.97,2.399,163.8,58.25,241.08,0
2026-04-03 11:00:00,24.77,74.2,64.4,2.291,165.09,56.82,246.5,0
2026-04-03 12:00:00,23.26,69.49,63.69,2.286,169.85,58.32,246.91,0
2026-04-03 13:00:00,23.87,70.89,62.78,2.197,171.62,57.18,245.54,0
2026-04-03 14:00:00,25.28,61.69,62.78,2.134,171.23,58.34,244.43,0
2026-04-03 15:00:00,23.73,68.15,62.24,2.21,171.9,58.23,241.94,0
2026-04-03 16:00:00,21.97,61.46,61.6,2.269,174.15,58.2,242.33,0
2026-04-03 17:00:00,23.77,65.85,61.67,2.361,174.91,57.18,244.66,0
2026-04-03 18:00:00,22.66,65.7,61.19,2.269,175.92,58.42,247.7,0
2026-04-03 19:00:00,21.5,68.32,61.75,2.211,177.8,58.39,246.33,0
2026-04-03 20:00:00,20.16,67.68,61.12,2.179,181.85,59.15,245.63,0
2026-04-03 21:00:00,20.41,78.3,60.85,2.286,179.49,57.37,243.49,0
2026-04-03 22:00:00,19.41,73.78,60.24,2.291,180.17,56.71,245.49,0
2026-04-03 23:00:00,19.05,76.83,60.01,2.401,180.39,57.09,241.88,0
2026-04-04 00:00:00,18.11,86.99,59.77,2.431,179.08,55.82,239.73,0
2026-04-04 01:00:00,17.59,85.58,59.43,2.415,177.36,56.33,229.1,0
2026-04-04 02:00:00,17.34,83.39,59.25,2.442,179.83,55.91,226.45,0
2026-04-04 03:00:00,17.08,87.3,58.92,2.328,177.4,55.39,225.4,0
2026-04-04 04:00:00,18.88,87.41,58.69,2.203,174.37,56.05,224.6,0
2026-04-04 05:00:00,19.66,83.41,58.26,2.225,172.98,56.38,221.88,0
2026-04-04 06:00:00,19.85,84.63,58.5,2.231,169.45,55.54,219.71,0
2026-04-04 07:00:00,21.43,84.71,57.96,2.352,167.75,56.74,223.63,0
2026-04-04 08:00:00,21.67,85.67,57.48,2.266,165.75,57.36,222.25,0
2026-04-04 09:00:00,23.36,79.37,56.56,2.29,165.87,55.68,218.36,0
2026-04-04 10:00:00,22.86,76.72,55.75,2.333,168.44,55.6,216.59,0
2026-04-04 11:00:00,23.29,72.12,54.98,2.351,167.24,56.13,214.94,0
2026-04-04 12:00:00,24.21,74.24,54.37,2.413,168.71,56.2,215.76,0
2026-04-04 13:00:00,25.08,71.48,53.86,2.368,169.91,53.39,217.62,0
2026-04-04 14:00:00,23.57,69.45,52.96,2.413,165.72,53.7,215.11,0
2026-04-04 15:00:00,24.77,66.65,52.27,2.439,164.7,54.63,216.85,0
2026-04-04 16:00:00,22.33,62.0,51.42,2.499,164.03,54.78,221.26,0
2026-04-04 17:00:00,22.58,69.09,50.56,2.454,164.76,55.05,224.49,0
2026-04-04 18:00:00,20.92,67.62,50.35,2.372,165.79,56.17,226.46,0
2026-04-04 19:00:00,19.17,68.45,49.73,2.33,166.36,54.92,227.91,0
2026-04-04 20:00:00,20.35,72.62,49.55,2.264,164.69,55.8,227.47,0
2026-04-04 21:00:00,19.13,74.71,49.86,2.232,163.56,56.29,231.39,0
2026-04-04 22:00:00,17.55,74.33,50.02,2.217,160.92,55.0,232.65,0
2026-04-04 23:00:00,17.61,79.05,49.95,2.168,161.2,55.84,230.75,0
2026-04-05 00:00:00,17.93,77.74,49.75,2.178,160.69,57.65,230.59,0
2026-04-05 01:00:00,17.24,84.99,49.77,2.116,161.82,58.08,229.12,0
2026-04-05 02:00:00,17.48,89.85,49.68,2.124,163.2,58.69,229.07,0
2026-04-05 03:00:00,17.69,83.14,49.9,2.107,162.67,57.84,232.4,0
2026-04-05 04:00:00,18.12,88.32,49.66,2.113,163.28,57.4,232.09,0
2026-04-05 05:00:00,18.83,89.3,49.76,2.15,162.96,56.63,230.25,0
2026-04-05 06:00:00,19.66,88.57,49.47,2.135,161.03,57.14,233.09,0
2026-04-05 07:00:00,20.47,82.91,49.83,2.1,159.75,56.82,236.38,0
2026-04-05 08:00:00,21.19,79.74,49.24,2.075,155.88,56.46,234.34,0
2026-04-05 09:00:00,22.48,78.38,48.2,2.152,155.53,57.26,238.08,0
2026-04-05 10:00:00,23.03,79.98,47.66,2.239,154.84,58.9,240.33,0
2026-04-05 11:00:00,23.28,69.88,47.33,2.212,153.28,58.91,238.68,0
2026-04-05 12:00:00,24.92,68.46,47.25,2.209,155.22,57.59,241.55,0
2026-04-05 13:00:00,25.36,68.07,46.38,2.113,156.56,57.76,238.14,0
2026-04-05 14:00:00,24.38,65.03,45.29,2.115,157.89,58.06,236.78,0
2026-04-05 15:00:00,24.08,66.27,44.88,2.041,159.42,58.92,233.95,0
2026-04-05 16:00:00,22.99,69.54,56.46,2.03,159.64,58.73,231.56,1
2026-04-05 17:00:00,23.5,63.37,67.48,2.114,159.83,59.62,233.86,1
2026-04-05 18:00:00,23.12,67.11,66.82,2.036,161.53,60.34,233.88,0
2026-04-05 19:00:00,20.89,69.2,66.54,2.001,162.87,60.12,231.16,0
2026-04-05 20:00:00,19.73,70.66,66.58,1.968,164.81,60.92,229.88,0
2026-04-05 21:00:00,19.49,70.21,66.26,1.891,164.74,61.79,228.47,0
2026-04-05 22:00:00,18.62,75.41,65.93,1.971,162.97,60.81,229.43,0
2026-04-05 23:00:00,17.62,78.26,65.76,2.011,163.48,61.71,235.39,0
2026-04-06 00:00:00,17.95,84.08,65.15,2.14,162.5,61.61,235.88,0
2026-04-06 01:00:00,18.16,85.83,65.52,2.091,163.78,61.4,236.52,0
2026-04-06 02:00:00,17.07,82.65,65.6,2.0,164.34,61.32,240.3,0
2026-04-06 03:00:00,19.75,86.66,65.19,2.077,164.46,62.46,238.67,0
2026-04-06 04:00:00,17.45,86.75,64.66,2.071,163.78,63.56,241.82,0
2026-04-06 05:00:00,18.65,92.51,64.14,2.059,165.63,63.94,240.42,0
2026-04-06 06:00:00,20.26,87.26,64.12,2.165,167.27,64.13,239.25,0
2026-04-06 07:00:00,22.57,82.08,63.61,2.184,166.17,63.97,238.21,0
2026-04-06 08:00:00,21.51,80.56,62.99,2.247,163.91,66.34,237.78,0
2026-04-06 09:00:00,22.0,78.9,61.93,2.213,164.28,65.59,237.21,0
2026-04-06 10:00:00,23.86,77.91,61.53,2.176,166.44,65.08,237.99,0
2026-04-06 11:00:00,23.86,75.37,61.14,2.162,164.11,65.26,236.78,0
2026-04-06 12:00:00,24.85,72.0,60.52,2.212,164.99,64.35,236.94,0
2026-04-06 13:00:00,24.45,68.7,60.01,2.221,163.52,65.22,232.82,0
2026-04-06 14:00:00,23.78,67.13,59.69,2.255,161.74,63.8,234.88,0
2026-04-06 15:00:00,25.68,66.05,59.16,2.102,163.55,63.1,237.72,0
2026-04-06 16:00:00,21.41,61.54,58.85,2.003,164.78,62.71,238.14,0
2026-04-06 17:00:00,24.02,66.22,57.94,1.894,164.51,61.78,239.85,0
2026-04-06 18:00:00,22.56,66.03,57.5,1.9,165.95,62.73,237.51,0
2026-04-06 19:00:00,20.48,65.09,57.35,1.844,167.15,61.52,241.18,0
2026-04-06 20:00:00,21.4,77.54,57.51,1.978,164.39,60.67,241.35,0
2026-04-06 21:00:00,18.29,74.93,57.32,1.999,164.56,60.1,237.02,0
2026-04-06 22:00:00,19.23,77.03,57.09,2.033,167.12,60.92,239.96,0
2026-04-06 23:00:00,16.51,78.92,56.73,1.986,167.89,62.26,241.5,0
2026-04-07 00:00:00,16.82,84.33,56.97,1.941,163.07,62.72,245.86,0
2026-04-07 01:00:00,16.7,81.87,56.07,2.059,161.22,61.51,249.47,0
2026-04-07 02:00:00,17.09,85.74,56.02,2.183,163.16,60.97,252.1,0
2026-04-07 03:00:00,17.98,85.24,55.81,2.216,162.23,62.42,252.43,0
2026-04-07 04:00:00,17.95,89.8,55.56,2.1,164.36,62.43,253.34,0
2026-04-07 05:00:00,17.82,85.56,55.26,2.089,168.07,61.12,249.73,0
2026-04-07 06:00:00,20.42,89.28,55.04,2.122,167.52,63.12,248.3,0
2026-04-07 07:00:00,21.03,84.53,54.99,2.121,166.3,62.57,255.1,0
2026-04-07 08:00:00,22.19,84.44,54.2,2.006,164.44,62.49,249.77,0
2026-04-07 09:00:00,22.87,80.85,53.68,2.138,165.83,61.86,249.81,0
2026-04-07 10:00:00,24.14,79.65,53.22,2.099,164.71,61.0,248.97,0
2026-04-07 11:00:00,23.98,71.82,52.37,2.033,164.0,62.2,250.41,0
2026-04-07 12:00:00,25.09,73.76,51.95,2.049,162.04,62.37,250.13,0
2026-04-07 13:00:00,23.96,64.57,51.5,2.138,161.38,62.64,252.41,0
2026-04-07 14:00:00,23.88,67.58,50.7,2.18,160.26,61.47,251.58,0
2026-04-07 15:00:00,24.99,65.01,49.77,2.11,156.88,61.22,252.69,0
2026-04-07 16:00:00,24.42,62.49,48.96,2.034,155.69,60.68,252.72,0
2026-04-07 17:00:00,23.15,64.14,48.44,1.921,157.41,59.98,251.1,0
2026-04-07 18:00:00,21.28,65.87,47.87,1.93,160.14,60.46,249.21,0
2026-04-07 19:00:00,20.32,68.73,48.09,1.928,160.14,60.2,251.69,0
2026-04-07 20:00:00,21.02,70.19,47.78,1.985,160.4,60.88,252.42,0
2026-04-07 21:00:00,20.14,74.35,47.31,1.966,161.1,61.56,254.04,0
2026-04-07 22:00:00,18.48,74.92,47.31,2.047,164.79,61.18,256.23,0
2026-04-07 23:00:00,19.61,78.65,46.82,2.104,162.98,61.62,253.87,0
2026-04-08 00:00:00,17.94,81.78,46.38,2.074,160.79,61.21,252.25,0
2026-04-08 01:00:00,16.72,85.23,45.95,2.114,160.86,60.53,250.54,0
2026-04-08 02:00:00,17.43,88.65,44.85,2.206,161.74,59.62,252.34,0
2026-04-08 03:00:00,17.97,89.76,56.82,2.155,161.81,59.76,251.7,1
2026-04-08 04:00:00,18.59,88.59,68.9,2.153,159.48,59.16,251.32,1
2026-04-08 05:00:00,20.13,88.7,68.97,2.149,161.29,60.49,247.87,0
2026-04-08 06:00:00,19.42,87.31,69.34,2.138,161.19,62.0,249.28,0
2026-04-08 07:00:00,20.07,83.99,69.59,2.198,162.34,62.43,250.71,0
2026-04-08 08:00:00,22.33,84.75,68.94,2.258,165.24,62.63,251.33,0
2026-04-08 09:00:00,22.4,77.56,68.72,2.285,162.6,62.63,250.92,0
2026-04-08 10:00:00,25.17,71.88,68.12,2.308,159.6,64.75,252.73,0
2026-04-08 11:00:00,24.69,71.55,67.42,2.273,160.84,66.43,251.72,0
2026-04-08 12:00:00,24.01,75.01,66.63,2.295,157.34,66.11,254.44,0
2026-04-08 13:00:00,25.35,68.48,65.98,2.218,156.93,65.81,255.25,0
2026-04-08 14:00:00,24.89,68.16,65.51,2.373,156.22,65.99,251.08,0
2026-04-08 15:00:00,24.47,65.69,65.42,2.449,157.22,64.81,249.95,0
2026-04-08 16:00:00,23.39,67.4,65.08,2.496,156.33,63.11,250.01,0
2026-04-08 17:00:00,23.04,66.55,64.29,2.506,157.57,61.87,247.52,0
2026-04-08 18:00:00,20.43,67.3,63.43,2.516,155.94,61.6,249.59,0
2026-04-08 19:00:00,21.92,70.76,63.4,2.4,154.07,60.76,243.92,0
2026-04-08 20:00:00,17.69,70.34,63.47,2.317,154.54,62.11,245.48,0
2026-04-08 21:00:00,18.94,75.08,63.64,2.248,155.15,60.78,246.69,0
2026-04-08 22:00:00,17.41,76.56,63.36,2.255,156.07,59.62,241.13,0
2026-04-08 23:00:00,17.62,79.58,63.3,2.242,159.09,58.04,241.09,0
2026-04-09 00:00:00,17.57,80.45,63.35,2.294,161.64,57.58,239.69,0
2026-04-09 01:00:00,16.66,84.24,62.75,2.237,162.58,57.35,243.0,0
2026-04-09 02:00:00,15.68,85.17,62.63,2.303,164.14,57.42,240.51,0
2026-04-09 03:00:00,18.11,90.45,62.7,2.253,164.64,57.52,242.23,0
2026-04-09 04:00:00,19.99,83.79,62.66,2.232,166.78,57.1,244.37,0
2026-04-09 05:00:00,19.0,89.85,62.43,2.29,167.36,56.3,242.92,0
2026-04-09 06:00:00,20.77,82.17,63.01,2.321,166.28,56.85,245.76,0
2026-04-09 07:00:00,22.05,86.12,63.39,2.244,164.87,56.19,244.19,0
2026-04-09 08:00:00,20.58,80.41,62.85,2.312,166.95,57.07,247.06,0
2026-04-09 09:00:00,22.43,81.26,62.24,2.317,166.54,55.88,252.97,0
2026-04-09 10:00:00,22.58,76.7,61.89,2.187,169.93,55.39,254.39,0
2026-04-09 11:00:00,23.47,70.57,61.32,2.144,167.74,57.43,254.96,0
2026-04-09 12:00:00,25.57,74.9,61.12,2.131,169.89,59.53,252.77,0
2026-04-09 13:00:00,24.66,71.16,60.18,2.072,168.92,58.38,256.53,0
2026-04-09 14:00:00,24.93,68.73,59.53,2.169,169.5,59.57,257.67,0
2026-04-09 15:00:00,24.0,64.77,59.18,2.156,166.98,61.1,255.39,0
2026-04-09 16:00:00,22.63,68.03,58.92,2.193,163.59,62.08,258.12,0
2026-04-09 17:00:00,23.22,63.17,57.92,2.213,166.31,62.02,257.24,0
2026-04-09 18:00:00,22.78,61.9,57.08,2.262,165.47,60.28,257.82,0
2026-04-09 19:00:00,21.22,65.32,56.38,2.365,167.22,60.41,255.65,0
2026-04-09 20:00:00,20.44,69.2,55.92,2.401,165.95,60.83,252.27,0
2026-04-09 21:00:00,18.39,72.27,55.33,2.498,167.69,61.08,249.19,0
2026-04-09 22:00:00,19.02,75.91,55.29,2.526,166.81,61.53,247.53,0
2026-04-09 23:00:00,18.91,78.87,55.16,2.518,164.56,60.82,248.18,0
2026-04-10 00:00:00,17.9,80.88,54.92,2.522,165.74,60.42,246.78,0
2026-04-10 01:00:00,16.24,79.49,54.72,2.349,167.41,58.31,244.21,0
2026-04-10 02:00:00,18.76,87.01,54.88,2.319,168.47,59.22,241.37,0
2026-04-10 03:00:00,17.31,86.96,54.37,2.309,168.07,58.5,244.22,0
2026-04-10 04:00:00,18.8,86.26,53.59,2.334,164.8,58.38,243.45,0
2026-04-10 05:00:00,19.92,91.12,53.6,2.33,162.88,58.71,238.14,0
2026-04-10 06:00:00,20.85,85.92,53.29,2.348,161.7,58.31,237.96,0
2026-04-10 07:00:00,19.74,84.92,52.78,2.266,161.37,57.45,236.77,0
2026-04-10 08:00:00,21.99,84.49,52.4,2.173,163.55,57.82,237.2,0
2026-04-10 09:00:00,22.79,76.12,51.25,2.111,163.4,56.34,235.67,0
2026-04-10 10:00:00,24.48,76.94,50.43,2.218,159.67,57.2,238.85,0
2026-04-10 11:00:00,24.35,76.13,49.15,2.148,155.22,57.94,238.28,0
2026-04-10 12:00:00,25.39,71.27,48.65,2.111,154.36,57.57,237.59,0
2026-04-10 13:00:00,24.88,65.96,48.55,2.131,153.86,57.25,236.67,0
2026-04-10 14:00:00,24.33,66.27,47.82,2.047,154.95,56.51,237.77,0
2026-04-10 15:00:00,24.17,66.85,47.02,2.013,152.73,56.33,238.62,0
2026-04-10 16:00:00,24.54,60.73,46.98,2.073,150.74,56.32,237.46,0
2026-04-10 17:00:00,21.84,62.99,46.62,2.063,152.12,56.2,237.4,0
2026-04-10 18:00:00,22.54,72.41,46.78,2.181,155.04,57.68,236.64,0
2026-04-10 19:00:00,20.56,70.43,46.63,2.087,151.9,56.24,238.69,0
2026-04-10 20:00:00,19.5,75.21,46.5,2.081,151.04,55.59,235.28,0
2026-04-10 21:00:00,19.97,76.32,46.73,2.07,153.6,56.44,234.41,0
2026-04-10 22:00:00,17.91,77.98,46.49,2.086,155.74,58.46,233.95,0
2026-04-10 23:00:00,18.23,79.07,46.36,2.027,154.44,57.79,237.49,0
2026-04-11 00:00:00,17.28,83.45,45.44,2.011,156.95,58.82,240.31,0
2026-04-11 01:00:00,15.85,88.4,45.76,2.079,157.35,57.88,241.02,0
2026-04-11 02:00:00,17.95,88.59,45.67,2.078,158.85,57.66,238.23,0
2026-04-11 03:00:00,18.06,88.04,45.44,2.03,157.83,57.8,238.22,0
2026-04-11 04:00:00,17.19,87.57,45.51,2.173,158.64,57.3,242.75,0
2026-04-11 05:00:00,18.76,88.87,44.96,2.185,156.8,57.06,242.0,0
2026-04-11 06:00:00,18.83,85.2,56.59,2.23,156.14,55.99,241.97,1
2026-04-11 07:00:00,21.51,86.02,68.56,2.281,155.96,56.77,242.08,1
2026-04-11 08:00:00,22.88,80.76,68.02,2.278,156.57,56.12,239.61,0
2026-04-11 09:00:00,23.34,78.96,67.59,2.232,161.24,55.7,237.35,0
2026-04-11 10:00:00,24.17,74.43,67.1,2.249,166.0,55.19,235.21,0
2026-04-11 11:00:00,23.67,73.05,66.73,2.21,165.26,54.73,234.45,0
2026-04-11 12:00:00,24.76,69.79,65.77,2.239,167.91,55.08,235.59,0
2026-04-11 13:00:00,24.49,73.45,65.58,2.233,165.8,55.35,235.98,0
2026-04-11 14:00:00,24.51,65.24,64.87,2.3,166.49,57.81,237.2,0
2026-04-11 15:00:00,24.7,67.34,64.32,2.231,165.19,57.72,242.49,0
2026-04-11 16:00:00,24.3,63.63,63.58,2.279,164.38,57.76,248.61,0
2026-04-11 17:00:00,22.48,66.49,62.94,2.317,169.19,59.09,248.16,0
2026-04-11 18:00:00,20.92,68.2,62.46,2.302,168.33,59.38,249.81,0
2026-04-11 19:00:00,20.87,64.59,62.48,2.346,167.02,59.37,250.72,0
2026-04-11 20:00:00,19.94,68.01,62.55,2.368,165.14,59.32,252.62,0
2026-04-11 21:00:00,19.45,71.77,62.48,2.403,163.75,59.58,254.35,0
2026-04-11 22:00:00,19.11,73.74,62.1,2.432,161.24,60.53,252.06,0
2026-04-11 23:00:00,16.63,80.06,62.01,2.426,161.79,61.78,256.16,0
2026-04-12 00:00:00,17.15,83.11,61.88,2.381,162.29,62.72,258.93,0
2026-04-12 01:00:00,16.83,82.12,61.7,2.339,163.01,63.12,260.15,0
2026-04-12 02:00:00,18.49,86.84,61.66,2.323,163.07,63.27,260.61,0
2026-04-12 03:00:00,17.82,86.56,61.08,2.372,162.12,65.07,260.32,0
2026-04-12 04:00:00,18.17,87.75,60.27,2.405,161.05,64.55,259.57,0
2026-04-12 05:00:00,19.63,86.05,60.42,2.458,161.5,65.1,260.31,0
2026-04-12 06:00:00,19.68,87.75,60.19,2.513,161.55,66.07,259.68,0
2026-04-12 07:00:00,20.99,88.87,60.11,2.485,160.54,66.88,259.39,0
2026-04-12 08:00:00,23.18,84.44,59.29,2.59,160.2,66.05,258.23,0
2026-04-12 09:00:00,24.0,83.33,59.11,2.564,163.17,68.46,256.73,0
2026-04-12 10:00:00,23.19,73.49,58.65,2.516,166.78,69.77,260.44,0
2026-04-12 11:00:00,23.9,72.46,58.04,2.521,166.32,70.49,259.69,0
2026-04-12 12:00:00,23.95,72.91,57.56,2.534,164.94,69.33,257.74,0
2026-04-12 13:00:00,23.15,72.99,56.48,2.473,164.87,70.0,257.33,0
2026-04-12 14:00:00,25.11,69.1,56.02,2.452,166.92,67.68,253.51,0
2026-04-12 15:00:00,25.73,63.81,55.89,2.414,166.76,67.3,255.25,0
2026-04-12 16:00:00,23.16,64.91,55.43,2.415,167.33,67.23,254.58,0
2026-04-12 17:00:00,22.18,67.21,54.94,2.454,166.05,66.67,253.1,0
2026-04-12 18:00:00,21.71,67.06,54.29,2.428,163.91,67.96,251.43,0
2026-04-12 19:00:00,21.06,67.22,54.42,2.453,165.33,67.87,246.98,0
2026-04-12 20:00:00,19.3,70.77,54.58,2.359,165.66,66.83,251.26,0
2026-04-12 21:00:00,18.93,74.12,54.25,2.408,166.82,67.36,251.26,0
2026-04-12 22:00:00,19.24,74.29,54.16,2.373,163.67,67.56,255.29,0
2026-04-12 23:00:00,18.06,82.31,54.03,2.34,167.02,65.82,253.96,0
2026-04-13 00:00:00,18.51,81.4,53.95,2.361,167.39,66.91,254.49,0
2026-04-13 01:00:00,17.76,84.6,53.52,2.384,164.04,66.85,255.69,0
2026-04-13 02:00:00,16.86,89.11,53.66,2.372,165.86,67.59,256.21,0
2026-04-13 03:00:00,17.57,87.31,53.63,2.313,165.15,67.79,254.36,0
2026-04-13 04:00:00,18.7,90.45,53.79,2.283,165.2,67.32,249.3,0
2026-04-13 05:00:00,18.46,85.05,53.26,2.29,164.33,67.54,254.56,0
2026-04-13 06:00:00,19.22,87.61,52.74,2.32,164.18,67.28,252.09,0
2026-04-13 07:00:00,20.17,86.88,53.16,2.27,164.13,67.38,257.91,0
2026-04-13 08:00:00,22.27,80.43,52.95,2.233,161.16,67.76,255.59,0
2026-04-13 09:00:00,22.49,79.4,52.15,2.254,162.87,67.72,258.34,0
2026-04-13 10:00:00,24.3,76.61,51.85,2.252,163.16,67.97,258.97,0
2026-04-13 11:00:00,23.4,74.68,51.15,2.264,164.04,67.46,259.68,0
2026-04-13 12:00:00,22.66,72.69,50.09,2.11,165.54,66.78,257.21,0
2026-04-13 13:00:00,24.41,66.94,48.89,2.105,165.74,67.33,255.41,0
2026-04-13 14:00:00,25.53,67.32,48.31,2.17,166.31,68.48,253.75,0
2026-04-13 15:00:00,24.06,70.35,48.22,2.142,163.61,67.82,253.5,0
2026-04-13 16:00:00,22.51,68.63,48.12,2.183,162.17,67.93,252.36,0
2026-04-13 17:00:00,21.61,68.36,47.95,2.118,162.43,66.48,250.47,0
2026-04-13 18:00:00,22.74,66.99,47.64,2.037,162.87,67.97,247.66,0
2026-04-13 19:00:00,20.43,74.54,47.54,2.081,163.68,68.82,245.24,0
2026-04-13 20:00:00,21.17,74.07,47.68,2.093,166.26,68.09,246.06,0
2026-04-13 21:00:00,19.71,74.25,46.88,2.087,166.04,67.59,243.75,0
2026-04-13 22:00:00,17.99,77.55,46.98,2.153,166.65,68.51,240.57,0
2026-04-13 23:00:00,18.79,78.7,46.44,2.144,166.69,68.48,240.64,0
2026-04-14 00:00:00,16.97,83.48,45.97,2.117,166.18,68.85,234.9,0
2026-04-14 01:00:00,16.49,86.26,45.97,2.086,165.75,67.76,234.89,0
2026-04-14 02:00:00,17.01,88.28,46.05,2.044,164.31,68.1,235.09,0
2026-04-14 03:00:00,18.51,87.17,45.67,2.09,164.12,67.79,236.5,0
2026-04-14 04:00:00,19.32,84.32,45.66,2.086,163.77,67.88,237.28,0
2026-04-14 05:00:00,18.97,88.23,45.63,2.169,163.54,67.35,233.97,0
2026-04-14 06:00:00,18.79,88.29,45.34,2.001,160.46,67.0,233.55,0
2026-04-14 07:00:00,19.91,82.33,45.19,2.077,160.47,66.94,235.26,0
2026-04-14 08:00:00,21.16,82.27,45.26,2.115,159.07,66.27,236.29,0
2026-04-14 09:00:00,21.84,83.2,44.63,2.122,159.2,68.18,234.27,0
2026-04-14 10:00:00,23.66,73.99,55.99,2.057,157.46,67.05,235.35,1
2026-04-14 11:00:00,25.39,73.44,67.46,1.974,157.85,67.34,237.62,1
2026-04-14 12:00:00,24.94,75.22,66.84,2.042,157.6,67.46,235.04,0
2026-04-14 13:00:00,23.71,69.62,66.51,2.075,156.77,67.98,230.14,0
2026-04-14 14:00:00,23.89,66.16,66.39,2.104,157.62,65.55,234.82,0
2026-04-14 15:00:00,23.68,66.36,65.76,2.112,158.59,63.92,235.62,0
2026-04-14 16:00:00,23.75,68.06,64.94,2.176,158.76,63.37,234.44,0
2026-04-14 17:00:00,23.85,65.87,64.97,2.149,160.03,64.16,233.24,0
2026-04-14 18:00:00,21.58,68.97,64.46,2.14,159.49,63.86,233.7,0
2026-04-14 19:00:00,22.08,69.81,63.74,2.14,160.43,63.53,236.36,0
2026-04-14 20:00:00,21.57,72.29,64.1,2.139,160.53,63.49,232.52,0
2026-04-14 21:00:00,19.01,75.81,64.24,2.23,158.91,62.69,231.64,0
2026-04-14 22:00:00,18.26,76.26,64.52,2.16,157.71,63.1,235.95,0
2026-04-14 23:00:00,17.72,77.49,64.75,2.052,160.1,63.24,237.96,0
2026-04-15 00:00:00,17.66,83.69,65.34,1.982,163.14,63.65,239.66,0
2026-04-15 01:00:00,17.25,84.45,64.83,2.046,164.5,64.97,240.45,0
2026-04-15 02:00:00,18.24,85.41,64.39,2.057,163.47,64.67,240.95,0
2026-04-15 03:00:00,16.88,88.94,64.05,1.978,166.1,64.69,239.48,0
2026-04-15 04:00:00,18.15,91.19,63.69,2.007,167.16,63.72,237.86,0
2026-04-15 05:00:00,19.48,87.24,63.53,2.008,167.67,62.54,239.74,0
2026-04-15 06:00:00,20.7,86.55,63.18,2.062,170.88,62.52,238.15,0
2026-04-15 07:00:00,22.54,81.82,62.62,2.126,169.1,62.6,238.7,0
2026-04-15 08:00:00,21.0,81.94,61.81,2.29,170.33,63.2,238.9,0
2026-04-15 09:00:00,22.29,80.4,61.17,2.219,168.65,63.68,244.18,0
2026-04-15 10:00:00,21.89,76.95,60.96,2.113,167.41,63.86,243.32,0
2026-04-15 11:00:00,23.25,73.25,60.23,2.162,172.0,65.32,245.83,0
2026-04-15 12:00:00,23.14,73.31,59.92,2.231,172.62,64.94,247.05,0
2026-04-15 13:00:00,24.14,69.37,58.96,2.159,175.65,64.68,246.16,0
2026-04-15 14:00:00,24.22,73.95,57.43,2.092,176.2,64.85,242.49,0
2026-04-15 15:00:00,24.36,66.89,56.83,2.127,176.47,63.7,241.98,0
2026-04-15 16:00:00,23.27,59.13,56.09,2.242,174.89,64.27,243.88,0
2026-04-15 17:00:00,23.08,63.59,55.26,2.194,176.25,64.27,240.38,0
2026-04-15 18:00:00,21.99,68.8,54.42,2.207,175.85,64.28,242.2,0
2026-04-15 19:00:00,20.28,67.61,54.0,2.099,175.56,64.7,245.19,0
2026-04-15 20:00:00,18.91,70.05,53.51,2.101,174.67,64.96,244.92,0
2026-04-15 21:00:00,19.66,71.05,53.04,2.108,174.1,65.24,246.71,0
2026-04-15 22:00:00,19.68,75.81,52.43,2.21,173.78,64.79,246.48,0
2026-04-15 23:00:00,19.74,80.33,51.59,2.174,173.65,66.12,247.33,0
2026-04-16 00:00:00,18.27,83.46,50.73,2.224,173.21,64.68,250.45,0
2026-04-16 01:00:00,18.52,82.23,51.27,2.183,170.08,63.98,245.79,0
2026-04-16 02:00:00,17.94,88.54,51.05,2.196,170.85,63.43,243.34,0
2026-04-16 03:00:00,18.18,84.65,51.3,2.328,170.4,62.74,246.05,0
2026-04-16 04:00:00,18.6,89.09,51.05,2.434,164.21,61.14,249.08,0
2026-04-16 05:00:00,19.18,88.47,50.81,2.542,161.38,62.65,244.86,0
2026-04-16 06:00:00,20.52,84.19,50.7,2.549,160.68,63.21,248.27,0
2026-04-16 07:00:00,20.64,82.14,50.69,2.519,163.15,62.6,241.18,0
2026-04-16 08:00:00,21.8,83.46,49.77,2.521,164.32,63.21,242.43,0
2026-04-16 09:00:00,21.93,78.45,49.1,2.533,163.11,63.03,242.61,0
2026-04-16 10:00:00,23.81,76.52,48.63,2.54,162.84,62.74,240.4,0
2026-04-16 11:00:00,23.36,75.87,47.49,2.481,164.92,61.85,238.45,0
2026-04-16 12:00:00,24.4,72.7,47.32,2.423,163.81,61.87,236.69,0
2026-04-16 13:00:00,24.85,66.93,47.07,2.379,161.9,61.31,236.09,0
2026-04-16 14:00:00,24.79,67.34,45.87,2.437,163.61,60.45,241.0,0
2026-04-16 15:00:00,24.57,64.04,45.04,2.499,165.68,61.36,242.76,0
2026-04-16 16:00:00,23.33,68.17,44.51,2.676,164.56,60.64,245.96,0
2026-04-16 17:00:00,23.09,70.22,56.21,2.675,165.46,61.94,244.61,1
2026-04-16 18:00:00,21.57,65.36,68.11,2.601,165.36,61.3,244.7,1
2026-04-16 19:00:00,19.62,69.14,67.72,2.551,164.29,59.97,241.54,0
2026-04-16 20:00:00,20.47,73.79,68.22,2.524,166.42,60.5,240.51,0
2026-04-16 21:00:00,19.46,74.21,68.01,2.599,165.17,60.15,238.86,0
2026-04-16 22:00:00,19.23,78.4,67.74,2.622,166.52,58.78,239.89,0
2026-04-16 23:00:00,17.95,79.98,67.71,2.519,166.58,59.1,237.87,0
2026-04-17 00:00:00,16.5,79.86,67.6,2.5,166.21,58.02,235.64,0
2026-04-17 01:00:00,17.44,85.08,67.48,2.398,165.16,56.34,236.6,0
2026-04-17 02:00:00,18.24,89.34,67.88,2.426,163.38,57.12,236.38,0
2026-04-17 03:00:00,18.3,88.41,67.75,2.375,162.99,58.61,234.56,0
2026-04-17 04:00:00,18.42,92.06,67.26,2.333,162.15,58.36,232.47,0
2026-04-17 05:00:00,18.09,83.2,66.81,2.218,162.43,59.56,230.84,0
2026-04-17 06:00:00,19.38,87.47,67.05,2.269,160.38,60.35,233.09,0
2026-04-17 07:00:00,21.33,83.16,67.05,2.344,160.29,61.0,234.23,0
2026-04-17 08:00:00,20.74,80.31,66.04,2.299,161.21,60.88,232.38,0
2026-04-17 09:00:00,22.53,83.18,65.0,2.29,160.15,60.38,230.72,0
2026-04-17 10:00:00,23.5,76.36,64.45,2.262,161.68,60.73,228.07,0
2026-04-17 11:00:00,24.84,73.27,64.07,2.251,163.34,61.36,227.43,0
2026-04-17 12:00:00,24.81,72.36,63.29,2.205,161.23,60.24,228.12,0
2026-04-17 13:00:00,25.17,63.84,62.22,2.146,160.02,60.0,226.26,0
2026-04-17 14:00:00,24.59,70.86,61.31,2.239,157.81,59.89,232.17,0
2026-04-17 15:00:00,23.44,71.14,61.25,2.085,158.85,59.7,233.87,0
2026-04-17 16:00:00,23.05,68.29,60.84,2.13,159.33,59.16,233.84,0
2026-04-17 17:00:00,22.1,67.4,60.59,2.159,156.68,58.05,234.12,0
2026-04-17 18:00:00,22.32,66.93,60.39,2.268,155.83,57.89,230.68,0
2026-04-17 19:00:00,20.51,66.53,60.0,2.256,156.76,57.77,227.9,0
2026-04-17 20:00:00,19.82,74.49,59.69,2.237,157.29,57.47,231.56,0
2026-04-17 21:00:00,19.27,76.44,59.44,2.193,159.78,58.19,235.82,0
2026-04-17 22:00:00,19.67,78.13,59.36,2.222,157.91,57.07,230.24,0
2026-04-17 23:00:00,18.43,80.68,59.49,2.185,158.18,57.47,231.66,0
2026-04-18 00:00:00,17.08,83.25,59.85,2.125,156.65,55.99,235.28,0
2026-04-18 01:00:00,17.61,83.46,59.89,2.093,157.18,56.11,234.41,0
2026-04-18 02:00:00,18.78,92.78,59.94,2.051,157.17,54.26,238.24,0
2026-04-18 03:00:00,18.4,86.91,60.32,2.008,157.97,53.69,239.99,0
2026-04-18 04:00:00,17.41,86.93,60.06,2.033,157.52,53.92,240.87,0
2026-04-18 05:00:00,18.61,90.43,60.21,2.04,159.19,52.88,239.97,0
2026-04-18 06:00:00,19.4,86.45,60.19,2.092,158.13,51.88,239.95,0
2026-04-18 07:00:00,22.01,84.73,60.17,2.115,156.58,53.06,238.58,0
2026-04-18 08:00:00,22.79,86.04,59.55,2.056,157.32,51.9,239.14,0
2026-04-18 09:00:00,22.31,81.54,58.58,1.946,160.97,52.09,239.57,0
2026-04-18 10:00:00,23.02,78.82,58.13,1.907,158.39,53.72,238.25,0
2026-04-18 11:00:00,24.06,70.61,57.67,1.98,156.59,54.09,233.22,0
2026-04-18 12:00:00,24.43,72.5,56.93,2.047,157.35,54.36,232.83,0
2026-04-18 13:00:00,23.83,66.71,56.34,2.124,159.68,53.94,230.39,0
2026-04-18 14:00:00,24.21,66.34,55.51,2.187,160.45,53.55,227.82,0
2026-04-18 15:00:00,23.01,66.81,54.69,2.26,159.53,53.65,226.45,0
2026-04-18 16:00:00,24.37,65.91,53.98,2.287,160.51,52.1,228.95,0
2026-04-18 17:00:00,21.52,68.01,53.03,2.396,161.62,53.31,226.47,0
2026-04-18 18:00:00,20.67,69.4,52.31,2.407,160.53,53.76,224.68,0
2026-04-18 19:00:00,21.3,71.34,52.32,2.519,162.19,52.43,226.96,0
2026-04-18 20:00:00,19.23,68.14,52.56,2.466,162.24,53.64,225.45,0
2026-04-18 21:00:00,18.9,80.06,52.98,2.416,159.2,54.51,223.11,0
2026-04-18 22:00:00,18.57,76.94,52.66,2.396,159.19,55.13,225.73,0
2026-04-18 23:00:00,18.44,82.88,52.82,2.387,158.4,57.34,225.87,0
2026-04-19 00:00:00,17.46,76.21,52.72,2.362,161.01,57.57,226.49,0
2026-04-19 01:00:00,18.75,84.11,52.45,2.39,158.78,59.08,226.35,0
2026-04-19 02:00:00,17.62,82.87,52.37,2.377,158.16,59.19,227.84,0
2026-04-19 03:00:00,18.8,85.47,52.5,2.335,158.9,59.68,229.91,0
2026-04-19 04:00:00,18.72,88.13,52.15,2.309,163.49,59.25,229.86,0
2026-04-19 05:00:00,20.74,86.79,51.8,2.382,167.07,57.64,226.37,0
2026-04-19 06:00:00,20.83,89.81,51.47,2.395,166.91,56.13,227.55,0
2026-04-19 07:00:00,21.03,89.2,51.09,2.288,167.46,56.23,227.07,0
2026-04-19 08:00:00,22.35,80.08,50.89,2.379,168.45,56.19,229.61,0
2026-04-19 09:00:00,22.57,78.63,50.11,2.4,166.49,55.3,227.64,0
2026-04-19 10:00:00,23.29,74.42,49.38,2.431,166.45,55.25,227.22,0
2026-04-19 11:00:00,23.12,77.04,48.91,2.478,168.83,55.86,223.91,0
2026-04-19 12:00:00,23.81,71.9,48.42,2.524,168.93,57.2,226.42,0
2026-04-19 13:00:00,25.94,69.3,47.72,2.453,172.28,56.73,229.91,0
2026-04-19 14:00:00,23.54,68.25,47.67,2.378,171.19,57.24,228.95,0
2026-04-19 15:00:00,23.57,65.6,46.92,2.517,170.78,58.95,228.76,0
2026-04-19 16:00:00,23.41,63.86,46.31,2.46,170.41,59.71,227.05,0
2026-04-19 17:00:00,22.71,66.5,45.17,2.471,167.85,59.09,225.67,0
2026-04-19 18:00:00,22.17,66.81,44.53,2.557,169.72,59.27,227.87,0
2026-04-19 19:00:00,20.67,70.09,55.93,2.512,168.93,59.52,226.96,1
2026-04-19 20:00:00,20.41,67.42,67.46,2.476,169.24,60.16,228.55,1
2026-04-19 21:00:00,20.05,74.62,66.67,2.519,167.99,60.25,228.84,0
2026-04-19 22:00:00,19.41,75.28,66.2,2.517,170.98,60.74,231.02,0
2026-04-19 23:00:00,17.78,80.23,65.98,2.531,172.96,61.7,230.24,0
2026-04-20 00:00:00,18.05,84.76,65.71,2.51,172.75,60.76,233.19,0
2026-04-20 01:00:00,16.7,83.39,65.38,2.464,170.23,59.61,237.97,0
2026-04-20 02:00:00,17.11,89.52,65.09,2.432,171.36,60.23,233.57,0
2026-04-20 03:00:00,17.15,83.27,64.73,2.495,173.06,60.14,233.41,0
2026-04-20 04:00:00,18.49,91.86,64.52,2.463,171.07,60.98,233.26,0
2026-04-20 05:00:00,18.65,90.72,64.29,2.478,170.57,61.99,231.56,0
2026-04-20 06:00:00,19.03,84.31,64.17,2.407,170.48,60.32,232.75,0
2026-04-20 07:00:00,20.73,82.58,63.91,2.522,172.22,59.62,235.66,0
2026-04-20 08:00:00,20.7,78.76,63.23,2.526,171.66,59.58,230.69,0
2026-04-20 09:00:00,23.68,82.15,62.91,2.53,173.12,58.73,225.78,0
2026-04-20 10:00:00,23.08,76.17,62.53,2.57,171.41,58.4,230.39,0
2026-04-20 11:00:00,24.72,73.14,61.95,2.522,169.25,57.36,230.02,0
2026-04-20 12:00:00,24.04,68.69,61.75,2.578,172.38,57.1,230.49,0
2026-04-20 13:00:00,23.66,73.75,61.21,2.468,169.72,56.38,228.05,0
2026-04-20 14:00:00,25.2,65.04,60.59,2.419,168.18,56.86,228.51,0
2026-04-20 15:00:00,24.09,66.44,60.01,2.363,169.46,57.82,232.25,0
2026-04-20 16:00:00,24.8,66.54,59.49,2.245,168.33,58.32,233.63,0
2026-04-20 17:00:00,22.42,65.38,58.66,2.217,167.19,60.77,234.18,0
2026-04-20 18:00:00,21.59,65.97,57.55,2.22,166.75,61.65,229.8,0
2026-04-20 19:00:00,21.7,68.3,57.43,2.16,162.8,62.47,231.91,0
2026-04-20 20:00:00,20.8,72.91,57.48,2.096,164.91,62.38,232.09,0
2026-04-20 21:00:00,19.36,73.29,56.98,2.113,165.23,62.09,230.72,0
2026-04-20 22:00:00,20.86,81.06,57.1,2.121,163.76,63.24,232.54,0
2026-04-20 23:00:00,17.77,77.9,56.41,2.118,160.72,62.97,230.54,0
2026-04-21 00:00:00,16.73,84.39,56.04,2.054,158.43,62.97,232.17,0
2026-04-21 01:00:00,16.8,80.39,56.35,2.048,155.82,62.79,235.35,0
2026-04-21 02:00:00,17.43,84.58,56.26,2.026,156.6,63.25,235.72,0
2026-04-21 03:00:00,19.03,85.58,55.97,2.05,157.36,64.02,234.62,0
2026-04-21 04:00:00,18.39,85.24,55.85,2.034,158.77,64.91,233.21,0
2026-04-21 05:00:00,20.35,88.33,56.0,2.05,160.34,64.55,234.26,0
2026-04-21 06:00:00,20.4,86.25,55.37,1.989,161.65,64.64,233.21,0
2026-04-21 07:00:00,21.76,79.08,55.57,1.927,164.56,64.86,239.22,0
2026-04-21 08:00:00,22.18,87.49,54.87,1.987,166.73,66.09,235.47,0
2026-04-21 09:00:00,23.02,80.29,54.52,2.054,168.38,64.36,235.12,0
2026-04-21 10:00:00,24.0,77.0,53.78,2.048,168.67,64.3,235.8,0
2026-04-21 11:00:00,23.63,77.43,53.72,2.067,169.82,63.65,236.14,0
2026-04-21 12:00:00,23.99,73.97,53.15,2.057,168.89,63.12,234.68,0
2026-04-21 13:00:00,24.74,68.48,52.18,2.14,168.34,62.33,237.78,0
2026-04-21 14:00:00,25.74,62.59,51.75,2.139,171.3,62.8,239.31,0
2026-04-21 15:00:00,22.95,67.79,51.58,2.12,170.05,60.57,240.94,0
2026-04-21 16:00:00,22.05,63.59,51.39,2.191,168.71,60.49,238.97,0
2026-04-21 17:00:00,22.57,69.47,50.86,2.152,167.91,58.9,237.77,0
2026-04-21 18:00:00,22.63,65.53,50.55,2.172,166.81,58.37,238.85,0
2026-04-21 19:00:00,21.04,68.09,50.23,2.118,165.9,58.28,235.91,0
2026-04-21 20:00:00,19.28,68.14,50.2,2.17,166.3,58.03,237.53,0
2026-04-21 21:00:00,19.31,71.0,50.11,2.228,166.74,58.76,237.15,0
2026-04-21 22:00:00,17.31,76.73,49.04,2.156,168.31,59.98,239.7,0
2026-04-21 23:00:00,18.41,79.34,48.54,2.079,172.12,61.81,238.4,0
2026-04-22 00:00:00,17.4,81.31,48.41,2.112,171.17,61.8,242.76,0
2026-04-22 01:00:00,17.44,89.91,48.25,2.242,170.8,62.86,243.4,0
2026-04-22 02:00:00,17.92,88.04,48.05,2.299,167.26,64.15,244.28,0
2026-04-22 03:00:00,18.11,87.65,47.87,2.286,164.85,63.65,242.09,0
2026-04-22 04:00:00,18.15,81.11,48.04,2.236,164.59,64.71,242.37,0
2026-04-22 05:00:00,19.97,89.69,47.94,2.167,165.44,62.67,240.62,0
2026-04-22 06:00:00,20.65,94.01,47.04,2.22,166.31,62.92,236.49,0
2026-04-22 07:00:00,19.76,84.31,47.43,2.281,167.37,64.34,235.93,0
2026-04-22 08:00:00,21.74,80.47,46.3,2.244,169.54,64.36,238.79,0
2026-04-22 09:00:00,21.99,80.26,46.04,2.233,172.42,64.12,238.44,0
2026-04-22 10:00:00,22.59,73.42,45.02,2.241,171.69,63.88,237.53,0
2026-04-22 11:00:00,24.41,75.31,44.88,2.354,169.98,65.14,236.64,0
2026-04-22 12:00:00,24.09,75.25,56.23,2.354,170.96,63.62,242.16,1
2026-04-22 13:00:00,24.4,67.54,67.78,2.291,172.4,63.22,243.32,1
2026-04-22 14:00:00,23.91,65.88,66.62,2.222,172.35,63.94,238.93,0
2026-04-22 15:00:00,24.29,66.18,66.28,2.173,171.73,64.17,237.38,0
2026-04-22 16:00:00,23.95,64.75,65.84,2.258,170.56,65.17,236.26,0
2026-04-22 17:00:00,24.27,62.59,65.46,2.292,170.26,65.69,234.39,0
2026-04-22 18:00:00,21.78,66.51,65.19,2.271,171.29,65.15,234.58,0
2026-04-22 19:00:00,19.99,67.75,65.05,2.098,169.83,65.58,233.17,0
2026-04-22 20:00:00,19.74,74.92,64.78,2.061,168.2,64.29,231.98,0
2026-04-22 21:00:00,19.84,77.04,64.34,2.098,169.15,62.4,232.51,0
2026-04-22 22:00:00,17.98,80.49,64.01,2.134,167.46,61.84,228.78,0
2026-04-22 23:00:00,16.93,81.85,64.17,2.166,167.63,61.92,223.72,0
2026-04-23 00:00:00,17.09,83.01,63.72,2.094,167.7,61.19,227.39,0
2026-04-23 01:00:00,17.13,82.59,62.97,2.119,167.6,61.37,229.86,0
2026-04-23 02:00:00,16.86,89.84,62.47,2.073,166.34,61.44,231.04,0
2026-04-23 03:00:00,18.12,88.49,62.45,2.089,169.4,59.78,232.0,0
2026-04-23 04:00:00,18.47,84.88,62.16,2.058,169.94,59.36,231.68,0
2026-04-23 05:00:00,19.8,85.34,62.14,2.139,168.82,60.29,239.38,0
2026-04-23 06:00:00,19.78,83.37,61.34,2.171,169.26,60.78,239.65,0
2026-04-23 07:00:00,21.39,79.65,60.25,2.171,172.39,60.19,245.94,0
2026-04-23 08:00:00,21.56,83.47,59.78,2.263,172.26,60.8,250.55,0
2026-04-23 09:00:00,21.96,76.75,59.53,2.243,174.73,62.42,250.92,0
2026-04-23 10:00:00,23.09,75.11,58.46,2.162,172.27,62.02,249.6,0
2026-04-23 11:00:00,22.9,74.25,58.06,2.235,170.45,62.69,248.91,0
2026-04-23 12:00:00,25.63,71.03,57.84,2.255,166.38,63.19,247.21,0
2026-04-23 13:00:00,24.6,67.44,57.27,2.239,169.88,62.73,247.76,0
2026-04-23 14:00:00,23.82,71.27,56.98,2.205,166.62,61.69,248.8,0
2026-04-23 15:00:00,23.77,62.56,56.48,2.242,166.87,63.18,245.05,0
2026-04-23 16:00:00,21.76,62.29,55.85,2.295,169.92,64.13,251.09,0
2026-04-23 17:00:00,23.75,67.52,55.53,2.249,171.47,63.81,248.33,0
2026-04-23 18:00:00,22.84,65.91,55.55,2.287,171.89,64.85,240.95,0
2026-04-23 19:00:00,21.08,67.56,55.18,2.303,173.93,65.26,240.44,0
2026-04-23 20:00:00,20.32,68.8,54.96,2.253,172.37,66.25,237.3,0
2026-04-23 21:00:00,18.36,75.0,54.46,2.256,173.0,64.51,237.05,0
2026-04-23 22:00:00,17.69,77.56,54.31,2.227,172.48,64.07,237.13,0
2026-04-23 23:00:00,16.78,80.14,54.06,2.306,171.94,65.42,238.13,0
2026-04-24 00:00:00,17.51,81.04,54.21,2.267,172.01,67.71,240.49,0
2026-04-24 01:00:00,18.24,82.9,54.43,2.36,173.84,67.18,237.7,0
2026-04-24 02:00:00,17.35,86.12,54.47,2.363,176.31,66.66,236.66,0
2026-04-24 03:00:00,18.21,90.04,54.58,2.254,175.37,67.14,238.27,0
2026-04-24 04:00:00,19.21,91.92,54.17,2.127,173.0,67.29,236.46,0
2026-04-24 05:00:00,18.11,90.4,53.69,2.127,171.2,67.61,231.7,0
2026-04-24 06:00:00,21.39,87.79,53.62,2.219,174.46,65.5,233.41,0
2026-04-24 07:00:00,21.81,87.23,53.42,2.298,176.75,65.18,232.08,0
2026-04-24 08:00:00,22.27,79.55,53.47,2.308,174.32,65.81,230.64,0
2026-04-24 09:00:00,23.4,78.06,52.34,2.264,176.93,63.58,231.16,0
2026-04-24 10:00:00,24.15,78.31,51.96,2.241,175.17,62.07,231.36,0
2026-04-24 11:00:00,24.24,73.86,51.57,2.258,175.96,60.47,234.04,0
2026-04-24 12:00:00,25.38,72.34,50.77,2.326,174.24,61.11,230.96,0
2026-04-24 13:00:00,24.18,71.67,49.92,2.358,177.77,60.3,236.82,0
2026-04-24 14:00:00,24.7,69.53,49.25,2.412,176.23,59.27,233.19,0
2026-04-24 15:00:00,24.96,63.65,48.19,2.443,173.89,59.4,232.31,0
2026-04-24 16:00:00,21.59,66.03,48.07,2.489,172.71,58.36,230.28,0
2026-04-24 17:00:00,23.06,64.07,48.33,2.34,177.13,58.87,230.65,0
2026-04-24 18:00:00,22.41,65.53,47.67,2.284,177.12,61.14,230.92,0
2026-04-24 19:00:00,19.8,64.94,47.28,2.219,174.78,60.83,231.54,0
2026-04-24 20:00:00,20.29,71.83,46.69,2.153,172.97,59.12,232.36,0
2026-04-24 21:00:00,18.69,69.69,46.16,2.163,169.51,58.8,235.76,0
2026-04-24 22:00:00,18.8,77.99,45.78,2.086,170.3,59.34,236.11,0
2026-04-24 23:00:00,17.9,83.24,45.94,2.044,167.84,59.77,239.53,0
2026-04-25 00:00:00,16.96,83.83,46.7,2.056,169.71,60.59,234.93,0
2026-04-25 01:00:00,18.28,84.91,46.28,1.977,170.95,60.1,229.47,0
2026-04-25 02:00:00,17.33,90.36,45.81,1.971,170.53,59.9,230.06,0
2026-04-25 03:00:00,18.16,88.44,45.26,2.032,172.53,57.76,231.13,0
2026-04-25 04:00:00,19.44,85.84,45.2,1.977,173.9,58.44,229.99,0
2026-04-25 05:00:00,18.61,87.94,45.1,2.048,173.82,57.37,230.21,0
2026-04-25 06:00:00,20.1,91.43,44.93,2.017,172.09,57.69,233.14,0
2026-04-25 07:00:00,20.65,82.05,56.6,2.053,172.55,57.03,234.91,1
2026-04-25 08:00:00,21.72,79.05,68.46,2.004,172.98,57.1,234.09,1
2026-04-25 09:00:00,24.26,81.38,68.12,2.052,173.55,58.11,234.63,0
2026-04-25 10:00:00,23.79,76.44,67.78,2.051,173.35,57.83,236.54,0
2026-04-25 11:00:00,24.25,72.82,67.32,2.096,173.6,57.29,233.39,0
2026-04-25 12:00:00,24.75,68.35,66.7,2.078,173.8,57.44,231.46,0
2026-04-25 13:00:00,24.8,64.35,65.91,2.127,175.9,57.0,233.95,0
2026-04-25 14:00:00,23.1,63.83,65.51,2.19,173.17,56.3,229.68,0
2026-04-25 15:00:00,25.64,70.41,65.07,2.205,171.04,58.15,227.22,0
2026-04-25 16:00:00,22.45,65.98,64.68,2.183,170.94,56.6,224.57,0
2026-04-25 17:00:00,23.96,61.47,63.65,2.177,169.33,57.35,227.39,0
2026-04-25 18:00:00,22.34,70.43,63.2,2.11,169.54,57.36,225.06,0
2026-04-25 19:00:00,21.13,72.31,62.91,2.135,167.35,56.76,227.53,0
2026-04-25 20:00:00,19.88,74.57,62.44,2.184,165.54,57.23,227.02,0
2026-04-25 21:00:00,21.07,73.1,62.46,2.286,169.22,57.4,231.87,0
2026-04-25 22:00:00,18.95,76.33,62.32,2.366,168.64,58.73,232.35,0
2026-04-25 23:00:00,17.98,80.19,62.82,2.302,166.39,57.81,235.15,0
2026-04-26 00:00:00,17.24,86.0,62.77,2.315,166.13,57.47,236.29,0
2026-04-26 01:00:00,17.04,83.39,62.48,2.306,167.95,58.51,235.1,0
2026-04-26 02:00:00,17.65,84.64,62.25,2.379,170.0,58.43,235.06,0
2026-04-26 03:00:00,17.32,89.36,61.69,2.33,167.17,59.03,235.08,0
2026-04-26 04:00:00,19.0,91.02,61.86,2.381,165.7,60.22,233.92,0
2026-04-26 05:00:00,18.8,87.49,61.76,2.316,166.07,60.78,236.19,0
2026-04-26 06:00:00,20.8,88.2,61.66,2.309,165.97,60.26,242.41,0
2026-04-26 07:00:00,21.69,85.06,61.14,2.255,163.05,60.0,242.33,0
2026-04-26 08:00:00,21.87,81.87,60.82,2.14,160.54,61.16,243.76,0
2026-04-26 09:00:00,23.16,77.77,59.98,2.097,158.8,61.32,244.64,0
2026-04-26 10:00:00,23.92,74.12,59.25,2.096,155.86,61.16,237.63,0
2026-04-26 11:00:00,23.01,72.62,58.74,2.196,155.4,61.53,238.73,0
2026-04-26 12:00:00,25.59,69.06,57.99,2.138,157.93,60.39,239.65,0
2026-04-26 13:00:00,24.32,69.93,57.18,2.113,157.02,60.22,236.29,0
2026-04-26 14:00:00,24.87,70.52,56.6,2.039,159.28,60.21,231.76,0
2026-04-26 15:00:00,24.54,66.88,56.34,2.127,159.57,60.18,232.99,0
2026-04-26 16:00:00,21.73,63.7,56.06,2.112,159.45,59.88,237.2,0
2026-04-26 17:00:00,22.29,68.51,55.72,2.104,156.68,59.66,236.17,0
2026-04-26 18:00:00,22.49,68.22,55.31,2.097,159.12,59.63,235.28,0
2026-04-26 19:00:00,21.04,70.46,54.97,1.994,159.56,61.01,241.04,0
2026-04-26 20:00:00,20.58,70.2,55.1,1.928,156.9,59.06,242.98,0
2026-04-26 21:00:00,19.31,76.99,54.38,1.897,157.91,59.78,239.54,0
2026-04-26 22:00:00,19.39,79.82,54.31,1.962,157.14,59.77,237.53,0
2026-04-26 23:00:00,18.05,79.39,54.36,1.836,157.56,59.78,242.85,0
2026-04-27 00:00:00,18.62,84.3,54.14,1.901,158.29,59.48,240.8,0
2026-04-27 01:00:00,16.81,87.53,53.72,1.949,160.75,60.01,239.18,0
2026-04-27 02:00:00,17.53,85.36,53.51,1.865,158.89,60.92,240.65,0
2026-04-27 03:00:00,17.55,87.42,53.08,1.876,160.16,59.25,239.71,0
2026-04-27 04:00:00,18.8,88.2,53.04,1.976,162.75,61.21,240.58,0
2026-04-27 05:00:00,19.05,84.88,53.12,1.934,167.37,61.37,241.02,0
2026-04-27 06:00:00,19.93,87.63,53.05,1.927,169.17,61.49,240.36,0
2026-04-27 07:00:00,20.51,87.33,52.97,2.119,169.65,60.25,243.11,0
2026-04-27 08:00:00,21.58,82.14,52.65,2.151,169.96,59.78,239.52,0
2026-04-27 09:00:00,22.74,80.7,52.36,2.146,172.56,61.07,239.59,0
2026-04-27 10:00:00,22.06,80.5,51.57,2.128,171.74,61.16,237.91,0
2026-04-27 11:00:00,22.42,73.14,50.56,2.162,172.9,61.56,241.87,0
2026-04-27 12:00:00,24.42,72.4,50.07,2.213,176.53,61.16,241.09,0
2026-04-27 13:00:00,22.56,67.8,49.8,2.09,175.88,62.96,245.59,0
2026-04-27 14:00:00,24.25,65.98,48.76,1.97,171.82,62.79,244.0,0
2026-04-27 15:00:00,23.77,67.23,48.22,1.934,169.99,63.79,243.83,0
2026-04-27 16:00:00,23.85,66.6,47.99,1.95,170.32,63.6,246.11,0
2026-04-27 17:00:00,22.28,67.76,47.41,1.979,168.6,63.86,243.16,0
2026-04-27 18:00:00,23.0,67.66,47.31,1.899,167.83,64.12,246.53,0
2026-04-27 19:00:00,21.59,70.38,47.51,1.915,167.19,64.89,246.02,0
2026-04-27 20:00:00,19.04,75.66,47.25,1.938,168.11,65.47,246.49,0
2026-04-27 21:00:00,19.05,76.8,46.94,1.912,166.28,64.94,247.28,0
2026-04-27 22:00:00,19.59,77.85,46.64,1.907,165.18,65.89,246.48,0
2026-04-27 23:00:00,17.48,81.11,46.48,1.891,167.71,64.89,243.88,0
2026-04-28 00:00:00,17.58,81.75,45.93,1.948,166.73,63.73,243.67,0
2026-04-28 01:00:00,18.48,84.38,45.32,1.973,167.97,63.42,238.21,0
2026-04-28 02:00:00,17.24,87.76,44.44,1.927,167.88,63.73,234.77,0
2026-04-28 03:00:00,18.75,87.84,56.23,2.01,167.72,62.76,234.43,1
2026-04-28 04:00:00,17.89,89.98,68.64,1.949,168.94,62.67,238.33,1
2026-04-28 05:00:00,17.23,90.79,67.85,1.871,165.43,61.4,241.96,0
2026-04-28 06:00:00,20.95,86.27,67.59,1.886,166.21,61.18,244.06,0
2026-04-28 07:00:00,21.31,79.76,67.33,1.9,167.16,62.08,239.76,0
2026-04-28 08:00:00,22.26,87.59,66.73,1.932,168.6,61.31,240.27,0
2026-04-28 09:00:00,21.98,78.22,66.56,1.887,167.78,60.23,237.86,0
2026-04-28 10:00:00,22.77,77.49,65.73,1.97,167.67,60.63,237.55,0
2026-04-28 11:00:00,24.84,75.97,64.58,2.096,163.15,59.96,239.8,0
2026-04-28 12:00:00,24.55,75.02,63.85,2.109,162.01,62.2,241.21,0
2026-04-28 13:00:00,24.42,73.74,63.09,2.141,162.45,62.37,244.11,0
2026-04-28 14:00:00,24.54,66.56,61.85,2.025,165.2,63.28,240.13,0
2026-04-28 15:00:00,25.09,69.35,61.36,2.018,168.51,62.06,237.31,0
2026-04-28 16:00:00,23.98,66.49,60.44,1.996,167.76,62.47,240.97,0
2026-04-28 17:00:00,22.42,73.23,59.86,1.966,169.22,61.55,244.47,0
2026-04-28 18:00:00,20.92,70.22,59.2,1.95,168.79,61.4,243.96,0
2026-04-28 19:00:00,21.41,68.78,58.68,1.941,165.73,60.74,243.45,0
2026-04-28 20:00:00,19.45,69.52,58.74,1.879,166.79,61.72,245.96,0
2026-04-28 21:00:00,18.42,67.59,58.46,1.879,170.01,62.01,246.74,0
2026-04-28 22:00:00,19.45,78.69,58.28,1.846,169.12,62.12,247.67,0
2026-04-28 23:00:00,18.58,82.37,58.25,1.925,167.33,63.34,244.73,0
2026-04-29 00:00:00,17.89,84.36,58.14,1.971,167.35,63.31,247.11,0
2026-04-29 01:00:00,16.63,78.89,57.98,2.014,167.04,64.2,246.01,0
2026-04-29 02:00:00,18.87,83.38,57.54,2.093,171.66,65.76,241.98,0
2026-04-29 03:00:00,18.69,88.83,57.0,2.058,173.2,65.77,239.67,0
2026-04-29 04:00:00,18.31,92.46,56.85,2.091,173.1,65.89,237.95,0
2026-04-29 05:00:00,18.89,87.49,56.36,2.17,167.57,66.63,241.5,0
2026-04-29 06:00:00,20.15,89.26,56.4,2.125,167.21,67.79,239.43,0
2026-04-29 07:00:00,20.67,82.19,56.16,2.016,170.45,67.73,240.17,0
2026-04-29 08:00:00,23.45,83.02,55.79,1.994,170.38,66.98,234.64,0
2026-04-29 09:00:00,22.48,79.16,54.95,2.073,171.64,67.61,237.0,0
2026-04-29 10:00:00,22.73,79.97,54.05,2.032,172.08,67.96,234.92,0
2026-04-29 11:00:00,25.14,72.8,53.98,2.022,170.92,68.55,235.9,0
2026-04-29 12:00:00,23.98,75.69,53.37,1.995,173.73,68.98,236.83,0
2026-04-29 13:00:00,25.05,68.45,53.08,2.005,173.72,68.96,238.32,0
2026-04-29 14:00:00,24.85,64.8,52.09,1.963,172.1,68.99,238.99,0
2026-04-29 15:00:00,23.99,63.78,51.44,1.897,171.86,69.41,243.57,0
2026-04-29 16:00:00,22.79,64.44,51.27,1.899,174.15,67.89,243.67,0
2026-04-29 17:00:00,22.72,67.3,50.25,1.911,171.12,68.91,248.85,0
2026-04-29 18:00:00,21.09,65.95,50.38,2.005,171.36,69.1,249.76,0
2026-04-29 19:00:00,20.98,67.17,50.24,2.03,171.24,68.13,249.7,0
2026-04-29 20:00:00,20.64,73.72,49.8,1.978,168.22,68.11,251.2,0
2026-04-29 21:00:00,20.45,66.12,49.7,1.957,169.47,69.12,250.88,0
2026-04-29 22:00:00,17.76,75.93,49.83,2.024,169.75,69.16,251.21,0
2026-04-29 23:00:00,17.79,76.51,49.39,2.018,171.15,68.29,251.27,0
2026-04-30 00:00:00,17.25,80.33,48.98,1.972,172.95,66.95,251.07,0
2026-04-30 01:00:00,17.69,85.39,48.86,2.0,172.53,69.02,255.56,0
2026-04-30 02:00:00,16.55,86.01,48.8,1.973,171.23,67.25,260.22,0
2026-04-30 03:00:00,17.32,86.89,48.54,2.025,168.42,67.39,259.77,0
2026-04-30 04:00:00,17.34,90.97,48.46,2.066,167.12,66.7,261.68,0
2026-04-30 05:00:00,18.24,87.59,48.51,2.014,167.05,67.5,263.35,0
2026-04-30 06:00:00,19.63,91.04,48.37,2.141,165.24,66.24,264.67,0
2026-04-30 07:00:00,22.17,86.56,47.96,2.144,166.28,67.56,264.55,0
2026-04-30 08:00:00,22.15,80.08,47.4,1.996,164.6,67.28,264.73,0
2026-04-30 09:00:00,22.8,84.68,47.37,2.04,161.44,66.93,264.67,0
2026-04-30 10:00:00,24.42,77.7,46.91,1.902,160.55,66.5,261.39,0
2026-04-30 11:00:00,24.3,78.83,46.71,1.992,161.06,65.83,259.91,0
2026-04-30 12:00:00,24.72,70.83,45.99,2.017,158.95,65.38,255.67,0
2026-04-30 13:00:00,24.17,69.9,45.5,2.028,157.59,65.93,256.08,0
2026-04-30 14:00:00,23.93,68.55,45.18,2.042,156.75,64.26,256.1,0
2026-04-30 15:00:00,23.11,65.95,45.07,2.09,156.18,63.52,256.79,0
2026-04-30 16:00:00,23.05,69.18,44.88,2.071,157.07,64.82,253.77,0
2026-04-30 17:00:00,22.55,71.21,55.99,2.081,158.54,64.65,255.24,1
2026-04-30 18:00:00,22.15,61.74,67.79,2.099,157.94,64.06,255.41,1
2026-04-30 19:00:00,20.97,71.26,68.09,1.935,156.35,62.85,259.97,0
2026-04-30 20:00:00,19.84,69.26,67.72,1.991,156.95,61.77,260.74,0
2026-04-30 21:00:00,18.61,67.67,67.25,2.053,158.2,62.66,257.95,0
2026-04-30 22:00:00,18.8,78.29,67.05,2.093,161.38,61.9,253.43,0
2026-04-30 23:00:00,17.62,81.15,66.9,2.125,163.59,62.63,253.05,0
2026-05-01 00:00:00,17.87,84.2,66.6,2.228,161.38,61.73,249.58,0
2026-05-01 01:00:00,16.16,85.71,66.04,2.225,161.27,61.62,247.01,0
2026-05-01 02:00:00,17.85,88.71,66.28,2.225,162.24,61.57,244.0,0
2026-05-01 03:00:00,18.49,86.12,65.82,2.186,160.82,60.9,242.1,0
2026-05-01 04:00:00,18.96,88.66,65.47,2.074,160.35,61.01,245.38,0
2026-05-01 05:00:00,19.11,89.37,65.3,2.112,161.75,59.13,242.44,0
2026-05-01 06:00:00,20.73,89.91,64.66,2.087,162.33,59.14,241.01,0
2026-05-01 07:00:00,20.11,84.89,64.0,1.982,162.44,59.62,237.13,0
2026-05-01 08:00:00,21.84,81.97,63.32,1.994,161.37,58.94,232.76,0
2026-05-01 09:00:00,22.61,79.71,63.01,2.005,158.91,59.23,232.17,0
2026-05-01 10:00:00,24.2,74.02,62.5,2.006,158.59,59.45,232.83,0
2026-05-01 11:00:00,22.62,76.08,61.33,2.03,158.68,59.7,230.07,0
2026-05-01 12:00:00,23.64,67.86,61.19,1.95,156.29,58.56,226.51,0
2026-05-01 13:00:00,25.72,70.2,60.85,2.029,156.73,58.75,222.26,0
2026-05-01 14:00:00,22.68,67.69,60.35,2.069,157.77,57.3,223.26,0
2026-05-01 15:00:00,24.6,62.5,59.84,2.155,156.81,56.87,226.18,0
2026-05-01 16:00:00,22.98,62.27,59.48,2.126,157.86,57.02,223.06,0
2026-05-01 17:00:00,22.93,64.24,59.62,2.159,158.64,57.36,222.03,0
2026-05-01 18:00:00,22.9,66.61,59.33,2.052,158.35,56.41,225.39,0
2026-05-01 19:00:00,21.21,72.92,59.22,2.014,157.87,56.32,225.33,0
2026-05-01 20:00:00,21.1,71.22,58.65,1.947,157.56,57.21,225.57,0
2026-05-01 21:00:00,18.91,75.52,58.5,1.982,156.31,56.47,226.99,0
2026-05-01 22:00:00,18.27,80.17,58.53,1.933,157.28,54.7,226.28,0
2026-05-01 23:00:00,18.52,82.53,58.3,1.927,156.07,55.39,224.77,0
2026-05-02 00:00:00,17.31,82.48,57.94,1.948,155.02,54.74,226.05,0
2026-05-02 01:00:00,17.92,83.01,57.91,1.943,156.31,54.38,223.05,0
2026-05-02 02:00:00,18.45,87.77,57.41,1.884,156.22,54.73,219.61,0
2026-05-02 03:00:00,18.58,85.91,57.47,2.007,156.69,55.02,218.65,0
2026-05-02 04:00:00,17.42,92.54,57.14,2.029,153.94,56.15,221.25,0
2026-05-02 05:00:00,19.01,89.79,56.31,2.142,153.44,56.1,224.84,0
2026-05-02 06:00:00,20.29,87.05,55.97,2.086,156.93,56.34,224.16,0
2026-05-02 07:00:00,20.83,86.06,55.75,2.074,154.04,54.99,226.78,0
2026-05-02 08:00:00,21.96,82.95,55.37,2.09,157.63,55.76,230.65,0
2026-05-02 09:00:00,22.96,78.93,54.94,2.191,158.4,55.33,230.96,0
2026-05-02 10:00:00,23.11,78.25,54.0,2.293,157.7,58.44,232.75,0
2026-05-02 11:00:00,23.9,73.55,53.47,2.262,157.63,58.35,237.53,0
2026-05-02 12:00:00,23.55,76.34,52.75,2.216,160.14,58.84,235.64,0
2026-05-02 13:00:00,24.17,67.49,52.08,2.216,156.23,59.51,235.01,0
2026-05-02 14:00:00,23.31,68.75,51.22,2.289,159.13,59.51,239.01,0
2026-05-02 15:00:00,24.11,64.42,50.64,2.293,159.84,59.97,236.46,0
2026-05-02 16:00:00,23.34,64.02,51.02,2.307,161.87,62.07,236.77,0
2026-05-02 17:00:00,22.11,61.91,51.03,2.373,158.85,61.39,235.11,0
2026-05-02 18:00:00,23.16,68.5,50.17,2.425,158.69,59.38,238.52,0
2026-05-02 19:00:00,20.83,67.89,49.99,2.475,154.75,58.29,235.38,0
2026-05-02 20:00:00,20.29,74.21,49.7,2.5,157.31,59.3,235.19,0
2026-05-02 21:00:00,18.8,75.19,49.54,2.567,155.85,58.95,232.57,0
2026-05-02 22:00:00,18.24,77.37,49.62,2.476,154.42,61.14,229.02,0
2026-05-02 23:00:00,18.2,76.32,49.38,2.598,151.36,61.82,224.57,0
2026-05-03 00:00:00,17.39,83.96,48.96,2.641,152.71,61.24,224.68,0
2026-05-03 01:00:00,17.5,83.12,49.11,2.608,153.33,60.56,226.41,0
2026-05-03 02:00:00,18.18,82.94,48.54,2.653,152.45,60.2,226.88,0
2026-05-03 03:00:00,17.61,88.7,48.4,2.607,153.43,58.4,227.88,0
2026-05-03 04:00:00,17.59,84.85,47.75,2.614,152.48,58.76,227.15,0
2026-05-03 05:00:00,18.18,82.4,47.24,2.628,149.82,59.48,230.0,0
2026-05-03 06:00:00,21.1,89.77,47.27,2.656,149.77,58.68,232.07,0
2026-05-03 07:00:00,21.65,83.38,46.86,2.604,153.34,57.38,232.53,0
2026-05-03 08:00:00,22.36,78.14,45.75,2.636,155.56,56.7,233.17,0
2026-05-03 09:00:00,22.44,77.44,44.98,2.586,156.75,57.76,232.09,0
2026-05-03 10:00:00,22.54,75.2,56.17,2.609,157.52,58.61,237.1,1
2026-05-03 11:00:00,23.83,77.01,67.23,2.587,157.17,58.91,239.02,1
2026-05-03 12:00:00,24.32,67.34,66.83,2.457,158.81,60.48,238.56,0
2026-05-03 13:00:00,23.71,65.87,65.81,2.402,160.07,59.0,237.95,0
2026-05-03 14:00:00,23.35,69.92,65.07,2.446,160.12,58.9,236.83,0
2026-05-03 15:00:00,22.82,65.25,64.56,2.417,160.67,59.5,235.99,0
2026-05-03 16:00:00,23.94,66.57,63.89,2.482,157.95,60.29,236.56,0
2026-05-03 17:00:00,21.91,65.15,63.22,2.396,157.37,61.06,232.21,0
2026-05-03 18:00:00,22.12,72.53,62.45,2.431,155.53,61.74,231.73,0
2026-05-03 19:00:00,20.72,66.0,61.89,2.419,153.73,62.94,231.57,0
2026-05-03 20:00:00,20.51,72.21,61.5,2.396,155.02,63.59,231.72,0
2026-05-03 21:00:00,19.49,77.91,61.49,2.319,153.15,62.51,232.32,0
2026-05-03 22:00:00,18.36,76.06,61.16,2.33,155.0,62.08,232.53,0
2026-05-03 23:00:00,18.06,77.96,61.01,2.267,157.26,60.55,233.67,0
2026-05-04 00:00:00,17.54,84.42,61.15,2.232,157.46,61.49,233.4,0
2026-05-04 01:00:00,17.07,87.29,61.13,2.228,156.67,62.58,235.95,0
2026-05-04 02:00:00,18.31,84.53,60.55,2.211,158.86,61.47,237.54,0
2026-05-04 03:00:00,17.67,91.28,60.48,2.279,160.1,61.14,243.03,0
2026-05-04 04:00:00,18.46,88.13,60.59,2.125,162.45,59.59,244.38,0
2026-05-04 05:00:00,18.26,88.9,60.22,2.127,160.6,59.55,242.05,0
2026-05-04 06:00:00,20.29,90.25,59.54,2.117,160.31,58.88,241.31,0
2026-05-04 07:00:00,20.57,86.7,59.21,2.129,160.1,57.92,239.72,0
2026-05-04 08:00:00,21.57,82.5,58.72,2.108,160.68,58.02,239.51,0
2026-05-04 09:00:00,22.16,78.17,58.34,2.183,161.97,59.84,242.03,0
2026-05-04 10:00:00,23.39,83.77,57.63,2.176,162.34,60.62,240.87,0
2026-05-04 11:00:00,22.63,72.18,56.46,2.193,164.85,60.43,239.15,0
2026-05-04 12:00:00,24.86,72.3,55.51,2.254,164.18,60.44,240.23,0
2026-05-04 13:00:00,24.47,70.5,55.05,2.26,162.33,62.17,237.93,0
2026-05-04 14:00:00,24.05,68.87,55.09,2.187,161.24,63.3,235.6,0
2026-05-04 15:00:00,22.95,71.69,54.53,2.169,159.97,62.98,236.53,0
2026-05-04 16:00:00,23.78,66.12,54.36,2.171,159.35,63.4,231.97,0
2026-05-04 17:00:00,22.31,66.14,53.49,2.081,159.09,62.46,230.92,0
2026-05-04 18:00:00,22.82,71.35,52.74,2.054,158.92,62.47,233.26,0
2026-05-04 19:00:00,21.34,68.88,51.84,2.067,159.58,63.14,228.76,0
2026-05-04 20:00:00,21.17,73.69,51.75,2.204,158.96,64.03,224.67,0
2026-05-04 21:00:00,19.35,74.64,51.28,2.233,161.09,63.39,221.6,0
2026-05-04 22:00:00,19.28,79.3,51.26,2.247,157.76,64.25,215.45,0
2026-05-04 23:00:00,18.29,81.66,50.91,2.352,154.04,64.32,221.17,0
2026-05-05 00:00:00,17.3,81.49,51.31,2.384,156.28,63.99,222.16,0
2026-05-05 01:00:00,17.63,80.17,51.65,2.422,158.29,65.65,221.12,0
2026-05-05 02:00:00,17.04,82.34,50.76,2.389,160.79,65.21,218.59,0
2026-05-05 03:00:00,19.42,83.02,50.74,2.307,162.11,64.12,224.92,0
2026-05-05 04:00:00,18.45,87.77,50.32,2.322,162.23,63.45,227.06,0
2026-05-05 05:00:00,19.27,81.74,50.31,2.43,161.87,64.06,227.13,0
2026-05-05 06:00:00,20.37,86.13,49.71,2.511,159.11,63.11,230.58,0
2026-05-05 07:00:00,20.24,85.11,49.94,2.536,159.61,63.82,231.77,0
2026-05-05 08:00:00,22.83,84.64,49.69,2.478,157.24,63.0,230.68,0
2026-05-05 09:00:00,22.03,81.11,48.72,2.373,161.99,62.9,229.38,0
2026-05-05 10:00:00,22.6,79.25,48.11,2.318,160.26,64.87,228.18,0
2026-05-05 11:00:00,23.91,75.19,47.6,2.33,160.31,63.99,225.98,0
2026-05-05 12:00:00,23.49,70.69,47.25,2.3,163.21,62.11,229.21,0
2026-05-05 13:00:00,25.59,68.96,46.68,2.36,162.62,63.34,228.21,0
2026-05-05 14:00:00,24.22,65.34,46.35,2.266,162.07,62.03,231.93,0
2026-05-05 15:00:00,21.78,66.95,45.78,2.261,157.53,61.3,230.01,0
2026-05-05 16:00:00,23.61,62.04,45.4,2.218,155.47,61.98,228.76,0
2026-05-05 17:00:00,23.14,69.04,44.43,2.283,156.86,62.6,227.94,0
2026-05-05 18:00:00,21.61,65.08,55.87,2.317,160.2,60.45,226.05,1
2026-05-05 19:00:00,20.05,69.61,68.02,2.266,158.79,60.18,225.03,1
2026-05-05 20:00:00,20.02,72.3,68.24,2.319,159.39,61.0,226.91,0
2026-05-05 21:00:00,18.91,77.06,68.09,2.221,164.49,62.86,230.31,0
2026-05-05 22:00:00,17.84,72.8,67.86,2.119,165.53,61.72,231.3,0
2026-05-05 23:00:00,17.22,79.03,68.07,2.079,167.27,62.69,228.51,0
2026-05-06 00:00:00,17.73,83.87,67.84,1.975,165.8,62.07,227.33,0
2026-05-06 01:00:00,18.13,89.16,67.99,1.991,168.56,63.01,226.27,0
2026-05-06 02:00:00,17.94,86.43,67.75,2.008,167.17,62.04,230.96,0
2026-05-06 03:00:00,16.76,86.14,67.57,2.004,165.52,61.83,233.62,0
2026-05-06 04:00:00,18.96,93.07,67.04,2.057,168.16,62.19,236.73,0
2026-05-06 05:00:00,19.79,89.63,66.46,2.031,166.89,63.04,234.87,0
2026-05-06 06:00:00,21.07,89.96,66.55,1.972,166.81,63.52,231.69,0
2026-05-06 07:00:00,20.34,81.75,66.87,1.947,169.66,63.09,233.29,0
2026-05-06 08:00:00,21.87,83.8,66.35,1.898,167.83,62.61,232.22,0
2026-05-06 09:00:00,23.15,77.14,65.75,1.89,167.29,64.19,233.09,0
2026-05-06 10:00:00,23.11,73.74,65.49,1.954,166.1,64.37,234.22,0
2026-05-06 11:00:00,24.42,75.61,65.03,1.873,165.47,63.87,233.27,0
2026-05-06 12:00:00,24.36,73.13,63.74,1.883,165.52,64.3,235.87,0
2026-05-06 13:00:00,23.91,68.02,63.48,1.969,167.91,64.79,232.17,0
2026-05-06 14:00:00,23.85,71.05,62.52,2.057,170.75,63.49,232.59,0
2026-05-06 15:00:00,24.91,65.45,61.94,2.033,170.8,63.88,234.4,0
2026-05-06 16:00:00,22.78,65.33,61.26,2.184,169.26,62.47,238.69,0
2026-05-06 17:00:00,21.93,66.28,60.51,2.129,170.31,61.88,238.84,0
2026-05-06 18:00:00,22.15,66.87,59.98,2.128,170.11,60.99,241.79,0
2026-05-06 19:00:00,20.98,72.41,60.05,2.069,169.97,60.91,244.43,0
2026-05-06 20:00:00,19.18,68.9,59.86,2.111,167.91,60.55,249.8,0
2026-05-06 21:00:00,18.89,72.27,60.08,2.293,164.89,60.41,249.87,0
2026-05-06 22:00:00,17.95,74.02,60.34,2.404,164.86,58.75,254.26,0
2026-05-06 23:00:00,17.52,84.56,60.6,2.447,162.94,58.78,255.32,0
2026-05-07 00:00:00,19.39,81.69,60.38,2.401,162.07,57.89,250.47,0
2026-05-07 01:00:00,17.29,82.86,60.04,2.384,164.85,60.06,249.77,0
2026-05-07 02:00:00,17.0,85.81,59.83,2.445,164.73,59.76,246.74,0
2026-05-07 03:00:00,19.38,89.75,59.96,2.479,166.74,59.6,249.98,0
2026-05-07 04:00:00,19.15,89.66,60.08,2.472,167.2,60.3,249.65,0
2026-05-07 05:00:00,19.76,86.19,59.1,2.468,168.16,61.54,245.62,0
2026-05-07 06:00:00,19.51,85.53,59.0,2.52,167.05,60.49,247.29,0
2026-05-07 07:00:00,21.83,81.14,58.09,2.583,169.04,61.05,249.98,0
2026-05-07 08:00:00,22.48,82.85,57.53,2.473,169.44,61.95,248.23,0
2026-05-07 09:00:00,22.85,83.05,56.81,2.474,168.78,62.12,246.45,0
2026-05-07 10:00:00,22.27,75.55,56.01,2.497,169.19,62.26,246.38,0
2026-05-07 11:00:00,24.02,75.74,55.7,2.451,167.74,61.79,241.28,0
2026-05-07 12:00:00,25.59,70.04,54.93,2.517,167.1,61.51,242.74,0
2026-05-07 13:00:00,24.65,66.48,54.36,2.485,166.91,61.43,246.59,0
2026-05-07 14:00:00,24.12,69.17,53.52,2.55,165.89,61.06,244.38,0
2026-05-07 15:00:00,23.87,72.24,52.98,2.511,168.66,61.89,248.52,0
2026-05-07 16:00:00,23.36,67.36,52.71,2.511,167.77,61.11,250.33,0
2026-05-07 17:00:00,22.19,65.34,51.89,2.511,171.41,61.9,249.37,0
2026-05-07 18:00:00,21.88,66.6,51.53,2.596,171.27,63.1,250.24,0
2026-05-07 19:00:00,22.01,73.99,51.35,2.62,170.6,63.4,253.47,0
2026-05-07 20:00:00,21.02,72.27,51.17,2.57,169.47,61.75,252.9,0
2026-05-07 21:00:00,18.72,72.24,50.86,2.535,170.05,62.31,252.99,0
2026-05-07 22:00:00,19.42,76.84,50.89,2.502,171.46,61.72,250.75,0
2026-05-07 23:00:00,18.5,80.38,50.89,2.489,166.63,61.25,249.66,0
2026-05-08 00:00:00,18.06,83.67,50.65,2.419,166.57,61.6,250.68,0
2026-05-08 01:00:00,17.8,88.56,50.51,2.406,162.93,62.61,249.45,0
2026-05-08 02:00:00,16.97,89.72,50.54,2.48,164.78,61.09,247.47,0
2026-05-08 03:00:00,17.69,88.12,50.5,2.547,166.59,61.17,249.72,0
2026-05-08 04:00:00,19.11,87.9,50.21,2.436,166.6,62.99,250.19,0
2026-05-08 05:00:00,18.41,88.62,50.36,2.323,166.91,61.97,248.23,0
2026-05-08 06:00:00,19.37,85.01,50.42,2.286,164.26,61.79,251.95,0
2026-05-08 07:00:00,21.21,87.23,50.85,2.18,163.31,61.24,256.39,0
2026-05-08 08:00:00,21.35,81.99,49.83,2.113,162.27,61.9,257.85,0
2026-05-08 09:00:00,23.33,81.07,49.48,2.147,161.57,60.78,253.73,0
2026-05-08 10:00:00,22.95,81.28,49.27,2.155,163.28,59.4,253.81,0
2026-05-08 11:00:00,24.2,75.54,49.01,2.062,165.65,60.23,254.34,0
2026-05-08 12:00:00,24.61,72.08,48.36,2.149,166.73,60.5,249.41,0
2026-05-08 13:00:00,24.16,67.93,47.39,2.134,166.08,59.47,251.67,0
2026-05-08 14:00:00,24.21,67.28,47.29,2.115,164.69,59.49,251.36,0
2026-05-08 15:00:00,23.56,63.53,46.58,2.189,164.87,58.41,253.35,0
2026-05-08 16:00:00,23.46,67.33,45.94,2.221,165.4,59.35,251.67,0
2026-05-08 17:00:00,22.08,61.04,46.01,2.224,164.99,59.68,252.04,0
2026-05-08 18:00:00,21.75,69.89,45.07,2.2,163.8,59.1,252.52,0
2026-05-08 19:00:00,21.52,71.05,45.12,2.241,164.96,58.67,252.12,0
2026-05-08 20:00:00,19.3,71.75,44.69,2.219,166.25,58.35,252.49,0
2026-05-08 21:00:00,18.91,72.82,56.26,2.211,163.83,57.5,251.27,1
2026-05-08 22:00:00,18.89,76.96,68.11,2.147,163.19,58.84,247.5,1
2026-05-08 23:00:00,16.51,75.41,68.11,2.226,164.66,59.98,241.77,0
2026-05-09 00:00:00,18.92,84.56,68.2,2.324,166.46,59.68,239.89,0
2026-05-09 01:00:00,18.23,84.37,68.32,2.335,166.51,59.47,241.62,0
2026-05-09 02:00:00,16.54,90.31,67.91,2.304,167.11,58.53,238.69,0
2026-05-09 03:00:00,16.5,88.61,67.37,2.36,167.48,58.49,241.16,0
2026-05-09 04:00:00,18.55,88.58,67.07,2.391,169.1,59.04,244.33,0
2026-05-09 05:00:00,18.47,88.63,66.97,2.358,166.94,60.19,245.05,0
2026-05-09 06:00:00,20.77,84.09,66.71,2.423,167.34,59.44,244.13,0
2026-05-09 07:00:00,21.28,83.65,65.42,2.389,165.65,58.0,246.23,0
2026-05-09 08:00:00,21.99,82.83,64.32,2.305,167.58,57.21,248.56,0
2026-05-09 09:00:00,22.35,79.09,63.7,2.301,165.57,57.85,247.32,0
2026-05-09 10:00:00,24.59,75.56,63.39,2.366,166.29,57.94,246.92,0
2026-05-09 11:00:00,24.56,73.45,62.55,2.368,164.64,58.95,244.29,0
2026-05-09 12:00:00,24.8,71.61,62.2,2.292,166.01,59.08,244.54,0
2026-05-09 13:00:00,25.34,75.02,61.18,2.269,166.76,60.63,238.9,0
2026-05-09 14:00:00,23.67,66.66,60.69,2.343,167.12,59.24,237.97,0
2026-05-09 15:00:00,24.93,64.68,60.2,2.356,170.57,57.08,235.69,0
2026-05-09 16:00:00,23.29,65.62,59.78,2.351,169.08,58.45,235.43,0
2026-05-09 17:00:00,22.98,70.13,58.93,2.34,170.59,57.84,233.42,0
2026-05-09 18:00:00,21.8,71.41,57.91,2.402,172.47,58.09,228.72,0
2026-05-09 19:00:00,19.69,74.09,57.93,2.455,173.84,58.32,227.4,0
2026-05-09 20:00:00,20.76,71.65,57.27,2.361,172.27,58.73,226.59,0
2026-05-09 21:00:00,17.97,75.76,56.84,2.413,171.55,58.4,229.67,0
2026-05-09 22:00:00,17.85,74.37,57.06,2.436,170.2,57.65,228.34,0
2026-05-09 23:00:00,17.65,78.96,56.91,2.522,169.46,56.85,226.55,0
2026-05-10 00:00:00,16.25,79.71,56.82,2.502,167.77,57.55,223.99,0
2026-05-10 01:00:00,16.73,85.96,56.81,2.556,167.0,58.38,227.4,0
2026-05-10 02:00:00,17.79,86.62,56.78,2.566,169.56,58.26,227.22,0
2026-05-10 03:00:00,17.73,88.19,56.58,2.481,168.81,57.84,228.29,0
2026-05-10 04:00:00,18.34,85.88,56.11,2.529,168.84,58.47,224.77,0
2026-05-10 05:00:00,18.61,89.75,56.71,2.562,167.38,57.25,220.89,0
2026-05-10 06:00:00,20.13,80.51,56.42,2.505,167.26,59.14,219.34,0
2026-05-10 07:00:00,20.77,84.15,56.32,2.508,168.66,59.64,224.19,0
2026-05-10 08:00:00,20.76,82.23,55.91,2.62,169.39,59.56,222.0,0
2026-05-10 09:00:00,22.61,74.79,55.19,2.568,171.77,60.38,221.08,0
2026-05-10 10:00:00,22.61,77.96,54.51,2.593,169.32,61.0,221.81,0
2026-05-10 11:00:00,24.66,73.72,54.39,2.507,167.79,61.24,220.91,0
2026-05-10 12:00:00,24.11,72.9,53.6,2.458,166.93,59.56,222.81,0
2026-05-10 13:00:00,26.27,74.22,53.15,2.496,169.6,60.01,221.34,0
2026-05-10 14:00:00,25.06,68.29,52.85,2.497,169.96,61.38,219.27,0
2026-05-10 15:00:00,23.94,68.81,52.22,2.472,167.21,60.9,226.85,0
2026-05-10 16:00:00,23.88,69.45,51.63,2.562,169.08,61.79,224.92,0
2026-05-10 17:00:00,21.29,67.6,51.37,2.488,169.12,62.56,227.41,0
2026-05-10 18:00:00,22.58,65.31,50.77,2.466,170.56,62.81,225.43,0
2026-05-10 19:00:00,20.43,65.12,49.95,2.484,173.18,62.94,222.06,0
2026-05-10 20:00:00,20.16,72.44,50.2,2.419,171.1,63.41,222.48,0
2026-05-10 21:00:00,18.74,73.15,49.71,2.441,173.7,63.75,219.75,0
2026-05-10 22:00:00,18.09,80.21,49.57,2.496,173.22,65.4,219.53,0
2026-05-10 23:00:00,17.84,78.66,48.98,2.475,172.15,66.16,218.32,0
2026-05-11 00:00:00,17.67,82.46,48.62,2.422,172.14,66.67,222.28,0
2026-05-11 01:00:00,17.48,81.88,48.29,2.394,169.71,67.49,219.06,0
2026-05-11 02:00:00,17.62,85.67,48.14,2.227,169.48,67.96,221.55,0
2026-05-11 03:00:00,16.83,85.27,47.68,2.293,168.87,65.91,222.93,0
2026-05-11 04:00:00,20.16,85.87,48.08,2.309,167.02,65.68,222.96,0
2026-05-11 05:00:00,19.41,87.49,47.88,2.298,165.78,65.02,221.67,0
2026-05-11 06:00:00,20.4,85.01,47.95,2.198,167.8,65.22,222.77,0
2026-05-11 07:00:00,20.76,91.35,47.74,2.272,167.37,64.62,223.94,0
2026-05-11 08:00:00,21.29,84.59,47.49,2.247,165.51,65.08,225.48,0
2026-05-11 09:00:00,22.86,82.56,46.31,2.285,166.29,64.61,225.28,0
2026-05-11 10:00:00,23.68,76.72,45.54,2.285,167.62,66.06,222.91,0
2026-05-11 11:00:00,24.94,74.42,44.81,2.189,167.51,67.42,225.71,0
2026-05-11 12:00:00,25.84,70.43,56.08,2.273,165.19,65.95,226.16,1
2026-05-11 13:00:00,25.53,75.78,67.66,2.34,160.6,66.13,225.07,1
2026-05-11 14:00:00,23.14,67.2,67.28,2.383,159.15,65.59,223.07,0
2026-05-11 15:00:00,23.71,64.87,66.69,2.396,161.28,65.71,225.97,0
2026-05-11 16:00:00,23.71,64.11,66.12,2.317,163.17,66.12,229.88,0
2026-05-11 17:00:00,22.47,67.21,66.3,2.368,161.81,64.85,231.58,0
2026-05-11 18:00:00,21.88,71.03,65.84,2.496,161.51,63.89,233.35,0
2026-05-11 19:00:00,19.5,71.94,64.98,2.489,162.91,63.07,236.37,0
2026-05-11 20:00:00,20.73,69.61,65.01,2.484,162.74,62.54,235.39,0
2026-05-11 21:00:00,17.94,72.2,64.97,2.405,164.52,62.05,240.71,0
2026-05-11 22:00:00,17.42,80.12,65.12,2.273,164.36,62.77,237.77,0
2026-05-11 23:00:00,17.26,85.1,65.1,2.254,165.25,62.94,237.03,0
2026-05-12 00:00:00,17.55,82.14,64.63,2.346,164.66,62.13,235.0,0
2026-05-12 01:00:00,16.36,87.79,64.7,2.423,163.26,61.84,235.16,0
2026-05-12 02:00:00,16.88,82.86,64.53,2.411,165.43,59.71,239.48,0
2026-05-12 03:00:00,18.77,85.52,64.64,2.429,162.71,61.6,238.66,0
2026-05-12 04:00:00,18.45,85.48,64.91,2.347,161.72,61.63,239.53,0
2026-05-12 05:00:00,19.55,88.66,64.67,2.35,161.68,62.53,232.03,0
2026-05-12 06:00:00,19.23,86.08,64.73,2.315,163.36,63.23,233.25,0
2026-05-12 07:00:00,20.96,85.37,64.84,2.317,161.85,63.16,235.83,0
2026-05-12 08:00:00,21.81,85.55,64.34,2.3,162.2,60.98,236.1,0
2026-05-12 09:00:00,22.19,78.21,64.38,2.282,159.82,60.51,233.38,0
2026-05-12 10:00:00,23.44,77.23,64.13,2.343,160.82,60.87,230.46,0
2026-05-12 11:00:00,22.71,70.81,63.4,2.458,164.27,60.96,229.3,0
2026-05-12 12:00:00,24.69,74.41,62.91,2.437,160.77,61.93,226.56,0
2026-05-12 13:00:00,24.22,71.96,62.6,2.512,159.63,61.93,230.92,0
2026-05-12 14:00:00,24.2,68.38,62.61,2.423,161.35,63.59,232.3,0
2026-05-12 15:00:00,24.63,66.67,62.23,2.409,166.79,62.59,236.04,0
2026-05-12 16:00:00,23.78,64.73,61.76,2.323,167.78,63.04,235.27,0
2026-05-12 17:00:00,22.53,62.89,61.58,2.303,166.36,62.08,233.34,0
2026-05-12 18:00:00,21.12,68.24,60.97,2.346,166.04,62.9,231.67,0
2026-05-12 19:00:00,21.93,71.11,60.47,2.41,163.79,62.19,230.68,0
2026-05-12 20:00:00,19.16,76.55,60.48,2.355,165.28,60.61,229.66,0
2026-05-12 21:00:00,19.69,73.17,60.17,2.379,167.16,59.31,232.98,0
2026-05-12 22:00:00,17.41,77.68,60.78,2.447,169.6,58.97,235.37,0
2026-05-12 23:00:00,18.61,82.63,60.66,2.502,168.82,60.46,236.02,0
2026-05-13 00:00:00,18.33,85.36,60.67,2.504,167.22,61.17,231.82,0
2026-05-13 01:00:00,16.16,83.22,60.28,2.454,169.82,61.6,232.72,0
2026-05-13 02:00:00,17.93,85.83,60.46,2.402,172.11,61.55,232.06,0
2026-05-13 03:00:00,18.23,86.31,60.26,2.344,170.05,60.55,235.72,0
2026-05-13 04:00:00,19.02,85.75,60.02,2.339,169.17,59.76,237.92,0
2026-05-13 05:00:00,19.51,91.3,59.79,2.287,170.42,59.33,238.13,0
2026-05-13 06:00:00,19.42,86.68,59.2,2.329,169.75,58.83,232.73,0
2026-05-13 07:00:00,20.85,84.59,58.93,2.34,169.62,58.34,232.5,0
2026-05-13 08:00:00,23.07,83.12,58.53,2.348,166.79,57.59,231.0,0
2026-05-13 09:00:00,21.97,79.98,57.52,2.235,164.7,57.73,232.21,0
2026-05-13 10:00:00,23.7,76.45,57.26,2.241,164.55,57.18,229.49,0
2026-05-13 11:00:00,24.84,72.25,56.61,2.217,163.31,58.34,230.42,0
2026-05-13 12:00:00,23.69,75.41,56.13,2.353,161.31,59.46,225.11,0
2026-05-13 13:00:00,23.51,67.8,54.9,2.273,160.89,60.08,222.14,0
2026-05-13 14:00:00,23.49,65.15,54.4,2.262,159.48,60.57,220.58,0
2026-05-13 15:00:00,24.31,66.17,53.53,2.288,159.75,59.22,219.94,0
2026-05-13 16:00:00,22.58,71.39,52.87,2.23,161.74,61.36,221.66,0
2026-05-13 17:00:00,22.66,64.32,51.84,2.351,161.33,61.13,218.19,0
2026-05-13 18:00:00,22.87,69.25,51.02,2.464,160.71,61.87,217.43,0
2026-05-13 19:00:00,20.96,68.61,50.77,2.401,162.82,62.62,216.77,0
2026-05-13 20:00:00,19.55,72.11,50.49,2.359,164.22,61.67,219.4,0
2026-05-13 21:00:00,19.34,76.46,50.56,2.483,165.69,61.11,219.7,0
2026-05-13 22:00:00,18.48,72.7,49.8,2.554,161.13,61.5,218.05,0
2026-05-13 23:00:00,18.29,77.61,49.58,2.514,160.47,60.12,216.2,0
2026-05-14 00:00:00,18.75,84.77,49.35,2.525,159.63,60.1,215.76,0
2026-05-14 01:00:00,17.78,85.02,49.01,2.426,158.35,58.0,212.6,0
2026-05-14 02:00:00,19.04,87.06,48.54,2.549,160.52,58.13,217.78,0
2026-05-14 03:00:00,18.29,89.4,48.67,2.536,159.72,59.48,218.63,0
2026-05-14 04:00:00,17.99,85.78,49.09,2.555,157.43,59.55,217.17,0
2026-05-14 05:00:00,20.85,90.26,48.37,2.481,158.17,58.31,215.42,0
2026-05-14 06:00:00,20.01,88.58,47.89,2.4,158.43,57.92,213.38,0
2026-05-14 07:00:00,20.26,85.37,47.39,2.42,157.03,58.6,215.39,0
2026-05-14 08:00:00,23.53,83.67,46.75,2.527,159.19,58.85,212.24,0
2026-05-14 09:00:00,22.24,82.76,46.57,2.478,160.37,59.35,212.93,0
2026-05-14 10:00:00,22.93,75.52,46.18,2.407,161.51,59.28,215.47,0
2026-05-14 11:00:00,23.65,75.81,45.57,2.418,162.52,58.67,214.98,0
2026-05-14 12:00:00,24.5,75.86,45.01,2.508,164.58,58.88,213.45,0
2026-05-14 13:00:00,25.15,70.82,44.34,2.455,164.32,59.04,216.62,0
2026-05-14 14:00:00,22.53,66.92,56.01,2.429,162.11,60.05,214.71,1
2026-05-14 15:00:00,24.68,72.17,67.7,2.47,161.85,59.69,215.03,1
2026-05-14 16:00:00,23.09,66.58,67.32,2.515,159.0,59.8,216.32,0
2026-05-14 17:00:00,22.46,69.87,66.11,2.483,157.33,59.74,215.74,0
2026-05-14 18:00:00,23.11,66.42,65.55,2.536,160.55,61.85,213.71,0
2026-05-14 19:00:00,21.15,71.89,65.3,2.551,158.74,61.18,213.38,0
2026-05-14 20:00:00,20.41,70.13,65.39,2.535,156.88,60.86,215.31,0
2026-05-14 21:00:00,19.22,74.96,65.27,2.572,158.41,60.03,214.47,0
2026-05-14 22:00:00,19.06,75.48,65.23,2.599,160.23,61.26,216.64,0
2026-05-14 23:00:00,19.1,84.6,64.88,2.515,157.42,62.52,216.92,0
2026-05-15 00:00:00,15.89,81.95,64.97,2.589,158.17,62.31,216.31,0
2026-05-15 01:00:00,18.26,82.01,65.14,2.59,157.46,63.37,215.43,0
2026-05-15 02:00:00,18.7,86.76,64.45,2.652,158.35,63.62,216.99,0
2026-05-15 03:00:00,18.32,88.97,63.86,2.63,158.08,64.21,220.71,0
2026-05-15 04:00:00,18.05,87.93,63.89,2.622,155.89,63.25,221.73,0
2026-05-15 05:00:00,18.44,85.59,63.64,2.624,155.39,63.35,219.98,0
2026-05-15 06:00:00,21.75,89.12,63.75,2.634,156.9,65.0,223.46,0
2026-05-15 07:00:00,20.37,87.93,63.62,2.702,160.73,66.24,221.83,0
2026-05-15 08:00:00,22.97,78.38,63.27,2.702,161.6,66.84,226.81,0
2026-05-15 09:00:00,23.02,77.65,62.49,2.672,161.03,67.55,226.81,0
2026-05-15 10:00:00,24.91,76.6,62.02,2.707,159.07,69.57,225.03,0
2026-05-15 11:00:00,23.81,72.83,61.56,2.704,159.02,70.05,226.92,0
2026-05-15 12:00:00,23.26,72.81,60.8,2.853,158.58,69.21,226.55,0
2026-05-15 13:00:00,24.5,73.82,60.53,2.832,159.38,70.09,228.08,0
2026-05-15 14:00:00,23.34,66.52,59.4,2.869,159.5,69.78,228.65,0
2026-05-15 15:00:00,25.91,70.32,58.89,2.882,160.58,69.98,225.52,0
2026-05-15 16:00:00,23.92,62.33,57.94,2.718,160.11,69.85,225.82,0
2026-05-15 17:00:00,23.29,67.51,57.07,2.645,163.38,68.98,227.53,0
2026-05-15 18:00:00,22.45,65.99,56.82,2.594,164.5,69.05,228.19,0
2026-05-15 19:00:00,20.51,70.42,56.29,2.484,163.25,69.71,231.67,0
2026-05-15 20:00:00,20.0,67.11,55.74,2.447,165.12,70.14,232.62,0
2026-05-15 21:00:00,19.33,70.94,55.72,2.355,163.03,70.33,232.13,0
2026-05-15 22:00:00,19.89,78.19,55.19,2.284,161.57,69.9,232.8,0
2026-05-15 23:00:00,17.16,78.27,55.29,2.3,160.27,68.17,231.68,0
2026-05-16 00:00:00,17.11,81.69,55.28,2.415,162.85,67.94,232.75,0
2026-05-16 01:00:00,17.25,89.37,54.85,2.325,162.61,68.26,233.76,0
2026-05-16 02:00:00,17.15,86.87,54.95,2.25,161.58,66.13,230.72,0
2026-05-16 03:00:00,16.95,89.88,54.16,2.222,162.01,65.94,232.87,0
2026-05-16 04:00:00,16.63,86.1,54.11,2.219,163.11,65.74,238.56,0
2026-05-16 05:00:00,17.97,84.27,53.53,2.132,166.04,64.81,239.74,0
2026-05-16 06:00:00,20.86,86.32,53.17,2.102,163.31,65.41,234.43,0
2026-05-16 07:00:00,20.99,81.05,52.84,2.068,165.65,66.15,233.39,0
2026-05-16 08:00:00,22.49,80.75,52.67,2.103,161.9,67.66,230.27,0
2026-05-16 09:00:00,22.34,80.44,51.97,2.143,163.66,67.47,229.78,0
2026-05-16 10:00:00,23.41,76.72,51.38,2.145,165.8,68.46,231.76,0
2026-05-16 11:00:00,25.16,74.99,50.68,2.133,167.96,67.53,230.12,0
2026-05-16 12:00:00,25.47,73.0,49.81,2.102,168.86,67.03,235.08,0
2026-05-16 13:00:00,25.16,66.23,48.93,2.119,166.79,67.49,227.87,0
2026-05-16 14:00:00,24.52,65.12,48.46,2.073,168.07,66.74,227.61,0
2026-05-16 15:00:00,24.39,60.93,47.88,2.182,166.02,66.45,228.93,0
2026-05-16 16:00:00,23.73,65.07,47.55,2.1,164.29,67.07,226.18,0
2026-05-16 17:00:00,22.63,68.22,46.93,2.075,163.5,66.92,223.9,0
2026-05-16 18:00:00,21.62,71.2,46.31,2.143,162.9,65.94,226.35,0
2026-05-16 19:00:00,21.79,69.7,46.34,2.13,163.42,65.29,231.6,0
2026-05-16 20:00:00,19.19,74.93,46.03,2.182,162.23,64.95,236.89,0
2026-05-16 21:00:00,20.29,75.11,45.4,2.293,162.93,65.39,235.93,0
2026-05-16 22:00:00,18.33,77.27,45.45,2.344,160.54,64.99,239.26,0
2026-05-16 23:00:00,17.05,78.32,45.05,2.268,160.79,62.7,238.87,0
2026-05-17 00:00:00,17.24,76.54,44.87,2.201,160.47,63.39,240.97,0
2026-05-17 01:00:00,16.89,87.84,56.48,2.197,162.48,63.92,240.15,1
2026-05-17 02:00:00,17.22,86.39,67.99,2.231,164.58,62.91,237.05,1
2026-05-17 03:00:00,17.55,91.1,67.22,2.308,164.29,61.86,240.95,0
2026-05-17 04:00:00,18.08,85.63,67.12,2.26,160.8,63.08,245.31,0
2026-05-17 05:00:00,19.03,93.7,65.9,2.234,158.31,62.83,243.75,0
2026-05-17 06:00:00,20.05,85.9,66.09,2.224,160.6,63.49,245.65,0
2026-05-17 07:00:00,21.53,83.05,66.2,2.213,160.52,62.82,244.75,0
2026-05-17 08:00:00,21.73,81.96,65.38,2.309,163.85,63.38,249.72,0
2026-05-17 09:00:00,22.98,80.27,65.3,2.302,165.51,62.51,245.25,0
2026-05-17 10:00:00,23.48,76.83,65.36,2.311,165.95,62.87,244.29,0
2026-05-17 11:00:00,24.41,72.86,64.71,2.365,166.14,63.17,240.21,0
2026-05-17 12:00:00,24.41,66.99,64.27,2.456,164.03,61.28,235.98,0
2026-05-17 13:00:00,24.05,67.21,63.75,2.443,162.93,61.41,235.64,0
2026-05-17 14:00:00,23.74,70.16,63.64,2.508,163.76,60.78,234.49,0
2026-05-17 15:00:00,24.18,64.18,62.66,2.603,163.19,61.8,231.98,0
2026-05-17 16:00:00,24.37,61.71,62.02,2.575,164.1,62.02,234.23,0
2026-05-17 17:00:00,22.59,63.74,61.74,2.522,165.99,61.8,237.51,0
2026-05-17 18:00:00,21.42,67.25,61.44,2.638,165.63,63.17,238.67,0
2026-05-17 19:00:00,20.82,67.32,61.23,2.682,164.83,61.42,233.79,0
2026-05-17 20:00:00,19.7,70.8,61.44,2.656,163.22,63.17,234.7,0
2026-05-17 21:00:00,18.78,72.16,61.31,2.67,164.79,64.82,235.54,0
2026-05-17 22:00:00,17.51,79.52,61.15,2.581,166.16,64.39,233.41,0
2026-05-17 23:00:00,17.8,81.07,61.16,2.628,170.05,65.12,234.35,0
2026-05-18 00:00:00,17.78,88.04,60.94,2.497,170.17,65.46,233.12,0
2026-05-18 01:00:00,16.74,83.82,60.75,2.548,169.79,63.12,231.16,0
2026-05-18 02:00:00,17.0,85.81,60.32,2.487,170.44,62.99,228.4,0
2026-05-18 03:00:00,17.31,90.58,61.0,2.375,169.7,61.82,230.81,0
2026-05-18 04:00:00,17.55,88.98,60.65,2.249,167.92,60.6,234.26,0
2026-05-18 05:00:00,18.58,85.27,60.67,2.224,167.96,60.39,233.94,0
2026-05-18 06:00:00,19.96,87.92,61.05,2.272,168.67,60.21,236.45,0
2026-05-18 07:00:00,20.06,85.77,60.44,2.191,169.46,61.36,240.2,0
2026-05-18 08:00:00,21.81,78.02,60.08,2.124,170.08,60.7,240.27,0
2026-05-18 09:00:00,22.26,78.22,59.53,2.107,171.8,60.38,239.81,0
2026-05-18 10:00:00,22.82,77.48,59.52,2.169,172.46,61.66,240.74,0
2026-05-18 11:00:00,24.3,77.77,58.68,2.234,172.65,61.51,238.36,0
2026-05-18 12:00:00,23.93,73.24,57.89,2.247,170.07,61.06,239.56,0
2026-05-18 13:00:00,24.17,67.81,57.31,2.31,170.31,61.86,239.71,0
2026-05-18 14:00:00,25.29,65.7,56.59,2.35,169.79,62.34,236.21,0
2026-05-18 15:00:00,23.39,68.37,55.89,2.322,167.58,62.42,232.91,0
2026-05-18 16:00:00,24.57,59.93,55.93,2.375,168.37,63.24,230.55,0
2026-05-18 17:00:00,22.51,64.36,55.42,2.293,169.17,62.08,232.06,0
2026-05-18 18:00:00,21.11,71.0,54.63,2.322,169.77,61.55,231.36,0
2026-05-18 19:00:00,20.61,69.96,54.32,2.251,170.58,63.37,231.48,0
2026-05-18 20:00:00,20.14,69.6,54.24,2.263,170.58,60.59,235.07,0
2026-05-18 21:00:00,20.13,71.15,54.14,2.338,169.91,60.03,236.17,0
2026-05-18 22:00:00,19.08,79.1,53.77,2.349,172.9,59.02,234.51,0
2026-05-18 23:00:00,18.01,80.04,53.08,2.344,172.85,59.18,232.07,0
2026-05-19 00:00:00,18.5,81.95,52.86,2.355,167.96,59.81,232.98,0
2026-05-19 01:00:00,16.18,85.71,52.64,2.391,163.47,60.87,230.65,0
2026-05-19 02:00:00,17.79,86.94,52.25,2.513,165.7,60.53,234.0,0
2026-05-19 03:00:00,18.19,87.84,52.43,2.537,162.37,59.75,234.66,0
2026-05-19 04:00:00,18.75,84.69,52.4,2.49,161.5,58.51,235.0,0
2026-05-19 05:00:00,18.12,85.06,52.24,2.464,159.45,58.66,232.62,0
2026-05-19 06:00:00,19.38,88.4,51.93,2.399,159.13,60.67,234.28,0
2026-05-19 07:00:00,20.88,86.18,52.25,2.317,160.06,60.18,237.14,0
2026-05-19 08:00:00,22.69,83.46,51.35,2.17,159.06,60.17,236.69,0
2026-05-19 09:00:00,24.09,78.38,50.64,2.152,157.83,60.35,238.93,0
2026-05-19 10:00:00,23.01,78.91,49.95,2.078,159.43,60.02,237.72,0
2026-05-19 11:00:00,23.11,73.23,49.48,2.099,164.39,61.36,237.43,0
2026-05-19 12:00:00,24.95,74.75,49.11,2.083,165.39,62.47,242.52,0
2026-05-19 13:00:00,26.33,67.35,48.13,2.033,163.73,63.19,241.22,0
2026-05-19 14:00:00,25.16,66.16,47.35,1.925,165.34,64.02,242.26,0
2026-05-19 15:00:00,23.51,66.0,46.93,1.93,168.47,63.34,240.92,0
2026-05-19 16:00:00,25.48,68.12,46.16,1.851,170.25,62.27,241.33,0
2026-05-19 17:00:00,23.23,66.29,45.48,1.925,167.26,61.65,242.75,0
2026-05-19 18:00:00,21.35,67.57,44.98,1.967,168.12,61.91,240.11,0
2026-05-19 19:00:00,22.35,68.24,56.48,1.976,167.17,61.62,238.09,1
2026-05-19 20:00:00,19.49,72.17,68.37,2.086,167.17,62.15,239.36,1
2026-05-19 21:00:00,18.82,73.98,68.35,2.102,166.41,62.24,239.54,0
2026-05-19 22:00:00,19.03,75.04,68.16,2.139,167.69,61.03,242.25,0
2026-05-19 23:00:00,17.95,80.17,68.39,2.191,166.95,62.17,242.56,0
2026-05-20 00:00:00,17.65,82.88,68.41,2.168,169.43,61.71,246.83,0
2026-05-20 01:00:00,17.53,90.65,68.19,2.146,169.24,62.42,247.98,0
2026-05-20 02:00:00,18.4,85.0,67.9,2.16,168.67,61.65,252.03,0
2026-05-20 03:00:00,16.34,85.53,68.22,2.089,169.55,60.87,255.4,0
2026-05-20 04:00:00,18.72,88.7,67.83,2.211,170.01,60.06,252.78,0
2026-05-20 05:00:00,19.05,85.14,67.54,2.226,170.89,58.83,255.59,0
2026-05-20 06:00:00,19.57,83.84,67.22,2.22,170.42,57.66,256.91,0
2026-05-20 07:00:00,20.47,81.19,67.14,2.35,172.6,58.13,257.99,0
2026-05-20 08:00:00,20.06,80.56,67.27,2.281,174.08,57.41,259.8,0
2026-05-20 09:00:00,22.19,77.97,66.79,2.374,173.7,57.86,257.79,0
2026-05-20 10:00:00,24.38,73.79,66.13,2.418,174.83,58.08,257.47,0
2026-05-20 11:00:00,24.61,73.53,65.62,2.477,173.96,58.99,255.3,0
2026-05-20 12:00:00,24.25,65.59,64.66,2.454,174.63,58.16,260.06,0
2026-05-20 13:00:00,23.51,70.45,64.04,2.446,175.73,59.23,256.92,0
2026-05-20 14:00:00,24.96,66.08,63.98,2.415,175.75,58.5,252.63,0
2026-05-20 15:00:00,24.95,65.35,63.61,2.467,173.85,56.14,249.7,0
2026-05-20 16:00:00,24.2,67.47,63.42,2.479,171.34,56.48,248.83,0
2026-05-20 17:00:00,22.07,67.3,63.17,2.433,171.62,55.86,247.99,0
2026-05-20 18:00:00,21.3,65.9,62.41,2.393,170.05,57.4,249.56,0
2026-05-20 19:00:00,22.16,70.35,62.78,2.385,171.75,57.81,248.91,0
2026-05-20 20:00:00,19.25,75.37,62.05,2.36,168.76,57.85,246.98,0
2026-05-20 21:00:00,19.58,71.62,61.95,2.442,170.98,58.16,247.59,0
2026-05-20 22:00:00,17.28,78.88,61.13,2.48,170.83,57.83,249.87,0
2026-05-20 23:00:00,17.76,77.06,60.42,2.516,169.06,59.47,249.64,0
2026-05-21 00:00:00,18.03,85.44,60.5,2.515,168.09,59.05,251.08,0
2026-05-21 01:00:00,17.48,83.0,60.09,2.45,167.6,59.56,250.49,0
2026-05-21 02:00:00,17.99,84.65,60.26,2.482,168.36,58.89,249.06,0
2026-05-21 03:00:00,17.11,90.5,59.41,2.343,166.02,58.99,250.11,0
2026-05-21 04:00:00,17.95,89.8,59.19,2.35,164.26,57.96,249.92,0
2026-05-21 05:00:00,19.59,85.93,58.62,2.298,163.7,58.29,251.69,0
2026-05-21 06:00:00,20.58,86.84,58.32,2.245,163.7,58.46,254.71,0
2026-05-21 07:00:00,21.15,83.0,58.59,2.221,165.04,59.06,253.44,0
2026-05-21 08:00:00,22.57,78.52,58.57,2.222,165.52,59.57,254.14,0
2026-05-21 09:00:00,21.59,80.32,58.17,2.226,164.8,59.67,255.85,0
2026-05-21 10:00:00,23.15,76.11,57.14,2.278,165.24,61.58,255.83,0
2026-05-21 11:00:00,25.31,71.79,56.2,2.269,165.52,61.57,256.07,0
2026-05-21 12:00:00,25.28,74.76,55.68,2.265,165.05,61.62,255.37,0
2026-05-21 13:00:00,24.94,66.94,54.87,2.184,165.26,61.55,254.99,0
2026-05-21 14:00:00,24.27,67.83,54.5,2.116,161.37,61.75,255.3,0
2026-05-21 15:00:00,24.76,69.07,54.44,2.146,163.2,61.5,252.76,0
2026-05-21 16:00:00,23.78,65.36,53.58,2.195,164.26,61.18,247.63,0
2026-05-21 17:00:00,21.69,64.54,52.76,2.187,166.98,61.88,246.78,0
2026-05-21 18:00:00,22.6,68.22,51.85,2.251,165.44,61.84,245.77,0
2026-05-21 19:00:00,20.39,70.36,51.58,2.17,166.46,62.8,249.28,0
2026-05-21 20:00:00,20.63,73.69,51.39,2.203,162.97,61.07,249.3,0
2026-05-21 21:00:00,18.12,78.83,51.2,2.158,159.87,62.47,249.99,0
2026-05-21 22:00:00,19.64,75.86,51.27,2.112,159.65,63.26,248.22,0
2026-05-21 23:00:00,17.78,80.34,51.19,2.08,158.82,63.18,246.06,0
2026-05-22 00:00:00,16.84,79.33,50.97,2.09,160.95,63.07,243.42,0
2026-05-22 01:00:00,17.02,86.44,50.78,2.131,163.24,63.62,239.85,0
2026-05-22 02:00:00,17.38,86.99,50.61,2.165,165.62,62.64,241.43,0
2026-05-22 03:00:00,17.96,87.18,50.39,2.157,166.67,62.66,241.87,0
2026-05-22 04:00:00,19.45,86.45,49.99,2.205,167.76,62.78,245.22,0
2026-05-22 05:00:00,19.3,86.75,49.43,2.313,165.34,60.92,246.08,0
2026-05-22 06:00:00,18.57,87.12,49.27,2.305,167.85,61.26,246.14,0
2026-05-22 07:00:00,20.14,82.36,48.92,2.31,169.99,60.07,240.63,0
2026-05-22 08:00:00,23.84,81.73,48.51,2.273,167.3,61.1,245.12,0
2026-05-22 09:00:00,22.84,79.89,47.98,2.251,168.05,62.33,244.71,0
2026-05-22 10:00:00,24.14,73.15,47.42,2.329,166.95,63.68,239.01,0
2026-05-22 11:00:00,23.82,71.52,47.15,2.403,170.2,63.34,239.38,0
2026-05-22 12:00:00,23.68,69.85,46.17,2.384,168.23,63.0,237.13,0
2026-05-22 13:00:00,24.16,73.14,46.14,2.407,168.27,61.19,234.91,0
2026-05-22 14:00:00,24.47,65.4,44.92,2.455,168.48,61.82,235.58,0
2026-05-22 15:00:00,23.71,66.24,56.79,2.417,168.24,60.47,234.08,1
2026-05-22 16:00:00,24.82,63.4,68.28,2.331,171.98,59.21,236.69,1
2026-05-22 17:00:00,22.32,64.43,67.57,2.37,174.74,59.02,236.32,0
2026-05-22 18:00:00,21.17,63.87,66.58,2.419,171.41,58.12,237.25,0
2026-05-22 19:00:00,21.57,70.9,66.2,2.455,172.03,57.37,238.56,0
2026-05-22 20:00:00,20.75,68.19,65.95,2.422,171.72,57.55,239.01,0
2026-05-22 21:00:00,19.27,76.42,65.81,2.505,172.96,58.48,239.35,0
2026-05-22 22:00:00,18.1,78.17,66.04,2.508,173.02,59.07,239.48,0
2026-05-22 23:00:00,16.64,79.66,65.87,2.424,171.24,59.33,242.99,0
2026-05-23 00:00:00,18.47,84.85,65.76,2.32,169.12,60.44,244.7,0
2026-05-23 01:00:00,18.11,92.54,65.67,2.301,168.23,60.6,242.49,0
2026-05-23 02:00:00,17.31,87.72,65.37,2.314,167.89,60.17,239.34,0
2026-05-23 03:00:00,18.01,84.83,65.11,2.296,168.12,59.53,237.13,0
2026-05-23 04:00:00,18.37,91.72,64.88,2.416,166.97,60.1,238.1,0
2026-05-23 05:00:00,20.39,88.09,64.87,2.432,169.96,59.17,235.18,0
2026-05-23 06:00:00,19.37,91.8,64.39,2.364,170.73,59.57,233.54,0
2026-05-23 07:00:00,20.57,83.51,64.04,2.223,172.07,59.25,230.26,0
2026-05-23 08:00:00,21.4,85.7,63.6,2.243,171.54,58.58,232.82,0
2026-05-23 09:00:00,22.97,79.85,62.72,2.306,169.41,57.91,234.59,0
2026-05-23 10:00:00,23.51,83.64,62.19,2.418,170.82,58.91,236.81,0
2026-05-23 11:00:00,24.17,73.45,61.46,2.397,168.8,58.23,235.53,0
2026-05-23 12:00:00,23.76,79.0,61.05,2.494,165.01,58.09,231.1,0
2026-05-23 13:00:00,25.54,70.32,60.89,2.399,166.03,57.78,229.21,0
2026-05-23 14:00:00,24.06,69.59,60.17,2.371,164.62,58.86,226.13,0
2026-05-23 15:00:00,24.86,70.63,59.82,2.305,164.04,60.34,223.18,0
2026-05-23 16:00:00,25.67,64.03,59.31,2.352,165.33,61.21,226.62,0
2026-05-23 17:00:00,22.14,68.8,58.64,2.271,163.64,60.9,226.42,0
2026-05-23 18:00:00,22.15,66.74,58.1,2.297,160.81,61.24,227.57,0
2026-05-23 19:00:00,20.91,69.6,58.28,2.223,163.17,60.44,230.7,0
2026-05-23 20:00:00,21.52,71.71,58.03,2.333,163.14,60.68,228.37,0
2026-05-23 21:00:00,19.05,75.58,58.23,2.309,165.48,59.14,230.23,0
2026-05-23 22:00:00,18.7,78.33,57.99,2.331,166.58,59.43,226.84,0
2026-05-23 23:00:00,18.13,78.41,57.37,2.221,167.7,59.46,227.88,0
2026-05-24 00:00:00,17.55,82.81,57.12,2.137,167.89,59.93,230.9,0
2026-05-24 01:00:00,18.03,78.94,56.47,2.102,168.06,59.98,228.26,0
2026-05-24 02:00:00,17.68,89.0,56.18,2.167,169.98,60.8,230.67,0
2026-05-24 03:00:00,18.31,91.86,55.87,2.216,171.25,60.15,231.45,0
2026-05-24 04:00:00,18.67,88.48,56.22,2.287,169.94,60.88,230.49,0
2026-05-24 05:00:00,18.83,83.61,56.5,2.197,170.63,61.34,227.71,0
2026-05-24 06:00:00,19.91,88.38,56.33,2.235,169.29,62.34,228.68,0
2026-05-24 07:00:00,21.39,82.87,56.49,2.206,168.56,63.37,230.23,0
2026-05-24 08:00:00,22.29,82.96,55.82,2.164,169.44,62.47,229.68,0
2026-05-24 09:00:00,23.62,81.56,54.83,2.141,168.12,62.93,227.49,0
2026-05-24 10:00:00,24.78,78.37,54.42,2.145,168.26,61.85,229.77,0
2026-05-24 11:00:00,23.67,76.86,53.97,2.196,168.81,62.9,233.0,0
2026-05-24 12:00:00,24.48,71.87,53.12,2.27,168.05,62.1,235.48,0
2026-05-24 13:00:00,24.36,69.66,52.29,2.304,169.22,61.76,239.43,0
2026-05-24 14:00:00,23.61,69.32,52.01,2.342,168.26,61.96,237.58,0
2026-05-24 15:00:00,24.43,66.2,50.94,2.448,169.83,62.63,233.91,0
2026-05-24 16:00:00,24.02,64.28,50.54,2.479,169.87,62.94,234.99,0
2026-05-24 17:00:00,22.0,67.5,49.9,2.454,169.99,63.6,233.99,0
2026-05-24 18:00:00,21.64,64.65,49.51,2.478,168.17,63.57,236.51,0
2026-05-24 19:00:00,20.67,69.02,49.61,2.568,167.62,63.74,233.84,0
2026-05-24 20:00:00,19.04,68.06,49.15,2.497,167.87,62.1,231.49,0
2026-05-24 21:00:00,19.22,72.77,48.61,2.457,169.6,63.02,231.83,0
2026-05-24 22:00:00,17.72,75.72,48.85,2.533,168.83,62.72,232.43,0
2026-05-24 23:00:00,18.08,77.39,48.63,2.5,170.52,62.31,234.24,0
2026-05-25 00:00:00,17.81,85.25,48.53,2.532,168.94,64.05,234.04,0
2026-05-25 01:00:00,17.78,87.32,48.6,2.593,169.38,61.55,229.29,0
2026-05-25 02:00:00,17.93,89.81,48.11,2.497,168.29,61.65,238.21,0
2026-05-25 03:00:00,19.04,87.16,48.18,2.459,170.94,59.64,238.13,0
2026-05-25 04:00:00,17.96,86.92,48.17,2.52,173.16,60.02,245.19,0
2026-05-25 05:00:00,18.72,89.63,48.42,2.497,173.35,59.45,244.37,0
2026-05-25 06:00:00,20.55,86.85,48.65,2.362,172.05,56.88,241.27,0
2026-05-25 07:00:00,20.91,85.09,48.47,2.327,169.04,58.02,240.16,0
2026-05-25 08:00:00,22.69,76.14,48.14,2.373,169.56,56.98,242.66,0
2026-05-25 09:00:00,23.14,81.74,47.6,2.444,169.75,57.98,243.82,0
2026-05-25 10:00:00,24.82,78.56,47.07,2.437,171.1,57.23,244.15,0
2026-05-25 11:00:00,23.97,74.14,46.17,2.457,168.22,56.95,243.54,0
2026-05-25 12:00:00,23.34,73.54,45.54,2.424,168.34,55.05,243.43,0
2026-05-25 13:00:00,24.74,70.73,44.44,2.469,168.98,55.64,242.64,0
2026-05-25 14:00:00,24.33,65.73,55.83,2.543,167.2,55.31,245.25,1
2026-05-25 15:00:00,24.41,65.83,67.66,2.572,167.32,55.18,247.03,1
2026-05-25 16:00:00,23.94,63.48,67.33,2.546,165.92,55.3,244.07,0
2026-05-25 17:00:00,22.38,70.03,66.81,2.555,164.4,54.02,239.92,0
2026-05-25 18:00:00,21.2,69.92,66.2,2.594,163.47,54.88,236.61,0
2026-05-25 19:00:00,20.9,67.19,65.84,2.575,163.05,54.59,235.64,0
2026-05-25 20:00:00,18.43,73.05,65.36,2.604,165.36,56.88,236.16,0
2026-05-25 21:00:00,19.31,74.85,65.41,2.605,164.76,56.6,235.97,0
2026-05-25 22:00:00,18.24,75.29,64.75,2.669,163.25,56.41,237.49,0
2026-05-25 23:00:00,18.57,80.16,64.08,2.685,164.78,55.36,237.33,0
2026-05-26 00:00:00,16.23,84.65,64.15,2.628,166.64,54.1,241.21,0
2026-05-26 01:00:00,17.5,87.13,64.02,2.689,168.05,55.13,242.17,0
2026-05-26 02:00:00,18.72,92.36,63.83,2.69,170.39,56.29,241.85,0
2026-05-26 03:00:00,18.44,87.86,63.69,2.654,170.52,55.95,237.73,0
2026-05-26 04:00:00,19.21,87.41,64.09,2.548,170.58,56.24,238.47,0
2026-05-26 05:00:00,19.49,89.03,63.91,2.544,169.09,57.53,239.55,0
2026-05-26 06:00:00,18.93,86.07,63.8,2.637,171.45,57.93,237.54,0
2026-05-26 07:00:00,21.12,83.32,64.22,2.45,171.02,58.49,234.52,0
2026-05-26 08:00:00,22.19,80.19,63.65,2.278,170.24,58.67,237.28,0
2026-05-26 09:00:00,22.0,71.28,63.61,2.326,169.32,58.18,234.74,0
2026-05-26 10:00:00,23.39,78.84,62.42,2.338,170.29,58.64,235.17,0
2026-05-26 11:00:00,22.0,70.06,61.52,2.376,170.23,60.42,235.24,0
2026-05-26 12:00:00,24.15,69.3,60.76,2.339,170.36,60.0,236.34,0
2026-05-26 13:00:00,24.19,69.95,60.37,2.208,169.56,60.84,233.87,0
2026-05-26 14:00:00,25.36,66.67,60.33,2.164,169.02,61.04,233.63,0
2026-05-26 15:00:00,23.61,71.75,59.59,2.267,168.6,60.54,231.28,0
2026-05-26 16:00:00,23.29,62.23,59.33,2.243,171.01,61.39,231.65,0
2026-05-26 17:00:00,22.69,71.97,59.44,2.22,167.53,62.11,233.08,0
2026-05-26 18:00:00,21.49,70.93,59.36,2.068,168.24,62.63,235.41,0
2026-05-26 19:00:00,21.5,71.49,59.04,1.976,170.06,64.18,239.13,0
2026-05-26 20:00:00,18.7,75.1,59.1,2.065,166.55,65.77,238.26,0
2026-05-26 21:00:00,20.05,75.16,59.01,2.066,166.36,65.7,237.4,0
2026-05-26 22:00:00,18.52,72.74,58.61,2.142,168.08,65.5,240.46,0
2026-05-26 23:00:00,18.88,81.13,58.54,2.108,166.6,64.11,241.62,0
2026-05-27 00:00:00,15.7,78.8,58.19,2.033,167.02,65.42,244.38,0
2026-05-27 01:00:00,15.79,83.46,58.03,2.036,165.26,65.26,248.8,0
2026-05-27 02:00:00,17.41,86.33,57.42,2.02,165.31,64.61,246.0,0
2026-05-27 03:00:00,18.32,85.35,56.69,1.99,167.59,63.69,247.47,0
2026-05-27 04:00:00,18.14,90.37,56.4,1.963,170.54,62.8,245.35,0
2026-05-27 05:00:00,19.66,87.09,56.3,1.979,170.78,64.35,248.74,0
2026-05-27 06:00:00,20.78,87.55,55.76,1.972,168.25,65.09,245.08,0
2026-05-27 07:00:00,21.47,84.75,55.72,1.939,167.56,63.66,246.87,0
2026-05-27 08:00:00,21.98,82.82,55.18,2.072,164.19,62.31,244.9,0
2026-05-27 09:00:00,22.82,77.63,54.82,2.116,163.7,62.41,245.79,0
2026-05-27 10:00:00,23.04,74.06,54.55,2.138,165.48,61.48,248.42,0
2026-05-27 11:00:00,23.99,73.77,54.39,2.145,163.01,61.27,246.14,0
2026-05-27 12:00:00,23.66,69.08,54.01,2.196,162.72,62.69,241.91,0
2026-05-27 13:00:00,23.95,72.71,53.36,2.235,161.34,63.63,240.92,0
2026-05-27 14:00:00,24.74,64.03,52.84,2.178,164.72,62.04,239.65,0
2026-05-27 15:00:00,23.71,72.22,52.98,2.094,165.44,61.13,236.21,0
2026-05-27 16:00:00,22.96,66.76,52.72,1.972,166.96,61.38,231.12,0
2026-05-27 17:00:00,23.06,66.55,52.19,2.103,167.41,62.41,234.36,0
2026-05-27 18:00:00,22.17,66.12,51.59,2.09,168.68,61.66,238.12,0
2026-05-27 19:00:00,20.85,70.86,51.21,2.14,170.48,62.0,236.46,0
2026-05-27 20:00:00,19.99,70.99,50.65,2.163,170.33,61.59,235.66,0
2026-05-27 21:00:00,19.54,74.9,50.97,2.228,169.16,63.18,237.64,0
2026-05-27 22:00:00,19.2,79.1,50.91,2.229,167.31,63.71,239.57,0
2026-05-27 23:00:00,18.11,81.52,50.33,2.154,170.38,63.48,243.79,0
2026-05-28 00:00:00,16.78,85.6,50.09,2.102,171.64,62.09,244.9,0
2026-05-28 01:00:00,17.35,86.12,50.27,2.095,167.38,61.13,241.84,0
2026-05-28 02:00:00,17.33,84.15,49.94,2.014,166.84,58.89,243.48,0
2026-05-28 03:00:00,17.23,82.43,49.49,1.983,167.52,59.23,241.31,0
2026-05-28 04:00:00,18.87,88.53,49.4,1.933,170.43,59.91,240.83,0
2026-05-28 05:00:00,19.65,88.19,49.4,1.939,168.22,60.62,243.32,0
2026-05-28 06:00:00,20.6,91.34,49.06,1.935,168.86,60.11,240.64,0
2026-05-28 07:00:00,20.31,84.49,48.68,1.967,167.99,61.31,240.18,0
2026-05-28 08:00:00,22.02,83.44,48.27,2.042,165.71,62.76,236.85,0
2026-05-28 09:00:00,22.75,81.79,47.38,2.045,168.11,62.14,234.29,0
2026-05-28 10:00:00,23.69,78.28,46.66,1.973,166.25,63.2,232.96,0
2026-05-28 11:00:00,24.12,76.26,46.06,1.873,167.95,63.29,237.14,0
2026-05-28 12:00:00,24.37,69.45,45.71,1.913,164.96,62.77,237.11,0
2026-05-28 13:00:00,24.41,66.78,45.02,1.9,164.08,63.86,243.62,0
2026-05-28 14:00:00,25.16,66.77,44.62,1.918,165.14,62.72,245.57,0
2026-05-28 15:00:00,23.43,60.94,56.41,1.965,166.43,61.36,247.5,1
2026-05-28 16:00:00,23.35,65.9,67.7,2.075,167.16,61.02,244.14,1
2026-05-28 17:00:00,23.51,64.73,68.1,1.986,168.84,60.85,243.3,0
2026-05-28 18:00:00,21.34,68.28,67.98,1.947,168.17,59.4,240.03,0
2026-05-28 19:00:00,20.47,68.56,67.86,1.967,170.55,59.92,239.0,0
2026-05-28 20:00:00,20.61,68.96,67.61,1.922,170.97,59.28,237.66,0
2026-05-28 21:00:00,18.25,77.43,67.24,1.859,172.05,58.18,237.42,0
2026-05-28 22:00:00,18.99,77.21,67.54,1.968,172.43,58.88,239.36,0
2026-05-28 23:00:00,17.63,82.0,67.4,1.929,173.01,58.59,238.49,0
2026-05-29 00:00:00,17.91,82.96,66.77,1.876,170.89,59.64,240.42,0
2026-05-29 01:00:00,16.65,85.94,66.06,1.837,168.96,60.13,236.49,0
2026-05-29 02:00:00,18.45,83.12,65.89,1.934,167.83,60.01,237.53,0
2026-05-29 03:00:00,17.12,90.82,65.73,1.918,168.64,61.05,236.32,0
2026-05-29 04:00:00,19.03,90.2,65.26,1.862,167.44,61.46,236.89,0
2026-05-29 05:00:00,18.43,87.58,64.6,1.842,166.81,61.46,238.95,0
2026-05-29 06:00:00,21.36,87.25,63.81,1.871,166.6,61.94,235.15,0
2026-05-29 07:00:00,20.95,87.28,63.38,1.955,169.09,62.43,238.81,0
2026-05-29 08:00:00,23.27,81.57,62.72,2.027,170.01,61.43,238.14,0
2026-05-29 09:00:00,22.18,75.89,62.37,2.0,167.18,63.57,242.64,0
2026-05-29 10:00:00,23.17,76.12,61.78,1.989,167.38,63.58,242.43,0
2026-05-29 11:00:00,24.88,74.53,61.53,2.137,166.74,63.61,245.36,0
2026-05-29 12:00:00,23.38,71.42,61.15,2.208,166.26,61.99,244.99,0
2026-05-29 13:00:00,24.01,72.52,60.74,2.199,166.21,62.1,245.16,0
2026-05-29 14:00:00,24.73,65.07,60.47,2.069,168.19,62.25,244.94,0
2026-05-29 15:00:00,23.32,64.29,59.49,2.057,166.6,61.21,243.9,0
2026-05-29 16:00:00,23.84,63.35,58.77,1.995,166.9,60.3,242.81,0
2026-05-29 17:00:00,22.87,67.45,58.93,1.964,167.35,59.54,242.98,0
2026-05-29 18:00:00,20.85,63.66,57.81,1.93,166.85,59.35,243.96,0
2026-05-29 19:00:00,21.68,71.08,57.52,1.942,165.63,59.62,244.09,0
2026-05-29 20:00:00,19.21,69.17,57.46,1.971,164.25,59.49,244.94,0
2026-05-29 21:00:00,19.79,72.22,56.7,1.95,163.52,59.84,240.64,0
2026-05-29 22:00:00,18.62,81.43,56.28,1.898,164.91,60.51,242.62,0
2026-05-29 23:00:00,17.65,82.93,56.67,1.916,164.27,61.04,240.38,0
2026-05-30 00:00:00,16.85,82.8,56.53,1.913,164.12,61.4,236.0,0
2026-05-30 01:00:00,17.73,81.5,56.15,1.826,162.07,61.68,240.56,0
2026-05-30 02:00:00,17.01,91.56,56.02,1.895,161.33,61.95,243.81,0
2026-05-30 03:00:00,18.81,87.13,55.64,1.88,161.89,61.82,243.35,0
2026-05-30 04:00:00,19.4,88.62,55.96,1.893,159.02,61.23,245.6,0
2026-05-30 05:00:00,20.4,89.91,55.46,1.909,161.14,61.17,244.24,0
2026-05-30 06:00:00,20.29,81.62,55.1,1.935,160.22,61.78,242.61,0
2026-05-30 07:00:00,20.72,83.18,54.46,1.969,163.59,62.37,240.74,0
2026-05-30 08:00:00,21.7,82.33,53.82,1.914,164.4,62.81,238.86,0
2026-05-30 09:00:00,22.49,80.17,53.21,1.96,161.12,62.36,238.01,0
2026-05-30 10:00:00,23.65,73.74,53.01,1.963,161.78,62.16,236.08,0
2026-05-30 11:00:00,24.34,74.97,52.14,2.052,161.33,61.96,228.9,0
2026-05-30 12:00:00,25.24,71.58,51.71,2.118,162.0,61.42,228.75,0
2026-05-30 13:00:00,24.51,73.39,51.17,2.21,165.03,62.24,226.64,0
2026-05-30 14:00:00,23.4,69.97,50.04,2.16,166.3,60.57,227.8,0
2026-05-30 15:00:00,23.75,65.7,49.27,2.247,165.84,62.44,227.56,0
2026-05-30 16:00:00,24.56,65.51,48.47,2.256,163.29,64.29,229.52,0
2026-05-30 17:00:00,21.66,68.91,48.42,2.301,164.93,64.27,229.83,0
2026-05-30 18:00:00,22.42,68.18,48.04,2.341,165.85,64.56,226.92,0
2026-05-30 19:00:00,20.73,65.79,47.88,2.366,167.9,65.25,224.16,0
2026-05-30 20:00:00,19.48,76.73,46.39,2.296,167.53,64.47,221.6,0
2026-05-30 21:00:00,19.53,71.68,45.62,2.354,167.96,64.91,220.11,0
2026-05-30 22:00:00,19.62,83.2,45.64,2.371,167.4,66.01,219.1,0
2026-05-30 23:00:00,18.21,80.92,45.67,2.278,167.46,64.26,222.19,0
2026-05-31 00:00:00,17.44,80.91,45.25,2.25,164.63,62.9,223.3,0
2026-05-31 01:00:00,16.59,78.86,45.06,2.181,165.22,63.55,219.23,0
2026-05-31 02:00:00,17.55,88.47,44.84,2.104,165.9,63.26,217.83,0
2026-05-31 03:00:00,17.04,83.75,56.69,2.169,164.96,62.87,218.6,1
2026-05-31 04:00:00,18.31,88.89,68.38,2.089,166.05,62.55,216.9,1
2026-05-31 05:00:00,19.21,92.46,68.43,2.025,167.58,61.52,218.01,0
2026-05-31 06:00:00,18.44,83.68,68.56,2.163,170.0,61.17,216.76,0
2026-05-31 07:00:00,21.97,86.62,68.07,2.145,167.96,60.0,217.34,0
2026-05-31 08:00:00,21.04,80.47,67.16,2.196,169.05,61.24,216.8,0
2026-05-31 09:00:00,22.62,82.68,66.37,2.27,171.29,61.38,217.99,0
2026-05-31 10:00:00,23.85,77.16,65.82,2.319,170.41,61.5,222.44,0
2026-05-31 11:00:00,24.95,74.11,65.36,2.327,172.7,62.11,225.3,0
2026-05-31 12:00:00,23.83,74.52,65.03,2.322,171.09,64.62,223.09,0
2026-05-31 13:00:00,22.74,70.79,64.77,2.353,170.97,63.6,229.96,0
2026-05-31 14:00:00,25.14,65.46,64.31,2.336,167.62,61.89,233.16,0
2026-05-31 15:00:00,23.16,70.84,63.82,2.375,164.16,61.87,231.54,0
2026-05-31 16:00:00,23.73,62.16,63.75,2.354,161.4,60.22,229.55,0
2026-05-31 17:00:00,23.05,67.06,63.2,2.342,164.09,59.97,230.67,0
2026-05-31 18:00:00,19.63,65.42,62.82,2.452,162.73,60.82,232.65,0
2026-05-31 19:00:00,19.87,65.5,62.72,2.412,161.43,62.23,237.18,0
2026-05-31 20:00:00,19.77,68.66,62.47,2.406,162.31,60.82,238.35,0
2026-05-31 21:00:00,17.44,74.03,62.22,2.424,161.08,60.0,236.52,0
2026-05-31 22:00:00,17.59,77.87,62.42,2.445,163.41,60.39,235.18,0
2026-05-31 23:00:00,18.05,82.49,62.19,2.452,166.82,61.12,236.73,0
