Timestamp,Suhu_Udara,Kelembapan_Udara,Kelembapan_Tanah,EC_Tangki,N,P,K,Status_Pompa
2025-12-01 00:00:00,21.82,92.56,58.0,1.8,164.44,62.39,235.31,0
2025-12-01 01:00:00,22.88,89.44,58.13,1.7,164.49,62.4,235.07,0
2025-12-01 02:00:00,20.62,91.59,58.08,1.8,163.35,60.25,235.82,0
2025-12-01 03:00:00,20.68,95.17,57.3,1.8,164.49,61.75,236.91,0
2025-12-01 04:00:00,22.75,99.29,56.78,1.7,163.1,62.13,232.61,0
2025-12-01 05:00:00,21.82,88.99,56.53,1.8,161.57,62.19,229.51,0
2025-12-01 06:00:00,21.92,92.13,64.37,1.8,161.59,61.81,231.69,1
2025-12-01 07:00:00,24.42,92.31,64.43,1.7,159.52,62.18,235.67,0
2025-12-01 08:00:00,24.51,88.61,63.87,1.7,162.62,62.58,233.22,0
2025-12-01 09:00:00,25.85,90.3,63.31,1.7,166.18,62.92,233.95,0
2025-12-01 10:00:00,25.87,85.09,62.81,1.7,165.32,63.86,236.02,0
2025-12-01 11:00:00,28.84,86.17,62.14,1.5,162.81,64.97,236.56,0
2025-12-01 12:00:00,26.66,83.92,69.58,1.7,163.5,66.68,235.86,1
2025-12-01 13:00:00,28.7,87.48,69.33,1.5,162.7,65.79,234.22,0
2025-12-01 14:00:00,27.19,83.41,68.72,1.7,164.9,65.16,239.22,0
2025-12-01 15:00:00,25.75,84.41,76.13,1.7,163.49,65.39,239.25,1
2025-12-01 16:00:00,27.19,87.72,75.54,1.7,164.53,64.59,240.01,0
2025-12-01 17:00:00,26.69,83.99,75.35,1.7,164.75,63.95,240.57,0
2025-12-01 18:00:00,25.16,87.15,74.44,1.7,163.55,64.32,238.26,0
2025-12-01 19:00:00,24.77,83.83,74.77,1.7,164.04,65.06,238.23,0
2025-12-01 20:00:00,24.95,86.35,74.21,1.7,165.66,66.12,237.26,0
2025-12-01 21:00:00,24.71,90.5,73.81,1.7,165.79,65.82,236.3,0
2025-12-01 22:00:00,21.92,88.38,73.83,1.8,165.93,66.12,237.02,0
2025-12-01 23:00:00,24.24,90.2,73.93,1.7,164.32,66.22,234.63,0
2025-12-02 00:00:00,22.56,93.23,73.31,1.7,166.41,66.11,231.64,0
2025-12-02 01:00:00,21.53,91.49,72.78,1.8,168.23,65.25,233.06,0
2025-12-02 02:00:00,23.08,95.03,72.66,1.7,167.36,64.3,231.83,0
2025-12-02 03:00:00,22.14,93.98,73.17,1.7,167.05,64.83,231.13,0
2025-12-02 04:00:00,23.07,94.56,73.34,1.7,169.51,64.0,226.5,0
2025-12-02 05:00:00,22.61,96.06,73.06,1.7,167.29,62.34,229.33,0
2025-12-02 06:00:00,22.71,93.27,80.14,1.7,168.29,62.3,230.93,1
2025-12-02 07:00:00,23.28,94.79,79.96,1.7,167.15,63.6,232.9,0
2025-12-02 08:00:00,24.63,91.97,79.5,1.7,170.26,61.04,233.97,0
2025-12-02 09:00:00,24.82,87.28,78.81,1.7,170.17,60.81,230.23,0
2025-12-02 10:00:00,25.32,89.84,77.99,1.7,172.23,61.45,231.05,0
2025-12-02 11:00:00,27.18,86.41,77.45,1.7,170.57,59.83,229.72,0
2025-12-02 12:00:00,27.03,84.2,84.59,1.7,168.1,59.7,227.58,1
2025-12-02 13:00:00,27.33,85.41,84.56,1.7,167.55,58.74,229.2,0
2025-12-02 14:00:00,28.11,87.34,84.43,1.5,167.92,57.94,233.63,0
2025-12-02 15:00:00,26.98,86.18,92.0,1.7,166.89,57.69,237.44,1
2025-12-02 16:00:00,26.82,89.65,91.45,1.7,168.18,56.81,238.87,0
2025-12-02 17:00:00,25.96,88.65,90.67,1.7,167.67,55.88,238.6,0
2025-12-02 18:00:00,26.34,88.15,90.09,1.7,163.82,56.01,237.88,0
2025-12-02 19:00:00,25.78,85.58,90.37,1.7,164.86,58.2,235.48,0
2025-12-02 20:00:00,25.69,88.34,90.42,1.7,163.28,58.99,234.78,0
2025-12-02 21:00:00,23.96,89.82,90.28,1.7,162.7,59.99,237.06,0
2025-12-02 22:00:00,23.53,92.09,90.35,1.7,165.58,60.77,241.52,0
2025-12-02 23:00:00,24.03,92.8,90.31,1.7,168.75,60.18,239.15,0
2025-12-03 00:00:00,23.16,92.52,90.23,1.7,167.57,60.51,233.95,0
2025-12-03 01:00:00,21.87,93.02,90.32,1.8,168.5,61.55,232.68,0
2025-12-03 02:00:00,23.37,94.8,90.27,1.7,167.37,62.31,235.05,0
2025-12-03 03:00:00,20.8,91.61,90.33,1.8,166.76,62.47,240.23,0
2025-12-03 04:00:00,22.73,97.33,90.18,1.7,165.6,62.93,243.25,0
2025-12-03 05:00:00,21.24,88.83,89.9,1.8,162.47,65.11,246.05,0
2025-12-03 06:00:00,24.22,95.77,92.0,1.7,162.74,65.78,243.37,1
2025-12-03 07:00:00,22.16,91.3,91.6,1.7,163.35,65.38,240.9,0
2025-12-03 08:00:00,25.17,92.17,90.55,1.7,162.21,65.21,237.29,0
2025-12-03 09:00:00,25.09,89.24,89.7,1.7,164.28,64.17,235.52,0
2025-12-03 10:00:00,25.71,87.76,88.85,1.7,163.52,66.21,237.78,0
2025-12-03 11:00:00,26.84,87.05,88.11,1.7,162.43,67.53,241.7,0
2025-12-03 12:00:00,27.65,86.85,92.0,1.7,163.48,67.44,242.23,1
2025-12-03 13:00:00,26.58,84.08,91.37,1.7,160.77,69.24,241.23,0
2025-12-03 14:00:00,26.59,87.17,90.86,1.7,162.57,69.59,238.25,0
2025-12-03 15:00:00,27.59,82.79,92.0,1.7,161.94,68.98,237.81,1
2025-12-03 16:00:00,25.44,85.63,91.9,1.7,163.85,69.58,238.17,0
2025-12-03 17:00:00,25.97,88.09,91.15,1.7,166.21,69.71,234.36,0
2025-12-03 18:00:00,28.43,89.19,90.5,1.5,167.31,70.24,236.69,0
2025-12-03 19:00:00,24.73,88.85,90.26,1.7,165.76,68.76,235.55,0
2025-12-03 20:00:00,25.89,87.87,90.39,1.7,163.48,67.83,237.67,0
2025-12-03 21:00:00,23.96,91.63,90.59,1.7,160.96,68.99,237.51,0
2025-12-03 22:00:00,24.3,89.09,90.52,1.7,163.11,70.3,238.13,0
2025-12-03 23:00:00,23.92,95.25,90.69,1.7,162.94,71.33,236.22,0
2025-12-04 00:00:00,23.86,91.96,90.54,1.7,161.94,73.05,235.3,0
2025-12-04 01:00:00,22.44,89.37,90.29,1.7,161.83,73.23,236.89,0
2025-12-04 02:00:00,23.92,90.59,90.43,1.7,163.9,73.35,236.46,0
2025-12-04 03:00:00,21.69,93.6,90.38,1.8,165.34,72.19,233.63,0
2025-12-04 04:00:00,22.29,93.91,89.96,1.7,166.12,71.36,233.98,0
2025-12-04 05:00:00,22.45,97.67,90.06,1.7,167.22,69.29,234.99,0
2025-12-04 06:00:00,21.81,90.29,92.0,1.8,167.46,68.78,238.42,1
2025-12-04 07:00:00,23.17,91.49,91.7,1.7,167.9,66.73,241.13,0
2025-12-04 08:00:00,24.38,87.63,91.4,1.7,168.19,67.56,240.67,0
2025-12-04 09:00:00,24.81,87.35,90.8,1.7,168.06,67.74,239.01,0
2025-12-04 10:00:00,27.95,90.7,90.33,1.7,169.29,65.75,238.24,0
2025-12-04 11:00:00,26.02,83.33,89.95,1.7,169.77,65.46,236.77,0
2025-12-04 12:00:00,28.09,86.36,92.0,1.5,167.99,67.13,237.95,1
2025-12-04 13:00:00,27.99,85.66,91.53,1.7,168.83,66.86,240.4,0
2025-12-04 14:00:00,27.23,84.84,91.35,1.7,169.12,65.82,243.23,0
2025-12-04 15:00:00,26.38,86.32,92.0,1.7,170.05,64.1,241.79,1
2025-12-04 16:00:00,26.19,83.09,91.56,1.7,169.66,62.45,240.17,0
2025-12-04 17:00:00,26.03,89.9,90.73,1.7,170.94,62.92,238.86,0
2025-12-04 18:00:00,24.57,91.23,90.47,1.7,170.59,62.5,233.84,0
2025-12-04 19:00:00,24.7,87.94,90.57,1.7,171.67,62.17,230.89,0
2025-12-04 20:00:00,23.79,94.07,90.26,1.7,170.58,61.78,231.01,0
2025-12-04 21:00:00,25.5,88.78,90.71,1.7,169.66,61.66,232.16,0
2025-12-04 22:00:00,24.39,91.44,90.84,1.7,170.56,60.57,233.53,0
2025-12-04 23:00:00,24.03,94.55,90.85,1.7,169.74,60.89,231.65,0
2025-12-05 00:00:00,23.43,91.13,90.84,1.7,173.52,59.65,230.59,0
2025-12-05 01:00:00,22.73,89.72,90.93,1.7,174.2,59.04,230.14,0
2025-12-05 02:00:00,23.49,89.67,90.43,1.7,173.88,60.04,229.43,0
2025-12-05 03:00:00,21.67,98.04,90.29,1.8,175.0,60.43,231.43,0
2025-12-05 04:00:00,22.19,92.44,90.2,1.7,173.73,61.1,228.33,0
2025-12-05 05:00:00,22.85,92.93,89.88,1.7,175.04,63.06,225.79,0
2025-12-05 06:00:00,21.65,90.12,92.0,1.8,176.25,62.97,225.51,1
2025-12-05 07:00:00,25.88,93.49,92.0,1.7,178.06,62.96,222.57,0
2025-12-05 08:00:00,24.27,88.24,91.31,1.7,176.74,62.7,218.44,0
2025-12-05 09:00:00,25.27,87.36,90.72,1.7,174.07,62.28,215.53,0
2025-12-05 10:00:00,27.01,87.66,89.89,1.7,172.61,61.36,215.9,0
2025-12-05 11:00:00,27.42,83.49,88.77,1.7,171.8,61.45,218.43,0
2025-12-05 12:00:00,27.17,84.67,92.0,1.7,174.53,61.79,220.89,1
2025-12-05 13:00:00,27.4,87.88,91.41,1.7,178.1,62.17,225.56,0
2025-12-05 14:00:00,26.04,85.84,90.84,1.7,178.2,62.22,226.29,0
2025-12-05 15:00:00,26.63,85.47,92.0,1.7,177.68,63.05,227.32,1
2025-12-05 16:00:00,27.22,86.11,91.36,1.7,176.55,63.04,227.07,0
2025-12-05 17:00:00,26.79,85.4,91.11,1.7,177.57,62.64,226.97,0
2025-12-05 18:00:00,26.98,91.39,90.52,1.7,181.01,61.79,232.57,0
2025-12-05 19:00:00,25.41,86.05,90.33,1.7,183.58,60.4,233.34,0
2025-12-05 20:00:00,23.86,89.2,90.18,1.7,184.89,61.76,234.3,0
2025-12-05 21:00:00,25.27,89.91,89.6,1.7,186.11,61.14,231.47,0
2025-12-05 22:00:00,25.05,92.78,89.58,1.7,186.77,60.33,232.67,0
2025-12-05 23:00:00,24.12,93.83,89.0,1.7,185.81,60.01,234.43,0
2025-12-06 00:00:00,22.83,92.07,88.52,1.7,183.65,59.82,237.24,0
2025-12-06 01:00:00,23.43,93.4,88.0,1.7,182.87,61.36,238.7,0
2025-12-06 02:00:00,25.07,93.94,87.74,1.7,182.91,61.08,238.2,0
2025-12-06 03:00:00,22.25,88.51,87.43,1.7,179.58,63.48,237.62,0
2025-12-06 04:00:00,21.05,90.1,87.23,1.8,178.72,63.49,237.31,0
2025-12-06 05:00:00,21.79,92.0,86.76,1.8,176.69,65.3,237.46,0
2025-12-06 06:00:00,23.21,91.34,92.0,1.7,178.04,66.0,240.5,1
2025-12-06 07:00:00,22.12,88.76,92.0,1.7,176.53,66.21,242.91,0
2025-12-06 08:00:00,24.38,91.61,91.38,1.7,176.66,67.5,244.4,0
2025-12-06 09:00:00,25.46,88.44,90.67,1.7,174.94,68.35,249.0,0
2025-12-06 10:00:00,27.23,86.53,89.91,1.7,177.41,68.73,241.66,0
2025-12-06 11:00:00,27.74,83.07,89.23,1.7,173.86,70.61,240.18,0
2025-12-06 12:00:00,27.83,84.97,92.0,1.7,174.36,69.91,239.89,1
2025-12-06 13:00:00,25.57,80.4,91.14,1.7,171.69,68.77,237.96,0
2025-12-06 14:00:00,27.98,84.54,90.81,1.7,170.5,67.96,235.49,0
2025-12-06 15:00:00,27.64,85.32,92.0,1.7,170.65,69.36,231.17,1
2025-12-06 16:00:00,27.01,86.17,91.91,1.7,170.89,70.44,230.59,0
2025-12-06 17:00:00,25.06,82.81,91.25,1.7,171.06,69.72,233.04,0
2025-12-06 18:00:00,25.38,87.49,90.57,1.7,171.09,67.37,235.08,0
2025-12-06 19:00:00,24.57,85.55,90.24,1.7,169.69,67.02,233.19,0
2025-12-06 20:00:00,23.36,86.95,89.94,1.7,169.21,65.96,233.83,0
2025-12-06 21:00:00,24.43,91.24,89.54,1.7,169.1,65.4,237.29,0
2025-12-06 22:00:00,23.26,94.99,89.41,1.7,169.29,64.34,233.37,0
2025-12-06 23:00:00,25.5,91.51,89.21,1.7,169.0,62.83,233.06,0
2025-12-07 00:00:00,22.83,90.35,88.86,1.7,170.15,64.5,233.87,0
2025-12-07 01:00:00,23.63,93.17,89.03,1.7,170.11,63.81,233.95,0
2025-12-07 02:00:00,21.07,95.29,89.4,1.8,170.27,65.02,236.13,0
2025-12-07 03:00:00,21.73,94.87,89.55,1.8,169.37,64.73,232.33,0
2025-12-07 04:00:00,22.18,99.63,89.52,1.7,167.3,63.63,229.95,0
2025-12-07 05:00:00,21.53,91.76,89.54,1.8,167.49,64.04,231.9,0
2025-12-07 06:00:00,22.37,93.13,92.0,1.7,169.56,63.63,227.8,1
2025-12-07 07:00:00,23.23,94.81,92.0,1.7,170.18,63.39,230.19,0
2025-12-07 08:00:00,24.06,93.23,91.26,1.7,168.5,63.48,231.56,0
2025-12-07 09:00:00,26.64,84.15,90.8,1.7,169.83,62.71,233.59,0
2025-12-07 10:00:00,26.3,86.99,90.41,1.7,169.03,61.23,232.48,0
2025-12-07 11:00:00,27.08,89.1,89.53,1.7,170.15,61.2,233.88,0
2025-12-07 12:00:00,27.57,91.42,92.0,1.7,169.28,62.1,231.01,1
2025-12-07 13:00:00,27.79,86.35,91.74,1.7,169.75,61.28,230.17,0
2025-12-07 14:00:00,27.18,84.09,90.61,1.7,168.63,61.44,230.5,0
2025-12-07 15:00:00,26.82,82.96,92.0,1.7,167.59,62.81,228.48,1
2025-12-07 16:00:00,26.94,90.52,91.36,1.7,164.67,62.71,229.35,0
2025-12-07 17:00:00,27.37,87.86,90.89,1.7,165.61,62.76,226.77,0
2025-12-07 18:00:00,26.9,85.13,89.9,1.7,166.25,62.79,227.86,0
2025-12-07 19:00:00,25.31,87.39,89.65,1.7,166.97,62.15,232.57,0
2025-12-07 20:00:00,25.59,89.42,89.79,1.7,167.38,61.25,229.55,0
2025-12-07 21:00:00,24.27,90.86,89.6,1.7,165.91,60.39,229.77,0
2025-12-07 22:00:00,23.92,88.58,89.68,1.7,167.62,60.77,225.98,0
2025-12-07 23:00:00,23.02,90.05,89.3,1.7,169.3,61.49,224.35,0
2025-12-08 00:00:00,22.81,88.51,88.85,1.7,167.71,62.23,226.64,0
2025-12-08 01:00:00,23.67,95.05,88.9,1.7,168.56,61.88,225.98,0
2025-12-08 02:00:00,22.4,92.47,88.81,1.7,169.99,62.87,228.29,0
2025-12-08 03:00:00,22.27,94.53,88.26,1.7,168.94,63.12,229.51,0
2025-12-08 04:00:00,20.94,96.73,87.82,1.8,168.25,63.15,229.63,0
2025-12-08 05:00:00,22.01,93.82,88.09,1.7,169.09,60.11,227.32,0
2025-12-08 06:00:00,22.52,92.32,92.0,1.7,166.2,59.43,229.42,1
2025-12-08 07:00:00,22.74,91.83,92.0,1.7,164.2,58.14,230.46,0
2025-12-08 08:00:00,24.27,90.1,91.29,1.7,162.45,58.82,226.86,0
2025-12-08 09:00:00,24.81,91.18,90.72,1.7,159.32,59.0,224.86,0
2025-12-08 10:00:00,26.06,87.68,90.23,1.7,161.5,58.12,218.44,0
2025-12-08 11:00:00,26.79,84.63,89.02,1.7,158.06,58.51,215.86,0
2025-12-08 12:00:00,26.38,87.37,92.0,1.7,158.95,57.34,216.03,1
2025-12-08 13:00:00,26.98,87.51,91.44,1.7,160.66,56.54,214.34,0
2025-12-08 14:00:00,27.31,81.95,90.64,1.7,160.3,56.06,213.29,0
2025-12-08 15:00:00,28.02,88.55,92.0,1.5,159.29,56.73,217.86,1
2025-12-08 16:00:00,27.01,86.44,90.94,1.7,159.93,58.14,221.29,0
2025-12-08 17:00:00,25.91,86.88,90.53,1.7,160.14,57.73,220.23,0
2025-12-08 18:00:00,26.32,89.21,89.54,1.7,162.14,59.05,222.96,0
2025-12-08 19:00:00,26.87,86.59,89.22,1.7,157.52,59.18,226.6,0
2025-12-08 20:00:00,25.71,90.84,88.69,1.7,156.17,59.48,228.56,0
2025-12-08 21:00:00,24.87,88.83,89.06,1.7,157.53,59.5,229.63,0
2025-12-08 22:00:00,24.48,87.31,88.45,1.7,157.92,59.39,232.65,0
2025-12-08 23:00:00,24.55,89.2,88.21,1.7,159.56,59.87,234.69,0
2025-12-09 00:00:00,23.82,93.39,87.48,1.7,160.25,60.6,231.67,0
2025-12-09 01:00:00,23.05,90.68,87.76,1.7,160.2,59.84,231.36,0
2025-12-09 02:00:00,23.18,96.76,87.68,1.7,159.84,59.74,230.17,0
2025-12-09 03:00:00,21.29,96.12,87.52,1.8,164.24,61.31,233.29,0
2025-12-09 04:00:00,20.9,96.53,87.76,1.8,167.03,61.49,231.92,0
2025-12-09 05:00:00,22.38,93.61,87.6,1.7,167.84,61.76,230.2,0
2025-12-09 06:00:00,22.76,93.14,92.0,1.7,167.87,62.82,233.0,1
2025-12-09 07:00:00,22.96,88.77,91.84,1.7,168.72,62.34,233.75,0
2025-12-09 08:00:00,24.91,92.15,91.44,1.7,170.06,62.3,239.09,0
2025-12-09 09:00:00,23.66,89.27,90.73,1.7,170.61,63.03,236.73,0
2025-12-09 10:00:00,25.57,88.25,90.09,1.7,169.03,64.11,235.35,0
2025-12-09 11:00:00,26.3,89.54,89.76,1.7,172.09,61.92,238.14,0
2025-12-09 12:00:00,25.83,83.73,92.0,1.7,172.25,61.26,234.78,1
2025-12-09 13:00:00,28.5,84.52,91.37,1.5,175.58,60.38,238.09,0
2025-12-09 14:00:00,26.16,85.61,90.38,1.7,175.49,60.32,234.92,0
2025-12-09 15:00:00,26.6,83.12,92.0,1.7,174.63,59.54,236.45,1
2025-12-09 16:00:00,27.53,85.23,91.22,1.7,176.74,60.21,231.77,0
2025-12-09 17:00:00,26.96,87.34,90.93,1.7,176.81,60.42,232.04,0
2025-12-09 18:00:00,25.11,86.28,90.41,1.7,176.58,61.27,228.77,0
2025-12-09 19:00:00,26.05,90.72,89.81,1.7,173.95,62.15,233.89,0
2025-12-09 20:00:00,25.2,85.42,89.98,1.7,174.79,62.76,231.27,0
2025-12-09 21:00:00,26.29,92.13,89.85,1.7,173.51,62.43,229.39,0
2025-12-09 22:00:00,24.22,92.01,90.04,1.7,172.36,62.51,231.0,0
2025-12-09 23:00:00,23.29,90.15,89.78,1.7,171.18,62.08,229.7,0
2025-12-10 00:00:00,22.28,90.11,89.8,1.7,171.73,60.85,231.72,0
2025-12-10 01:00:00,22.0,88.18,89.07,1.7,168.69,61.74,230.1,0
2025-12-10 02:00:00,21.66,91.47,88.72,1.8,168.17,61.68,228.38,0
2025-12-10 03:00:00,23.25,95.81,88.13,1.7,169.8,60.33,228.64,0
2025-12-10 04:00:00,22.11,93.48,87.82,1.7,167.37,60.87,225.92,0
2025-12-10 05:00:00,22.71,95.89,87.76,1.7,167.59,60.7,227.36,0
2025-12-10 06:00:00,23.92,91.21,92.0,1.7,166.35,58.88,229.94,1
2025-12-10 07:00:00,21.51,92.96,92.0,1.8,165.56,57.74,231.57,0
2025-12-10 08:00:00,25.27,88.39,91.17,1.7,168.52,57.24,233.35,0
2025-12-10 09:00:00,25.2,86.31,90.87,1.7,165.41,57.57,228.62,0
2025-12-10 10:00:00,26.35,86.76,90.68,1.7,166.77,58.41,227.79,0
2025-12-10 11:00:00,26.03,84.37,90.41,1.7,165.84,59.2,227.58,0
2025-12-10 12:00:00,26.54,81.67,92.0,1.7,164.86,59.83,231.59,1
2025-12-10 13:00:00,27.69,84.4,90.77,1.7,162.86,59.86,230.3,0
2025-12-10 14:00:00,29.15,85.13,90.35,1.5,164.3,61.47,224.78,0
2025-12-10 15:00:00,27.88,87.97,92.0,1.7,163.99,62.12,222.79,1
2025-12-10 16:00:00,27.82,87.7,91.12,1.7,163.46,62.32,221.74,0
2025-12-10 17:00:00,26.29,88.94,90.37,1.7,163.72,62.82,217.02,0
2025-12-10 18:00:00,25.52,88.58,90.23,1.7,163.46,62.43,220.34,0
2025-12-10 19:00:00,24.88,88.57,89.68,1.7,159.92,62.37,217.15,0
2025-12-10 20:00:00,24.58,86.04,89.62,1.7,159.24,60.48,219.15,0
2025-12-10 21:00:00,22.79,89.99,89.48,1.7,161.08,60.18,217.21,0
2025-12-10 22:00:00,23.32,91.87,89.17,1.7,158.53,61.82,221.87,0
2025-12-10 23:00:00,22.95,94.61,89.16,1.7,156.82,61.96,221.84,0
2025-12-11 00:00:00,22.82,93.65,89.45,1.7,156.38,62.06,221.3,0
2025-12-11 01:00:00,22.7,95.49,89.16,1.7,155.42,62.95,223.3,0
2025-12-11 02:00:00,22.61,90.95,88.88,1.7,155.75,63.25,221.37,0
2025-12-11 03:00:00,22.14,92.79,88.87,1.7,154.16,62.5,223.49,0
2025-12-11 04:00:00,21.63,94.54,88.94,1.8,153.89,62.51,222.86,0
2025-12-11 05:00:00,20.69,95.89,88.71,1.8,154.25,61.47,221.98,0
2025-12-11 06:00:00,22.25,92.25,92.0,1.7,155.85,61.65,222.41,1
2025-12-11 07:00:00,22.62,91.22,91.13,1.7,158.46,60.91,220.32,0
2025-12-11 08:00:00,24.62,91.48,90.33,1.7,158.25,61.78,220.58,0
2025-12-11 09:00:00,25.88,85.96,89.42,1.7,161.92,61.32,222.15,0
2025-12-11 10:00:00,26.75,90.54,89.04,1.7,161.71,60.6,217.02,0
2025-12-11 11:00:00,27.3,83.9,88.38,1.7,163.33,60.54,220.64,0
2025-12-11 12:00:00,27.04,80.84,92.0,1.7,166.87,60.91,223.4,1
2025-12-11 13:00:00,26.88,84.82,91.42,1.7,167.05,59.86,219.35,0
2025-12-11 14:00:00,26.65,88.63,90.57,1.7,164.5,59.46,215.1,0
2025-12-11 15:00:00,25.87,86.47,92.0,1.7,164.68,59.63,218.2,1
2025-12-11 16:00:00,27.6,87.29,91.8,1.7,163.59,60.9,220.95,0
2025-12-11 17:00:00,26.3,86.35,91.71,1.7,163.15,58.66,223.21,0
2025-12-11 18:00:00,25.0,86.66,91.34,1.7,166.8,59.31,220.23,0
2025-12-11 19:00:00,24.84,84.44,91.13,1.7,164.53,59.05,225.54,0
2025-12-11 20:00:00,24.28,83.77,91.41,1.7,165.09,58.69,224.13,0
2025-12-11 21:00:00,24.46,90.09,91.0,1.7,163.5,58.18,225.27,0
2025-12-11 22:00:00,24.75,93.45,90.53,1.7,163.01,57.97,226.39,0
2025-12-11 23:00:00,23.12,92.16,90.15,1.7,164.43,58.65,230.8,0
2025-12-12 00:00:00,21.16,93.52,90.1,1.8,165.03,58.26,231.32,0
2025-12-12 01:00:00,22.45,96.24,89.67,1.7,164.62,59.87,232.55,0
2025-12-12 02:00:00,22.2,93.94,89.43,1.7,163.47,60.49,232.48,0
2025-12-12 03:00:00,21.98,93.23,88.75,1.8,164.1,60.72,229.61,0
2025-12-12 04:00:00,21.6,91.8,88.69,1.8,167.21,60.61,224.08,0
2025-12-12 05:00:00,22.43,97.78,88.03,1.7,165.5,61.72,224.71,0
2025-12-12 06:00:00,22.76,93.73,92.0,1.7,168.92,62.93,221.7,1
2025-12-12 07:00:00,23.38,89.32,92.0,1.7,170.92,61.86,223.24,0
2025-12-12 08:00:00,24.58,87.39,91.79,1.7,173.15,61.23,224.2,0
2025-12-12 09:00:00,24.81,91.19,91.33,1.7,173.38,61.82,225.05,0
2025-12-12 10:00:00,25.61,84.72,90.84,1.7,175.15,62.67,222.91,0
2025-12-12 11:00:00,27.8,89.91,90.09,1.7,172.93,62.38,226.11,0
2025-12-12 12:00:00,27.59,80.4,92.0,1.7,171.41,61.7,227.74,1
2025-12-12 13:00:00,27.96,87.93,91.3,1.7,172.53,61.78,225.15,0
2025-12-12 14:00:00,28.22,85.97,90.26,1.5,172.76,63.12,230.81,0
2025-12-12 15:00:00,27.5,85.44,92.0,1.7,172.18,63.12,230.49,1
2025-12-12 16:00:00,27.55,85.25,91.43,1.7,167.39,61.95,227.38,0
2025-12-12 17:00:00,25.18,90.42,90.58,1.7,166.51,62.05,225.87,0
2025-12-12 18:00:00,26.16,88.56,90.47,1.7,164.34,62.75,222.55,0
2025-12-12 19:00:00,25.36,85.85,90.44,1.7,165.25,62.64,226.57,0
2025-12-12 20:00:00,26.31,84.96,90.44,1.7,164.9,63.75,229.7,0
2025-12-12 21:00:00,25.17,90.05,90.09,1.7,163.77,64.48,231.81,0
2025-12-12 22:00:00,23.39,90.56,89.88,1.7,168.58,64.35,233.35,0
2025-12-12 23:00:00,23.7,88.06,89.87,1.7,170.3,64.32,236.55,0
2025-12-13 00:00:00,23.09,92.02,89.71,1.7,171.99,62.59,235.87,0
2025-12-13 01:00:00,22.96,91.5,89.99,1.7,175.68,63.66,236.88,0
2025-12-13 02:00:00,21.51,93.24,89.73,1.8,176.69,63.31,234.76,0
2025-12-13 03:00:00,22.44,95.1,89.38,1.7,174.84,62.92,234.39,0
2025-12-13 04:00:00,21.92,96.88,89.37,1.8,172.85,62.39,235.54,0
2025-12-13 05:00:00,22.48,95.33,88.79,1.7,174.27,62.79,227.81,0
2025-12-13 06:00:00,22.13,90.98,92.0,1.7,170.19,61.75,226.62,1
2025-12-13 07:00:00,22.93,92.21,91.41,1.7,169.84,60.87,227.45,0
2025-12-13 08:00:00,25.19,90.1,91.03,1.7,165.74,60.86,227.64,0
2025-12-13 09:00:00,24.31,85.51,90.27,1.7,165.89,60.33,226.87,0
2025-12-13 10:00:00,25.22,87.88,89.84,1.7,167.39,60.68,228.75,0
2025-12-13 11:00:00,26.65,89.91,89.53,1.7,167.8,60.19,227.3,0
2025-12-13 12:00:00,26.53,85.14,92.0,1.7,169.38,61.68,224.63,1
2025-12-13 13:00:00,26.59,81.29,91.06,1.7,172.74,62.31,228.11,0
2025-12-13 14:00:00,27.33,84.96,90.21,1.7,172.17,62.92,231.06,0
2025-12-13 15:00:00,25.87,82.51,92.0,1.7,176.94,62.35,229.76,1
2025-12-13 16:00:00,26.0,87.54,90.86,1.7,176.84,64.5,229.85,0
2025-12-13 17:00:00,28.08,87.41,90.6,1.5,178.08,64.03,232.22,0
2025-12-13 18:00:00,26.37,86.62,90.06,1.7,176.45,63.33,232.47,0
2025-12-13 19:00:00,24.91,87.11,89.51,1.7,178.91,63.92,233.92,0
2025-12-13 20:00:00,25.31,88.27,89.74,1.7,180.23,64.04,235.16,0
2025-12-13 21:00:00,24.88,89.68,89.32,1.7,182.27,63.24,234.36,0
2025-12-13 22:00:00,24.69,88.86,89.19,1.7,181.68,65.18,235.68,0
2025-12-13 23:00:00,23.3,88.35,88.74,1.7,178.75,65.97,233.23,0
2025-12-14 00:00:00,23.74,94.65,87.93,1.7,179.03,65.85,234.31,0
2025-12-14 01:00:00,20.97,91.91,87.32,1.8,175.41,67.9,234.16,0
2025-12-14 02:00:00,21.48,93.59,86.99,1.8,174.39,68.45,233.3,0
2025-12-14 03:00:00,22.29,94.13,87.05,1.7,174.36,68.24,230.26,0
2025-12-14 04:00:00,22.36,94.31,86.96,1.7,178.26,70.11,230.83,0
2025-12-14 05:00:00,21.53,90.75,86.8,1.8,178.31,70.46,231.14,0
2025-12-14 06:00:00,22.92,88.88,92.0,1.7,178.03,70.76,229.23,1
2025-12-14 07:00:00,22.9,90.1,92.0,1.7,177.39,70.15,225.53,0
2025-12-14 08:00:00,24.03,90.83,91.5,1.7,174.48,69.95,221.89,0
2025-12-14 09:00:00,25.97,86.83,90.89,1.7,174.25,69.34,221.91,0
2025-12-14 10:00:00,26.73,86.22,90.65,1.7,174.07,70.42,223.33,0
2025-12-14 11:00:00,25.89,90.51,90.45,1.7,171.96,68.72,228.54,0
2025-12-14 12:00:00,26.3,81.01,92.0,1.7,169.55,69.74,228.75,1
2025-12-14 13:00:00,26.97,83.14,91.34,1.7,168.5,68.72,225.0,0
2025-12-14 14:00:00,27.22,89.07,90.46,1.7,168.48,68.47,224.98,0
2025-12-14 15:00:00,26.55,85.08,92.0,1.7,167.51,68.01,228.61,1
2025-12-14 16:00:00,27.64,84.09,91.0,1.7,165.52,67.36,227.22,0
2025-12-14 17:00:00,26.72,88.83,91.01,1.7,166.02,67.82,230.41,0
2025-12-14 18:00:00,26.32,87.12,90.44,1.7,166.95,67.64,231.08,0
2025-12-14 19:00:00,24.49,87.07,89.91,1.7,167.09,66.87,232.89,0
2025-12-14 20:00:00,25.91,89.16,89.33,1.7,165.99,66.86,237.64,0
2025-12-14 21:00:00,22.17,88.21,88.75,1.7,167.03,66.09,232.92,0
2025-12-14 22:00:00,24.56,88.32,88.59,1.7,166.6,65.48,235.26,0
2025-12-14 23:00:00,24.15,91.15,88.38,1.7,164.4,64.03,235.01,0
2025-12-15 00:00:00,22.61,89.92,87.81,1.7,166.29,63.57,232.64,0
2025-12-15 01:00:00,23.61,92.78,87.5,1.7,166.87,63.96,232.51,0
2025-12-15 02:00:00,22.27,94.0,86.88,1.7,166.58,63.94,236.86,0
2025-12-15 03:00:00,22.21,95.38,86.86,1.7,163.69,65.51,240.1,0
2025-12-15 04:00:00,22.37,96.08,86.64,1.7,162.4,67.76,234.85,0
2025-12-15 05:00:00,24.81,92.44,86.32,1.7,166.14,67.17,232.93,0
2025-12-15 06:00:00,23.78,93.67,92.0,1.7,163.38,66.26,235.39,1
2025-12-15 07:00:00,23.96,92.48,91.71,1.7,162.99,67.15,235.32,0
2025-12-15 08:00:00,23.52,90.69,91.02,1.7,163.04,67.3,235.25,0
2025-12-15 09:00:00,25.27,87.38,90.54,1.7,163.7,68.16,231.32,0
2025-12-15 10:00:00,25.35,84.74,90.02,1.7,161.05,68.34,229.64,0
2025-12-15 11:00:00,27.35,86.93,89.67,1.7,161.53,67.97,226.51,0
2025-12-15 12:00:00,27.26,81.31,92.0,1.7,158.63,67.62,222.8,1
2025-12-15 13:00:00,26.4,84.21,90.86,1.7,159.06,67.84,220.27,0
2025-12-15 14:00:00,27.31,80.4,90.58,1.7,158.12,67.48,218.69,0
2025-12-15 15:00:00,26.4,82.24,92.0,1.7,156.84,68.41,217.6,1
2025-12-15 16:00:00,26.92,83.71,91.09,1.7,158.67,67.05,216.36,0
2025-12-15 17:00:00,25.75,88.67,90.5,1.7,158.5,67.99,219.85,0
2025-12-15 18:00:00,26.02,88.51,90.01,1.7,159.61,66.12,218.34,0
2025-12-15 19:00:00,26.1,86.62,89.64,1.7,160.74,66.13,222.74,0
2025-12-15 20:00:00,24.93,90.34,89.27,1.7,163.19,65.71,222.14,0
2025-12-15 21:00:00,24.12,91.61,88.95,1.7,161.09,64.23,223.88,0
2025-12-15 22:00:00,24.06,90.21,89.17,1.7,162.9,62.31,225.61,0
2025-12-15 23:00:00,23.96,88.35,88.97,1.7,163.02,61.31,223.84,0
2025-12-16 00:00:00,22.07,91.69,88.48,1.7,162.42,61.38,223.58,0
2025-12-16 01:00:00,22.81,92.54,87.99,1.7,160.45,60.85,222.89,0
2025-12-16 02:00:00,23.38,90.51,87.71,1.7,161.72,59.95,224.43,0
2025-12-16 03:00:00,22.62,94.31,87.58,1.7,160.19,61.23,224.63,0
2025-12-16 04:00:00,22.15,94.22,87.52,1.7,161.32,60.14,223.28,0
2025-12-16 05:00:00,22.77,94.31,87.36,1.7,164.94,60.81,224.16,0
2025-12-16 06:00:00,23.07,93.18,92.0,1.7,166.7,60.05,225.55,1
2025-12-16 07:00:00,24.0,93.01,91.67,1.7,169.14,59.09,230.65,0
2025-12-16 08:00:00,22.63,89.57,91.33,1.7,167.68,58.64,231.04,0
2025-12-16 09:00:00,23.91,88.88,90.43,1.7,168.95,59.3,231.26,0
2025-12-16 10:00:00,26.8,86.12,89.71,1.7,166.73,58.14,232.52,0
2025-12-16 11:00:00,25.49,84.54,89.31,1.7,166.24,58.52,230.27,0
2025-12-16 12:00:00,27.46,88.01,92.0,1.7,169.32,57.76,226.19,1
2025-12-16 13:00:00,27.02,80.4,91.36,1.7,168.06,57.18,225.85,0
2025-12-16 14:00:00,26.45,86.83,90.66,1.7,169.93,57.69,228.99,0
2025-12-16 15:00:00,27.35,83.82,92.0,1.7,171.57,59.77,232.38,1
2025-12-16 16:00:00,26.96,83.99,91.57,1.7,173.24,59.02,227.81,0
2025-12-16 17:00:00,28.13,86.83,91.38,1.5,170.63,59.76,229.83,0
2025-12-16 18:00:00,25.5,83.72,91.58,1.7,171.35,59.54,224.63,0
2025-12-16 19:00:00,26.66,86.05,91.48,1.7,170.81,59.19,226.3,0
2025-12-16 20:00:00,25.25,86.87,91.26,1.7,172.54,60.24,227.73,0
2025-12-16 21:00:00,23.9,89.17,90.78,1.7,169.26,59.53,223.78,0
2025-12-16 22:00:00,24.54,88.79,90.01,1.7,169.75,58.57,226.84,0
2025-12-16 23:00:00,23.85,94.92,89.86,1.7,169.97,59.08,231.61,0
2025-12-17 00:00:00,22.99,96.1,90.36,1.7,166.19,60.61,231.62,0
2025-12-17 01:00:00,22.81,88.31,90.54,1.7,164.54,61.32,232.15,0
2025-12-17 02:00:00,21.85,94.42,90.67,1.8,161.27,60.08,235.99,0
2025-12-17 03:00:00,21.5,95.39,90.55,1.8,160.11,59.58,233.12,0
2025-12-17 04:00:00,22.71,94.79,90.45,1.7,161.29,60.54,230.46,0
2025-12-17 05:00:00,22.08,91.89,89.53,1.7,161.79,62.0,228.59,0
2025-12-17 06:00:00,22.64,92.03,92.0,1.7,162.23,62.21,229.0,1
2025-12-17 07:00:00,23.62,89.75,91.62,1.7,160.47,61.68,229.39,0
2025-12-17 08:00:00,24.46,89.04,90.85,1.7,162.67,63.17,228.29,0
2025-12-17 09:00:00,24.01,85.77,90.19,1.7,162.72,63.07,227.87,0
2025-12-17 10:00:00,27.03,86.75,89.5,1.7,162.88,62.49,226.88,0
2025-12-17 11:00:00,26.79,82.52,88.7,1.7,164.65,61.78,226.06,0
2025-12-17 12:00:00,26.98,84.63,92.0,1.7,162.88,60.71,224.58,1
2025-12-17 13:00:00,27.64,82.05,91.25,1.7,163.38,63.3,223.2,0
2025-12-17 14:00:00,27.43,85.35,90.69,1.7,164.21,64.54,218.79,0
2025-12-17 15:00:00,27.69,83.69,92.0,1.7,163.26,63.87,219.04,1
2025-12-17 16:00:00,27.23,86.28,91.35,1.7,164.5,65.38,214.95,0
2025-12-17 17:00:00,27.01,88.64,90.44,1.7,165.38,65.75,217.83,0
2025-12-17 18:00:00,27.08,90.5,89.66,1.7,165.18,66.07,217.29,0
2025-12-17 19:00:00,26.21,82.28,89.5,1.7,164.94,65.3,217.87,0
2025-12-17 20:00:00,24.84,86.9,88.81,1.7,165.88,64.74,217.8,0
2025-12-17 21:00:00,23.53,88.99,88.36,1.7,167.27,64.62,218.05,0
2025-12-17 22:00:00,25.23,91.57,88.32,1.7,167.29,62.77,222.05,0
2025-12-17 23:00:00,23.21,87.77,87.69,1.7,169.21,62.31,219.32,0
2025-12-18 00:00:00,22.58,89.98,88.03,1.7,170.23,62.3,216.05,0
2025-12-18 01:00:00,21.21,93.05,88.19,1.8,166.8,63.47,217.29,0
2025-12-18 02:00:00,22.6,93.41,87.84,1.7,164.2,62.87,216.94,0
2025-12-18 03:00:00,22.28,94.33,87.4,1.7,166.36,63.58,218.74,0
2025-12-18 04:00:00,20.89,94.58,87.26,1.8,165.86,61.68,221.35,0
2025-12-18 05:00:00,22.62,94.08,86.63,1.7,166.12,62.74,219.26,0
2025-12-18 06:00:00,22.31,93.0,92.0,1.7,168.13,61.9,221.56,1
2025-12-18 07:00:00,25.55,91.52,91.65,1.7,167.99,62.02,219.68,0
2025-12-18 08:00:00,23.79,91.43,91.05,1.7,167.94,62.39,220.63,0
2025-12-18 09:00:00,24.8,83.51,90.51,1.7,166.26,62.57,218.25,0
2025-12-18 10:00:00,25.3,90.4,89.76,1.7,166.87,62.45,219.42,0
2025-12-18 11:00:00,27.71,80.98,89.55,1.7,167.85,61.32,220.15,0
2025-12-18 12:00:00,26.84,82.69,92.0,1.7,166.7,60.54,218.13,1
2025-12-18 13:00:00,26.72,84.3,91.08,1.7,164.97,61.48,215.58,0
2025-12-18 14:00:00,27.81,86.38,90.64,1.7,169.7,60.96,218.43,0
2025-12-18 15:00:00,25.97,80.4,92.0,1.7,169.35,60.9,218.12,1
2025-12-18 16:00:00,27.3,85.58,91.05,1.7,167.94,59.59,221.5,0
2025-12-18 17:00:00,27.86,88.0,90.5,1.7,169.1,60.43,220.82,0
2025-12-18 18:00:00,26.45,89.19,89.61,1.7,168.84,59.29,224.78,0
2025-12-18 19:00:00,26.01,86.31,89.36,1.7,166.73,60.2,222.92,0
2025-12-18 20:00:00,25.67,88.08,88.94,1.7,167.53,59.3,227.21,0
2025-12-18 21:00:00,25.8,88.3,88.47,1.7,165.9,60.29,228.03,0
2025-12-18 22:00:00,24.86,89.7,87.63,1.7,168.7,60.35,229.38,0
2025-12-18 23:00:00,23.75,89.13,87.47,1.7,169.44,59.9,227.15,0
2025-12-19 00:00:00,23.68,90.19,86.89,1.7,168.76,61.4,229.37,0
2025-12-19 01:00:00,21.89,93.72,86.64,1.8,168.81,61.36,231.56,0
2025-12-19 02:00:00,22.95,93.51,86.29,1.7,170.28,61.05,230.92,0
2025-12-19 03:00:00,21.35,94.59,86.03,1.8,170.41,61.9,225.79,0
2025-12-19 04:00:00,21.81,94.07,85.78,1.8,174.01,60.57,223.46,0
2025-12-19 05:00:00,19.79,94.88,85.64,1.8,175.69,58.34,221.26,0
2025-12-19 06:00:00,23.03,94.5,92.0,1.7,176.14,59.49,223.07,1
2025-12-19 07:00:00,22.88,87.57,92.0,1.7,174.01,58.81,222.5,0
2025-12-19 08:00:00,25.14,88.08,90.88,1.7,173.39,59.69,222.01,0
2025-12-19 09:00:00,25.46,87.93,90.23,1.7,173.91,59.8,221.25,0
2025-12-19 10:00:00,26.9,86.95,89.9,1.7,172.08,58.82,225.61,0
2025-12-19 11:00:00,25.82,84.36,89.47,1.7,174.12,59.46,226.19,0
2025-12-19 12:00:00,27.97,87.07,92.0,1.7,172.0,59.16,227.13,1
2025-12-19 13:00:00,28.98,89.16,91.16,1.5,170.58,58.28,225.97,0
2025-12-19 14:00:00,27.85,85.31,90.27,1.7,169.34,57.45,226.35,0
2025-12-19 15:00:00,27.71,85.37,92.0,1.7,170.51,56.02,224.34,1
2025-12-19 16:00:00,26.94,87.51,91.2,1.7,168.84,56.56,225.73,0
2025-12-19 17:00:00,26.02,82.15,90.7,1.7,165.44,55.89,223.33,0
2025-12-19 18:00:00,26.61,87.06,90.19,1.7,167.38,56.04,225.77,0
2025-12-19 19:00:00,24.3,89.99,90.7,1.7,166.49,56.05,224.4,0
2025-12-19 20:00:00,24.64,87.33,90.59,1.7,164.51,55.38,227.3,0
2025-12-19 21:00:00,23.01,86.96,90.14,1.7,163.17,54.21,232.45,0
2025-12-19 22:00:00,23.33,90.15,89.5,1.7,166.33,56.73,232.58,0
2025-12-19 23:00:00,23.91,91.27,89.21,1.7,165.09,56.84,235.98,0
2025-12-20 00:00:00,23.36,90.15,88.97,1.7,164.87,58.64,237.81,0
2025-12-20 01:00:00,22.64,97.37,88.11,1.7,164.07,59.79,234.09,0
2025-12-20 02:00:00,22.46,92.17,87.69,1.7,161.89,59.56,234.41,0
2025-12-20 03:00:00,20.65,90.97,87.58,1.8,160.68,59.8,235.69,0
2025-12-20 04:00:00,21.8,93.39,87.22,1.8,158.51,60.0,237.15,0
2025-12-20 05:00:00,21.71,95.33,87.31,1.8,160.49,61.72,237.49,0
2025-12-20 06:00:00,22.18,92.61,92.0,1.7,160.85,62.48,237.78,1
2025-12-20 07:00:00,23.88,92.47,92.0,1.7,165.48,61.74,237.65,0
2025-12-20 08:00:00,23.56,88.05,91.71,1.7,164.19,62.06,237.85,0
2025-12-20 09:00:00,24.67,91.71,91.43,1.7,162.67,62.78,234.65,0
2025-12-20 10:00:00,24.33,88.24,90.4,1.7,165.53,61.7,234.08,0
2025-12-20 11:00:00,26.46,88.13,89.91,1.7,167.41,62.15,230.49,0
2025-12-20 12:00:00,26.27,85.87,92.0,1.7,168.01,63.36,229.47,1
2025-12-20 13:00:00,27.36,86.61,90.99,1.7,165.88,62.55,228.27,0
2025-12-20 14:00:00,26.48,82.98,90.29,1.7,168.99,61.88,226.97,0
2025-12-20 15:00:00,27.16,84.1,92.0,1.7,168.7,62.93,224.74,1
2025-12-20 16:00:00,26.69,88.6,91.7,1.7,167.78,62.59,225.93,0
2025-12-20 17:00:00,27.78,89.69,91.26,1.7,169.72,61.68,225.59,0
2025-12-20 18:00:00,26.4,84.48,90.34,1.7,169.49,62.49,225.01,0
2025-12-20 19:00:00,24.03,88.39,89.91,1.7,167.22,62.99,221.99,0
2025-12-20 20:00:00,23.96,87.79,89.6,1.7,167.2,63.05,221.9,0
2025-12-20 21:00:00,24.47,88.13,89.37,1.7,165.7,64.03,225.41,0
2025-12-20 22:00:00,23.15,91.19,89.47,1.7,160.26,65.04,228.8,0
2025-12-20 23:00:00,21.03,93.91,89.47,1.8,158.86,64.88,230.04,0
2025-12-21 00:00:00,24.04,93.14,89.28,1.7,158.16,66.57,229.55,0
2025-12-21 01:00:00,23.17,92.06,89.0,1.7,156.35,67.86,231.22,0
2025-12-21 02:00:00,22.74,94.35,88.27,1.7,157.73,65.89,229.74,0
2025-12-21 03:00:00,21.67,92.71,88.46,1.8,156.62,64.85,229.26,0
2025-12-21 04:00:00,22.44,94.51,88.12,1.7,157.82,62.74,227.69,0
2025-12-21 05:00:00,21.69,96.41,88.39,1.8,155.89,62.42,230.32,0
2025-12-21 06:00:00,22.87,88.0,92.0,1.7,157.89,61.32,232.51,1
2025-12-21 07:00:00,22.66,93.15,92.0,1.7,155.88,60.61,232.54,0
2025-12-21 08:00:00,25.46,86.58,91.61,1.7,152.03,61.63,237.0,0
2025-12-21 09:00:00,23.9,91.14,90.62,1.7,154.77,60.06,237.93,0
2025-12-21 10:00:00,26.99,85.6,89.85,1.7,153.64,60.24,238.67,0
2025-12-21 11:00:00,26.72,83.15,89.22,1.7,157.26,60.4,239.11,0
2025-12-21 12:00:00,26.75,86.59,92.0,1.7,158.58,60.37,235.75,1
2025-12-21 13:00:00,27.43,85.6,91.3,1.7,160.26,60.54,233.48,0
2025-12-21 14:00:00,27.83,82.7,90.3,1.7,162.33,58.58,233.42,0
2025-12-21 15:00:00,28.17,82.42,92.0,1.5,162.64,57.95,233.38,1
2025-12-21 16:00:00,27.05,85.23,91.49,1.7,162.96,59.46,234.93,0
2025-12-21 17:00:00,25.73,83.61,90.61,1.7,165.35,58.46,233.27,0
2025-12-21 18:00:00,26.04,84.66,90.62,1.7,165.54,60.06,233.53,0
2025-12-21 19:00:00,26.96,88.09,90.42,1.7,164.2,58.86,233.83,0
2025-12-21 20:00:00,26.05,86.62,89.97,1.7,165.29,57.58,234.21,0
2025-12-21 21:00:00,25.16,90.6,89.27,1.7,161.47,56.85,234.29,0
2025-12-21 22:00:00,24.53,93.84,89.09,1.7,163.99,58.02,230.81,0
2025-12-21 23:00:00,23.96,91.07,88.8,1.7,166.44,57.65,225.37,0
2025-12-22 00:00:00,23.89,92.43,88.83,1.7,168.54,58.09,223.5,0
2025-12-22 01:00:00,22.23,97.2,88.59,1.7,170.49,58.28,222.74,0
2025-12-22 02:00:00,21.24,90.61,88.03,1.8,170.12,58.34,220.41,0
2025-12-22 03:00:00,22.21,96.12,88.33,1.7,169.72,59.6,221.0,0
2025-12-22 04:00:00,21.45,95.96,88.26,1.8,167.32,60.36,224.43,0
2025-12-22 05:00:00,21.41,95.21,87.99,1.8,170.37,59.38,226.77,0
2025-12-22 06:00:00,22.13,95.41,92.0,1.7,169.28,59.21,228.35,1
2025-12-22 07:00:00,25.39,92.02,91.93,1.7,169.72,60.87,231.14,0
2025-12-22 08:00:00,24.36,88.68,90.94,1.7,169.99,61.19,229.02,0
2025-12-22 09:00:00,25.44,90.84,90.41,1.7,167.38,59.85,228.18,0
2025-12-22 10:00:00,25.02,89.49,89.71,1.7,164.14,58.63,230.06,0
2025-12-22 11:00:00,25.22,88.26,89.29,1.7,164.19,59.53,229.12,0
2025-12-22 12:00:00,26.49,85.16,92.0,1.7,163.4,60.23,228.36,1
2025-12-22 13:00:00,28.45,83.22,91.23,1.5,163.31,59.46,233.35,0
2025-12-22 14:00:00,27.51,85.32,91.14,1.7,165.29,60.21,233.67,0
2025-12-22 15:00:00,27.55,87.25,92.0,1.7,165.69,61.7,238.15,1
2025-12-22 16:00:00,27.39,87.89,90.43,1.7,167.02,63.02,233.43,0
2025-12-22 17:00:00,25.97,85.31,90.2,1.7,167.74,64.43,231.93,0
2025-12-22 18:00:00,27.11,87.69,89.59,1.7,167.07,64.86,233.11,0
2025-12-22 19:00:00,25.0,84.96,89.17,1.7,165.18,64.62,233.44,0
2025-12-22 20:00:00,26.1,90.91,88.66,1.7,165.65,64.18,228.38,0
2025-12-22 21:00:00,24.78,87.94,88.17,1.7,165.77,64.09,228.13,0
2025-12-22 22:00:00,22.47,92.29,87.76,1.7,167.39,63.24,234.66,0
2025-12-22 23:00:00,22.8,88.87,87.22,1.7,167.02,62.88,235.29,0
2025-12-23 00:00:00,21.53,94.41,86.62,1.8,166.41,64.0,236.79,0
2025-12-23 01:00:00,23.53,93.47,86.1,1.7,165.94,62.5,235.09,0
2025-12-23 02:00:00,22.3,91.5,86.0,1.7,164.25,61.09,235.7,0
2025-12-23 03:00:00,20.37,95.02,85.81,1.8,166.88,61.87,235.63,0
2025-12-23 04:00:00,22.4,92.3,85.78,1.7,168.86,61.56,238.4,0
2025-12-23 05:00:00,21.83,94.98,85.56,1.8,166.52,59.84,240.94,0
2025-12-23 06:00:00,21.52,91.97,92.0,1.8,167.91,59.85,241.66,1
2025-12-23 07:00:00,24.74,87.61,91.94,1.7,164.47,59.73,241.51,0
2025-12-23 08:00:00,24.33,87.8,91.07,1.7,166.26,59.41,236.99,0
2025-12-23 09:00:00,24.92,87.49,90.7,1.7,164.96,60.1,232.6,0
2025-12-23 10:00:00,25.68,90.01,89.78,1.7,165.61,58.96,232.93,0
2025-12-23 11:00:00,25.48,87.81,89.0,1.7,162.11,59.06,235.22,0
2025-12-23 12:00:00,26.1,88.64,92.0,1.7,160.07,58.96,238.53,1
2025-12-23 13:00:00,28.33,88.44,91.61,1.5,161.11,59.09,236.13,0
2025-12-23 14:00:00,26.86,83.72,91.08,1.7,160.0,57.61,232.3,0
2025-12-23 15:00:00,27.09,84.77,92.0,1.7,158.69,57.28,234.77,1
2025-12-23 16:00:00,25.17,84.74,91.99,1.7,161.46,57.44,232.75,0
2025-12-23 17:00:00,25.39,84.78,90.87,1.7,165.58,58.06,228.92,0
2025-12-23 18:00:00,26.49,82.95,89.98,1.7,167.24,59.84,227.99,0
2025-12-23 19:00:00,25.81,87.81,89.45,1.7,165.19,60.63,227.06,0
2025-12-23 20:00:00,26.37,85.91,88.71,1.7,168.35,61.09,230.76,0
2025-12-23 21:00:00,25.5,89.58,88.28,1.7,165.41,62.26,233.13,0
2025-12-23 22:00:00,23.71,95.21,88.28,1.7,164.84,61.98,231.38,0
2025-12-23 23:00:00,23.78,90.28,87.9,1.7,164.95,63.38,235.06,0
2025-12-24 00:00:00,22.71,92.57,87.6,1.7,168.41,64.34,235.37,0
2025-12-24 01:00:00,24.24,94.75,86.88,1.7,169.92,63.87,238.0,0
2025-12-24 02:00:00,23.24,93.84,86.44,1.7,168.89,65.55,241.17,0
2025-12-24 03:00:00,22.29,94.15,86.1,1.7,167.03,65.84,240.2,0
2025-12-24 04:00:00,22.26,92.8,86.09,1.7,168.76,67.7,241.37,0
2025-12-24 05:00:00,23.41,92.82,85.38,1.7,167.64,67.8,240.04,0
2025-12-24 06:00:00,23.17,90.46,92.0,1.7,167.93,67.12,242.11,1
2025-12-24 07:00:00,24.65,93.26,92.0,1.7,165.35,66.28,241.98,0
2025-12-24 08:00:00,22.49,86.13,91.31,1.7,166.36,65.83,244.03,0
2025-12-24 09:00:00,25.52,90.57,90.11,1.7,167.18,65.2,247.39,0
2025-12-24 10:00:00,25.59,83.91,89.92,1.7,164.86,66.25,248.14,0
2025-12-24 11:00:00,28.1,87.95,89.55,1.5,166.72,66.09,247.25,0
2025-12-24 12:00:00,28.38,84.29,92.0,1.5,167.65,64.52,246.45,1
2025-12-24 13:00:00,27.33,82.09,90.89,1.7,168.88,64.64,238.48,0
2025-12-24 14:00:00,28.47,86.17,90.75,1.5,168.04,64.67,236.52,0
2025-12-24 15:00:00,28.5,87.22,92.0,1.5,168.24,64.17,238.78,1
2025-12-24 16:00:00,26.86,84.68,91.27,1.7,168.23,64.34,241.02,0
2025-12-24 17:00:00,28.42,87.84,90.46,1.5,167.83,64.23,238.88,0
2025-12-24 18:00:00,25.97,81.97,90.17,1.7,168.02,64.74,239.1,0
2025-12-24 19:00:00,25.33,84.94,89.91,1.7,170.17,65.17,238.42,0
2025-12-24 20:00:00,25.66,91.58,89.84,1.7,171.89,65.41,239.97,0
2025-12-24 21:00:00,24.15,89.17,89.66,1.7,169.49,64.13,245.24,0
2025-12-24 22:00:00,23.96,86.46,89.43,1.7,171.08,65.98,246.5,0
2025-12-24 23:00:00,24.53,89.86,88.94,1.7,172.99,64.46,244.25,0
2025-12-25 00:00:00,22.98,90.11,89.28,1.7,172.39,64.27,243.59,0
2025-12-25 01:00:00,21.24,92.39,88.64,1.8,173.01,63.21,246.67,0
2025-12-25 02:00:00,22.62,92.4,88.56,1.7,173.58,63.54,242.56,0
2025-12-25 03:00:00,21.6,93.9,88.48,1.8,171.71,63.61,240.65,0
2025-12-25 04:00:00,22.79,93.45,88.62,1.7,170.75,63.41,242.14,0
2025-12-25 05:00:00,22.81,96.33,88.83,1.7,171.87,64.74,245.02,0
2025-12-25 06:00:00,23.89,93.5,92.0,1.7,170.71,65.65,246.04,1
2025-12-25 07:00:00,24.13,92.41,91.95,1.7,172.23,65.25,243.97,0
2025-12-25 08:00:00,25.12,92.53,91.91,1.7,174.29,65.87,244.86,0
2025-12-25 09:00:00,24.62,87.58,91.33,1.7,175.98,67.17,245.41,0
2025-12-25 10:00:00,26.64,84.22,90.43,1.7,179.11,68.0,245.76,0
2025-12-25 11:00:00,28.27,88.48,89.72,1.5,178.38,67.7,244.98,0
2025-12-25 12:00:00,26.59,85.36,92.0,1.7,178.16,66.1,244.62,1
2025-12-25 13:00:00,28.74,85.11,91.52,1.5,178.21,66.27,241.87,0
2025-12-25 14:00:00,26.8,83.5,91.25,1.7,177.57,66.74,247.72,0
2025-12-25 15:00:00,26.39,83.82,92.0,1.7,178.05,65.91,247.48,1
2025-12-25 16:00:00,27.04,87.5,90.93,1.7,174.45,65.81,248.23,0
2025-12-25 17:00:00,27.01,88.42,90.65,1.7,174.44,65.62,247.02,0
2025-12-25 18:00:00,26.73,88.72,89.54,1.7,171.58,66.76,248.53,0
2025-12-25 19:00:00,24.73,89.58,88.87,1.7,169.58,68.29,244.61,0
2025-12-25 20:00:00,25.32,89.99,88.61,1.7,170.72,69.16,239.77,0
2025-12-25 21:00:00,23.88,89.95,88.48,1.7,170.13,68.86,239.45,0
2025-12-25 22:00:00,22.71,90.17,88.4,1.7,171.18,69.69,244.36,0
2025-12-25 23:00:00,22.66,94.06,88.18,1.7,170.54,70.04,246.92,0
2025-12-26 00:00:00,22.36,91.32,88.51,1.7,172.31,69.74,244.3,0
2025-12-26 01:00:00,23.01,93.57,88.33,1.7,171.59,71.39,245.13,0
2025-12-26 02:00:00,23.25,91.45,88.43,1.7,167.8,70.44,243.03,0
2025-12-26 03:00:00,20.98,92.05,88.47,1.8,168.1,70.73,243.69,0
2025-12-26 04:00:00,22.38,93.08,87.88,1.7,164.07,71.22,244.52,0
2025-12-26 05:00:00,21.32,91.57,87.63,1.8,161.49,70.69,246.36,0
2025-12-26 06:00:00,23.21,94.33,92.0,1.7,160.04,70.93,241.88,1
2025-12-26 07:00:00,22.9,88.43,91.65,1.7,158.43,71.51,238.37,0
2025-12-26 08:00:00,23.41,90.18,90.88,1.7,157.71,71.45,238.01,0
2025-12-26 09:00:00,25.79,88.73,90.36,1.7,156.12,71.59,235.28,0
2025-12-26 10:00:00,25.53,83.02,89.65,1.7,153.95,71.4,232.49,0
2025-12-26 11:00:00,26.44,84.86,88.83,1.7,157.17,71.83,233.3,0
2025-12-26 12:00:00,25.37,85.63,92.0,1.7,156.26,71.33,231.09,1
2025-12-26 13:00:00,28.06,85.74,91.84,1.5,152.59,70.77,236.93,0
2025-12-26 14:00:00,27.9,84.45,91.21,1.7,152.44,70.53,235.5,0
2025-12-26 15:00:00,27.08,86.67,92.0,1.7,150.92,71.34,234.8,1
2025-12-26 16:00:00,25.58,85.4,90.97,1.7,149.89,69.48,235.56,0
2025-12-26 17:00:00,27.41,86.29,91.05,1.7,151.77,68.44,231.76,0
2025-12-26 18:00:00,25.47,87.55,90.41,1.7,151.49,70.3,233.19,0
2025-12-26 19:00:00,25.14,89.88,90.33,1.7,149.96,70.3,234.14,0
2025-12-26 20:00:00,26.82,87.25,89.89,1.7,151.36,69.68,233.31,0
2025-12-26 21:00:00,23.87,88.59,89.78,1.7,153.98,70.16,234.07,0
2025-12-26 22:00:00,24.49,89.09,90.01,1.7,155.39,69.21,235.19,0
2025-12-26 23:00:00,23.85,90.67,89.61,1.7,151.35,67.1,238.77,0
2025-12-27 00:00:00,23.27,95.28,89.55,1.7,149.89,67.27,244.83,0
2025-12-27 01:00:00,22.82,94.02,88.92,1.7,150.58,66.45,241.69,0
2025-12-27 02:00:00,22.63,90.73,89.33,1.7,150.72,66.41,238.11,0
2025-12-27 03:00:00,22.37,92.18,89.21,1.7,150.7,66.58,238.21,0
2025-12-27 04:00:00,22.06,94.42,88.88,1.7,149.51,66.57,232.85,0
2025-12-27 05:00:00,23.47,91.34,88.59,1.7,147.59,64.89,234.58,0
2025-12-27 06:00:00,21.66,90.97,92.0,1.8,151.91,64.83,234.89,1
2025-12-27 07:00:00,24.22,94.36,91.66,1.7,152.48,65.14,235.81,0
2025-12-27 08:00:00,24.91,88.61,90.35,1.7,154.13,63.79,235.01,0
2025-12-27 09:00:00,25.71,90.54,89.75,1.7,154.58,62.37,235.65,0
2025-12-27 10:00:00,26.89,89.76,89.13,1.7,155.08,61.4,236.8,0
2025-12-27 11:00:00,26.62,84.22,88.69,1.7,155.37,62.09,237.21,0
2025-12-27 12:00:00,25.65,83.11,92.0,1.7,153.73,60.28,233.73,1
2025-12-27 13:00:00,27.24,84.19,91.18,1.7,151.46,61.08,234.23,0
2025-12-27 14:00:00,26.45,82.5,90.6,1.7,152.7,61.46,238.9,0
2025-12-27 15:00:00,26.49,85.45,92.0,1.7,153.53,61.25,239.31,1
2025-12-27 16:00:00,25.81,85.19,91.47,1.7,155.67,59.94,239.44,0
2025-12-27 17:00:00,26.06,87.05,90.33,1.7,157.37,59.28,243.11,0
2025-12-27 18:00:00,25.52,90.07,90.1,1.7,156.22,60.07,240.84,0
2025-12-27 19:00:00,23.6,89.64,90.1,1.7,158.61,61.26,242.78,0
2025-12-27 20:00:00,25.53,89.82,89.61,1.7,160.24,60.35,241.06,0
2025-12-27 21:00:00,26.2,85.33,89.6,1.7,161.68,61.43,243.48,0
2025-12-27 22:00:00,24.38,91.54,89.43,1.7,165.86,62.06,245.05,0
2025-12-27 23:00:00,23.24,95.19,88.92,1.7,169.5,62.05,243.51,0
2025-12-28 00:00:00,22.92,85.52,88.11,1.7,170.56,61.39,242.42,0
2025-12-28 01:00:00,22.26,94.28,88.01,1.7,171.36,60.88,244.5,0
2025-12-28 02:00:00,22.4,92.87,87.57,1.7,173.05,62.56,239.38,0
2025-12-28 03:00:00,22.13,91.63,87.7,1.7,171.68,62.7,238.06,0
2025-12-28 04:00:00,21.43,95.36,87.5,1.8,170.39,63.88,239.46,0
2025-12-28 05:00:00,23.6,97.1,87.09,1.7,171.38,64.04,238.46,0
2025-12-28 06:00:00,21.52,94.28,92.0,1.8,169.59,63.57,238.63,1
2025-12-28 07:00:00,23.97,90.58,91.97,1.7,170.47,64.05,233.34,0
2025-12-28 08:00:00,24.17,87.89,90.31,1.7,170.53,65.93,231.29,0
2025-12-28 09:00:00,26.67,88.75,89.58,1.7,168.77,65.23,233.17,0
2025-12-28 10:00:00,26.27,88.92,88.59,1.7,168.67,65.96,231.39,0
2025-12-28 11:00:00,26.4,84.98,87.77,1.7,170.87,66.01,228.31,0
2025-12-28 12:00:00,26.95,84.43,92.0,1.7,170.78,64.59,231.3,1
2025-12-28 13:00:00,27.33,91.01,91.52,1.7,170.71,63.18,232.78,0
2025-12-28 14:00:00,26.33,87.27,91.02,1.7,171.07,62.74,230.16,0
2025-12-28 15:00:00,26.46,87.71,92.0,1.7,171.65,63.03,230.75,1
2025-12-28 16:00:00,25.38,82.43,91.62,1.7,170.79,63.79,228.33,0
2025-12-28 17:00:00,25.7,84.7,91.22,1.7,171.19,62.32,228.28,0
2025-12-28 18:00:00,26.08,87.16,90.7,1.7,169.06,62.9,229.05,0
2025-12-28 19:00:00,25.74,85.64,90.88,1.7,167.45,62.77,227.33,0
2025-12-28 20:00:00,23.39,92.26,90.58,1.7,166.15,62.75,229.57,0
2025-12-28 21:00:00,24.32,92.76,90.29,1.7,166.95,63.25,232.08,0
2025-12-28 22:00:00,24.35,89.39,89.51,1.7,167.16,64.79,232.89,0
2025-12-28 23:00:00,23.27,95.32,89.62,1.7,166.83,64.98,234.03,0
2025-12-29 00:00:00,22.45,92.13,89.4,1.7,168.0,63.67,230.45,0
2025-12-29 01:00:00,22.27,98.46,90.08,1.7,168.56,63.45,234.08,0
2025-12-29 02:00:00,21.89,93.54,89.76,1.8,167.9,64.17,233.9,0
2025-12-29 03:00:00,21.65,94.77,89.58,1.8,165.92,64.9,231.61,0
2025-12-29 04:00:00,22.24,96.68,89.55,1.7,164.41,65.42,232.15,0
2025-12-29 05:00:00,24.1,96.15,89.01,1.7,161.79,64.85,234.15,0
2025-12-29 06:00:00,22.11,93.69,92.0,1.7,162.17,63.54,235.48,1
2025-12-29 07:00:00,23.15,91.09,91.81,1.7,160.73,64.02,232.74,0
2025-12-29 08:00:00,24.21,91.1,91.15,1.7,160.01,62.87,234.75,0
2025-12-29 09:00:00,24.6,86.64,90.94,1.7,159.98,63.47,234.61,0
2025-12-29 10:00:00,26.88,87.33,90.08,1.7,162.06,64.05,235.88,0
2025-12-29 11:00:00,24.8,83.39,89.6,1.7,163.85,63.56,233.83,0
2025-12-29 12:00:00,26.72,81.15,92.0,1.7,163.8,63.42,236.51,1
2025-12-29 13:00:00,27.95,84.91,91.2,1.7,166.12,63.55,236.89,0
2025-12-29 14:00:00,27.01,87.67,90.53,1.7,162.46,62.95,239.77,0
2025-12-29 15:00:00,26.42,87.22,92.0,1.7,165.94,61.68,235.69,1
2025-12-29 16:00:00,27.16,85.46,91.56,1.7,167.15,61.65,232.15,0
2025-12-29 17:00:00,27.16,90.1,90.82,1.7,167.25,61.72,231.7,0
2025-12-29 18:00:00,26.17,85.75,90.49,1.7,165.55,62.96,235.53,0
2025-12-29 19:00:00,24.86,83.62,90.11,1.7,164.74,62.22,240.41,0
2025-12-29 20:00:00,25.34,83.94,89.43,1.7,165.85,63.18,237.92,0
2025-12-29 21:00:00,24.11,87.06,89.64,1.7,166.95,62.11,237.91,0
2025-12-29 22:00:00,24.49,92.36,89.1,1.7,168.08,60.9,238.15,0
2025-12-29 23:00:00,24.59,90.0,89.63,1.7,166.64,60.66,239.79,0
2025-12-30 00:00:00,20.88,93.16,89.28,1.8,164.9,59.85,241.76,0
2025-12-30 01:00:00,22.69,96.38,89.72,1.7,165.26,58.7,238.63,0
2025-12-30 02:00:00,20.94,90.8,89.11,1.8,166.63,60.54,238.61,0
2025-12-30 03:00:00,24.11,94.56,89.21,1.7,166.57,60.18,233.41,0
2025-12-30 04:00:00,21.73,94.79,89.16,1.8,169.18,62.32,235.52,0
2025-12-30 05:00:00,22.85,91.44,89.21,1.7,169.07,61.41,234.65,0
2025-12-30 06:00:00,22.68,95.55,92.0,1.7,168.91,59.89,231.65,1
2025-12-30 07:00:00,22.76,90.77,91.65,1.7,169.96,61.12,232.65,0
2025-12-30 08:00:00,23.51,89.12,90.7,1.7,171.95,60.49,231.84,0
2025-12-30 09:00:00,26.42,93.08,90.1,1.7,169.25,60.66,235.15,0
2025-12-30 10:00:00,26.76,88.15,89.59,1.7,167.06,59.48,232.91,0
2025-12-30 11:00:00,28.25,87.87,88.85,1.5,166.42,59.52,238.58,0
2025-12-30 12:00:00,27.19,88.05,92.0,1.7,172.05,58.36,240.53,1
2025-12-30 13:00:00,27.53,83.37,91.51,1.7,171.29,58.4,243.48,0
2025-12-30 14:00:00,27.03,87.65,90.66,1.7,170.82,58.09,240.48,0
2025-12-30 15:00:00,26.85,84.08,92.0,1.7,171.7,58.41,244.68,1
2025-12-30 16:00:00,25.97,84.44,91.34,1.7,173.19,59.08,241.16,0
2025-12-30 17:00:00,26.51,85.66,90.55,1.7,173.17,59.39,240.33,0
2025-12-30 18:00:00,25.37,85.63,90.22,1.7,174.94,59.87,243.32,0
2025-12-30 19:00:00,25.86,89.65,89.78,1.7,172.39,59.84,244.18,0
2025-12-30 20:00:00,25.11,89.33,89.43,1.7,170.72,59.51,240.62,0
2025-12-30 21:00:00,24.66,88.58,89.25,1.7,172.58,60.01,243.18,0
2025-12-30 22:00:00,25.24,92.04,89.45,1.7,172.3,59.97,243.62,0
2025-12-30 23:00:00,23.37,90.79,89.31,1.7,169.74,59.96,242.15,0
2025-12-31 00:00:00,23.57,91.42,89.26,1.7,167.17,60.38,237.93,0
2025-12-31 01:00:00,24.24,92.87,88.97,1.7,165.62,59.5,238.87,0
2025-12-31 02:00:00,23.37,94.24,88.74,1.7,165.6,60.86,238.27,0
2025-12-31 03:00:00,23.08,94.36,88.52,1.7,166.42,60.67,238.5,0
2025-12-31 04:00:00,21.85,92.8,88.41,1.8,165.77,60.82,234.36,0
2025-12-31 05:00:00,22.44,95.2,88.12,1.7,166.43,60.82,233.35,0
2025-12-31 06:00:00,21.65,92.08,92.0,1.8,165.58,61.44,234.63,1
2025-12-31 07:00:00,23.8,89.96,91.68,1.7,167.76,61.76,239.34,0
2025-12-31 08:00:00,24.47,86.73,90.61,1.7,172.25,61.72,238.61,0
2025-12-31 09:00:00,25.17,90.6,90.86,1.7,171.25,63.04,242.04,0
2025-12-31 10:00:00,26.82,87.03,90.18,1.7,171.86,60.12,243.65,0
2025-12-31 11:00:00,25.73,86.29,90.0,1.7,172.31,61.3,243.81,0
2025-12-31 12:00:00,28.45,87.37,92.0,1.5,172.26,62.15,240.83,1
2025-12-31 13:00:00,28.02,83.75,91.69,1.5,173.15,60.49,238.12,0
2025-12-31 14:00:00,27.19,81.87,91.05,1.7,173.69,61.37,239.5,0
2025-12-31 15:00:00,26.96,85.33,92.0,1.7,172.49,62.34,237.96,1
2025-12-31 16:00:00,27.19,86.32,91.03,1.7,174.56,62.84,236.28,0
2025-12-31 17:00:00,27.66,85.68,91.04,1.7,174.54,61.41,235.76,0
2025-12-31 18:00:00,26.08,90.24,90.21,1.7,173.47,62.04,235.31,0
2025-12-31 19:00:00,25.62,82.37,89.93,1.7,177.53,62.95,237.55,0
2025-12-31 20:00:00,24.99,91.2,89.75,1.7,176.82,62.4,236.16,0
2025-12-31 21:00:00,25.85,91.4,89.51,1.7,176.8,62.79,238.1,0
2025-12-31 22:00:00,23.6,91.56,89.11,1.7,176.65,62.45,239.05,0
2025-12-31 23:00:00,23.38,84.06,89.32,1.7,175.95,63.23,234.66,0
2026-01-01 00:00:00,24.13,94.97,89.4,1.7,176.32,62.91,235.41,0
2026-01-01 01:00:00,22.71,90.5,89.3,1.7,174.34,62.36,228.72,0
2026-01-01 02:00:00,23.23,92.1,88.97,1.7,175.04,62.32,226.8,0
2026-01-01 03:00:00,21.43,93.13,89.09,1.8,171.48,61.1,228.37,0
2026-01-01 04:00:00,21.94,94.5,88.75,1.8,168.88,61.0,228.67,0
2026-01-01 05:00:00,23.44,94.74,89.02,1.7,172.01,61.36,224.57,0
2026-01-01 06:00:00,22.17,94.53,92.0,1.7,169.47,62.16,222.29,1
2026-01-01 07:00:00,23.28,93.19,92.0,1.7,165.76,62.38,216.41,0
2026-01-01 08:00:00,24.45,90.52,91.4,1.7,163.52,61.08,213.98,0
2026-01-01 09:00:00,24.36,89.35,90.86,1.7,166.71,62.32,216.48,0
2026-01-01 10:00:00,25.67,84.6,90.65,1.7,163.41,63.61,216.01,0
2026-01-01 11:00:00,26.78,84.18,90.73,1.7,161.76,63.66,217.38,0
2026-01-01 12:00:00,27.18,87.04,92.0,1.7,159.26,62.93,218.3,1
2026-01-01 13:00:00,28.32,86.64,91.67,1.5,159.0,62.43,219.22,0
2026-01-01 14:00:00,28.48,86.49,91.26,1.5,158.45,62.23,222.56,0
2026-01-01 15:00:00,26.39,84.05,92.0,1.7,157.85,62.47,222.68,1
2026-01-01 16:00:00,26.89,87.64,91.51,1.7,161.48,62.19,225.57,0
2026-01-01 17:00:00,26.98,83.7,90.65,1.7,159.46,61.41,219.85,0
2026-01-01 18:00:00,27.21,89.37,90.18,1.7,159.5,62.35,223.38,0
2026-01-01 19:00:00,26.08,87.27,90.1,1.7,160.33,62.57,220.74,0
2026-01-01 20:00:00,25.2,92.45,89.3,1.7,158.75,61.6,218.77,0
2026-01-01 21:00:00,24.96,86.31,89.11,1.7,159.87,61.88,217.82,0
2026-01-01 22:00:00,24.44,94.44,89.03,1.7,159.36,62.03,221.39,0
2026-01-01 23:00:00,22.66,90.6,88.8,1.7,160.26,61.38,219.85,0
2026-01-02 00:00:00,23.11,91.31,88.71,1.7,160.25,62.47,218.96,0
2026-01-02 01:00:00,23.76,93.19,88.1,1.7,156.75,62.58,217.36,0
2026-01-02 02:00:00,22.16,91.69,87.67,1.7,159.43,62.37,218.88,0
2026-01-02 03:00:00,22.26,93.34,87.78,1.7,163.38,62.28,221.55,0
2026-01-02 04:00:00,21.91,91.98,87.58,1.8,163.13,62.67,226.48,0
2026-01-02 05:00:00,20.41,91.79,87.48,1.8,161.59,62.59,232.91,0
2026-01-02 06:00:00,22.72,93.64,92.0,1.7,164.44,62.5,234.64,1
2026-01-02 07:00:00,23.64,89.42,91.8,1.7,167.86,63.44,235.57,0
2026-01-02 08:00:00,23.84,88.27,90.55,1.7,167.44,62.12,232.5,0
2026-01-02 09:00:00,24.23,85.42,90.24,1.7,166.95,60.99,237.4,0
2026-01-02 10:00:00,25.3,85.89,90.21,1.7,166.73,61.72,237.81,0
2026-01-02 11:00:00,27.3,88.71,89.3,1.7,163.65,63.9,236.95,0
2026-01-02 12:00:00,28.72,83.2,92.0,1.5,163.18,64.64,237.82,1
2026-01-02 13:00:00,28.41,83.19,91.54,1.5,166.34,66.23,236.09,0
2026-01-02 14:00:00,26.17,85.32,91.4,1.7,165.98,65.72,230.19,0
2026-01-02 15:00:00,27.76,84.36,92.0,1.7,164.07,65.03,231.86,1
2026-01-02 16:00:00,26.27,90.54,91.05,1.7,165.0,65.35,235.37,0
2026-01-02 17:00:00,25.97,85.9,90.41,1.7,163.8,66.11,236.75,0
2026-01-02 18:00:00,25.63,87.74,89.53,1.7,163.73,64.81,236.64,0
2026-01-02 19:00:00,26.07,89.92,89.12,1.7,161.49,64.53,236.59,0
2026-01-02 20:00:00,25.74,90.77,88.82,1.7,159.77,64.43,236.94,0
2026-01-02 21:00:00,24.35,90.17,88.34,1.7,161.31,63.75,237.2,0
2026-01-02 22:00:00,23.83,90.21,87.9,1.7,161.66,63.19,236.94,0
2026-01-02 23:00:00,23.77,95.85,87.72,1.7,160.4,63.91,236.91,0
2026-01-03 00:00:00,23.41,91.92,87.58,1.7,160.8,64.28,240.7,0
2026-01-03 01:00:00,23.54,91.79,86.95,1.7,159.87,64.93,241.59,0
2026-01-03 02:00:00,21.3,91.8,86.87,1.8,158.67,65.14,241.53,0
2026-01-03 03:00:00,22.17,89.7,86.55,1.7,161.02,64.26,242.85,0
2026-01-03 04:00:00,21.25,95.41,86.57,1.8,162.58,64.57,244.1,0
2026-01-03 05:00:00,22.22,88.17,86.6,1.7,162.64,63.64,246.01,0
2026-01-03 06:00:00,22.53,92.56,92.0,1.7,163.0,63.31,243.57,1
2026-01-03 07:00:00,23.36,90.95,91.98,1.7,163.06,62.34,241.94,0
2026-01-03 08:00:00,23.61,94.89,91.17,1.7,164.02,61.78,239.56,0
2026-01-03 09:00:00,23.96,84.41,91.0,1.7,162.62,61.87,241.25,0
2026-01-03 10:00:00,24.32,85.02,90.2,1.7,164.26,61.46,242.73,0
2026-01-03 11:00:00,26.59,85.53,89.72,1.7,164.93,60.68,239.16,0
2026-01-03 12:00:00,26.8,84.63,92.0,1.7,164.46,61.74,239.93,1
2026-01-03 13:00:00,26.76,83.59,91.11,1.7,163.6,61.64,243.12,0
2026-01-03 14:00:00,28.3,84.72,90.79,1.5,165.17,61.18,242.12,0
2026-01-03 15:00:00,26.39,82.41,92.0,1.7,164.89,60.23,242.55,1
2026-01-03 16:00:00,27.94,86.43,90.9,1.7,163.64,58.6,244.0,0
2026-01-03 17:00:00,27.74,81.15,89.45,1.7,163.0,58.5,240.25,0
2026-01-03 18:00:00,24.44,86.94,88.62,1.7,164.47,57.37,240.36,0
2026-01-03 19:00:00,25.58,86.52,88.82,1.7,161.59,58.15,243.28,0
2026-01-03 20:00:00,24.65,90.98,88.99,1.7,161.09,58.29,241.38,0
2026-01-03 21:00:00,22.1,93.52,88.58,1.7,163.17,59.8,243.14,0
2026-01-03 22:00:00,22.74,89.83,88.26,1.7,162.94,60.07,242.8,0
2026-01-03 23:00:00,24.02,94.46,87.92,1.7,163.51,59.47,240.73,0
2026-01-04 00:00:00,24.58,91.45,87.31,1.7,165.53,57.86,240.2,0
2026-01-04 01:00:00,23.32,90.63,86.83,1.7,167.11,58.71,238.62,0
2026-01-04 02:00:00,22.58,97.06,86.92,1.7,166.24,57.64,236.22,0
2026-01-04 03:00:00,22.14,94.65,86.87,1.7,165.95,57.4,235.52,0
2026-01-04 04:00:00,23.45,93.61,86.75,1.7,167.54,59.04,235.67,0
2026-01-04 05:00:00,23.98,94.85,86.14,1.7,169.13,59.68,235.22,0
2026-01-04 06:00:00,22.24,93.17,92.0,1.7,168.81,60.1,234.55,1
2026-01-04 07:00:00,21.8,91.25,91.11,1.8,168.56,61.01,235.13,0
2026-01-04 08:00:00,22.57,87.05,90.81,1.7,168.9,61.86,236.46,0
2026-01-04 09:00:00,26.21,87.84,90.31,1.7,171.2,63.28,233.52,0
2026-01-04 10:00:00,25.96,88.37,89.33,1.7,172.88,62.7,232.97,0
2026-01-04 11:00:00,26.84,85.56,89.23,1.7,173.81,62.34,228.13,0
2026-01-04 12:00:00,25.71,87.05,92.0,1.7,171.52,61.5,228.07,1
2026-01-04 13:00:00,26.7,85.64,91.58,1.7,170.76,61.49,228.79,0
2026-01-04 14:00:00,27.01,82.96,91.16,1.7,170.13,61.38,230.53,0
2026-01-04 15:00:00,27.24,82.28,92.0,1.7,172.48,59.82,231.14,1
2026-01-04 16:00:00,26.48,85.29,91.41,1.7,171.75,59.3,232.7,0
2026-01-04 17:00:00,25.61,85.1,90.34,1.7,173.74,60.68,232.98,0
2026-01-04 18:00:00,25.37,87.74,88.92,1.7,172.36,60.94,231.39,0
2026-01-04 19:00:00,26.47,86.26,88.39,1.7,171.18,61.61,228.78,0
2026-01-04 20:00:00,25.17,87.39,87.99,1.7,171.8,61.51,228.44,0
2026-01-04 21:00:00,24.92,91.98,87.98,1.7,174.35,59.83,226.85,0
2026-01-04 22:00:00,23.18,90.89,87.8,1.7,173.6,59.78,226.96,0
2026-01-04 23:00:00,21.04,89.85,87.63,1.8,168.64,60.78,226.13,0
2026-01-05 00:00:00,22.54,92.18,87.12,1.7,165.68,59.75,227.62,0
2026-01-05 01:00:00,21.9,95.79,86.76,1.8,166.19,60.49,228.11,0
2026-01-05 02:00:00,22.6,93.87,86.28,1.7,163.49,59.01,229.57,0
2026-01-05 03:00:00,24.79,94.81,85.71,1.7,161.99,59.11,230.95,0
2026-01-05 04:00:00,22.66,91.95,85.33,1.7,162.13,59.69,230.71,0
2026-01-05 05:00:00,24.45,95.59,85.14,1.7,157.84,59.48,230.62,0
2026-01-05 06:00:00,23.16,97.67,92.0,1.7,157.44,61.78,232.1,1
2026-01-05 07:00:00,22.9,89.66,91.7,1.7,155.65,61.34,238.36,0
2026-01-05 08:00:00,24.53,87.36,91.34,1.7,153.32,60.84,235.72,0
2026-01-05 09:00:00,26.58,88.82,90.61,1.7,152.34,61.06,235.78,0
2026-01-05 10:00:00,27.46,88.93,89.63,1.7,150.93,60.41,232.76,0
2026-01-05 11:00:00,26.23,85.63,89.22,1.7,152.33,59.16,232.82,0
2026-01-05 12:00:00,27.35,82.75,92.0,1.7,154.99,58.26,231.24,1
2026-01-05 13:00:00,26.16,84.56,91.52,1.7,154.74,59.05,231.13,0
2026-01-05 14:00:00,27.9,86.21,91.12,1.7,154.08,58.87,231.71,0
2026-01-05 15:00:00,28.32,84.28,92.0,1.5,153.77,60.49,230.65,1
2026-01-05 16:00:00,26.84,86.98,91.43,1.7,152.22,60.14,226.41,0
2026-01-05 17:00:00,25.91,88.82,91.57,1.7,150.41,60.84,230.4,0
2026-01-05 18:00:00,26.29,87.53,90.6,1.7,148.03,61.33,232.73,0
2026-01-05 19:00:00,25.84,87.78,90.22,1.7,146.32,60.94,232.52,0
2026-01-05 20:00:00,25.04,90.56,90.3,1.7,150.01,60.18,230.41,0
2026-01-05 21:00:00,24.57,87.78,90.14,1.7,149.36,58.68,230.85,0
2026-01-05 22:00:00,23.76,88.46,90.16,1.7,144.69,59.27,231.96,0
2026-01-05 23:00:00,24.2,90.81,90.01,1.7,144.45,60.43,234.03,0
2026-01-06 00:00:00,23.55,91.06,90.22,1.7,142.41,59.05,236.24,0
2026-01-06 01:00:00,21.81,90.99,89.71,1.8,143.42,58.81,238.8,0
2026-01-06 02:00:00,21.52,97.25,89.92,1.8,144.19,58.3,234.26,0
2026-01-06 03:00:00,21.95,98.28,90.07,1.8,145.13,58.91,233.54,0
2026-01-06 04:00:00,22.69,92.82,89.5,1.7,145.85,58.71,236.09,0
2026-01-06 05:00:00,22.38,93.54,89.49,1.7,145.94,59.99,233.73,0
2026-01-06 06:00:00,22.19,92.16,92.0,1.7,144.09,59.71,236.84,1
2026-01-06 07:00:00,23.61,93.84,91.61,1.7,144.79,58.66,241.27,0
2026-01-06 08:00:00,23.98,92.84,90.48,1.7,147.43,58.34,243.94,0
2026-01-06 09:00:00,25.86,84.53,89.61,1.7,151.4,58.13,245.15,0
2026-01-06 10:00:00,26.27,88.05,89.24,1.7,151.51,58.72,243.52,0
2026-01-06 11:00:00,26.44,82.95,88.9,1.7,151.82,58.48,243.8,0
2026-01-06 12:00:00,27.33,88.93,92.0,1.7,153.25,58.98,239.99,1
2026-01-06 13:00:00,28.35,85.77,91.65,1.5,156.41,58.36,237.79,0
2026-01-06 14:00:00,26.79,83.08,91.36,1.7,155.87,58.21,235.87,0
2026-01-06 15:00:00,27.4,84.65,92.0,1.7,157.49,57.61,235.98,1
2026-01-06 16:00:00,26.75,85.0,91.2,1.7,156.31,56.98,234.96,0
2026-01-06 17:00:00,26.78,87.41,90.75,1.7,157.25,58.28,235.61,0
2026-01-06 18:00:00,25.48,89.29,90.33,1.7,159.3,57.75,237.78,0
2026-01-06 19:00:00,25.59,85.31,90.32,1.7,157.21,57.56,235.86,0
2026-01-06 20:00:00,25.86,92.79,90.37,1.7,156.57,58.64,236.19,0
2026-01-06 21:00:00,23.68,93.19,89.76,1.7,158.63,59.41,235.09,0
2026-01-06 22:00:00,22.83,88.63,89.4,1.7,159.99,60.97,235.56,0
2026-01-06 23:00:00,22.37,91.56,88.63,1.7,162.06,61.43,237.25,0
2026-01-07 00:00:00,22.02,95.91,88.66,1.7,163.7,60.91,239.44,0
2026-01-07 01:00:00,23.07,95.47,88.39,1.7,163.14,62.79,240.89,0
2026-01-07 02:00:00,21.2,92.48,88.32,1.8,167.17,63.29,241.63,0
2026-01-07 03:00:00,21.92,95.3,87.68,1.8,167.33,63.12,237.75,0
2026-01-07 04:00:00,22.59,100.0,87.89,1.7,161.74,63.13,234.91,0
2026-01-07 05:00:00,22.59,93.57,87.34,1.7,161.36,63.26,232.86,0
2026-01-07 06:00:00,22.4,91.18,92.0,1.7,160.66,63.01,233.86,1
2026-01-07 07:00:00,23.55,91.78,91.83,1.7,162.27,61.74,230.69,0
2026-01-07 08:00:00,24.33,90.51,91.21,1.7,161.57,63.21,231.75,0
2026-01-07 09:00:00,24.97,87.28,90.56,1.7,163.68,63.16,232.57,0
2026-01-07 10:00:00,25.83,87.97,89.79,1.7,164.74,63.29,227.85,0
2026-01-07 11:00:00,28.48,83.07,89.59,1.5,162.95,65.12,225.49,0
2026-01-07 12:00:00,27.79,83.6,92.0,1.7,162.78,64.41,228.58,1
2026-01-07 13:00:00,29.28,86.47,91.02,1.5,161.47,64.93,230.64,0
2026-01-07 14:00:00,26.85,81.04,90.32,1.7,161.94,64.13,228.73,0
2026-01-07 15:00:00,27.01,87.17,92.0,1.7,160.66,64.35,226.46,1
2026-01-07 16:00:00,25.74,81.21,91.69,1.7,160.97,64.46,220.76,0
2026-01-07 17:00:00,25.79,82.45,90.94,1.7,160.64,65.1,225.15,0
2026-01-07 18:00:00,27.52,85.9,90.19,1.7,160.54,66.1,225.75,0
2026-01-07 19:00:00,25.09,88.47,89.99,1.7,164.41,65.45,230.92,0
2026-01-07 20:00:00,26.51,91.66,90.04,1.7,163.78,66.62,230.64,0
2026-01-07 21:00:00,23.43,89.79,89.43,1.7,160.35,67.82,231.57,0
2026-01-07 22:00:00,23.05,90.02,89.38,1.7,162.37,67.42,233.97,0
2026-01-07 23:00:00,23.13,92.68,89.03,1.7,164.29,67.25,238.12,0
2026-01-08 00:00:00,22.91,90.23,88.73,1.7,160.75,66.65,239.21,0
2026-01-08 01:00:00,23.34,93.07,89.13,1.7,159.66,66.24,239.01,0
2026-01-08 02:00:00,22.69,90.58,88.87,1.7,160.66,65.03,238.88,0
2026-01-08 03:00:00,21.82,93.69,88.9,1.8,161.78,65.64,236.07,0
2026-01-08 04:00:00,21.99,93.31,88.91,1.8,161.9,63.68,235.06,0
2026-01-08 05:00:00,22.0,91.57,88.36,1.7,162.05,63.0,235.19,0
2026-01-08 06:00:00,21.98,92.93,92.0,1.8,160.48,62.93,238.63,1
2026-01-08 07:00:00,22.69,91.75,92.0,1.7,156.34,64.07,237.37,0
2026-01-08 08:00:00,25.07,92.55,91.1,1.7,160.38,63.52,239.91,0
2026-01-08 09:00:00,23.69,84.9,90.04,1.7,158.82,63.86,239.46,0
2026-01-08 10:00:00,27.29,86.83,89.77,1.7,159.38,63.73,242.35,0
2026-01-08 11:00:00,26.42,84.16,88.88,1.7,159.32,64.53,243.67,0
2026-01-08 12:00:00,26.53,86.98,92.0,1.7,161.16,64.79,244.76,1
2026-01-08 13:00:00,27.89,86.46,92.0,1.7,161.52,65.46,246.72,0
2026-01-08 14:00:00,28.43,86.01,90.91,1.5,161.94,64.86,248.22,0
2026-01-08 15:00:00,27.97,83.63,92.0,1.7,157.32,63.86,250.22,1
2026-01-08 16:00:00,27.2,87.59,91.28,1.7,156.13,64.13,254.79,0
2026-01-08 17:00:00,27.31,82.89,90.62,1.7,157.82,63.63,257.84,0
2026-01-08 18:00:00,24.63,83.18,89.79,1.7,159.29,63.61,257.86,0
2026-01-08 19:00:00,25.09,85.03,89.23,1.7,157.8,63.85,255.61,0
2026-01-08 20:00:00,24.24,88.67,89.48,1.7,155.25,64.91,255.5,0
2026-01-08 21:00:00,25.41,91.15,89.35,1.7,155.87,65.53,249.66,0
2026-01-08 22:00:00,23.59,84.01,89.32,1.7,151.0,64.81,251.0,0
2026-01-08 23:00:00,24.08,94.31,89.07,1.7,149.49,63.7,247.55,0
2026-01-09 00:00:00,23.39,92.43,88.96,1.7,153.28,65.18,249.73,0
2026-01-09 01:00:00,21.91,89.31,89.04,1.8,156.35,63.66,253.94,0
2026-01-09 02:00:00,21.86,93.44,88.54,1.8,157.58,63.2,249.37,0
2026-01-09 03:00:00,23.19,95.91,88.42,1.7,158.43,63.75,248.52,0
2026-01-09 04:00:00,21.48,94.92,88.42,1.8,155.18,65.17,245.19,0
2026-01-09 05:00:00,22.36,95.75,88.69,1.7,154.24,64.91,240.36,0
2026-01-09 06:00:00,22.08,89.56,92.0,1.7,154.14,64.84,239.82,1
2026-01-09 07:00:00,23.15,90.49,91.82,1.7,153.28,63.97,241.17,0
2026-01-09 08:00:00,24.21,87.93,91.6,1.7,153.12,64.02,242.75,0
2026-01-09 09:00:00,24.53,92.21,90.23,1.7,155.93,62.93,242.74,0
2026-01-09 10:00:00,25.23,88.41,90.12,1.7,155.32,62.23,238.2,0
2026-01-09 11:00:00,26.92,92.09,89.32,1.7,155.09,62.91,238.35,0
2026-01-09 12:00:00,26.47,84.04,92.0,1.7,156.82,62.49,234.45,1
2026-01-09 13:00:00,26.65,83.21,91.55,1.7,154.59,63.3,230.91,0
2026-01-09 14:00:00,26.49,84.58,90.93,1.7,153.49,63.12,228.62,0
2026-01-09 15:00:00,27.01,88.21,92.0,1.7,152.63,61.86,231.56,1
2026-01-09 16:00:00,27.56,84.83,91.89,1.7,153.22,62.91,233.1,0
2026-01-09 17:00:00,27.64,86.53,91.19,1.7,153.07,61.7,234.0,0
2026-01-09 18:00:00,25.42,87.21,90.29,1.7,152.98,61.17,231.89,0
2026-01-09 19:00:00,27.22,87.93,90.62,1.7,152.27,61.01,231.08,0
2026-01-09 20:00:00,24.17,87.3,90.57,1.7,150.85,61.95,227.85,0
2026-01-09 21:00:00,25.3,89.36,90.94,1.7,152.51,61.48,231.62,0
2026-01-09 22:00:00,23.32,90.16,91.0,1.7,152.4,60.66,237.28,0
2026-01-09 23:00:00,22.7,91.38,90.4,1.7,154.02,60.85,238.56,0
2026-01-10 00:00:00,22.36,94.22,90.39,1.7,152.46,60.69,240.21,0
2026-01-10 01:00:00,22.55,96.63,89.89,1.7,151.76,60.31,239.55,0
2026-01-10 02:00:00,22.79,91.37,89.7,1.7,151.9,60.55,235.28,0
2026-01-10 03:00:00,22.69,92.64,89.47,1.7,152.19,59.51,233.15,0
2026-01-10 04:00:00,21.34,91.78,88.79,1.8,154.06,58.04,232.08,0
2026-01-10 05:00:00,21.47,93.75,88.34,1.8,153.72,60.08,231.26,0
2026-01-10 06:00:00,21.97,91.39,92.0,1.8,155.52,60.23,229.91,1
2026-01-10 07:00:00,23.31,91.93,91.87,1.7,156.57,60.44,230.29,0
2026-01-10 08:00:00,24.08,92.39,91.25,1.7,156.72,59.78,228.4,0
2026-01-10 09:00:00,24.39,82.88,91.23,1.7,155.34,60.66,234.15,0
2026-01-10 10:00:00,26.22,88.08,90.53,1.7,157.09,60.22,230.77,0
2026-01-10 11:00:00,28.5,84.82,89.91,1.5,155.73,57.77,233.2,0
2026-01-10 12:00:00,26.74,86.08,92.0,1.7,156.07,57.38,232.64,1
2026-01-10 13:00:00,26.95,82.83,91.3,1.7,156.33,57.27,233.91,0
2026-01-10 14:00:00,27.69,87.53,90.49,1.7,156.3,57.26,235.24,0
2026-01-10 15:00:00,26.63,87.19,92.0,1.7,155.95,57.22,235.62,1
2026-01-10 16:00:00,27.34,86.89,91.13,1.7,154.83,56.78,232.76,0
2026-01-10 17:00:00,25.86,88.0,90.27,1.7,152.33,56.27,232.04,0
2026-01-10 18:00:00,27.47,85.36,89.74,1.7,155.36,56.18,232.61,0
2026-01-10 19:00:00,25.78,86.48,89.34,1.7,154.86,54.87,232.99,0
2026-01-10 20:00:00,24.48,90.4,89.79,1.7,155.04,53.32,230.54,0
2026-01-10 21:00:00,23.96,87.97,89.26,1.7,155.19,53.67,233.99,0
2026-01-10 22:00:00,23.49,93.74,89.48,1.7,157.56,54.02,227.8,0
2026-01-10 23:00:00,24.5,90.69,89.34,1.7,161.33,55.05,227.54,0
2026-01-11 00:00:00,21.95,93.25,89.38,1.8,161.77,55.03,225.61,0
2026-01-11 01:00:00,22.06,97.38,89.41,1.7,161.62,54.17,226.53,0
2026-01-11 02:00:00,21.88,91.67,88.54,1.8,159.73,52.66,229.5,0
2026-01-11 03:00:00,22.14,93.66,88.34,1.7,157.34,52.14,226.26,0
2026-01-11 04:00:00,21.88,95.92,88.06,1.8,154.45,52.81,232.58,0
2026-01-11 05:00:00,21.06,95.43,87.52,1.8,153.44,54.38,233.2,0
2026-01-11 06:00:00,22.39,91.85,92.0,1.7,150.14,54.66,234.25,1
2026-01-11 07:00:00,23.32,90.26,92.0,1.7,152.68,53.79,230.69,0
2026-01-11 08:00:00,23.75,89.45,90.64,1.7,153.93,53.24,230.78,0
2026-01-11 09:00:00,25.7,91.62,89.9,1.7,153.92,52.74,233.42,0
2026-01-11 10:00:00,26.74,86.39,88.95,1.7,156.36,52.65,234.03,0
2026-01-11 11:00:00,26.63,86.0,88.39,1.7,154.78,53.94,234.43,0
2026-01-11 12:00:00,27.33,84.13,92.0,1.7,153.71,55.26,234.33,1
2026-01-11 13:00:00,25.57,86.35,91.24,1.7,150.68,55.31,230.92,0
2026-01-11 14:00:00,26.91,85.24,90.87,1.7,152.65,55.68,227.66,0
2026-01-11 15:00:00,27.88,82.97,92.0,1.7,151.69,55.15,230.95,1
2026-01-11 16:00:00,26.46,83.51,92.0,1.7,152.25,53.82,233.36,0
2026-01-11 17:00:00,25.85,81.86,91.2,1.7,154.56,55.67,236.02,0
2026-01-11 18:00:00,27.82,85.17,90.07,1.7,157.45,53.77,233.91,0
2026-01-11 19:00:00,26.96,89.59,90.02,1.7,157.7,52.37,233.57,0
2026-01-11 20:00:00,25.35,91.65,90.3,1.7,158.68,54.27,236.72,0
2026-01-11 21:00:00,25.34,91.17,90.34,1.7,157.31,54.52,233.56,0
2026-01-11 22:00:00,22.12,91.78,90.62,1.7,160.64,53.73,236.46,0
2026-01-11 23:00:00,22.77,91.12,90.35,1.7,160.52,54.59,234.92,0
2026-01-12 00:00:00,22.58,93.85,89.96,1.7,160.84,55.51,232.79,0
2026-01-12 01:00:00,22.41,93.39,89.8,1.7,160.28,54.5,232.82,0
2026-01-12 02:00:00,21.93,97.19,89.5,1.8,162.62,54.25,230.13,0
2026-01-12 03:00:00,20.12,93.29,89.5,1.8,163.08,55.27,225.63,0
2026-01-12 04:00:00,22.41,96.55,89.59,1.7,164.52,54.74,226.29,0
2026-01-12 05:00:00,22.69,95.26,89.7,1.7,165.18,55.21,228.06,0
2026-01-12 06:00:00,23.99,94.19,92.0,1.7,164.78,56.7,231.45,1
2026-01-12 07:00:00,22.77,86.97,91.87,1.7,166.46,54.7,233.14,0
2026-01-12 08:00:00,23.55,92.01,91.55,1.7,167.02,54.61,238.15,0
2026-01-12 09:00:00,23.01,88.16,90.4,1.7,165.21,55.07,241.4,0
2026-01-12 10:00:00,25.77,86.02,89.89,1.7,163.42,53.67,242.92,0
2026-01-12 11:00:00,27.41,82.57,89.32,1.7,163.75,53.44,243.7,0
2026-01-12 12:00:00,26.65,85.05,92.0,1.7,165.44,54.64,246.34,1
2026-01-12 13:00:00,29.01,84.87,91.38,1.5,168.37,54.22,240.24,0
2026-01-12 14:00:00,27.04,82.03,90.92,1.7,165.04,53.12,238.78,0
2026-01-12 15:00:00,27.19,81.94,92.0,1.7,165.08,54.4,233.94,1
2026-01-12 16:00:00,25.71,86.71,91.76,1.7,165.96,55.03,235.65,0
2026-01-12 17:00:00,26.67,88.17,91.33,1.7,166.45,55.18,233.76,0
2026-01-12 18:00:00,24.42,87.42,90.8,1.7,168.21,55.3,241.37,0
2026-01-12 19:00:00,26.06,90.37,90.39,1.7,169.26,56.42,239.76,0
2026-01-12 20:00:00,25.55,88.55,90.42,1.7,167.32,56.85,239.79,0
2026-01-12 21:00:00,25.52,89.54,90.28,1.7,165.4,57.59,238.54,0
2026-01-12 22:00:00,23.08,88.54,89.85,1.7,165.95,57.1,237.14,0
2026-01-12 23:00:00,23.53,87.97,89.63,1.7,167.69,55.52,233.92,0
2026-01-13 00:00:00,23.41,96.22,89.61,1.7,167.84,56.27,230.77,0
2026-01-13 01:00:00,22.95,95.25,89.57,1.7,164.89,57.44,225.54,0
2026-01-13 02:00:00,21.63,90.16,89.52,1.8,163.01,57.37,227.37,0
2026-01-13 03:00:00,20.24,93.85,89.35,1.8,164.33,58.31,226.69,0
2026-01-13 04:00:00,22.38,93.38,89.45,1.7,163.73,58.12,231.94,0
2026-01-13 05:00:00,22.13,92.73,89.63,1.7,163.99,58.15,228.98,0
2026-01-13 06:00:00,22.25,91.67,92.0,1.7,165.95,59.85,232.98,1
2026-01-13 07:00:00,24.01,92.24,91.62,1.7,163.75,59.65,237.01,0
2026-01-13 08:00:00,24.21,91.76,90.74,1.7,163.05,59.4,240.1,0
2026-01-13 09:00:00,24.1,89.32,90.01,1.7,162.19,57.8,240.43,0
2026-01-13 10:00:00,24.45,86.73,90.03,1.7,162.94,58.55,239.31,0
2026-01-13 11:00:00,25.79,85.48,89.54,1.7,164.42,58.01,242.29,0
2026-01-13 12:00:00,29.06,87.13,92.0,1.5,161.78,58.26,239.95,1
2026-01-13 13:00:00,27.88,85.82,91.38,1.7,161.89,58.09,240.38,0
2026-01-13 14:00:00,27.39,85.06,90.71,1.7,163.58,57.81,240.0,0
2026-01-13 15:00:00,26.93,85.1,92.0,1.7,160.3,57.83,237.52,1
2026-01-13 16:00:00,26.61,86.4,91.39,1.7,160.37,57.92,238.09,0
2026-01-13 17:00:00,27.37,85.23,90.57,1.7,158.37,59.1,239.79,0
2026-01-13 18:00:00,25.61,88.81,89.66,1.7,157.48,60.55,237.22,0
2026-01-13 19:00:00,25.96,85.47,89.6,1.7,153.27,61.18,238.26,0
2026-01-13 20:00:00,24.69,87.83,89.71,1.7,156.25,62.35,232.53,0
2026-01-13 21:00:00,25.98,91.0,90.23,1.7,155.96,63.11,230.03,0
2026-01-13 22:00:00,24.49,88.07,89.89,1.7,154.87,63.52,229.13,0
2026-01-13 23:00:00,24.4,87.94,89.58,1.7,155.86,64.78,230.32,0
2026-01-14 00:00:00,22.49,92.28,89.15,1.7,154.35,63.52,232.73,0
2026-01-14 01:00:00,23.44,89.03,89.28,1.7,152.73,62.86,233.05,0
2026-01-14 02:00:00,22.07,90.36,89.33,1.7,155.94,62.1,234.56,0
2026-01-14 03:00:00,22.24,95.17,88.87,1.7,159.56,61.82,234.18,0
2026-01-14 04:00:00,23.41,93.15,88.39,1.7,158.71,62.44,235.23,0
2026-01-14 05:00:00,21.42,96.16,88.48,1.8,160.88,61.43,236.1,0
2026-01-14 06:00:00,22.87,89.92,92.0,1.7,161.69,61.9,234.77,1
2026-01-14 07:00:00,23.75,91.19,92.0,1.7,159.28,61.37,233.9,0
2026-01-14 08:00:00,24.66,90.84,91.17,1.7,157.83,61.08,235.45,0
2026-01-14 09:00:00,24.79,85.86,90.04,1.7,160.91,61.29,239.96,0
2026-01-14 10:00:00,27.67,89.27,89.19,1.7,158.51,62.82,242.73,0
2026-01-14 11:00:00,25.66,86.95,88.82,1.7,162.87,62.16,239.52,0
2026-01-14 12:00:00,28.31,81.52,92.0,1.5,161.93,62.08,236.48,1
2026-01-14 13:00:00,28.27,84.72,91.28,1.5,164.9,61.11,235.07,0
2026-01-14 14:00:00,28.76,85.75,91.37,1.5,164.35,60.48,235.31,0
2026-01-14 15:00:00,25.8,83.88,92.0,1.7,165.82,59.55,235.42,1
2026-01-14 16:00:00,26.11,82.38,91.0,1.7,168.3,59.84,238.5,0
2026-01-14 17:00:00,27.63,86.87,90.48,1.7,170.67,60.29,241.56,0
2026-01-14 18:00:00,24.5,91.86,90.17,1.7,169.39,60.96,241.25,0
2026-01-14 19:00:00,24.22,86.99,89.24,1.7,167.67,60.31,240.36,0
2026-01-14 20:00:00,24.58,92.19,89.23,1.7,167.42,60.82,241.39,0
2026-01-14 21:00:00,24.58,88.0,89.37,1.7,164.98,60.96,243.73,0
2026-01-14 22:00:00,25.17,91.03,89.29,1.7,165.41,60.94,244.67,0
2026-01-14 23:00:00,23.25,93.1,89.07,1.7,163.92,59.85,243.11,0
2026-01-15 00:00:00,22.47,92.13,88.81,1.7,165.91,60.05,241.17,0
2026-01-15 01:00:00,22.85,92.1,88.54,1.7,164.85,60.28,238.09,0
2026-01-15 02:00:00,22.7,94.82,87.99,1.7,161.72,60.42,238.42,0
2026-01-15 03:00:00,22.51,97.67,87.58,1.7,164.37,60.83,239.8,0
2026-01-15 04:00:00,21.96,94.26,87.25,1.8,164.72,61.49,241.4,0
2026-01-15 05:00:00,20.69,92.2,87.09,1.8,164.79,60.52,243.96,0
2026-01-15 06:00:00,21.97,92.15,92.0,1.8,166.77,60.37,247.21,1
2026-01-15 07:00:00,24.54,96.94,91.53,1.7,168.26,60.88,243.16,0
2026-01-15 08:00:00,24.4,90.26,91.2,1.7,166.76,60.67,243.77,0
2026-01-15 09:00:00,24.89,87.13,90.74,1.7,165.88,61.58,244.43,0
2026-01-15 10:00:00,26.89,84.48,89.99,1.7,163.84,61.67,243.77,0
2026-01-15 11:00:00,25.79,81.81,89.57,1.7,161.25,59.92,241.26,0
2026-01-15 12:00:00,26.96,85.87,92.0,1.7,162.45,60.74,244.56,1
2026-01-15 13:00:00,27.41,86.24,91.43,1.7,163.25,60.67,242.61,0
2026-01-15 14:00:00,26.89,84.02,91.14,1.7,164.69,59.12,236.75,0
2026-01-15 15:00:00,27.16,85.15,92.0,1.7,167.01,58.98,236.71,1
2026-01-15 16:00:00,26.65,83.07,91.07,1.7,168.33,57.93,236.03,0
2026-01-15 17:00:00,25.32,86.55,90.45,1.7,169.75,58.73,240.62,0
2026-01-15 18:00:00,26.15,88.06,89.47,1.7,165.82,58.79,241.57,0
2026-01-15 19:00:00,24.44,86.66,89.18,1.7,165.23,58.06,240.48,0
2026-01-15 20:00:00,25.1,92.46,88.88,1.7,166.96,58.9,239.71,0
2026-01-15 21:00:00,25.53,87.82,87.94,1.7,164.78,59.41,238.95,0
2026-01-15 22:00:00,23.67,91.18,87.89,1.7,164.95,59.28,244.3,0
2026-01-15 23:00:00,22.46,93.27,87.64,1.7,165.89,58.24,245.52,0
2026-01-16 00:00:00,22.86,91.97,87.79,1.7,166.65,57.59,241.48,0
2026-01-16 01:00:00,21.93,92.35,87.65,1.8,167.25,56.95,240.54,0
2026-01-16 02:00:00,22.8,90.08,87.67,1.7,168.24,57.78,240.21,0
2026-01-16 03:00:00,22.04,96.49,87.83,1.7,168.43,56.39,237.18,0
2026-01-16 04:00:00,23.47,93.23,87.59,1.7,165.66,56.51,232.61,0
2026-01-16 05:00:00,23.19,94.52,87.38,1.7,166.55,56.45,234.22,0
2026-01-16 06:00:00,22.59,94.05,92.0,1.7,167.0,57.55,232.25,1
2026-01-16 07:00:00,23.97,90.02,92.0,1.7,164.31,57.9,235.51,0
2026-01-16 08:00:00,23.93,89.53,91.39,1.7,166.82,58.5,235.5,0
2026-01-16 09:00:00,25.18,91.37,90.52,1.7,167.71,58.13,234.29,0
2026-01-16 10:00:00,25.71,84.54,90.17,1.7,165.11,57.14,228.28,0
2026-01-16 11:00:00,27.3,90.51,88.93,1.7,163.64,56.99,231.68,0
2026-01-16 12:00:00,28.29,83.43,92.0,1.5,162.68,57.84,232.58,1
2026-01-16 13:00:00,27.94,82.21,91.68,1.7,161.75,58.67,231.58,0
2026-01-16 14:00:00,27.98,85.19,90.96,1.7,162.41,58.38,229.52,0
2026-01-16 15:00:00,27.81,90.04,92.0,1.7,160.76,57.71,233.79,1
2026-01-16 16:00:00,27.24,81.44,91.29,1.7,162.96,56.89,231.19,0
2026-01-16 17:00:00,25.53,85.95,90.11,1.7,164.92,56.92,230.46,0
2026-01-16 18:00:00,27.36,88.05,89.74,1.7,166.04,57.19,232.11,0
2026-01-16 19:00:00,26.95,87.91,89.49,1.7,166.08,58.66,235.88,0
2026-01-16 20:00:00,24.78,89.58,89.21,1.7,167.72,58.88,235.3,0
2026-01-16 21:00:00,24.13,88.08,88.92,1.7,167.12,59.52,233.45,0
2026-01-16 22:00:00,24.39,89.24,88.72,1.7,165.73,58.89,233.26,0
2026-01-16 23:00:00,23.84,91.07,88.71,1.7,167.84,59.02,235.61,0
2026-01-17 00:00:00,22.8,89.66,88.49,1.7,168.3,59.24,238.4,0
2026-01-17 01:00:00,21.6,92.66,87.88,1.8,166.94,59.2,234.79,0
2026-01-17 02:00:00,22.57,92.36,87.86,1.7,166.11,59.26,235.09,0
2026-01-17 03:00:00,22.6,92.47,87.8,1.7,164.74,59.46,231.5,0
2026-01-17 04:00:00,22.68,94.31,87.66,1.7,168.39,59.97,233.89,0
2026-01-17 05:00:00,22.54,89.33,87.79,1.7,168.26,61.08,235.0,0
2026-01-17 06:00:00,22.49,92.07,92.0,1.7,168.41,59.07,232.69,1
2026-01-17 07:00:00,24.2,96.5,92.0,1.7,169.57,60.16,236.64,0
2026-01-17 08:00:00,24.3,87.57,91.86,1.7,167.2,58.67,237.4,0
2026-01-17 09:00:00,24.78,91.26,91.46,1.7,169.09,59.05,237.84,0
2026-01-17 10:00:00,25.86,87.12,90.66,1.7,167.83,61.26,237.25,0
2026-01-17 11:00:00,25.29,84.5,90.05,1.7,171.01,61.24,237.12,0
2026-01-17 12:00:00,27.0,82.16,92.0,1.7,170.21,61.43,236.06,1
2026-01-17 13:00:00,27.85,85.11,90.96,1.7,171.87,61.17,234.15,0
2026-01-17 14:00:00,27.52,88.09,90.26,1.7,167.1,61.79,237.27,0
2026-01-17 15:00:00,28.29,84.32,92.0,1.5,164.9,62.12,235.92,1
2026-01-17 16:00:00,26.59,85.46,91.16,1.7,164.38,61.51,234.56,0
2026-01-17 17:00:00,26.83,88.48,90.84,1.7,160.75,61.42,234.26,0
2026-01-17 18:00:00,26.63,87.75,90.37,1.7,162.0,60.43,237.86,0
2026-01-17 19:00:00,27.38,84.38,89.95,1.7,162.68,60.37,240.54,0
2026-01-17 20:00:00,25.09,88.96,89.92,1.7,160.99,60.05,239.28,0
2026-01-17 21:00:00,23.59,92.99,89.67,1.7,161.12,60.23,242.13,0
2026-01-17 22:00:00,24.57,90.48,89.2,1.7,162.73,59.64,242.05,0
2026-01-17 23:00:00,24.89,85.37,88.78,1.7,159.03,59.52,239.59,0
2026-01-18 00:00:00,22.7,93.0,88.7,1.7,156.98,59.6,238.17,0
2026-01-18 01:00:00,23.27,92.32,88.78,1.7,156.7,59.74,241.44,0
2026-01-18 02:00:00,23.31,89.2,88.43,1.7,157.07,60.06,246.33,0
2026-01-18 03:00:00,22.97,89.81,88.39,1.7,157.28,59.96,246.56,0
2026-01-18 04:00:00,22.2,95.75,88.67,1.7,159.19,59.31,244.56,0
2026-01-18 05:00:00,21.7,91.72,88.09,1.8,160.28,59.47,243.77,0
2026-01-18 06:00:00,22.64,90.57,92.0,1.7,161.73,59.38,241.43,1
2026-01-18 07:00:00,23.77,91.32,92.0,1.7,159.36,60.38,239.57,0
2026-01-18 08:00:00,24.98,88.55,91.4,1.7,159.84,61.47,237.55,0
2026-01-18 09:00:00,25.42,88.66,91.2,1.7,159.5,60.25,237.22,0
2026-01-18 10:00:00,25.7,86.55,91.29,1.7,162.35,60.86,237.41,0
2026-01-18 11:00:00,27.14,83.19,90.81,1.7,162.77,61.63,236.92,0
2026-01-18 12:00:00,27.83,83.94,92.0,1.7,161.65,60.43,236.27,1
2026-01-18 13:00:00,27.6,85.77,91.71,1.7,163.32,61.0,238.11,0
2026-01-18 14:00:00,26.57,84.99,91.38,1.7,164.4,61.83,237.38,0
2026-01-18 15:00:00,26.93,85.0,92.0,1.7,162.95,60.98,236.85,1
2026-01-18 16:00:00,27.56,89.9,91.41,1.7,162.4,60.8,236.32,0
2026-01-18 17:00:00,25.33,87.86,90.72,1.7,161.91,61.0,240.11,0
2026-01-18 18:00:00,24.33,88.88,90.28,1.7,164.24,61.55,238.63,0
2026-01-18 19:00:00,26.71,87.48,90.01,1.7,164.64,60.67,239.94,0
2026-01-18 20:00:00,25.38,89.22,89.77,1.7,165.96,61.75,237.82,0
2026-01-18 21:00:00,24.91,88.71,89.31,1.7,165.04,59.93,238.55,0
2026-01-18 22:00:00,23.04,92.27,89.32,1.7,165.64,61.19,239.74,0
2026-01-18 23:00:00,23.99,91.16,89.62,1.7,167.96,61.71,242.21,0
2026-01-19 00:00:00,23.18,92.63,89.16,1.7,167.19,61.16,240.89,0
2026-01-19 01:00:00,21.33,93.11,88.54,1.8,167.31,61.96,237.81,0
2026-01-19 02:00:00,23.46,93.18,88.34,1.7,164.76,61.02,235.71,0
2026-01-19 03:00:00,22.28,99.97,88.13,1.7,163.39,61.15,238.09,0
2026-01-19 04:00:00,21.78,92.13,88.28,1.8,162.86,61.39,243.14,0
2026-01-19 05:00:00,21.95,91.85,87.72,1.8,161.03,61.62,244.82,0
2026-01-19 06:00:00,21.1,94.1,92.0,1.8,163.57,60.88,241.17,1
2026-01-19 07:00:00,23.87,90.09,91.15,1.7,162.12,60.46,242.86,0
2026-01-19 08:00:00,24.46,89.32,91.0,1.7,163.65,60.62,240.11,0
2026-01-19 09:00:00,25.0,86.05,90.5,1.7,164.04,60.01,238.98,0
2026-01-19 10:00:00,27.02,88.08,89.78,1.7,164.13,60.32,239.25,0
2026-01-19 11:00:00,25.58,86.94,88.81,1.7,166.84,59.81,239.93,0
2026-01-19 12:00:00,26.67,84.37,92.0,1.7,162.7,60.78,239.84,1
2026-01-19 13:00:00,26.62,86.37,91.54,1.7,162.44,62.22,238.1,0
2026-01-19 14:00:00,27.02,80.81,90.63,1.7,160.6,61.95,240.59,0
2026-01-19 15:00:00,27.13,83.63,92.0,1.7,157.24,62.78,239.0,1
2026-01-19 16:00:00,27.15,85.27,92.0,1.7,155.4,62.56,241.93,0
2026-01-19 17:00:00,26.16,83.68,91.32,1.7,155.82,61.7,238.19,0
2026-01-19 18:00:00,25.3,83.15,90.46,1.7,154.88,61.33,238.57,0
2026-01-19 19:00:00,26.85,87.16,90.36,1.7,156.9,61.43,235.32,0
2026-01-19 20:00:00,26.9,90.27,89.78,1.7,156.84,59.83,233.22,0
2026-01-19 21:00:00,24.54,92.48,90.09,1.7,156.58,60.46,232.03,0
2026-01-19 22:00:00,23.29,89.36,90.31,1.7,156.34,60.59,235.98,0
2026-01-19 23:00:00,24.58,93.01,90.05,1.7,156.51,61.53,239.2,0
2026-01-20 00:00:00,21.8,93.54,89.58,1.8,156.1,62.09,241.18,0
2026-01-20 01:00:00,22.33,95.44,89.26,1.7,154.92,62.2,240.95,0
2026-01-20 02:00:00,21.77,92.45,88.97,1.8,157.1,61.87,241.12,0
2026-01-20 03:00:00,21.23,89.55,88.88,1.8,156.3,63.24,243.98,0
2026-01-20 04:00:00,21.88,93.75,88.99,1.8,155.95,65.16,245.29,0
2026-01-20 05:00:00,21.57,91.1,88.48,1.8,157.09,64.76,244.82,0
2026-01-20 06:00:00,22.72,90.98,92.0,1.7,157.98,65.62,248.04,1
2026-01-20 07:00:00,23.42,90.74,91.98,1.7,156.65,64.87,249.43,0
2026-01-20 08:00:00,23.75,89.22,91.27,1.7,158.34,64.26,249.31,0
2026-01-20 09:00:00,24.86,88.75,90.37,1.7,159.58,63.84,247.45,0
2026-01-20 10:00:00,25.82,88.55,89.83,1.7,160.12,64.4,245.45,0
2026-01-20 11:00:00,27.34,85.02,88.93,1.7,159.53,63.36,244.09,0
2026-01-20 12:00:00,27.02,85.94,92.0,1.7,159.02,64.72,244.78,1
2026-01-20 13:00:00,27.96,84.83,91.07,1.7,158.9,65.48,246.38,0
2026-01-20 14:00:00,27.71,86.95,90.65,1.7,156.92,65.97,242.2,0
2026-01-20 15:00:00,27.53,84.77,92.0,1.7,157.18,65.59,236.97,1
2026-01-20 16:00:00,27.91,85.47,91.24,1.7,159.09,66.23,234.5,0
2026-01-20 17:00:00,25.54,85.43,90.64,1.7,160.91,63.47,233.5,0
2026-01-20 18:00:00,25.62,86.64,90.39,1.7,160.39,63.83,236.57,0
2026-01-20 19:00:00,26.91,86.12,89.82,1.7,162.49,63.91,235.79,0
2026-01-20 20:00:00,24.77,86.8,89.49,1.7,166.02,62.16,236.38,0
2026-01-20 21:00:00,22.18,91.37,89.06,1.7,165.41,62.52,237.36,0
2026-01-20 22:00:00,23.73,88.18,88.85,1.7,166.64,63.04,234.68,0
2026-01-20 23:00:00,23.51,90.7,88.44,1.7,162.5,61.34,238.35,0
2026-01-21 00:00:00,20.87,94.38,87.71,1.8,160.33,60.29,236.52,0
2026-01-21 01:00:00,23.66,91.98,87.19,1.7,160.68,62.2,240.34,0
2026-01-21 02:00:00,21.75,95.04,87.48,1.8,159.04,62.02,239.76,0
2026-01-21 03:00:00,22.42,92.2,87.35,1.7,162.95,62.9,238.68,0
2026-01-21 04:00:00,21.92,91.29,87.22,1.8,164.11,63.89,235.72,0
2026-01-21 05:00:00,21.23,89.83,86.93,1.8,165.89,64.19,236.17,0
2026-01-21 06:00:00,21.85,95.46,92.0,1.8,165.8,65.04,241.75,1
2026-01-21 07:00:00,22.65,88.9,91.67,1.7,163.96,63.04,242.45,0
2026-01-21 08:00:00,25.12,91.61,91.26,1.7,163.07,62.81,242.75,0
2026-01-21 09:00:00,25.03,86.24,90.72,1.7,163.6,60.01,240.7,0
2026-01-21 10:00:00,25.58,89.9,89.79,1.7,162.51,58.5,241.89,0
2026-01-21 11:00:00,25.94,90.68,89.29,1.7,163.82,58.11,241.94,0
2026-01-21 12:00:00,28.1,81.35,92.0,1.5,165.15,57.63,241.44,1
2026-01-21 13:00:00,28.47,82.41,91.53,1.5,165.15,57.8,242.35,0
2026-01-21 14:00:00,28.19,86.6,90.52,1.5,161.86,57.9,237.45,0
2026-01-21 15:00:00,27.47,86.31,92.0,1.7,165.07,58.15,237.07,1
2026-01-21 16:00:00,27.04,87.35,91.06,1.7,164.68,58.42,233.98,0
2026-01-21 17:00:00,25.47,84.99,90.49,1.7,169.57,58.83,234.1,0
2026-01-21 18:00:00,25.8,91.37,90.08,1.7,170.56,58.06,232.33,0
2026-01-21 19:00:00,24.96,88.1,90.33,1.7,169.96,57.53,230.83,0
2026-01-21 20:00:00,23.51,86.06,89.66,1.7,170.57,57.63,227.7,0
2026-01-21 21:00:00,25.27,89.1,89.75,1.7,166.71,57.74,230.86,0
2026-01-21 22:00:00,23.34,87.91,89.58,1.7,168.49,56.89,229.37,0
2026-01-21 23:00:00,24.36,94.9,89.24,1.7,172.97,58.02,228.09,0
2026-01-22 00:00:00,23.67,90.69,89.27,1.7,168.89,58.79,232.26,0
2026-01-22 01:00:00,23.04,93.84,88.99,1.7,168.22,58.11,233.82,0
2026-01-22 02:00:00,22.82,92.18,89.01,1.7,167.9,58.04,228.79,0
2026-01-22 03:00:00,21.66,92.15,88.51,1.8,169.36,59.97,232.57,0
2026-01-22 04:00:00,23.59,89.4,88.12,1.7,172.98,60.18,236.81,0
2026-01-22 05:00:00,22.29,94.65,88.2,1.7,173.35,60.59,240.6,0
2026-01-22 06:00:00,22.95,95.43,92.0,1.7,176.87,60.08,241.99,1
2026-01-22 07:00:00,22.88,89.38,91.79,1.7,176.7,59.86,238.89,0
2026-01-22 08:00:00,23.5,86.56,90.39,1.7,177.05,61.28,238.57,0
2026-01-22 09:00:00,25.53,90.2,89.76,1.7,177.15,61.4,234.77,0
2026-01-22 10:00:00,26.17,83.38,89.19,1.7,178.87,61.36,232.62,0
2026-01-22 11:00:00,26.06,88.51,88.54,1.7,177.55,61.38,229.96,0
2026-01-22 12:00:00,25.99,83.08,92.0,1.7,178.52,63.69,228.64,1
2026-01-22 13:00:00,26.28,82.37,91.28,1.7,175.77,63.68,229.37,0
2026-01-22 14:00:00,28.2,85.44,90.94,1.5,174.82,62.88,228.54,0
2026-01-22 15:00:00,26.58,82.9,92.0,1.7,173.28,62.27,227.64,1
2026-01-22 16:00:00,26.53,84.08,91.79,1.7,173.11,62.96,227.29,0
2026-01-22 17:00:00,27.6,87.03,91.67,1.7,172.22,61.65,231.42,0
2026-01-22 18:00:00,25.1,81.66,90.82,1.7,173.97,62.06,237.01,0
2026-01-22 19:00:00,24.92,91.45,90.34,1.7,172.03,61.41,235.78,0
2026-01-22 20:00:00,24.36,88.84,90.26,1.7,168.63,59.75,236.58,0
2026-01-22 21:00:00,25.72,86.82,89.7,1.7,166.04,58.94,234.4,0
2026-01-22 22:00:00,25.49,88.32,89.34,1.7,167.79,59.06,236.35,0
2026-01-22 23:00:00,24.0,93.58,89.47,1.7,165.93,60.4,235.09,0
2026-01-23 00:00:00,23.59,93.47,89.48,1.7,166.61,61.27,233.31,0
2026-01-23 01:00:00,22.13,95.81,89.88,1.7,166.02,61.03,238.4,0
2026-01-23 02:00:00,23.88,91.72,89.72,1.7,167.46,61.93,234.84,0
2026-01-23 03:00:00,22.37,94.16,89.34,1.7,166.94,61.61,228.71,0
2026-01-23 04:00:00,22.78,94.54,89.15,1.7,171.84,60.3,230.86,0
2026-01-23 05:00:00,22.17,94.86,88.91,1.7,174.99,60.37,230.15,0
2026-01-23 06:00:00,22.49,95.05,92.0,1.7,174.02,59.07,228.78,1
2026-01-23 07:00:00,24.73,89.82,91.79,1.7,172.84,59.87,235.92,0
2026-01-23 08:00:00,24.68,89.71,90.94,1.7,178.17,60.66,237.7,0
2026-01-23 09:00:00,26.31,87.09,90.45,1.7,175.7,59.9,237.42,0
2026-01-23 10:00:00,26.2,86.88,89.44,1.7,175.17,60.1,235.53,0
2026-01-23 11:00:00,26.01,87.37,88.65,1.7,174.81,60.28,236.62,0
2026-01-23 12:00:00,26.68,81.43,92.0,1.7,174.41,61.11,232.2,1
2026-01-23 13:00:00,27.38,87.24,90.74,1.7,170.9,60.02,231.05,0
2026-01-23 14:00:00,26.74,82.39,90.39,1.7,171.56,60.62,231.16,0
2026-01-23 15:00:00,26.19,84.5,92.0,1.7,169.55,59.48,231.88,1
2026-01-23 16:00:00,27.76,88.38,91.61,1.7,171.96,60.25,231.68,0
2026-01-23 17:00:00,26.0,86.98,90.65,1.7,169.06,61.26,230.12,0
2026-01-23 18:00:00,26.11,87.75,89.95,1.7,169.0,60.68,232.66,0
2026-01-23 19:00:00,25.74,85.24,89.9,1.7,164.85,61.82,228.65,0
2026-01-23 20:00:00,24.5,86.44,90.35,1.7,160.98,60.41,228.27,0
2026-01-23 21:00:00,25.59,91.73,90.18,1.7,159.63,61.44,227.31,0
2026-01-23 22:00:00,23.0,89.26,89.38,1.7,158.59,62.75,230.23,0
2026-01-23 23:00:00,23.61,90.31,89.46,1.7,161.48,63.04,229.32,0
2026-01-24 00:00:00,23.16,94.26,89.19,1.7,161.55,62.84,230.7,0
2026-01-24 01:00:00,22.55,90.45,89.01,1.7,164.01,63.09,231.74,0
2026-01-24 02:00:00,21.29,93.81,88.98,1.8,163.37,62.52,227.32,0
2026-01-24 03:00:00,22.85,93.6,88.11,1.7,164.53,64.86,227.54,0
2026-01-24 04:00:00,22.69,93.59,87.91,1.7,163.24,64.25,223.56,0
2026-01-24 05:00:00,21.72,92.19,87.58,1.8,161.88,65.37,225.01,0
2026-01-24 06:00:00,23.27,91.29,92.0,1.7,158.73,64.6,223.68,1
2026-01-24 07:00:00,23.7,89.03,92.0,1.7,159.58,65.96,227.21,0
2026-01-24 08:00:00,23.22,91.03,90.95,1.7,160.27,67.65,227.15,0
2026-01-24 09:00:00,24.47,86.97,90.77,1.7,161.86,67.83,225.62,0
2026-01-24 10:00:00,26.91,89.13,90.32,1.7,162.37,67.91,229.09,0
2026-01-24 11:00:00,26.94,85.34,89.27,1.7,166.13,66.87,227.2,0
2026-01-24 12:00:00,26.69,82.74,92.0,1.7,166.4,65.76,229.83,1
2026-01-24 13:00:00,26.61,84.28,91.73,1.7,168.13,65.91,231.26,0
2026-01-24 14:00:00,26.83,83.99,90.78,1.7,167.42,67.11,230.53,0
2026-01-24 15:00:00,26.72,87.4,92.0,1.7,165.69,66.46,227.41,1
2026-01-24 16:00:00,26.13,84.83,90.97,1.7,166.95,68.32,230.9,0
2026-01-24 17:00:00,25.05,85.65,90.16,1.7,166.71,67.58,232.35,0
2026-01-24 18:00:00,26.91,90.11,89.3,1.7,168.14,67.62,230.56,0
2026-01-24 19:00:00,26.28,88.96,89.5,1.7,168.65,67.66,231.39,0
2026-01-24 20:00:00,23.95,92.4,89.15,1.7,167.08,67.4,234.09,0
2026-01-24 21:00:00,24.54,92.43,88.59,1.7,168.93,65.39,234.41,0
2026-01-24 22:00:00,23.17,88.61,88.52,1.7,167.2,64.73,235.04,0
2026-01-24 23:00:00,23.19,93.58,88.52,1.7,168.24,64.83,237.61,0
2026-01-25 00:00:00,22.68,95.5,88.52,1.7,170.42,64.66,241.33,0
2026-01-25 01:00:00,22.25,96.13,88.23,1.7,169.51,65.15,240.71,0
2026-01-25 02:00:00,23.93,95.39,88.11,1.7,171.41,65.74,237.08,0
2026-01-25 03:00:00,21.8,95.63,87.71,1.8,171.87,65.41,233.72,0
2026-01-25 04:00:00,21.45,92.93,88.01,1.8,173.13,64.44,232.06,0
2026-01-25 05:00:00,21.65,91.49,88.16,1.8,171.3,65.76,229.87,0
2026-01-25 06:00:00,23.54,91.8,92.0,1.7,171.43,64.43,225.92,1
2026-01-25 07:00:00,22.08,87.74,92.0,1.7,168.64,63.82,230.99,0
2026-01-25 08:00:00,23.64,92.92,91.6,1.7,171.57,63.0,232.51,0
2026-01-25 09:00:00,26.31,87.81,90.64,1.7,167.68,63.64,231.33,0
2026-01-25 10:00:00,26.2,89.84,90.26,1.7,166.94,64.78,231.43,0
2026-01-25 11:00:00,26.85,83.12,89.71,1.7,165.18,64.54,227.14,0
2026-01-25 12:00:00,28.85,87.45,92.0,1.5,166.39,64.67,230.43,1
2026-01-25 13:00:00,27.5,83.71,91.66,1.7,169.8,64.98,225.78,0
2026-01-25 14:00:00,26.68,82.07,91.24,1.7,170.79,66.51,227.52,0
2026-01-25 15:00:00,26.85,88.76,92.0,1.7,175.88,64.78,223.3,1
2026-01-25 16:00:00,25.9,88.08,91.4,1.7,172.97,65.37,222.85,0
2026-01-25 17:00:00,27.44,86.72,90.64,1.7,170.31,65.6,226.56,0
2026-01-25 18:00:00,26.46,87.07,90.14,1.7,168.49,65.16,222.9,0
2026-01-25 19:00:00,26.4,88.81,89.81,1.7,168.57,65.36,223.13,0
2026-01-25 20:00:00,25.94,89.17,89.51,1.7,166.58,65.93,225.29,0
2026-01-25 21:00:00,24.1,87.92,89.45,1.7,165.16,66.33,226.94,0
2026-01-25 22:00:00,23.14,89.65,89.11,1.7,166.27,68.15,227.52,0
2026-01-25 23:00:00,23.36,95.71,88.95,1.7,163.99,68.08,229.13,0
2026-01-26 00:00:00,22.26,98.02,88.29,1.7,161.99,67.92,227.9,0
2026-01-26 01:00:00,22.73,96.2,87.84,1.7,161.39,67.58,233.09,0
2026-01-26 02:00:00,23.23,94.27,87.83,1.7,160.99,67.91,229.15,0
2026-01-26 03:00:00,22.02,92.76,87.26,1.7,162.97,67.7,232.35,0
2026-01-26 04:00:00,22.22,91.84,87.44,1.7,161.43,67.54,232.96,0
2026-01-26 05:00:00,22.18,91.72,87.53,1.7,160.27,67.39,234.6,0
2026-01-26 06:00:00,23.35,91.35,92.0,1.7,161.51,67.11,236.61,1
2026-01-26 07:00:00,22.87,96.13,92.0,1.7,163.09,66.41,237.92,0
2026-01-26 08:00:00,22.49,93.94,91.82,1.7,165.74,66.65,235.74,0
2026-01-26 09:00:00,25.53,90.08,90.96,1.7,166.55,66.26,234.99,0
2026-01-26 10:00:00,26.79,84.89,90.6,1.7,166.73,66.68,231.36,0
2026-01-26 11:00:00,27.05,87.79,90.04,1.7,167.69,66.64,230.8,0
2026-01-26 12:00:00,26.63,84.54,92.0,1.7,167.1,66.15,231.82,1
2026-01-26 13:00:00,26.39,80.4,91.1,1.7,166.53,67.44,233.49,0
2026-01-26 14:00:00,27.64,85.53,90.81,1.7,163.27,67.18,234.55,0
2026-01-26 15:00:00,27.19,83.33,92.0,1.7,164.95,67.59,230.18,1
2026-01-26 16:00:00,26.7,83.86,91.39,1.7,165.33,66.79,229.02,0
2026-01-26 17:00:00,27.9,85.7,90.52,1.7,166.72,64.82,227.66,0
2026-01-26 18:00:00,25.24,85.9,89.73,1.7,161.58,64.23,224.75,0
2026-01-26 19:00:00,26.92,87.76,89.48,1.7,161.63,62.24,223.17,0
2026-01-26 20:00:00,25.0,88.56,89.39,1.7,160.23,62.02,223.77,0
2026-01-26 21:00:00,22.96,85.53,88.41,1.7,163.12,63.34,227.86,0
2026-01-26 22:00:00,23.75,93.9,88.21,1.7,164.3,62.48,225.84,0
2026-01-26 23:00:00,24.17,89.24,87.78,1.7,164.75,60.57,223.47,0
2026-01-27 00:00:00,22.67,90.05,88.0,1.7,163.98,61.97,222.55,0
2026-01-27 01:00:00,21.42,92.04,88.68,1.8,164.74,61.54,224.02,0
2026-01-27 02:00:00,22.19,92.98,88.37,1.7,163.08,61.54,227.63,0
2026-01-27 03:00:00,21.47,96.71,87.66,1.8,162.97,62.26,227.78,0
2026-01-27 04:00:00,22.49,94.19,87.49,1.7,162.01,62.73,224.53,0
2026-01-27 05:00:00,22.88,94.58,87.23,1.7,166.21,63.38,221.97,0
2026-01-27 06:00:00,21.86,93.17,92.0,1.8,168.81,64.15,223.09,1
2026-01-27 07:00:00,22.84,91.91,92.0,1.7,170.57,62.51,226.17,0
2026-01-27 08:00:00,24.85,90.65,91.69,1.7,167.67,61.22,231.15,0
2026-01-27 09:00:00,24.46,84.18,90.95,1.7,169.12,62.3,228.39,0
2026-01-27 10:00:00,25.13,86.45,90.58,1.7,169.29,61.59,229.07,0
2026-01-27 11:00:00,25.75,88.39,90.09,1.7,171.32,61.0,226.79,0
2026-01-27 12:00:00,27.42,93.74,92.0,1.7,171.65,59.89,224.96,1
2026-01-27 13:00:00,27.55,82.15,90.95,1.7,171.37,59.59,223.0,0
2026-01-27 14:00:00,26.7,85.83,90.68,1.7,171.54,59.35,222.76,0
2026-01-27 15:00:00,27.08,83.92,92.0,1.7,168.02,58.58,221.17,1
2026-01-27 16:00:00,28.03,90.15,91.38,1.5,166.52,57.74,228.06,0
2026-01-27 17:00:00,25.66,83.28,90.63,1.7,167.13,58.15,227.26,0
2026-01-27 18:00:00,24.44,88.37,89.82,1.7,169.1,57.54,230.11,0
2026-01-27 19:00:00,25.87,84.74,89.71,1.7,167.94,57.13,228.71,0
2026-01-27 20:00:00,24.88,88.04,88.98,1.7,167.75,55.31,234.61,0
2026-01-27 21:00:00,23.86,89.58,89.01,1.7,164.76,57.25,235.47,0
2026-01-27 22:00:00,24.42,92.91,88.49,1.7,167.4,58.24,237.54,0
2026-01-27 23:00:00,24.07,89.03,87.66,1.7,169.31,57.91,235.94,0
2026-01-28 00:00:00,21.19,93.6,88.01,1.8,170.31,57.22,238.33,0
2026-01-28 01:00:00,22.07,92.8,87.55,1.7,170.83,57.38,239.0,0
2026-01-28 02:00:00,24.18,93.82,87.13,1.7,173.39,57.5,237.85,0
2026-01-28 03:00:00,22.62,95.61,87.27,1.7,171.6,56.49,235.01,0
2026-01-28 04:00:00,22.64,90.78,87.62,1.7,169.7,54.36,234.42,0
2026-01-28 05:00:00,23.2,95.12,86.96,1.7,171.42,54.11,233.64,0
2026-01-28 06:00:00,22.72,91.32,92.0,1.7,172.95,52.94,235.88,1
2026-01-28 07:00:00,24.04,93.81,91.53,1.7,170.49,53.37,235.26,0
2026-01-28 08:00:00,24.82,90.7,91.24,1.7,169.31,53.79,230.44,0
2026-01-28 09:00:00,25.58,87.97,91.16,1.7,172.18,53.16,232.28,0
2026-01-28 10:00:00,25.74,85.7,90.26,1.7,172.63,52.94,235.65,0
2026-01-28 11:00:00,26.83,87.64,90.1,1.7,173.74,54.8,231.45,0
2026-01-28 12:00:00,26.67,87.84,92.0,1.7,171.31,55.71,236.14,1
2026-01-28 13:00:00,27.31,83.63,91.52,1.7,172.24,55.5,239.58,0
2026-01-28 14:00:00,26.31,82.4,90.56,1.7,169.39,57.75,237.77,0
2026-01-28 15:00:00,26.44,86.71,92.0,1.7,165.65,56.8,234.84,1
2026-01-28 16:00:00,26.58,82.45,91.39,1.7,166.94,56.23,237.48,0
2026-01-28 17:00:00,25.68,83.38,90.72,1.7,169.44,56.3,233.93,0
2026-01-28 18:00:00,25.6,84.66,90.26,1.7,168.81,55.09,232.31,0
2026-01-28 19:00:00,25.37,86.93,89.75,1.7,167.67,56.91,229.16,0
2026-01-28 20:00:00,25.29,85.8,89.28,1.7,170.64,57.23,229.47,0
2026-01-28 21:00:00,25.19,85.39,89.2,1.7,170.07,56.66,233.41,0
2026-01-28 22:00:00,23.53,88.06,89.4,1.7,169.74,57.23,234.42,0
2026-01-28 23:00:00,24.47,92.81,89.19,1.7,172.6,57.5,237.0,0
2026-01-29 00:00:00,23.71,89.35,89.13,1.7,171.66,57.36,236.02,0
2026-01-29 01:00:00,23.0,92.01,89.16,1.7,170.22,56.41,236.21,0
2026-01-29 02:00:00,22.45,97.5,89.21,1.7,171.48,55.29,233.08,0
2026-01-29 03:00:00,22.41,93.4,88.72,1.7,169.94,57.46,232.94,0
2026-01-29 04:00:00,23.05,94.35,88.28,1.7,169.48,56.38,231.18,0
2026-01-29 05:00:00,23.24,91.25,87.87,1.7,166.93,58.07,230.97,0
2026-01-29 06:00:00,23.78,97.33,92.0,1.7,167.18,57.43,230.6,1
2026-01-29 07:00:00,23.43,90.21,91.95,1.7,167.22,58.28,230.03,0
2026-01-29 08:00:00,24.69,89.46,91.52,1.7,168.87,58.81,235.55,0
2026-01-29 09:00:00,26.23,91.33,91.05,1.7,170.26,59.5,239.94,0
2026-01-29 10:00:00,25.5,86.6,90.08,1.7,171.04,60.24,243.23,0
2026-01-29 11:00:00,26.44,85.93,90.09,1.7,171.51,58.84,247.31,0
2026-01-29 12:00:00,27.16,84.45,92.0,1.7,171.12,58.33,250.24,1
2026-01-29 13:00:00,28.02,84.2,91.63,1.5,171.97,57.2,249.42,0
2026-01-29 14:00:00,27.98,85.71,90.51,1.7,169.69,57.52,248.39,0
2026-01-29 15:00:00,26.89,86.4,92.0,1.7,165.27,56.46,248.31,1
2026-01-29 16:00:00,25.6,84.23,91.32,1.7,167.35,54.85,247.12,0
2026-01-29 17:00:00,26.64,84.57,90.34,1.7,168.47,54.85,243.91,0
2026-01-29 18:00:00,25.27,85.66,89.48,1.7,168.11,53.07,244.21,0
2026-01-29 19:00:00,24.31,84.76,88.9,1.7,169.92,53.57,239.83,0
2026-01-29 20:00:00,23.96,85.24,88.31,1.7,168.4,52.69,239.93,0
2026-01-29 21:00:00,24.69,90.31,88.12,1.7,167.0,52.22,237.2,0
2026-01-29 22:00:00,24.99,92.62,87.8,1.7,165.4,50.46,236.89,0
2026-01-29 23:00:00,23.43,93.32,87.7,1.7,166.4,52.29,237.27,0
2026-01-30 00:00:00,23.13,86.9,88.0,1.7,163.5,51.26,236.28,0
2026-01-30 01:00:00,23.54,92.22,87.75,1.7,162.18,51.26,232.11,0
2026-01-30 02:00:00,21.09,90.79,86.88,1.8,162.81,49.97,229.28,0
2026-01-30 03:00:00,22.57,93.82,86.61,1.7,160.73,49.58,230.72,0
2026-01-30 04:00:00,22.09,92.68,86.76,1.7,159.71,51.53,229.54,0
2026-01-30 05:00:00,22.71,94.64,86.54,1.7,155.94,52.11,231.21,0
2026-01-30 06:00:00,22.32,92.53,92.0,1.7,157.4,51.75,231.43,1
2026-01-30 07:00:00,22.75,87.23,91.93,1.7,156.46,52.03,231.11,0
2026-01-30 08:00:00,24.36,87.84,90.82,1.7,154.83,51.83,232.17,0
2026-01-30 09:00:00,26.47,88.45,90.27,1.7,152.9,52.05,230.63,0
2026-01-30 10:00:00,26.69,87.2,89.78,1.7,152.63,53.02,231.85,0
2026-01-30 11:00:00,26.29,82.74,89.52,1.7,150.28,52.99,230.96,0
2026-01-30 12:00:00,26.07,81.69,92.0,1.7,154.37,53.46,237.5,1
2026-01-30 13:00:00,25.95,84.92,91.7,1.7,150.5,53.92,234.54,0
2026-01-30 14:00:00,28.3,81.81,91.24,1.5,150.27,53.87,233.67,0
2026-01-30 15:00:00,26.31,81.51,92.0,1.7,151.05,53.45,232.94,1
2026-01-30 16:00:00,26.54,84.66,91.37,1.7,150.21,53.24,229.67,0
2026-01-30 17:00:00,27.5,85.18,90.34,1.7,151.19,54.13,231.75,0
2026-01-30 18:00:00,24.71,85.07,89.79,1.7,150.3,55.07,230.84,0
2026-01-30 19:00:00,26.7,86.29,89.69,1.7,153.64,54.25,225.1,0
2026-01-30 20:00:00,24.77,88.77,89.12,1.7,152.08,54.25,227.33,0
2026-01-30 21:00:00,23.51,88.08,89.31,1.7,148.37,53.81,226.12,0
2026-01-30 22:00:00,23.7,90.72,89.41,1.7,146.7,54.77,226.3,0
2026-01-30 23:00:00,22.82,90.56,88.8,1.7,148.12,54.57,228.43,0
2026-01-31 00:00:00,23.31,92.51,89.0,1.7,148.59,56.77,227.85,0
2026-01-31 01:00:00,22.08,94.69,88.71,1.7,150.6,57.12,227.27,0
2026-01-31 02:00:00,20.8,95.07,88.28,1.8,152.08,58.33,233.82,0
2026-01-31 03:00:00,21.98,96.34,88.4,1.8,151.45,57.53,228.5,0
2026-01-31 04:00:00,21.01,95.44,88.19,1.8,151.11,57.67,225.61,0
2026-01-31 05:00:00,22.42,93.86,88.56,1.7,150.97,58.36,223.35,0
2026-01-31 06:00:00,21.76,91.62,92.0,1.8,154.92,57.54,228.4,1
2026-01-31 07:00:00,23.01,90.55,91.28,1.7,156.57,57.69,227.12,0
2026-01-31 08:00:00,24.39,88.03,90.63,1.7,160.31,58.77,228.11,0
2026-01-31 09:00:00,24.98,88.45,90.3,1.7,162.01,58.57,227.27,0
2026-01-31 10:00:00,26.2,88.53,89.44,1.7,162.02,57.9,229.17,0
2026-01-31 11:00:00,27.24,84.23,88.46,1.7,160.3,59.65,229.43,0
2026-01-31 12:00:00,26.22,84.98,92.0,1.7,160.85,58.67,230.34,1
2026-01-31 13:00:00,27.25,83.31,90.98,1.7,160.91,58.91,233.79,0
2026-01-31 14:00:00,24.58,85.36,90.5,1.7,160.91,58.36,234.95,0
2026-01-31 15:00:00,27.27,83.97,92.0,1.7,160.69,57.63,233.12,1
2026-01-31 16:00:00,26.56,84.01,91.57,1.7,157.17,58.43,233.99,0
2026-01-31 17:00:00,25.65,84.76,90.58,1.7,159.75,58.35,240.09,0
2026-01-31 18:00:00,26.25,88.11,90.39,1.7,159.87,58.82,241.25,0
2026-01-31 19:00:00,26.44,87.63,90.12,1.7,157.53,56.89,241.31,0
2026-01-31 20:00:00,24.59,87.8,90.15,1.7,158.7,57.5,237.57,0
2026-01-31 21:00:00,23.67,90.24,90.23,1.7,157.41,56.98,239.25,0
2026-01-31 22:00:00,24.03,89.65,89.68,1.7,158.72,55.44,241.22,0
2026-01-31 23:00:00,22.33,93.88,89.74,1.7,160.56,57.33,241.69,0
2026-02-01 00:00:00,22.43,90.0,89.11,2.1,162.58,58.02,241.64,0
2026-02-01 01:00:00,23.57,92.35,88.5,2.1,162.38,58.34,248.39,0
2026-02-01 02:00:00,22.37,90.13,88.89,2.1,161.74,59.57,249.86,0
2026-02-01 03:00:00,20.65,92.74,89.02,2.2,160.75,59.87,252.22,0
2026-02-01 04:00:00,20.66,89.9,89.44,2.2,159.62,59.21,251.52,0
2026-02-01 05:00:00,22.39,94.98,89.13,2.1,159.8,59.14,250.37,0
2026-02-01 06:00:00,23.4,94.26,92.0,2.1,159.63,58.62,251.18,1
2026-02-01 07:00:00,22.11,93.13,91.96,2.1,158.36,58.27,250.04,0
2026-02-01 08:00:00,24.61,90.03,91.39,2.1,156.57,57.25,249.16,0
2026-02-01 09:00:00,26.22,86.5,90.59,2.1,156.71,56.52,249.61,0
2026-02-01 10:00:00,27.51,85.24,89.73,2.1,156.26,57.49,247.6,0
2026-02-01 11:00:00,26.96,89.2,89.21,2.1,154.55,57.92,247.52,0
2026-02-01 12:00:00,27.55,88.22,92.0,2.1,156.47,57.59,247.09,1
2026-02-01 13:00:00,25.59,85.07,91.1,2.1,160.0,56.8,248.91,0
2026-02-01 14:00:00,28.92,83.76,90.62,1.9,161.93,56.59,246.68,0
2026-02-01 15:00:00,26.61,88.19,92.0,2.1,160.76,55.24,241.1,1
2026-02-01 16:00:00,26.06,84.11,91.7,2.1,160.84,55.55,240.02,0
2026-02-01 17:00:00,26.24,86.76,91.0,2.1,163.78,56.6,240.76,0
2026-02-01 18:00:00,27.21,89.97,90.24,2.1,161.71,58.89,242.88,0
2026-02-01 19:00:00,27.27,86.0,90.15,2.1,163.25,57.99,240.76,0
2026-02-01 20:00:00,25.07,90.56,89.7,2.1,160.72,58.92,241.82,0
2026-02-01 21:00:00,25.23,90.81,89.3,2.1,163.92,58.38,244.32,0
2026-02-01 22:00:00,23.93,90.47,88.91,2.1,163.19,57.47,245.73,0
2026-02-01 23:00:00,22.57,89.21,88.64,2.1,167.27,56.59,243.22,0
2026-02-02 00:00:00,24.14,90.55,88.97,2.1,170.29,56.88,241.1,0
2026-02-02 01:00:00,22.1,93.4,88.36,2.1,169.89,56.2,241.88,0
2026-02-02 02:00:00,23.55,90.09,88.54,2.1,168.4,55.82,245.6,0
2026-02-02 03:00:00,23.2,93.79,88.56,2.1,168.61,55.61,245.11,0
2026-02-02 04:00:00,22.59,94.79,88.83,2.1,168.14,55.14,244.19,0
2026-02-02 05:00:00,23.72,95.5,89.57,2.1,167.3,54.61,240.31,0
2026-02-02 06:00:00,24.49,89.49,92.0,2.1,164.22,52.65,239.13,1
2026-02-02 07:00:00,23.26,94.3,92.0,2.1,163.32,53.01,237.13,0
2026-02-02 08:00:00,23.6,93.69,91.05,2.1,161.39,53.34,237.1,0
2026-02-02 09:00:00,23.66,89.34,90.13,2.1,162.53,52.88,233.21,0
2026-02-02 10:00:00,27.8,84.72,89.65,2.1,164.41,53.48,232.48,0
2026-02-02 11:00:00,26.34,85.11,88.56,2.1,165.77,54.99,230.08,0
2026-02-02 12:00:00,28.05,84.96,92.0,1.9,166.35,55.22,232.68,1
2026-02-02 13:00:00,26.71,85.4,90.78,2.1,164.77,56.62,230.65,0
2026-02-02 14:00:00,28.47,84.94,90.53,1.9,165.14,58.8,229.43,0
2026-02-02 15:00:00,26.52,85.8,92.0,2.1,166.57,61.17,230.42,1
2026-02-02 16:00:00,25.85,85.44,91.46,2.1,165.45,60.13,229.51,0
2026-02-02 17:00:00,26.27,86.84,90.66,2.1,165.64,59.12,235.68,0
2026-02-02 18:00:00,25.57,85.99,89.52,2.1,165.36,58.81,237.98,0
2026-02-02 19:00:00,25.98,87.1,89.68,2.1,168.33,59.02,237.87,0
2026-02-02 20:00:00,24.93,87.47,89.87,2.1,169.73,60.53,238.65,0
2026-02-02 21:00:00,24.93,93.88,89.56,2.1,170.64,61.14,232.58,0
2026-02-02 22:00:00,23.66,93.78,89.55,2.1,167.33,60.09,235.78,0
2026-02-02 23:00:00,22.87,92.62,89.23,2.1,167.54,59.59,237.02,0
2026-02-03 00:00:00,22.49,95.06,89.12,2.1,167.16,59.63,236.73,0
2026-02-03 01:00:00,24.23,94.52,89.14,2.1,166.78,58.36,238.06,0
2026-02-03 02:00:00,22.5,93.62,89.11,2.1,163.9,58.48,239.63,0
2026-02-03 03:00:00,20.57,90.19,89.31,2.2,161.98,57.52,238.36,0
2026-02-03 04:00:00,21.68,93.02,89.27,2.2,161.98,56.16,239.14,0
2026-02-03 05:00:00,22.33,92.6,89.07,2.1,164.11,55.49,241.55,0
2026-02-03 06:00:00,24.18,90.08,92.0,2.1,163.08,56.05,242.36,1
2026-02-03 07:00:00,24.22,88.13,91.65,2.1,162.44,56.6,241.36,0
2026-02-03 08:00:00,23.51,91.05,91.33,2.1,165.75,56.84,241.79,0
2026-02-03 09:00:00,27.09,89.15,90.3,2.1,165.18,57.89,244.9,0
2026-02-03 10:00:00,25.98,84.43,90.06,2.1,164.94,58.81,246.37,0
2026-02-03 11:00:00,27.69,84.19,89.38,2.1,164.74,59.09,242.89,0
2026-02-03 12:00:00,26.22,87.62,92.0,2.1,162.33,59.24,243.96,1
2026-02-03 13:00:00,25.38,82.87,91.1,2.1,163.46,59.44,244.65,0
2026-02-03 14:00:00,26.12,85.27,90.72,2.1,162.35,59.38,247.08,0
2026-02-03 15:00:00,24.47,84.76,92.0,2.1,162.4,57.5,246.56,1
2026-02-03 16:00:00,28.49,86.75,91.88,1.9,163.3,58.66,245.06,0
2026-02-03 17:00:00,26.61,84.37,90.92,2.1,166.87,59.12,241.13,0
2026-02-03 18:00:00,25.26,87.2,90.18,2.1,164.42,58.11,239.09,0
2026-02-03 19:00:00,25.87,88.21,89.94,2.1,166.0,59.51,241.9,0
2026-02-03 20:00:00,25.12,89.25,89.51,2.1,167.53,59.06,242.05,0
2026-02-03 21:00:00,24.92,89.83,89.3,2.1,166.28,59.05,241.45,0
2026-02-03 22:00:00,24.86,91.32,89.19,2.1,167.3,60.06,244.37,0
2026-02-03 23:00:00,23.17,96.22,89.14,2.1,170.17,60.31,246.62,0
2026-02-04 00:00:00,22.26,97.78,89.39,2.1,168.59,61.57,244.2,0
2026-02-04 01:00:00,23.26,91.35,88.79,2.1,168.88,61.26,246.75,0
2026-02-04 02:00:00,22.97,88.12,88.69,2.1,169.45,62.81,242.01,0
2026-02-04 03:00:00,22.24,94.81,88.3,2.1,170.23,62.08,242.81,0
2026-02-04 04:00:00,23.84,94.01,88.22,2.1,171.41,63.26,243.27,0
2026-02-04 05:00:00,21.91,95.67,88.15,2.2,171.45,61.19,245.73,0
2026-02-04 06:00:00,21.99,93.2,92.0,2.2,172.12,60.22,246.15,1
2026-02-04 07:00:00,23.73,91.53,91.53,2.1,170.19,60.54,244.98,0
2026-02-04 08:00:00,23.71,92.45,91.12,2.1,170.28,60.23,244.07,0
2026-02-04 09:00:00,25.55,91.23,90.55,2.1,169.21,60.21,250.35,0
2026-02-04 10:00:00,25.33,83.95,89.91,2.1,166.83,60.3,249.79,0
2026-02-04 11:00:00,26.37,84.03,89.53,2.1,165.84,59.28,250.54,0
2026-02-04 12:00:00,28.66,84.83,92.0,1.9,166.29,58.36,244.71,1
2026-02-04 13:00:00,26.98,85.02,91.26,2.1,167.02,58.68,242.16,0
2026-02-04 14:00:00,26.6,84.4,90.42,2.1,164.66,58.18,243.1,0
2026-02-04 15:00:00,28.01,86.14,92.0,1.9,162.99,59.5,238.65,1
2026-02-04 16:00:00,25.96,87.83,91.43,2.1,164.37,59.4,239.85,0
2026-02-04 17:00:00,25.89,90.05,90.43,2.1,165.31,60.13,237.79,0
2026-02-04 18:00:00,26.46,88.27,89.88,2.1,166.9,60.58,235.07,0
2026-02-04 19:00:00,26.25,85.97,90.04,2.1,169.28,60.08,233.24,0
2026-02-04 20:00:00,25.95,88.42,89.72,2.1,170.08,58.36,237.15,0
2026-02-04 21:00:00,23.83,89.49,89.36,2.1,169.13,59.53,237.87,0
2026-02-04 22:00:00,24.37,91.69,89.75,2.1,169.17,58.73,235.45,0
2026-02-04 23:00:00,23.03,92.25,90.0,2.1,171.99,58.46,237.37,0
2026-02-05 00:00:00,22.48,96.66,89.57,2.1,176.69,58.43,239.33,0
2026-02-05 01:00:00,23.56,91.74,89.41,2.1,177.05,58.49,238.16,0
2026-02-05 02:00:00,21.89,94.07,89.31,2.2,177.54,59.46,240.4,0
2026-02-05 03:00:00,22.38,98.68,89.17,2.1,178.34,59.55,242.64,0
2026-02-05 04:00:00,22.22,92.31,89.51,2.1,177.85,59.5,244.39,0
2026-02-05 05:00:00,21.4,93.65,89.34,2.2,179.43,60.5,242.24,0
2026-02-05 06:00:00,23.48,90.49,92.0,2.1,180.67,61.08,238.93,1
2026-02-05 07:00:00,23.85,91.58,92.0,2.1,180.68,60.45,234.5,0
2026-02-05 08:00:00,22.66,88.25,91.8,2.1,179.48,59.46,232.88,0
2026-02-05 09:00:00,25.37,90.74,91.51,2.1,176.16,58.8,232.07,0
2026-02-05 10:00:00,25.38,87.32,91.1,2.1,177.03,58.85,231.5,0
2026-02-05 11:00:00,27.57,83.77,90.05,2.1,176.94,57.82,231.56,0
2026-02-05 12:00:00,25.99,86.91,92.0,2.1,175.13,58.03,236.06,1
2026-02-05 13:00:00,27.01,85.2,91.66,2.1,172.69,58.03,235.16,0
2026-02-05 14:00:00,27.53,86.99,91.15,2.1,173.57,55.86,235.03,0
2026-02-05 15:00:00,27.12,82.66,92.0,2.1,170.35,54.78,230.48,1
2026-02-05 16:00:00,27.41,86.45,91.98,2.1,170.67,52.4,236.28,0
2026-02-05 17:00:00,25.23,87.96,91.06,2.1,171.97,52.38,232.93,0
2026-02-05 18:00:00,27.32,86.07,90.81,2.1,172.68,53.63,231.26,0
2026-02-05 19:00:00,25.92,85.07,90.5,2.1,171.67,52.18,233.19,0
2026-02-05 20:00:00,26.06,88.65,90.57,2.1,169.15,51.29,233.9,0
2026-02-05 21:00:00,25.13,92.36,90.35,2.1,170.04,51.46,238.06,0
2026-02-05 22:00:00,23.89,93.04,90.79,2.1,172.0,50.82,239.71,0
2026-02-05 23:00:00,22.37,90.46,90.63,2.1,170.69,50.19,239.27,0
2026-02-06 00:00:00,22.51,89.32,90.23,2.1,171.38,51.04,241.66,0
2026-02-06 01:00:00,23.87,91.81,90.15,2.1,173.97,50.92,244.23,0
2026-02-06 02:00:00,23.43,92.19,90.05,2.1,174.22,49.91,242.12,0
2026-02-06 03:00:00,21.66,94.49,90.19,2.2,173.14,48.4,244.17,0
2026-02-06 04:00:00,19.85,93.37,90.12,2.2,174.68,50.79,243.16,0
2026-02-06 05:00:00,22.09,91.68,90.67,2.1,172.97,52.14,242.49,0
2026-02-06 06:00:00,22.48,95.0,92.0,2.1,170.31,52.03,242.48,1
2026-02-06 07:00:00,23.2,91.71,91.77,2.1,171.56,52.41,241.15,0
2026-02-06 08:00:00,24.67,90.92,91.02,2.1,170.57,52.26,239.76,0
2026-02-06 09:00:00,25.85,84.64,90.47,2.1,169.78,53.01,241.98,0
2026-02-06 10:00:00,26.79,81.67,89.96,2.1,168.46,52.51,237.81,0
2026-02-06 11:00:00,27.05,82.67,89.46,2.1,167.47,52.31,235.01,0
2026-02-06 12:00:00,25.7,84.01,92.0,2.1,169.89,53.01,236.7,1
2026-02-06 13:00:00,27.03,86.07,91.23,2.1,172.69,54.59,236.43,0
2026-02-06 14:00:00,29.09,80.4,90.37,1.9,175.61,55.48,238.84,0
2026-02-06 15:00:00,27.37,88.68,92.0,2.1,177.15,56.78,239.54,1
2026-02-06 16:00:00,27.1,86.02,91.76,2.1,177.51,56.66,235.98,0
2026-02-06 17:00:00,26.73,89.25,91.58,2.1,174.43,56.26,236.09,0
2026-02-06 18:00:00,26.33,85.05,90.98,2.1,173.71,54.69,237.37,0
2026-02-06 19:00:00,23.6,88.95,90.5,2.1,177.25,54.97,237.84,0
2026-02-06 20:00:00,24.78,88.93,90.27,2.1,175.97,55.52,236.53,0
2026-02-06 21:00:00,24.4,91.46,90.69,2.1,178.26,55.45,235.76,0
2026-02-06 22:00:00,24.92,90.05,90.78,2.1,177.83,54.94,234.33,0
2026-02-06 23:00:00,23.44,92.44,90.74,2.1,172.49,56.27,231.05,0
2026-02-07 00:00:00,21.64,94.57,90.83,2.2,173.35,57.01,227.59,0
2026-02-07 01:00:00,22.94,91.33,91.09,2.1,175.29,58.35,228.93,0
2026-02-07 02:00:00,21.68,93.75,90.54,2.2,174.79,57.6,227.06,0
2026-02-07 03:00:00,21.18,89.35,90.23,2.2,176.62,57.09,228.89,0
2026-02-07 04:00:00,21.43,95.15,89.87,2.2,173.15,58.32,227.71,0
2026-02-07 05:00:00,22.69,97.63,89.84,2.1,170.33,58.39,224.79,0
2026-02-07 06:00:00,23.72,89.83,92.0,2.1,170.49,57.99,224.28,1
2026-02-07 07:00:00,23.79,91.2,92.0,2.1,171.13,57.66,230.06,0
2026-02-07 08:00:00,24.75,91.9,91.28,2.1,173.32,57.78,230.06,0
2026-02-07 09:00:00,25.53,88.51,91.12,2.1,174.14,58.81,231.92,0
2026-02-07 10:00:00,26.08,87.36,90.52,2.1,171.63,58.76,232.5,0
2026-02-07 11:00:00,27.25,84.97,90.14,2.1,171.75,59.57,229.11,0
2026-02-07 12:00:00,25.21,84.12,92.0,2.1,172.56,60.06,233.03,1
2026-02-07 13:00:00,27.39,84.61,91.75,2.1,168.88,59.33,232.51,0
2026-02-07 14:00:00,26.41,84.99,91.28,2.1,168.65,58.62,229.36,0
2026-02-07 15:00:00,28.01,82.58,92.0,1.9,167.9,58.31,228.36,1
2026-02-07 16:00:00,26.69,85.5,91.94,2.1,166.6,57.22,228.17,0
2026-02-07 17:00:00,26.46,89.71,91.52,2.1,167.44,56.9,230.39,0
2026-02-07 18:00:00,24.8,86.08,90.73,2.1,165.27,58.42,228.92,0
2026-02-07 19:00:00,26.32,85.12,90.69,2.1,166.01,58.5,235.77,0
2026-02-07 20:00:00,25.47,88.41,90.47,2.1,166.98,57.91,233.39,0
2026-02-07 21:00:00,24.87,88.09,89.56,2.1,168.85,59.76,235.0,0
2026-02-07 22:00:00,23.25,87.62,89.5,2.1,166.67,58.99,230.07,0
2026-02-07 23:00:00,22.78,91.71,89.33,2.1,163.9,58.21,230.0,0
2026-02-08 00:00:00,23.14,90.58,89.48,2.1,164.44,59.43,231.17,0
2026-02-08 01:00:00,22.04,91.39,89.05,2.1,163.95,60.1,228.56,0
2026-02-08 02:00:00,22.67,93.56,88.4,2.1,169.22,60.04,232.63,0
2026-02-08 03:00:00,20.43,90.13,88.25,2.2,169.87,60.85,233.84,0
2026-02-08 04:00:00,21.71,89.77,88.16,2.2,169.78,61.16,233.1,0
2026-02-08 05:00:00,23.69,94.81,87.99,2.1,169.28,60.11,234.26,0
2026-02-08 06:00:00,23.06,88.32,92.0,2.1,166.92,58.01,232.81,1
2026-02-08 07:00:00,23.53,89.25,91.48,2.1,167.85,57.62,236.05,0
2026-02-08 08:00:00,25.84,86.0,90.86,2.1,167.6,58.73,238.53,0
2026-02-08 09:00:00,23.28,87.37,90.2,2.1,167.35,58.44,239.29,0
2026-02-08 10:00:00,25.35,87.94,89.95,2.1,167.43,58.96,240.61,0
2026-02-08 11:00:00,26.37,86.08,89.48,2.1,167.73,59.22,236.63,0
2026-02-08 12:00:00,27.83,90.33,92.0,2.1,164.49,57.78,240.22,1
2026-02-08 13:00:00,28.0,87.19,91.93,2.1,166.02,57.54,239.71,0
2026-02-08 14:00:00,26.55,82.85,91.27,2.1,164.45,58.0,242.04,0
2026-02-08 15:00:00,27.87,82.55,92.0,2.1,164.23,57.41,243.56,1
2026-02-08 16:00:00,26.48,91.6,91.37,2.1,166.57,57.22,245.66,0
2026-02-08 17:00:00,27.41,88.59,91.27,2.1,169.71,57.72,242.5,0
2026-02-08 18:00:00,25.17,88.3,90.73,2.1,166.46,57.91,239.83,0
2026-02-08 19:00:00,25.4,88.0,90.56,2.1,166.46,58.98,245.21,0
2026-02-08 20:00:00,24.58,89.34,90.31,2.1,166.89,59.41,240.9,0
2026-02-08 21:00:00,25.27,86.4,90.16,2.1,164.1,58.63,237.86,0
2026-02-08 22:00:00,23.48,90.91,90.32,2.1,165.58,58.3,237.82,0
2026-02-08 23:00:00,23.37,91.56,90.37,2.1,165.77,58.43,237.79,0
2026-02-09 00:00:00,23.37,90.16,90.17,2.1,166.09,59.74,236.31,0
2026-02-09 01:00:00,23.03,91.57,90.48,2.1,164.39,59.38,237.78,0
2026-02-09 02:00:00,23.03,96.55,90.54,2.1,165.16,57.9,239.9,0
2026-02-09 03:00:00,22.33,93.23,90.21,2.1,166.66,58.42,239.61,0
2026-02-09 04:00:00,21.77,98.16,89.59,2.2,166.82,57.85,238.7,0
2026-02-09 05:00:00,21.98,89.51,89.27,2.2,165.83,56.82,238.46,0
2026-02-09 06:00:00,22.73,91.42,92.0,2.1,165.01,56.99,237.05,1
2026-02-09 07:00:00,23.6,88.0,91.98,2.1,165.41,58.01,232.7,0
2026-02-09 08:00:00,24.13,87.3,91.82,2.1,165.48,57.62,233.57,0
2026-02-09 09:00:00,25.17,86.61,90.92,2.1,167.09,58.2,235.55,0
2026-02-09 10:00:00,24.79,87.69,90.22,2.1,166.14,58.92,235.14,0
2026-02-09 11:00:00,27.23,86.42,89.28,2.1,163.9,59.73,229.47,0
2026-02-09 12:00:00,27.29,83.57,92.0,2.1,164.59,59.14,228.32,1
2026-02-09 13:00:00,28.1,80.4,91.22,1.9,163.75,58.21,230.92,0
2026-02-09 14:00:00,27.24,88.15,90.75,2.1,165.21,57.44,227.52,0
2026-02-09 15:00:00,25.68,84.55,92.0,2.1,165.21,58.29,229.64,1
2026-02-09 16:00:00,26.52,83.18,91.14,2.1,166.38,59.0,228.79,0
2026-02-09 17:00:00,26.28,86.86,90.31,2.1,164.5,58.23,229.06,0
2026-02-09 18:00:00,26.59,87.45,89.2,2.1,164.78,60.26,227.64,0
2026-02-09 19:00:00,23.85,87.13,89.06,2.1,163.53,59.35,225.17,0
2026-02-09 20:00:00,25.0,89.07,88.63,2.1,161.39,60.33,229.24,0
2026-02-09 21:00:00,24.84,87.12,88.93,2.1,159.99,61.74,231.57,0
2026-02-09 22:00:00,23.37,92.23,88.85,2.1,159.21,61.85,233.36,0
2026-02-09 23:00:00,23.46,89.21,88.59,2.1,161.68,61.16,235.71,0
2026-02-10 00:00:00,22.46,90.81,88.2,2.1,160.78,60.51,236.93,0
2026-02-10 01:00:00,22.01,94.19,87.55,2.1,158.66,60.32,239.19,0
2026-02-10 02:00:00,22.0,95.87,86.94,2.1,159.15,61.35,237.32,0
2026-02-10 03:00:00,21.59,96.99,86.55,2.2,159.44,60.29,240.65,0
2026-02-10 04:00:00,22.65,95.92,86.14,2.1,158.78,58.68,243.59,0
2026-02-10 05:00:00,21.67,92.62,85.64,2.2,158.74,59.11,244.11,0
2026-02-10 06:00:00,21.99,89.18,92.0,2.2,160.74,59.72,242.94,1
2026-02-10 07:00:00,24.81,94.49,91.95,2.1,162.12,61.56,239.48,0
2026-02-10 08:00:00,25.02,92.98,91.24,2.1,163.29,60.33,239.83,0
2026-02-10 09:00:00,23.66,86.96,91.26,2.1,161.23,60.26,243.8,0
2026-02-10 10:00:00,25.39,89.03,90.16,2.1,166.57,61.35,240.46,0
2026-02-10 11:00:00,26.89,85.1,89.6,2.1,168.4,61.48,242.73,0
2026-02-10 12:00:00,27.4,88.37,92.0,2.1,169.2,61.32,241.17,1
2026-02-10 13:00:00,26.11,83.67,91.26,2.1,166.93,62.05,239.89,0
2026-02-10 14:00:00,28.17,89.25,90.46,1.9,168.56,61.51,236.71,0
2026-02-10 15:00:00,27.74,86.91,92.0,2.1,167.52,62.29,234.74,1
2026-02-10 16:00:00,27.19,89.59,91.35,2.1,167.07,61.16,236.37,0
2026-02-10 17:00:00,27.53,85.24,90.64,2.1,163.96,59.81,238.23,0
2026-02-10 18:00:00,26.36,87.89,89.68,2.1,161.77,59.63,238.66,0
2026-02-10 19:00:00,25.86,85.71,88.98,2.1,162.68,57.4,237.22,0
2026-02-10 20:00:00,26.22,90.6,88.68,2.1,164.59,57.61,234.35,0
2026-02-10 21:00:00,25.31,91.64,88.36,2.1,165.84,56.18,234.54,0
2026-02-10 22:00:00,23.22,95.83,88.09,2.1,166.98,56.61,233.65,0
2026-02-10 23:00:00,23.91,92.46,87.86,2.1,166.78,56.94,234.25,0
2026-02-11 00:00:00,22.43,93.74,87.5,2.1,165.98,57.03,233.48,0
2026-02-11 01:00:00,23.0,91.72,87.23,2.1,166.46,57.57,232.82,0
2026-02-11 02:00:00,22.71,94.41,86.77,2.1,167.88,57.89,233.32,0
2026-02-11 03:00:00,21.05,92.67,87.03,2.2,167.77,57.75,234.29,0
2026-02-11 04:00:00,22.0,93.85,86.59,2.1,169.84,59.52,237.38,0
2026-02-11 05:00:00,22.47,93.72,86.28,2.1,169.26,59.95,236.42,0
2026-02-11 06:00:00,22.36,91.8,92.0,2.1,167.32,60.71,237.71,1
2026-02-11 07:00:00,23.65,91.54,91.57,2.1,167.21,61.71,242.09,0
2026-02-11 08:00:00,24.89,89.14,91.01,2.1,167.31,62.32,243.16,0
2026-02-11 09:00:00,25.13,87.6,90.41,2.1,167.07,64.17,245.67,0
2026-02-11 10:00:00,26.18,89.37,89.7,2.1,169.3,64.25,243.58,0
2026-02-11 11:00:00,27.8,86.22,89.02,2.1,170.57,64.18,241.35,0
2026-02-11 12:00:00,27.52,85.83,92.0,2.1,167.78,63.53,240.64,1
2026-02-11 13:00:00,27.46,81.59,91.53,2.1,170.43,63.25,240.22,0
2026-02-11 14:00:00,26.48,85.83,91.57,2.1,165.27,62.56,242.64,0
2026-02-11 15:00:00,27.61,86.35,92.0,2.1,169.14,63.15,240.43,1
2026-02-11 16:00:00,27.07,84.76,91.53,2.1,168.45,62.3,239.94,0
2026-02-11 17:00:00,27.47,90.84,90.96,2.1,167.97,62.35,242.38,0
2026-02-11 18:00:00,26.04,81.96,90.59,2.1,167.75,62.85,242.55,0
2026-02-11 19:00:00,24.05,89.57,90.59,2.1,168.33,62.96,242.14,0
2026-02-11 20:00:00,23.61,90.31,90.45,2.1,168.2,62.12,242.38,0
2026-02-11 21:00:00,25.02,90.85,90.23,2.1,167.83,62.75,239.19,0
2026-02-11 22:00:00,23.44,90.95,89.89,2.1,170.07,62.65,236.13,0
2026-02-11 23:00:00,23.75,92.61,89.46,2.1,170.89,60.04,232.1,0
2026-02-12 00:00:00,23.05,94.05,89.23,2.1,168.93,59.22,232.76,0
2026-02-12 01:00:00,22.46,91.16,88.64,2.1,170.1,60.56,235.17,0
2026-02-12 02:00:00,22.25,93.88,88.26,2.1,170.84,61.94,237.08,0
2026-02-12 03:00:00,21.46,93.1,88.4,2.2,169.63,62.42,239.83,0
2026-02-12 04:00:00,22.09,91.19,88.23,2.1,170.87,63.11,243.22,0
2026-02-12 05:00:00,21.79,94.91,88.29,2.2,170.35,62.37,243.17,0
2026-02-12 06:00:00,22.41,91.33,92.0,2.1,169.74,62.13,242.6,1
2026-02-12 07:00:00,23.14,88.1,91.74,2.1,169.1,63.24,245.91,0
2026-02-12 08:00:00,24.07,88.78,91.24,2.1,164.56,63.58,243.62,0
2026-02-12 09:00:00,25.89,86.68,90.58,2.1,163.63,63.59,240.24,0
2026-02-12 10:00:00,25.9,89.26,89.76,2.1,164.97,63.38,239.13,0
2026-02-12 11:00:00,27.51,86.17,88.88,2.1,164.93,64.39,237.78,0
2026-02-12 12:00:00,28.37,88.11,92.0,1.9,162.62,65.33,237.77,1
2026-02-12 13:00:00,27.98,83.33,91.47,2.1,164.45,65.82,235.5,0
2026-02-12 14:00:00,27.67,86.82,91.44,2.1,163.94,65.76,236.4,0
2026-02-12 15:00:00,27.34,91.43,92.0,2.1,161.78,65.33,234.91,1
2026-02-12 16:00:00,27.5,86.42,91.19,2.1,165.88,65.85,237.98,0
2026-02-12 17:00:00,26.51,88.15,90.87,2.1,163.95,64.74,234.85,0
2026-02-12 18:00:00,26.79,88.53,90.19,2.1,165.57,63.86,234.51,0
2026-02-12 19:00:00,25.99,84.71,90.35,2.1,164.17,62.5,233.69,0
2026-02-12 20:00:00,24.68,90.03,90.0,2.1,164.44,63.59,234.34,0
2026-02-12 21:00:00,25.14,90.33,89.47,2.1,162.84,62.9,236.69,0
2026-02-12 22:00:00,23.97,89.99,89.03,2.1,160.7,63.23,237.27,0
2026-02-12 23:00:00,23.32,89.46,88.6,2.1,161.81,63.08,236.83,0
2026-02-13 00:00:00,22.58,93.67,88.15,2.1,162.67,65.66,238.47,0
2026-02-13 01:00:00,22.73,90.62,87.78,2.1,164.82,65.95,240.4,0
2026-02-13 02:00:00,23.12,97.91,87.83,2.1,164.77,64.15,240.81,0
2026-02-13 03:00:00,22.87,93.76,88.17,2.1,168.77,65.14,241.49,0
2026-02-13 04:00:00,22.38,90.91,87.57,2.1,169.1,64.7,242.78,0
2026-02-13 05:00:00,22.74,92.2,87.74,2.1,169.96,64.44,238.28,0
2026-02-13 06:00:00,23.73,91.96,92.0,2.1,167.32,63.76,237.24,1
2026-02-13 07:00:00,23.28,96.71,91.9,2.1,166.12,63.88,238.07,0
2026-02-13 08:00:00,23.36,88.02,90.85,2.1,167.01,63.99,237.18,0
2026-02-13 09:00:00,26.19,88.18,90.43,2.1,166.78,63.35,236.35,0
2026-02-13 10:00:00,25.58,85.82,89.25,2.1,167.04,62.85,237.22,0
2026-02-13 11:00:00,26.14,86.93,88.77,2.1,165.49,62.92,238.11,0
2026-02-13 12:00:00,25.71,83.92,92.0,2.1,165.69,60.78,239.12,1
2026-02-13 13:00:00,27.76,82.29,91.47,2.1,165.88,59.52,236.93,0
2026-02-13 14:00:00,25.95,84.47,90.67,2.1,163.72,61.1,233.29,0
2026-02-13 15:00:00,26.48,84.52,92.0,2.1,164.93,61.42,235.39,1
2026-02-13 16:00:00,27.27,84.34,91.53,2.1,161.87,60.97,233.51,0
2026-02-13 17:00:00,27.02,85.07,90.89,2.1,162.33,59.47,231.56,0
2026-02-13 18:00:00,25.48,89.61,90.52,2.1,165.61,59.5,229.48,0
2026-02-13 19:00:00,25.4,87.14,90.28,2.1,166.81,60.46,232.63,0
2026-02-13 20:00:00,24.27,86.24,90.23,2.1,167.95,62.88,233.28,0
2026-02-13 21:00:00,23.99,88.64,89.99,2.1,166.22,64.56,234.22,0
2026-02-13 22:00:00,24.11,90.68,89.85,2.1,169.35,63.68,235.98,0
2026-02-13 23:00:00,23.0,88.46,89.82,2.1,171.66,63.18,235.83,0
2026-02-14 00:00:00,22.76,95.72,89.5,2.1,169.87,61.82,238.32,0
2026-02-14 01:00:00,21.42,94.67,88.93,2.2,168.82,61.07,235.16,0
2026-02-14 02:00:00,23.23,96.37,88.81,2.1,170.93,60.91,232.44,0
2026-02-14 03:00:00,22.56,94.37,88.96,2.1,173.93,60.61,229.71,0
2026-02-14 04:00:00,22.73,88.99,88.85,2.1,171.29,62.5,231.03,0
2026-02-14 05:00:00,23.29,96.71,88.74,2.1,169.23,61.3,232.5,0
2026-02-14 06:00:00,22.05,90.67,92.0,2.1,168.81,61.28,231.44,1
2026-02-14 07:00:00,23.11,89.68,92.0,2.1,164.75,59.45,231.04,0
2026-02-14 08:00:00,22.73,90.31,91.39,2.1,164.79,59.82,234.41,0
2026-02-14 09:00:00,27.66,91.47,90.67,2.1,166.93,58.68,232.7,0
2026-02-14 10:00:00,25.88,89.32,90.42,2.1,164.27,59.77,233.55,0
2026-02-14 11:00:00,27.52,87.82,89.68,2.1,164.52,59.58,231.91,0
2026-02-14 12:00:00,26.15,84.38,92.0,2.1,163.5,58.39,234.81,1
2026-02-14 13:00:00,28.1,84.08,91.74,1.9,166.51,56.6,236.39,0
2026-02-14 14:00:00,28.73,85.66,91.32,1.9,165.42,55.88,232.82,0
2026-02-14 15:00:00,27.03,84.89,92.0,2.1,168.14,56.28,232.28,1
2026-02-14 16:00:00,25.99,87.6,91.43,2.1,166.94,56.83,227.22,0
2026-02-14 17:00:00,26.33,88.08,90.79,2.1,168.25,56.54,229.86,0
2026-02-14 18:00:00,24.22,88.3,90.08,2.1,168.57,57.54,235.23,0
2026-02-14 19:00:00,25.47,82.28,89.91,2.1,168.18,56.65,229.77,0
2026-02-14 20:00:00,25.63,89.02,89.94,2.1,166.63,54.18,226.46,0
2026-02-14 21:00:00,24.4,89.42,89.59,2.1,167.15,54.66,227.31,0
2026-02-14 22:00:00,23.67,90.93,89.34,2.1,166.27,56.05,227.65,0
2026-02-14 23:00:00,23.82,89.74,89.06,2.1,164.98,57.39,226.99,0
2026-02-15 00:00:00,23.44,89.23,89.21,2.1,167.63,56.36,223.04,0
2026-02-15 01:00:00,21.27,93.78,88.93,2.2,168.51,56.04,224.45,0
2026-02-15 02:00:00,22.4,92.44,88.36,2.1,169.53,56.87,227.2,0
2026-02-15 03:00:00,24.11,94.77,87.68,2.1,168.64,56.46,234.7,0
2026-02-15 04:00:00,21.03,92.12,87.59,2.2,168.16,56.72,237.99,0
2026-02-15 05:00:00,22.19,96.45,87.16,2.1,167.59,56.24,234.59,0
2026-02-15 06:00:00,24.26,94.77,92.0,2.1,168.09,55.43,234.58,1
2026-02-15 07:00:00,24.28,92.05,91.4,2.1,169.12,54.82,236.08,0
2026-02-15 08:00:00,23.84,89.49,90.67,2.1,168.9,55.89,234.31,0
2026-02-15 09:00:00,25.32,90.31,89.7,2.1,167.32,56.09,236.29,0
2026-02-15 10:00:00,26.0,87.86,89.25,2.1,168.6,57.41,237.99,0
2026-02-15 11:00:00,26.09,86.35,88.87,2.1,168.51,58.02,240.93,0
2026-02-15 12:00:00,27.08,87.36,92.0,2.1,165.78,59.58,242.64,1
2026-02-15 13:00:00,27.08,87.94,91.09,2.1,161.9,60.39,242.97,0
2026-02-15 14:00:00,27.33,82.14,90.28,2.1,162.56,61.12,240.98,0
2026-02-15 15:00:00,26.48,82.87,92.0,2.1,161.17,61.04,237.45,1
2026-02-15 16:00:00,25.78,83.92,90.92,2.1,162.1,63.78,237.87,0
2026-02-15 17:00:00,26.41,82.95,90.27,2.1,160.82,63.83,236.72,0
2026-02-15 18:00:00,27.37,86.86,90.14,2.1,161.22,62.0,235.86,0
2026-02-15 19:00:00,25.57,89.16,89.87,2.1,160.69,62.24,238.63,0
2026-02-15 20:00:00,24.71,88.69,89.22,2.1,164.02,61.35,241.87,0
2026-02-15 21:00:00,25.03,88.48,88.83,2.1,165.77,62.28,238.43,0
2026-02-15 22:00:00,23.77,93.04,88.44,2.1,168.16,62.93,237.74,0
2026-02-15 23:00:00,24.89,91.71,88.87,2.1,168.08,62.73,236.52,0
2026-02-16 00:00:00,22.96,92.9,89.17,2.1,169.44,61.9,237.23,0
2026-02-16 01:00:00,23.16,95.3,89.19,2.1,169.42,62.04,231.45,0
2026-02-16 02:00:00,21.72,92.95,88.88,2.2,171.89,61.46,227.98,0
2026-02-16 03:00:00,22.56,98.04,89.04,2.1,171.49,62.19,228.03,0
2026-02-16 04:00:00,22.32,92.61,88.5,2.1,168.71,62.68,230.35,0
2026-02-16 05:00:00,22.21,97.73,88.62,2.1,164.97,65.3,230.77,0
2026-02-16 06:00:00,22.31,90.43,92.0,2.1,167.97,64.8,232.66,1
2026-02-16 07:00:00,22.89,92.54,91.75,2.1,168.71,64.45,233.27,0
2026-02-16 08:00:00,24.47,88.55,91.53,2.1,169.54,64.23,236.55,0
2026-02-16 09:00:00,25.65,90.9,90.82,2.1,172.04,64.07,240.18,0
2026-02-16 10:00:00,25.9,85.95,89.86,2.1,168.79,64.93,238.02,0
2026-02-16 11:00:00,26.92,86.47,89.58,2.1,167.99,64.59,240.08,0
2026-02-16 12:00:00,27.11,83.63,92.0,2.1,167.45,66.29,241.1,1
2026-02-16 13:00:00,27.38,86.86,91.6,2.1,168.69,66.68,247.05,0
2026-02-16 14:00:00,27.08,83.45,91.56,2.1,167.29,66.11,244.46,0
2026-02-16 15:00:00,27.09,88.88,92.0,2.1,165.04,65.32,243.69,1
2026-02-16 16:00:00,28.96,83.45,91.36,1.9,162.86,66.15,240.68,0
2026-02-16 17:00:00,26.69,83.3,91.25,2.1,165.01,66.06,237.96,0
2026-02-16 18:00:00,26.52,89.09,90.87,2.1,163.67,65.94,238.78,0
2026-02-16 19:00:00,25.85,86.54,90.45,2.1,162.73,65.28,239.1,0
2026-02-16 20:00:00,24.76,88.72,89.96,2.1,163.97,65.13,240.25,0
2026-02-16 21:00:00,25.46,88.95,89.59,2.1,162.75,64.46,241.29,0
2026-02-16 22:00:00,23.66,87.67,89.17,2.1,159.77,65.61,240.38,0
2026-02-16 23:00:00,24.24,91.23,89.03,2.1,157.13,66.15,239.51,0
2026-02-17 00:00:00,22.69,94.93,88.85,2.1,157.35,65.87,236.86,0
2026-02-17 01:00:00,21.83,94.97,88.74,2.2,158.55,65.58,235.01,0
2026-02-17 02:00:00,22.62,93.73,88.28,2.1,158.44,65.56,234.87,0
2026-02-17 03:00:00,21.27,95.95,88.06,2.2,159.48,65.45,235.37,0
2026-02-17 04:00:00,22.53,91.27,87.25,2.1,156.8,64.48,237.13,0
2026-02-17 05:00:00,21.3,92.62,87.09,2.2,154.34,62.7,238.54,0
2026-02-17 06:00:00,22.45,93.44,92.0,2.1,158.83,61.96,242.26,1
2026-02-17 07:00:00,22.25,91.11,91.37,2.1,161.29,61.84,239.46,0
2026-02-17 08:00:00,26.51,89.42,90.94,2.1,162.82,61.18,238.66,0
2026-02-17 09:00:00,23.83,85.79,90.19,2.1,161.72,61.95,236.26,0
2026-02-17 10:00:00,26.01,82.42,89.86,2.1,161.43,61.74,239.39,0
2026-02-17 11:00:00,27.61,87.63,89.32,2.1,161.57,63.43,237.92,0
2026-02-17 12:00:00,27.97,85.6,92.0,2.1,164.07,62.89,240.66,1
2026-02-17 13:00:00,27.98,86.78,91.43,2.1,164.83,62.99,244.01,0
2026-02-17 14:00:00,26.99,83.93,91.25,2.1,165.79,62.7,244.59,0
2026-02-17 15:00:00,28.16,83.61,92.0,1.9,165.45,63.07,244.84,1
2026-02-17 16:00:00,27.53,85.65,91.2,2.1,166.86,64.0,244.45,0
2026-02-17 17:00:00,26.61,88.14,90.65,2.1,167.33,64.49,243.18,0
2026-02-17 18:00:00,26.19,86.49,89.96,2.1,167.32,62.58,241.68,0
2026-02-17 19:00:00,25.26,89.6,89.8,2.1,165.89,63.02,240.98,0
2026-02-17 20:00:00,24.24,86.53,89.47,2.1,165.65,62.08,245.24,0
2026-02-17 21:00:00,25.42,89.3,89.06,2.1,163.68,61.8,242.12,0
2026-02-17 22:00:00,24.95,90.41,88.91,2.1,163.66,62.42,242.28,0
2026-02-17 23:00:00,22.69,94.1,88.73,2.1,163.87,61.4,243.69,0
2026-02-18 00:00:00,22.84,92.6,88.85,2.1,159.59,62.46,242.55,0
2026-02-18 01:00:00,22.48,96.6,88.52,2.1,159.39,62.13,243.21,0
2026-02-18 02:00:00,22.3,90.25,87.73,2.1,157.5,64.08,239.04,0
2026-02-18 03:00:00,22.21,93.79,87.42,2.1,158.7,64.08,242.15,0
2026-02-18 04:00:00,22.86,93.99,86.73,2.1,160.1,65.55,244.62,0
2026-02-18 05:00:00,21.66,94.7,86.65,2.2,159.52,66.52,243.89,0
2026-02-18 06:00:00,22.03,90.78,92.0,2.1,160.73,65.84,241.25,1
2026-02-18 07:00:00,24.39,95.11,91.5,2.1,161.97,64.55,242.92,0
2026-02-18 08:00:00,23.88,89.99,90.83,2.1,161.67,64.57,239.65,0
2026-02-18 09:00:00,24.14,86.04,90.73,2.1,164.57,63.97,236.91,0
2026-02-18 10:00:00,25.61,86.96,89.83,2.1,163.28,65.34,236.68,0
2026-02-18 11:00:00,26.43,85.14,89.25,2.1,166.0,65.01,240.39,0
2026-02-18 12:00:00,28.39,91.19,92.0,1.9,165.55,64.65,241.72,1
2026-02-18 13:00:00,28.04,87.11,91.86,1.9,164.01,63.32,239.77,0
2026-02-18 14:00:00,28.16,85.01,91.5,1.9,163.42,63.65,235.32,0
2026-02-18 15:00:00,27.73,84.93,92.0,2.1,161.5,62.55,235.41,1
2026-02-18 16:00:00,27.56,87.73,91.67,2.1,163.06,62.93,236.02,0
2026-02-18 17:00:00,25.89,88.45,90.73,2.1,160.25,63.42,235.79,0
2026-02-18 18:00:00,25.84,80.59,90.27,2.1,162.94,62.71,240.26,0
2026-02-18 19:00:00,24.71,89.25,90.31,2.1,161.34,63.55,239.67,0
2026-02-18 20:00:00,24.8,88.8,89.82,2.1,162.99,63.25,233.73,0
2026-02-18 21:00:00,24.98,86.78,89.44,2.1,163.11,61.89,232.78,0
2026-02-18 22:00:00,24.0,92.5,88.99,2.1,163.68,63.28,234.02,0
2026-02-18 23:00:00,24.45,96.34,89.02,2.1,162.67,62.42,235.04,0
2026-02-19 00:00:00,22.05,93.37,88.8,2.1,163.4,62.86,234.6,0
2026-02-19 01:00:00,23.0,95.18,88.5,2.1,163.7,63.22,233.76,0
2026-02-19 02:00:00,21.33,97.19,87.92,2.2,161.13,63.53,228.82,0
2026-02-19 03:00:00,22.23,91.68,87.7,2.1,159.55,63.82,229.35,0
2026-02-19 04:00:00,22.69,89.51,87.32,2.1,158.8,62.89,228.78,0
2026-02-19 05:00:00,22.09,94.78,87.2,2.1,157.69,64.39,229.72,0
2026-02-19 06:00:00,23.15,92.03,92.0,2.1,160.23,65.18,231.21,1
2026-02-19 07:00:00,22.63,88.38,91.85,2.1,160.44,65.51,234.5,0
2026-02-19 08:00:00,22.92,89.79,91.16,2.1,159.22,64.2,232.14,0
2026-02-19 09:00:00,25.6,90.04,90.22,2.1,158.57,63.26,229.05,0
2026-02-19 10:00:00,27.4,86.67,89.23,2.1,157.92,63.81,227.91,0
2026-02-19 11:00:00,25.89,84.1,88.3,2.1,157.68,61.95,226.42,0
2026-02-19 12:00:00,28.12,84.57,92.0,1.9,156.04,62.26,224.79,1
2026-02-19 13:00:00,27.33,84.76,91.45,2.1,154.93,61.05,228.91,0
2026-02-19 14:00:00,26.17,80.65,90.95,2.1,156.71,60.3,229.59,0
2026-02-19 15:00:00,26.17,84.87,92.0,2.1,157.38,59.08,234.79,1
2026-02-19 16:00:00,26.82,82.68,91.19,2.1,157.41,59.39,234.79,0
2026-02-19 17:00:00,26.12,87.71,90.93,2.1,157.72,60.47,231.87,0
2026-02-19 18:00:00,24.95,83.57,90.23,2.1,157.93,60.83,230.01,0
2026-02-19 19:00:00,24.15,90.07,90.16,2.1,157.83,61.28,232.82,0
2026-02-19 20:00:00,24.29,87.84,89.9,2.1,159.05,61.45,230.09,0
2026-02-19 21:00:00,24.58,88.47,89.81,2.1,160.09,62.08,231.73,0
2026-02-19 22:00:00,23.89,91.21,89.54,2.1,157.45,62.5,231.01,0
2026-02-19 23:00:00,23.0,89.49,89.46,2.1,157.52,60.04,228.88,0
2026-02-20 00:00:00,23.12,92.76,89.25,2.1,155.11,60.92,232.65,0
2026-02-20 01:00:00,23.43,91.15,89.29,2.1,156.65,61.67,231.3,0
2026-02-20 02:00:00,22.64,91.99,88.85,2.1,158.36,61.35,229.42,0
2026-02-20 03:00:00,22.06,94.4,88.11,2.1,157.53,59.6,229.5,0
2026-02-20 04:00:00,22.84,91.1,87.62,2.1,157.62,59.89,228.5,0
2026-02-20 05:00:00,21.49,90.55,87.74,2.2,154.11,60.24,234.36,0
2026-02-20 06:00:00,22.53,93.12,92.0,2.1,156.3,59.9,237.05,1
2026-02-20 07:00:00,23.24,91.34,91.82,2.1,157.92,60.13,235.47,0
2026-02-20 08:00:00,23.26,90.34,90.95,2.1,160.28,61.15,234.26,0
2026-02-20 09:00:00,24.82,89.16,90.4,2.1,163.14,63.34,229.24,0
2026-02-20 10:00:00,24.34,87.13,89.53,2.1,161.01,63.43,229.88,0
2026-02-20 11:00:00,28.22,87.17,88.68,1.9,162.77,63.69,228.26,0
2026-02-20 12:00:00,26.39,85.28,92.0,2.1,165.52,62.89,228.82,1
2026-02-20 13:00:00,28.57,80.4,91.54,1.9,162.81,62.42,224.21,0
2026-02-20 14:00:00,27.27,81.05,91.12,2.1,162.59,62.28,224.69,0
2026-02-20 15:00:00,27.53,89.42,92.0,2.1,162.03,63.33,229.45,1
2026-02-20 16:00:00,26.41,85.64,90.94,2.1,163.69,64.03,229.86,0
2026-02-20 17:00:00,26.61,88.35,90.36,2.1,159.44,65.7,228.18,0
2026-02-20 18:00:00,26.52,86.24,89.72,2.1,162.93,64.25,228.47,0
2026-02-20 19:00:00,26.04,87.71,89.05,2.1,162.81,62.99,228.64,0
2026-02-20 20:00:00,25.59,87.74,88.85,2.1,164.54,63.96,234.44,0
2026-02-20 21:00:00,24.13,95.08,88.57,2.1,164.45,65.2,233.63,0
2026-02-20 22:00:00,23.51,91.12,88.52,2.1,165.36,65.13,230.69,0
2026-02-20 23:00:00,22.12,90.22,88.34,2.1,161.17,61.02,230.96,0
2026-02-21 00:00:00,23.38,88.51,87.98,2.1,160.63,60.38,231.65,0
2026-02-21 01:00:00,23.46,97.1,88.05,2.1,162.33,60.73,233.22,0
2026-02-21 02:00:00,23.62,92.86,87.18,2.1,162.96,59.96,235.2,0
2026-02-21 03:00:00,22.4,95.14,86.96,2.1,160.09,60.19,240.08,0
2026-02-21 04:00:00,21.49,95.48,86.23,2.2,160.4,61.95,238.34,0
2026-02-21 05:00:00,20.9,92.32,85.76,2.2,159.11,63.24,236.46,0
2026-02-21 06:00:00,23.54,94.05,92.0,2.1,157.71,63.93,231.75,1
2026-02-21 07:00:00,21.96,90.07,91.42,2.2,155.27,63.81,233.56,0
2026-02-21 08:00:00,23.98,87.79,90.43,2.1,156.77,63.31,231.42,0
2026-02-21 09:00:00,24.97,91.0,90.57,2.1,159.1,63.95,233.83,0
2026-02-21 10:00:00,25.94,86.65,89.59,2.1,163.16,63.92,232.66,0
2026-02-21 11:00:00,26.72,86.97,89.5,2.1,160.58,63.92,237.09,0
2026-02-21 12:00:00,27.25,85.97,92.0,2.1,162.14,62.46,233.4,1
2026-02-21 13:00:00,25.37,86.2,91.27,2.1,163.75,61.8,236.04,0
2026-02-21 14:00:00,27.25,81.47,90.86,2.1,162.75,62.49,238.24,0
2026-02-21 15:00:00,25.29,83.89,92.0,2.1,161.19,61.48,239.4,1
2026-02-21 16:00:00,27.39,84.93,91.07,2.1,159.39,61.74,236.39,0
2026-02-21 17:00:00,26.0,84.43,90.34,2.1,158.67,62.12,237.64,0
2026-02-21 18:00:00,24.27,87.94,90.03,2.1,159.28,62.54,237.83,0
2026-02-21 19:00:00,24.85,90.45,89.91,2.1,161.96,63.02,233.11,0
2026-02-21 20:00:00,24.52,91.7,90.03,2.1,164.07,63.56,237.1,0
2026-02-21 21:00:00,25.38,88.91,89.98,2.1,161.2,62.95,236.13,0
2026-02-21 22:00:00,24.05,91.2,90.32,2.1,159.93,61.6,239.78,0
2026-02-21 23:00:00,23.68,92.38,90.17,2.1,162.48,60.83,239.37,0
2026-02-22 00:00:00,23.91,93.51,90.03,2.1,161.26,61.52,241.61,0
2026-02-22 01:00:00,22.52,90.83,89.93,2.1,161.31,60.45,239.13,0
2026-02-22 02:00:00,22.93,97.22,89.68,2.1,158.39,59.56,239.46,0
2026-02-22 03:00:00,22.7,95.54,89.73,2.1,160.73,58.69,239.6,0
2026-02-22 04:00:00,21.07,95.7,89.6,2.2,157.45,57.13,238.56,0
2026-02-22 05:00:00,23.44,95.98,89.64,2.1,154.8,56.25,236.21,0
2026-02-22 06:00:00,21.57,93.75,92.0,2.2,157.1,57.32,228.48,1
2026-02-22 07:00:00,24.13,89.14,91.92,2.1,160.87,56.81,226.69,0
2026-02-22 08:00:00,23.03,89.66,91.52,2.1,160.51,55.4,228.86,0
2026-02-22 09:00:00,25.63,84.8,90.64,2.1,160.61,55.13,225.68,0
2026-02-22 10:00:00,27.49,87.91,89.89,2.1,162.42,55.8,223.17,0
2026-02-22 11:00:00,26.52,85.46,89.56,2.1,163.04,54.34,220.18,0
2026-02-22 12:00:00,26.94,84.98,92.0,2.1,162.45,55.42,221.44,1
2026-02-22 13:00:00,27.79,87.45,90.83,2.1,161.68,54.32,219.88,0
2026-02-22 14:00:00,26.98,83.89,90.08,2.1,158.99,54.2,223.69,0
2026-02-22 15:00:00,28.53,84.63,92.0,1.9,159.65,54.07,226.09,1
2026-02-22 16:00:00,26.96,85.69,91.15,2.1,159.7,53.8,227.04,0
2026-02-22 17:00:00,26.18,82.21,90.33,2.1,159.12,53.99,228.2,0
2026-02-22 18:00:00,25.57,86.41,89.9,2.1,157.55,54.93,226.63,0
2026-02-22 19:00:00,24.76,82.37,90.17,2.1,156.23,55.1,225.14,0
2026-02-22 20:00:00,24.47,87.45,89.35,2.1,157.69,54.76,227.41,0
2026-02-22 21:00:00,24.15,91.54,89.09,2.1,159.57,55.39,230.07,0
2026-02-22 22:00:00,23.51,91.54,89.03,2.1,159.2,55.78,232.08,0
2026-02-22 23:00:00,22.87,90.09,89.06,2.1,158.66,55.36,231.05,0
2026-02-23 00:00:00,24.64,92.23,88.95,2.1,157.37,55.6,230.27,0
2026-02-23 01:00:00,21.77,90.39,89.28,2.2,159.36,55.11,228.17,0
2026-02-23 02:00:00,22.44,93.21,89.09,2.1,159.65,54.54,230.43,0
2026-02-23 03:00:00,22.63,99.95,89.28,2.1,160.52,55.49,225.76,0
2026-02-23 04:00:00,22.6,97.66,88.88,2.1,161.35,56.09,220.71,0
2026-02-23 05:00:00,22.21,93.45,88.7,2.1,160.94,56.96,216.41,0
2026-02-23 06:00:00,22.52,92.92,92.0,2.1,159.0,57.68,211.99,1
2026-02-23 07:00:00,23.76,89.24,92.0,2.1,157.45,57.01,216.53,0
2026-02-23 08:00:00,24.46,88.2,91.4,2.1,159.78,58.06,219.42,0
2026-02-23 09:00:00,24.94,89.23,90.94,2.1,158.68,57.91,217.2,0
2026-02-23 10:00:00,24.75,85.85,90.27,2.1,158.2,58.87,217.83,0
2026-02-23 11:00:00,26.32,87.82,89.87,2.1,156.43,58.85,222.35,0
2026-02-23 12:00:00,26.23,88.52,92.0,2.1,154.58,59.23,224.23,1
2026-02-23 13:00:00,26.77,85.53,91.12,2.1,153.61,59.62,230.06,0
2026-02-23 14:00:00,27.27,85.12,90.25,2.1,157.11,60.43,230.02,0
2026-02-23 15:00:00,27.36,81.48,92.0,2.1,158.61,59.0,228.63,1
2026-02-23 16:00:00,28.23,87.29,91.61,1.9,157.92,57.67,226.25,0
2026-02-23 17:00:00,26.01,83.74,91.59,2.1,160.15,58.41,226.74,0
2026-02-23 18:00:00,26.62,86.08,91.1,2.1,160.07,58.84,229.5,0
2026-02-23 19:00:00,25.75,89.95,91.19,2.1,162.7,58.23,230.02,0
2026-02-23 20:00:00,26.01,91.01,90.5,2.1,166.78,58.67,229.37,0
2026-02-23 21:00:00,24.89,88.63,90.9,2.1,168.56,57.51,232.8,0
2026-02-23 22:00:00,23.09,89.66,90.88,2.1,168.58,60.58,234.23,0
2026-02-23 23:00:00,22.02,89.86,90.66,2.1,169.7,61.8,233.98,0
2026-02-24 00:00:00,23.21,89.51,90.41,2.1,169.54,62.37,232.12,0
2026-02-24 01:00:00,22.17,91.36,89.88,2.1,166.05,62.42,231.63,0
2026-02-24 02:00:00,21.54,89.67,89.43,2.2,164.83,61.86,232.98,0
2026-02-24 03:00:00,21.14,95.01,89.8,2.2,163.13,60.68,231.13,0
2026-02-24 04:00:00,22.23,94.47,89.31,2.1,161.98,60.62,228.24,0
2026-02-24 05:00:00,23.46,94.57,88.8,2.1,165.33,59.89,227.37,0
2026-02-24 06:00:00,22.38,90.47,92.0,2.1,167.34,59.23,227.63,1
2026-02-24 07:00:00,23.87,88.77,91.44,2.1,168.04,58.04,231.41,0
2026-02-24 08:00:00,24.17,90.08,90.88,2.1,169.38,58.38,228.69,0
2026-02-24 09:00:00,24.12,88.58,90.64,2.1,165.8,58.15,229.57,0
2026-02-24 10:00:00,26.59,86.68,89.88,2.1,167.08,58.75,229.15,0
2026-02-24 11:00:00,25.82,85.19,88.89,2.1,168.69,59.25,228.87,0
2026-02-24 12:00:00,27.16,88.83,92.0,2.1,164.51,59.54,233.03,1
2026-02-24 13:00:00,27.03,85.74,91.4,2.1,165.9,62.01,233.33,0
2026-02-24 14:00:00,27.96,89.23,91.11,2.1,163.3,62.75,231.13,0
2026-02-24 15:00:00,26.23,87.97,92.0,2.1,159.83,61.59,233.54,1
2026-02-24 16:00:00,27.12,89.39,91.34,2.1,162.42,62.02,235.65,0
2026-02-24 17:00:00,25.77,83.89,90.72,2.1,160.71,61.97,233.12,0
2026-02-24 18:00:00,25.59,88.3,90.17,2.1,159.59,60.76,230.23,0
2026-02-24 19:00:00,22.6,86.89,89.85,2.1,161.59,59.52,231.49,0
2026-02-24 20:00:00,26.65,85.08,89.47,2.1,161.18,60.0,231.59,0
2026-02-24 21:00:00,24.87,92.95,88.71,2.1,161.01,60.69,230.58,0
2026-02-24 22:00:00,23.28,89.91,88.34,2.1,160.8,59.79,233.44,0
2026-02-24 23:00:00,22.5,89.08,88.35,2.1,161.6,60.73,232.04,0
2026-02-25 00:00:00,22.56,91.23,88.41,2.1,161.33,61.02,233.24,0
2026-02-25 01:00:00,23.17,91.01,88.06,2.1,161.68,62.13,236.27,0
2026-02-25 02:00:00,20.81,91.69,88.25,2.2,160.9,63.11,235.36,0
2026-02-25 03:00:00,22.04,93.02,88.04,2.1,161.7,62.93,230.77,0
2026-02-25 04:00:00,23.52,97.41,87.44,2.1,162.4,64.37,229.97,0
2026-02-25 05:00:00,21.35,91.87,86.74,2.2,165.92,63.29,230.69,0
2026-02-25 06:00:00,22.77,96.22,92.0,2.1,165.2,65.4,233.42,1
2026-02-25 07:00:00,25.16,93.27,91.68,2.1,164.86,64.51,232.19,0
2026-02-25 08:00:00,24.75,90.84,90.75,2.1,165.29,64.39,236.64,0
2026-02-25 09:00:00,25.25,90.08,89.5,2.1,167.02,63.81,233.31,0
2026-02-25 10:00:00,26.41,87.03,88.8,2.1,164.97,63.42,233.81,0
2026-02-25 11:00:00,26.37,88.66,88.34,2.1,165.16,66.01,233.27,0
2026-02-25 12:00:00,28.18,86.31,92.0,1.9,160.64,65.47,236.72,1
2026-02-25 13:00:00,26.98,81.14,91.1,2.1,160.32,66.13,232.95,0
2026-02-25 14:00:00,25.68,85.55,90.36,2.1,162.44,65.79,234.12,0
2026-02-25 15:00:00,26.76,86.91,92.0,2.1,161.24,66.52,233.55,1
2026-02-25 16:00:00,26.03,85.0,91.01,2.1,161.71,65.9,237.45,0
2026-02-25 17:00:00,26.21,86.53,90.24,2.1,160.89,66.01,235.25,0
2026-02-25 18:00:00,25.79,85.65,90.02,2.1,159.5,66.46,236.28,0
2026-02-25 19:00:00,26.46,84.81,89.96,2.1,161.47,65.67,234.12,0
2026-02-25 20:00:00,25.53,85.33,89.81,2.1,159.73,68.05,234.63,0
2026-02-25 21:00:00,24.64,86.28,89.41,2.1,160.47,68.48,233.73,0
2026-02-25 22:00:00,23.89,92.03,89.21,2.1,161.21,68.08,232.83,0
2026-02-25 23:00:00,22.55,85.92,88.85,2.1,159.82,67.27,227.97,0
2026-02-26 00:00:00,21.22,90.68,88.39,2.2,160.31,67.19,229.36,0
2026-02-26 01:00:00,22.69,91.08,87.86,2.1,158.82,65.94,226.93,0
2026-02-26 02:00:00,22.96,92.6,87.9,2.1,160.0,67.43,224.55,0
2026-02-26 03:00:00,22.07,89.42,87.68,2.1,157.84,67.65,221.18,0
2026-02-26 04:00:00,21.67,94.49,87.57,2.2,157.51,67.41,219.23,0
2026-02-26 05:00:00,22.63,90.53,87.42,2.1,157.36,68.19,221.27,0
2026-02-26 06:00:00,22.64,95.06,92.0,2.1,159.66,67.35,223.09,1
2026-02-26 07:00:00,24.75,90.03,91.72,2.1,160.13,66.15,225.34,0
2026-02-26 08:00:00,25.23,89.75,91.0,2.1,162.04,65.91,223.26,0
2026-02-26 09:00:00,25.92,88.44,90.18,2.1,163.16,65.91,224.38,0
2026-02-26 10:00:00,26.61,87.54,89.18,2.1,164.22,66.27,223.37,0
2026-02-26 11:00:00,25.66,85.91,88.27,2.1,163.65,64.81,226.34,0
2026-02-26 12:00:00,27.67,84.13,92.0,2.1,165.55,64.31,227.84,1
2026-02-26 13:00:00,27.6,85.55,90.93,2.1,164.88,61.47,226.56,0
2026-02-26 14:00:00,27.73,85.92,89.93,2.1,161.77,60.42,229.58,0
2026-02-26 15:00:00,27.47,83.5,92.0,2.1,161.52,61.11,231.12,1
2026-02-26 16:00:00,27.17,86.58,91.48,2.1,162.47,62.0,227.84,0
2026-02-26 17:00:00,28.6,88.88,90.75,1.9,159.68,60.98,224.02,0
2026-02-26 18:00:00,25.94,88.55,90.86,2.1,158.3,60.71,221.2,0
2026-02-26 19:00:00,26.25,89.89,90.15,2.1,156.35,60.78,226.02,0
2026-02-26 20:00:00,24.59,89.12,90.24,2.1,158.12,61.78,223.93,0
2026-02-26 21:00:00,25.06,87.6,90.0,2.1,161.4,63.17,229.17,0
2026-02-26 22:00:00,24.65,88.78,90.03,2.1,161.17,63.27,226.79,0
2026-02-26 23:00:00,23.69,92.1,89.86,2.1,162.28,63.0,224.27,0
2026-02-27 00:00:00,24.3,94.22,89.09,2.1,163.3,61.67,227.01,0
2026-02-27 01:00:00,21.89,98.89,88.92,2.2,166.16,61.77,229.72,0
2026-02-27 02:00:00,21.94,95.38,88.82,2.2,164.94,63.65,231.37,0
2026-02-27 03:00:00,22.33,90.93,87.96,2.1,164.55,64.76,233.24,0
2026-02-27 04:00:00,22.8,91.91,88.34,2.1,163.95,64.83,231.33,0
2026-02-27 05:00:00,22.4,98.35,88.24,2.1,164.13,65.02,233.59,0
2026-02-27 06:00:00,23.74,92.1,92.0,2.1,168.67,64.31,234.26,1
2026-02-27 07:00:00,22.87,91.5,91.45,2.1,168.58,63.92,233.39,0
2026-02-27 08:00:00,23.34,87.85,91.1,2.1,166.9,64.0,233.71,0
2026-02-27 09:00:00,25.4,91.88,90.85,2.1,164.75,64.07,236.42,0
2026-02-27 10:00:00,25.94,88.1,90.35,2.1,167.01,64.92,237.33,0
2026-02-27 11:00:00,27.13,84.13,89.76,2.1,165.38,65.7,231.82,0
2026-02-27 12:00:00,27.12,82.88,92.0,2.1,166.56,66.06,234.21,1
2026-02-27 13:00:00,27.03,85.48,91.35,2.1,165.28,65.03,236.28,0
2026-02-27 14:00:00,27.18,84.99,90.61,2.1,162.99,64.08,235.27,0
2026-02-27 15:00:00,27.1,87.01,92.0,2.1,164.16,63.22,235.55,1
2026-02-27 16:00:00,26.56,86.84,91.16,2.1,163.05,63.39,235.8,0
2026-02-27 17:00:00,26.28,85.67,90.76,2.1,163.9,61.53,230.81,0
2026-02-27 18:00:00,25.68,85.8,89.93,2.1,164.84,61.54,230.02,0
2026-02-27 19:00:00,26.19,87.49,89.64,2.1,165.83,62.82,229.36,0
2026-02-27 20:00:00,25.13,87.53,89.62,2.1,165.31,63.39,229.25,0
2026-02-27 21:00:00,26.23,89.37,89.2,2.1,166.54,63.04,228.22,0
2026-02-27 22:00:00,24.03,90.6,89.19,2.1,164.81,62.38,230.22,0
2026-02-27 23:00:00,22.96,89.42,89.15,2.1,160.4,63.09,228.43,0
2026-02-28 00:00:00,25.1,93.53,88.86,2.1,161.86,63.33,231.04,0
2026-02-28 01:00:00,22.93,91.94,89.01,2.1,162.28,63.07,232.77,0
2026-02-28 02:00:00,23.12,91.37,88.83,2.1,161.29,62.51,236.29,0
2026-02-28 03:00:00,22.63,92.73,88.96,2.1,158.8,62.56,240.56,0
2026-02-28 04:00:00,22.6,94.13,89.3,2.1,155.38,62.27,244.63,0
2026-02-28 05:00:00,22.69,93.52,89.02,2.1,155.86,62.97,241.18,0
2026-02-28 06:00:00,21.83,93.5,92.0,2.2,159.19,64.06,241.73,1
2026-02-28 07:00:00,23.69,93.38,91.6,2.1,159.17,62.77,239.6,0
2026-02-28 08:00:00,23.19,92.83,90.74,2.1,158.75,61.64,247.57,0
2026-02-28 09:00:00,25.01,89.06,90.11,2.1,158.96,62.86,248.48,0
2026-02-28 10:00:00,25.42,84.65,89.13,2.1,163.12,62.99,251.35,0
2026-02-28 11:00:00,26.98,85.24,88.26,2.1,164.55,61.94,251.62,0
2026-02-28 12:00:00,27.41,82.86,92.0,2.1,162.89,62.83,244.2,1
2026-02-28 13:00:00,27.68,88.53,91.26,2.1,163.03,63.11,241.78,0
2026-02-28 14:00:00,27.47,89.27,90.89,2.1,163.7,65.06,239.73,0
2026-02-28 15:00:00,26.59,86.61,92.0,2.1,161.85,64.75,238.52,1
2026-02-28 16:00:00,26.59,87.53,91.98,2.1,163.35,65.67,239.24,0
2026-02-28 17:00:00,27.18,86.81,91.55,2.1,161.94,64.26,240.28,0
2026-02-28 18:00:00,26.85,87.81,91.3,2.1,159.34,65.44,233.45,0
2026-02-28 19:00:00,24.59,84.33,91.21,2.1,159.71,66.19,232.93,0
2026-02-28 20:00:00,23.75,88.58,91.1,2.1,159.77,67.51,231.82,0
2026-02-28 21:00:00,23.85,87.72,91.25,2.1,159.98,68.34,235.43,0
2026-02-28 22:00:00,24.73,91.18,91.24,2.1,158.8,68.06,236.89,0
2026-02-28 23:00:00,24.37,91.27,91.1,2.1,157.92,66.83,236.34,0
2026-03-01 00:00:00,22.22,96.43,90.96,2.1,160.24,66.14,236.83,0
2026-03-01 01:00:00,22.84,94.78,90.92,2.1,161.22,64.43,232.52,0
2026-03-01 02:00:00,23.79,93.85,90.52,2.1,159.65,63.53,234.3,0
2026-03-01 03:00:00,22.49,92.92,90.1,2.1,156.35,63.87,233.35,0
2026-03-01 04:00:00,23.24,97.29,90.32,2.1,155.05,63.77,231.41,0
2026-03-01 05:00:00,23.06,93.27,90.68,2.1,155.74,63.51,234.88,0
2026-03-01 06:00:00,21.98,93.3,92.0,2.2,154.97,62.76,235.57,1
2026-03-01 07:00:00,23.25,91.49,91.6,2.1,154.09,61.14,233.87,0
2026-03-01 08:00:00,24.28,89.07,91.37,2.1,153.47,61.33,232.42,0
2026-03-01 09:00:00,25.23,88.52,90.96,2.1,153.8,61.69,233.46,0
2026-03-01 10:00:00,26.73,82.68,90.58,2.1,155.66,60.81,234.26,0
2026-03-01 11:00:00,27.02,82.42,90.27,2.1,156.03,60.36,234.37,0
2026-03-01 12:00:00,24.79,85.83,92.0,2.1,156.5,61.8,231.39,1
2026-03-01 13:00:00,26.25,88.25,91.52,2.1,156.44,62.85,228.94,0
2026-03-01 14:00:00,25.49,85.66,91.02,2.1,155.88,61.49,227.37,0
2026-03-01 15:00:00,27.22,83.6,92.0,2.1,157.86,61.43,227.26,1
2026-03-01 16:00:00,27.0,82.47,91.51,2.1,159.48,62.75,227.54,0
2026-03-01 17:00:00,26.67,87.98,91.3,2.1,163.38,62.54,227.52,0
2026-03-01 18:00:00,25.23,85.75,90.63,2.1,164.54,62.28,227.6,0
2026-03-01 19:00:00,26.04,89.26,90.47,2.1,163.66,63.25,232.68,0
2026-03-01 20:00:00,25.54,89.6,90.32,2.1,162.09,64.1,234.92,0
2026-03-01 21:00:00,23.42,90.71,90.03,2.1,163.92,64.88,237.89,0
2026-03-01 22:00:00,22.72,90.63,90.03,2.1,162.5,64.56,238.91,0
2026-03-01 23:00:00,23.4,92.24,89.63,2.1,164.06,65.08,238.89,0
2026-03-02 00:00:00,24.39,91.88,89.82,2.1,162.73,66.33,239.72,0
2026-03-02 01:00:00,23.96,91.36,89.8,2.1,163.44,66.16,240.05,0
2026-03-02 02:00:00,22.78,91.1,89.32,2.1,161.6,65.67,241.82,0
2026-03-02 03:00:00,21.57,88.26,89.63,2.2,163.14,66.67,239.04,0
2026-03-02 04:00:00,22.81,93.2,89.48,2.1,160.99,68.37,240.65,0
2026-03-02 05:00:00,21.89,96.68,89.06,2.2,161.64,70.08,240.79,0
2026-03-02 06:00:00,22.09,94.18,92.0,2.1,161.42,69.5,235.98,1
2026-03-02 07:00:00,21.68,91.9,91.95,2.2,161.75,69.03,236.14,0
2026-03-02 08:00:00,24.33,88.35,90.85,2.1,161.17,67.89,232.82,0
2026-03-02 09:00:00,24.65,90.63,90.13,2.1,160.57,67.82,231.59,0
2026-03-02 10:00:00,26.08,86.74,89.63,2.1,161.02,66.68,231.36,0
2026-03-02 11:00:00,24.85,89.29,88.42,2.1,159.38,66.07,227.78,0
2026-03-02 12:00:00,27.28,82.91,92.0,2.1,157.79,66.57,228.01,1
2026-03-02 13:00:00,25.36,83.15,91.48,2.1,157.43,66.79,228.53,0
2026-03-02 14:00:00,28.11,83.03,90.53,1.9,157.02,65.01,230.74,0
2026-03-02 15:00:00,27.49,81.92,92.0,2.1,155.53,66.34,229.82,1
2026-03-02 16:00:00,26.58,83.58,91.42,2.1,157.57,65.23,230.76,0
2026-03-02 17:00:00,26.89,86.48,90.48,2.1,157.26,64.27,230.74,0
2026-03-02 18:00:00,25.22,85.43,90.19,2.1,157.17,63.08,229.9,0
2026-03-02 19:00:00,25.56,80.4,90.23,2.1,155.09,62.46,225.98,0
2026-03-02 20:00:00,25.61,91.1,89.93,2.1,159.22,61.64,226.15,0
2026-03-02 21:00:00,21.95,85.95,89.67,2.2,163.82,60.86,228.46,0
2026-03-02 22:00:00,23.54,91.86,89.69,2.1,162.46,58.68,226.45,0
2026-03-02 23:00:00,23.38,91.47,89.43,2.1,164.77,58.89,226.33,0
2026-03-03 00:00:00,22.8,96.8,88.64,2.1,164.61,59.2,226.59,0
2026-03-03 01:00:00,23.76,94.95,88.59,2.1,167.51,61.3,229.77,0
2026-03-03 02:00:00,21.43,92.11,88.14,2.2,168.02,61.76,230.1,0
2026-03-03 03:00:00,21.66,91.96,87.83,2.2,168.08,61.32,231.07,0
2026-03-03 04:00:00,20.57,96.91,88.06,2.2,163.46,60.26,231.24,0
2026-03-03 05:00:00,23.47,90.09,87.82,2.1,161.94,60.23,230.2,0
2026-03-03 06:00:00,22.51,92.99,92.0,2.1,162.09,60.68,227.6,1
2026-03-03 07:00:00,23.05,91.11,91.95,2.1,162.57,60.27,227.26,0
2026-03-03 08:00:00,24.21,89.21,91.54,2.1,160.48,60.38,228.63,0
2026-03-03 09:00:00,25.66,89.21,90.69,2.1,159.35,62.13,229.26,0
2026-03-03 10:00:00,26.28,87.42,90.09,2.1,160.57,61.78,233.24,0
2026-03-03 11:00:00,28.81,86.84,89.51,1.9,158.26,60.09,235.7,0
2026-03-03 12:00:00,27.51,85.37,92.0,2.1,158.77,60.93,238.76,1
2026-03-03 13:00:00,26.93,85.72,91.5,2.1,161.25,61.25,233.49,0
2026-03-03 14:00:00,26.79,85.1,91.7,2.1,162.09,59.73,237.52,0
2026-03-03 15:00:00,26.76,83.73,92.0,2.1,162.81,60.19,238.06,1
2026-03-03 16:00:00,25.6,85.65,91.72,2.1,159.26,59.34,238.93,0
2026-03-03 17:00:00,26.47,84.68,91.5,2.1,158.01,59.82,240.97,0
2026-03-03 18:00:00,26.63,85.28,91.06,2.1,161.99,61.6,240.73,0
2026-03-03 19:00:00,25.01,87.1,90.66,2.1,161.03,61.45,237.76,0
2026-03-03 20:00:00,24.33,88.48,90.95,2.1,163.47,62.45,241.24,0
2026-03-03 21:00:00,25.64,89.74,90.09,2.1,162.43,61.33,239.01,0
2026-03-03 22:00:00,22.76,92.58,89.68,2.1,162.03,59.98,236.35,0
2026-03-03 23:00:00,21.75,90.3,89.83,2.2,163.08,61.86,235.69,0
2026-03-04 00:00:00,22.04,92.58,89.52,2.1,163.34,62.14,234.69,0
2026-03-04 01:00:00,21.36,93.02,89.8,2.2,164.09,62.71,234.72,0
2026-03-04 02:00:00,22.63,91.88,89.15,2.1,162.65,63.72,234.49,0
2026-03-04 03:00:00,21.87,93.67,88.61,2.2,160.7,63.19,237.88,0
2026-03-04 04:00:00,21.92,95.81,88.25,2.2,159.28,63.9,238.89,0
2026-03-04 05:00:00,23.18,93.74,88.17,2.1,158.55,64.45,236.55,0
2026-03-04 06:00:00,22.16,93.07,92.0,2.1,158.39,63.21,234.67,1
2026-03-04 07:00:00,24.02,89.85,91.65,2.1,160.53,64.54,233.71,0
2026-03-04 08:00:00,25.46,94.3,91.5,2.1,160.86,65.64,232.82,0
2026-03-04 09:00:00,24.79,87.01,91.39,2.1,161.9,64.37,231.64,0
2026-03-04 10:00:00,26.59,83.33,90.68,2.1,162.28,64.48,229.05,0
2026-03-04 11:00:00,26.5,87.72,89.59,2.1,160.38,64.2,230.08,0
2026-03-04 12:00:00,27.88,84.81,92.0,2.1,160.6,65.41,229.18,1
2026-03-04 13:00:00,26.04,84.13,91.5,2.1,161.01,64.04,227.1,0
2026-03-04 14:00:00,25.93,83.7,91.12,2.1,162.53,67.22,228.7,0
2026-03-04 15:00:00,26.76,89.3,92.0,2.1,160.71,66.91,231.14,1
2026-03-04 16:00:00,26.09,86.42,91.4,2.1,157.21,67.42,230.72,0
2026-03-04 17:00:00,26.03,87.47,90.58,2.1,157.84,68.51,235.39,0
2026-03-04 18:00:00,25.82,87.36,90.21,2.1,158.76,68.14,240.9,0
2026-03-04 19:00:00,26.08,88.43,90.5,2.1,158.69,67.85,241.85,0
2026-03-04 20:00:00,24.65,91.82,89.63,2.1,158.99,67.22,240.34,0
2026-03-04 21:00:00,23.77,89.11,89.4,2.1,160.81,66.27,240.74,0
2026-03-04 22:00:00,23.62,87.35,88.9,2.1,160.15,66.38,237.39,0
2026-03-04 23:00:00,22.78,93.31,88.26,2.1,159.85,66.13,235.1,0
2026-03-05 00:00:00,22.21,93.24,87.72,2.1,160.19,65.55,230.88,0
2026-03-05 01:00:00,21.31,93.0,87.63,2.2,158.19,65.04,229.52,0
2026-03-05 02:00:00,22.38,94.26,87.55,2.1,158.19,65.46,226.71,0
2026-03-05 03:00:00,21.7,92.69,87.79,2.2,158.35,64.64,228.69,0
2026-03-05 04:00:00,22.87,93.65,87.59,2.1,161.56,64.34,227.13,0
2026-03-05 05:00:00,21.1,93.04,86.86,2.2,161.16,65.08,228.21,0
2026-03-05 06:00:00,22.27,91.27,92.0,2.1,161.68,65.21,230.42,1
2026-03-05 07:00:00,24.85,94.02,91.38,2.1,163.46,64.17,233.58,0
2026-03-05 08:00:00,23.5,86.86,90.46,2.1,162.02,64.08,232.77,0
2026-03-05 09:00:00,24.96,93.63,90.06,2.1,164.61,64.41,233.66,0
2026-03-05 10:00:00,25.03,88.93,89.55,2.1,167.8,65.23,234.58,0
2026-03-05 11:00:00,25.61,81.92,89.15,2.1,167.64,64.45,237.78,0
2026-03-05 12:00:00,28.38,84.57,92.0,1.9,166.56,63.88,239.6,1
2026-03-05 13:00:00,27.44,84.43,91.65,2.1,169.43,63.2,242.63,0
2026-03-05 14:00:00,27.35,85.76,90.94,2.1,170.68,62.58,238.09,0
2026-03-05 15:00:00,25.72,83.0,92.0,2.1,170.6,62.93,236.27,1
2026-03-05 16:00:00,27.09,85.71,91.52,2.1,172.95,63.43,238.79,0
2026-03-05 17:00:00,27.37,85.99,90.87,2.1,175.01,64.34,240.05,0
2026-03-05 18:00:00,26.92,85.38,90.35,2.1,174.0,64.18,239.48,0
2026-03-05 19:00:00,26.04,85.91,90.14,2.1,174.09,62.85,238.07,0
2026-03-05 20:00:00,24.07,90.76,90.41,2.1,174.76,63.43,239.89,0
2026-03-05 21:00:00,24.68,85.93,90.28,2.1,174.43,63.53,234.7,0
2026-03-05 22:00:00,24.43,91.61,90.07,2.1,171.54,63.54,236.69,0
2026-03-05 23:00:00,21.96,93.15,89.8,2.2,169.59,62.34,236.84,0
2026-03-06 00:00:00,22.06,91.66,89.85,2.1,166.97,62.15,235.52,0
2026-03-06 01:00:00,23.31,92.87,89.86,2.1,167.77,61.07,236.75,0
2026-03-06 02:00:00,23.03,95.78,89.58,2.1,165.53,61.53,235.7,0
2026-03-06 03:00:00,20.92,91.95,89.03,2.2,165.86,61.16,235.74,0
2026-03-06 04:00:00,22.74,92.28,88.56,2.1,169.12,60.72,235.58,0
2026-03-06 05:00:00,22.33,92.24,88.3,2.1,171.52,59.37,237.42,0
2026-03-06 06:00:00,23.33,95.13,92.0,2.1,167.96,60.38,237.69,1
2026-03-06 07:00:00,22.89,94.24,91.72,2.1,165.54,60.19,232.79,0
2026-03-06 08:00:00,24.76,86.89,90.98,2.1,164.12,60.33,229.42,0
2026-03-06 09:00:00,25.83,90.65,89.87,2.1,162.05,59.71,226.99,0
2026-03-06 10:00:00,25.72,88.8,89.75,2.1,159.19,58.3,228.53,0
2026-03-06 11:00:00,26.71,89.25,89.34,2.1,159.4,57.93,230.24,0
2026-03-06 12:00:00,26.62,85.91,92.0,2.1,160.9,57.72,234.66,1
2026-03-06 13:00:00,28.62,84.7,91.69,1.9,162.78,58.11,232.14,0
2026-03-06 14:00:00,27.15,87.42,91.06,2.1,162.01,57.91,235.55,0
2026-03-06 15:00:00,26.34,86.72,92.0,2.1,161.64,57.38,230.68,1
2026-03-06 16:00:00,26.23,90.58,91.87,2.1,162.42,56.17,230.94,0
2026-03-06 17:00:00,26.54,88.36,91.34,2.1,162.32,56.39,231.76,0
2026-03-06 18:00:00,26.6,87.34,90.94,2.1,163.89,55.84,232.52,0
2026-03-06 19:00:00,24.43,85.26,90.99,2.1,164.71,57.21,231.87,0
2026-03-06 20:00:00,26.45,87.46,90.98,2.1,164.04,57.49,232.33,0
2026-03-06 21:00:00,24.68,86.5,90.73,2.1,160.74,58.13,229.37,0
2026-03-06 22:00:00,24.27,90.09,90.52,2.1,163.61,58.02,231.82,0
2026-03-06 23:00:00,23.32,93.44,90.55,2.1,162.43,58.32,232.6,0
2026-03-07 00:00:00,22.98,92.14,90.58,2.1,163.18,57.63,233.62,0
2026-03-07 01:00:00,22.48,95.01,90.73,2.1,159.8,56.7,233.0,0
2026-03-07 02:00:00,23.14,93.96,90.69,2.1,159.99,56.88,232.28,0
2026-03-07 03:00:00,22.15,92.62,90.67,2.1,160.37,57.54,233.72,0
2026-03-07 04:00:00,22.71,93.79,90.33,2.1,160.82,55.93,237.76,0
2026-03-07 05:00:00,21.91,94.37,89.96,2.2,166.41,55.66,234.14,0
2026-03-07 06:00:00,22.86,92.88,92.0,2.1,165.22,57.51,230.57,1
2026-03-07 07:00:00,22.76,91.73,91.63,2.1,166.69,58.07,231.46,0
2026-03-07 08:00:00,25.22,88.27,91.05,2.1,167.56,59.57,230.81,0
2026-03-07 09:00:00,24.48,87.48,90.9,2.1,166.24,59.08,231.33,0
2026-03-07 10:00:00,25.74,91.97,90.69,2.1,167.64,58.75,231.45,0
2026-03-07 11:00:00,26.44,88.53,90.2,2.1,167.24,59.72,233.18,0
2026-03-07 12:00:00,26.86,81.82,92.0,2.1,168.72,60.35,232.56,1
2026-03-07 13:00:00,27.88,80.4,91.37,2.1,172.1,60.31,229.66,0
2026-03-07 14:00:00,26.99,85.06,91.05,2.1,172.09,59.23,227.95,0
2026-03-07 15:00:00,28.19,87.15,92.0,1.9,171.3,60.35,227.9,1
2026-03-07 16:00:00,26.15,84.5,91.26,2.1,172.94,62.66,225.12,0
2026-03-07 17:00:00,26.58,88.5,91.04,2.1,175.14,61.23,225.52,0
2026-03-07 18:00:00,25.38,87.13,90.52,2.1,173.14,62.51,226.15,0
2026-03-07 19:00:00,25.84,87.48,90.14,2.1,172.0,62.08,225.7,0
2026-03-07 20:00:00,24.96,90.4,90.08,2.1,172.94,61.77,226.69,0
2026-03-07 21:00:00,24.3,88.49,90.16,2.1,172.38,62.02,223.07,0
2026-03-07 22:00:00,24.85,89.93,89.65,2.1,170.37,60.94,221.28,0
2026-03-07 23:00:00,22.88,92.87,89.39,2.1,171.13,60.94,219.11,0
2026-03-08 00:00:00,23.43,92.08,89.11,2.1,172.09,59.52,222.1,0
2026-03-08 01:00:00,21.98,96.96,89.05,2.2,171.21,60.02,228.51,0
2026-03-08 02:00:00,22.41,94.75,89.04,2.1,171.07,62.09,226.64,0
2026-03-08 03:00:00,21.2,94.89,88.67,2.2,169.79,61.51,226.47,0
2026-03-08 04:00:00,21.57,93.49,88.02,2.2,167.63,61.38,225.16,0
2026-03-08 05:00:00,22.19,95.26,88.13,2.1,166.63,61.29,226.2,0
2026-03-08 06:00:00,24.16,91.86,92.0,2.1,166.69,62.2,225.12,1
2026-03-08 07:00:00,23.48,92.02,91.88,2.1,163.97,62.55,226.32,0
2026-03-08 08:00:00,25.57,87.95,91.26,2.1,163.25,63.37,228.42,0
2026-03-08 09:00:00,25.33,90.72,90.74,2.1,163.48,62.87,225.69,0
2026-03-08 10:00:00,25.69,87.64,90.66,2.1,165.69,63.23,226.83,0
2026-03-08 11:00:00,27.92,90.19,90.98,2.1,165.1,60.17,222.76,0
2026-03-08 12:00:00,27.49,90.33,92.0,2.1,162.85,60.82,222.73,1
2026-03-08 13:00:00,26.79,86.48,91.71,2.1,162.56,59.76,222.53,0
2026-03-08 14:00:00,27.62,85.05,91.08,2.1,161.64,59.53,222.58,0
2026-03-08 15:00:00,26.84,83.1,92.0,2.1,162.77,60.28,222.42,1
2026-03-08 16:00:00,25.21,87.63,91.72,2.1,162.25,58.95,221.81,0
2026-03-08 17:00:00,27.19,86.72,91.55,2.1,157.48,60.02,221.81,0
2026-03-08 18:00:00,26.88,88.18,91.06,2.1,164.42,59.97,223.06,0
2026-03-08 19:00:00,26.97,91.65,90.58,2.1,164.7,61.34,224.33,0
2026-03-08 20:00:00,25.31,86.93,90.65,2.1,164.88,60.54,225.15,0
2026-03-08 21:00:00,24.23,87.63,90.48,2.1,162.11,58.96,224.21,0
2026-03-08 22:00:00,24.56,90.04,90.2,2.1,159.59,59.02,227.45,0
2026-03-08 23:00:00,24.08,93.21,89.86,2.1,159.64,59.64,231.64,0
2026-03-09 00:00:00,24.27,93.36,89.95,2.1,160.46,60.31,228.59,0
2026-03-09 01:00:00,22.56,90.79,90.23,2.1,161.9,59.34,229.32,0
2026-03-09 02:00:00,22.19,94.88,89.67,2.1,162.45,57.96,228.43,0
2026-03-09 03:00:00,21.58,90.86,89.66,2.2,160.42,57.8,231.07,0
2026-03-09 04:00:00,22.53,91.76,89.35,2.1,156.1,58.39,231.24,0
2026-03-09 05:00:00,21.02,93.08,88.71,2.2,156.27,58.92,231.56,0
2026-03-09 06:00:00,23.33,91.35,92.0,2.1,155.66,60.42,232.97,1
2026-03-09 07:00:00,23.87,93.36,91.55,2.1,153.76,60.14,232.33,0
2026-03-09 08:00:00,24.72,90.59,90.5,2.1,155.7,58.53,236.65,0
2026-03-09 09:00:00,25.26,92.32,89.7,2.1,153.24,59.71,237.85,0
2026-03-09 10:00:00,27.23,86.46,88.81,2.1,154.82,59.96,240.03,0
2026-03-09 11:00:00,27.39,85.56,88.03,2.1,152.69,60.27,239.23,0
2026-03-09 12:00:00,26.66,87.73,92.0,2.1,153.42,61.01,238.71,1
2026-03-09 13:00:00,26.83,84.6,91.3,2.1,155.56,62.18,240.55,0
2026-03-09 14:00:00,26.54,88.18,90.51,2.1,155.33,62.16,242.05,0
2026-03-09 15:00:00,27.52,86.37,92.0,2.1,158.76,63.21,238.58,1
2026-03-09 16:00:00,26.0,80.46,91.6,2.1,162.46,63.67,238.72,0
2026-03-09 17:00:00,27.31,88.85,91.09,2.1,162.99,63.03,239.72,0
2026-03-09 18:00:00,27.06,89.01,90.44,2.1,164.05,62.79,239.16,0
2026-03-09 19:00:00,24.8,89.93,90.16,2.1,165.99,63.32,239.9,0
2026-03-09 20:00:00,24.82,84.54,89.7,2.1,166.93,62.64,239.43,0
2026-03-09 21:00:00,24.44,88.2,89.25,2.1,167.64,63.42,233.59,0
2026-03-09 22:00:00,24.6,89.26,89.25,2.1,166.6,63.52,230.39,0
2026-03-09 23:00:00,24.69,89.55,88.52,2.1,163.49,63.82,233.05,0
2026-03-10 00:00:00,21.61,95.98,88.29,2.2,161.05,65.06,232.54,0
2026-03-10 01:00:00,22.34,92.73,88.0,2.1,165.5,65.29,233.14,0
2026-03-10 02:00:00,22.11,93.14,87.98,2.1,166.06,65.26,233.22,0
2026-03-10 03:00:00,21.04,94.72,87.35,2.2,165.57,65.08,231.25,0
2026-03-10 04:00:00,21.71,94.85,87.15,2.2,167.83,64.87,230.27,0
2026-03-10 05:00:00,22.6,86.0,87.05,2.1,166.36,65.06,231.33,0
2026-03-10 06:00:00,22.49,91.15,92.0,2.1,167.36,66.2,232.59,1
2026-03-10 07:00:00,22.16,88.29,91.48,2.1,167.4,65.52,238.18,0
2026-03-10 08:00:00,26.55,90.84,90.87,2.1,168.13,64.8,236.83,0
2026-03-10 09:00:00,25.36,87.8,90.45,2.1,167.4,65.87,240.91,0
2026-03-10 10:00:00,26.09,87.03,89.93,2.1,165.57,65.25,238.46,0
2026-03-10 11:00:00,25.81,81.26,89.52,2.1,164.07,65.34,239.51,0
2026-03-10 12:00:00,27.35,84.38,92.0,2.1,162.69,64.71,239.73,1
2026-03-10 13:00:00,27.17,87.25,90.94,2.1,162.78,63.12,239.18,0
2026-03-10 14:00:00,25.73,88.0,90.39,2.1,160.07,63.26,238.96,0
2026-03-10 15:00:00,26.22,86.76,92.0,2.1,158.02,64.23,237.2,1
2026-03-10 16:00:00,27.44,82.7,91.15,2.1,158.54,64.11,239.35,0
2026-03-10 17:00:00,27.99,89.03,90.84,2.1,158.57,62.71,237.03,0
2026-03-10 18:00:00,26.29,88.59,90.32,2.1,159.17,62.79,237.72,0
2026-03-10 19:00:00,26.39,87.58,89.94,2.1,159.32,62.08,239.47,0
2026-03-10 20:00:00,24.85,84.28,89.53,2.1,164.08,59.72,242.71,0
2026-03-10 21:00:00,24.36,91.76,89.51,2.1,164.35,59.72,244.76,0
2026-03-10 22:00:00,24.77,89.26,89.36,2.1,163.69,60.25,245.7,0
2026-03-10 23:00:00,24.73,92.16,88.79,2.1,163.93,61.36,243.57,0
2026-03-11 00:00:00,24.0,92.29,88.0,2.1,165.81,62.96,241.18,0
2026-03-11 01:00:00,21.74,96.14,88.37,2.2,165.68,63.52,238.02,0
2026-03-11 02:00:00,22.27,92.94,87.8,2.1,166.89,64.32,234.78,0
2026-03-11 03:00:00,22.38,93.47,87.76,2.1,167.53,63.09,234.79,0
2026-03-11 04:00:00,21.89,97.07,88.01,2.2,166.9,64.52,232.98,0
2026-03-11 05:00:00,22.57,91.89,87.85,2.1,167.03,65.58,236.08,0
2026-03-11 06:00:00,23.36,94.36,92.0,2.1,169.82,65.14,234.58,1
2026-03-11 07:00:00,24.2,90.96,91.37,2.1,170.07,65.66,234.84,0
2026-03-11 08:00:00,25.6,87.76,90.36,2.1,168.09,66.08,234.18,0
2026-03-11 09:00:00,24.89,88.44,89.91,2.1,167.39,67.28,230.72,0
2026-03-11 10:00:00,24.91,88.52,89.77,2.1,163.49,66.98,233.65,0
2026-03-11 11:00:00,26.98,88.81,89.07,2.1,163.8,66.16,235.46,0
2026-03-11 12:00:00,28.65,88.31,92.0,1.9,166.21,65.6,237.46,1
2026-03-11 13:00:00,26.92,84.15,91.63,2.1,163.75,66.3,238.83,0
2026-03-11 14:00:00,27.79,82.72,90.83,2.1,164.06,64.44,236.74,0
2026-03-11 15:00:00,27.63,84.48,92.0,2.1,165.88,61.67,234.8,1
2026-03-11 16:00:00,26.96,83.04,91.43,2.1,167.81,62.48,235.94,0
2026-03-11 17:00:00,26.45,85.78,90.73,2.1,170.0,62.72,239.75,0
2026-03-11 18:00:00,25.26,86.25,90.15,2.1,166.43,62.71,240.48,0
2026-03-11 19:00:00,23.68,89.44,90.48,2.1,167.29,61.51,242.65,0
2026-03-11 20:00:00,24.08,83.89,90.45,2.1,164.48,59.99,240.95,0
2026-03-11 21:00:00,24.12,88.05,90.58,2.1,162.71,59.48,243.4,0
2026-03-11 22:00:00,24.77,88.96,90.09,2.1,164.28,59.88,241.93,0
2026-03-11 23:00:00,23.32,94.01,90.22,2.1,164.59,59.42,242.18,0
2026-03-12 00:00:00,22.55,89.69,90.21,2.1,165.91,60.3,240.91,0
2026-03-12 01:00:00,21.88,93.26,89.56,2.2,164.21,59.5,242.84,0
2026-03-12 02:00:00,22.85,92.94,89.52,2.1,166.89,59.1,244.7,0
2026-03-12 03:00:00,23.24,95.8,89.16,2.1,168.05,59.82,240.53,0
2026-03-12 04:00:00,22.95,94.91,88.5,2.1,169.53,59.55,243.56,0
2026-03-12 05:00:00,22.74,93.6,88.33,2.1,167.41,59.33,249.08,0
2026-03-12 06:00:00,21.53,91.35,92.0,2.2,169.42,58.83,247.48,1
2026-03-12 07:00:00,23.12,87.32,91.84,2.1,168.67,58.18,246.54,0
2026-03-12 08:00:00,25.81,90.51,91.23,2.1,167.43,58.61,249.06,0
2026-03-12 09:00:00,26.05,89.6,90.56,2.1,168.45,59.15,248.53,0
2026-03-12 10:00:00,24.77,83.54,90.73,2.1,169.37,59.44,247.84,0
2026-03-12 11:00:00,26.65,83.12,89.8,2.1,167.67,58.96,251.94,0
2026-03-12 12:00:00,27.43,85.62,92.0,2.1,171.26,58.87,247.71,1
2026-03-12 13:00:00,26.69,85.55,91.42,2.1,174.28,60.4,245.1,0
2026-03-12 14:00:00,25.4,82.72,90.59,2.1,175.0,59.17,245.64,0
2026-03-12 15:00:00,27.15,83.92,92.0,2.1,175.37,60.95,241.06,1
2026-03-12 16:00:00,26.17,81.6,91.0,2.1,175.55,61.07,239.82,0
2026-03-12 17:00:00,25.81,89.29,90.25,2.1,172.34,60.94,238.63,0
2026-03-12 18:00:00,25.72,84.14,89.66,2.1,172.25,61.83,240.85,0
2026-03-12 19:00:00,25.4,89.03,88.99,2.1,172.14,59.97,242.29,0
2026-03-12 20:00:00,24.96,88.66,88.93,2.1,170.81,61.28,237.72,0
2026-03-12 21:00:00,23.72,92.5,88.44,2.1,170.02,62.97,235.85,0
2026-03-12 22:00:00,23.72,88.82,87.8,2.1,165.54,63.92,234.08,0
2026-03-12 23:00:00,21.99,91.53,87.28,2.2,163.54,61.97,233.59,0
2026-03-13 00:00:00,23.21,88.41,87.73,2.1,165.26,62.66,230.91,0
2026-03-13 01:00:00,20.31,88.49,86.93,2.2,168.36,64.12,232.25,0
2026-03-13 02:00:00,22.09,94.53,86.86,2.1,166.53,65.45,230.65,0
2026-03-13 03:00:00,22.89,89.58,86.44,2.1,166.8,64.08,232.34,0
2026-03-13 04:00:00,21.25,93.1,86.13,2.2,168.7,64.93,232.46,0
2026-03-13 05:00:00,22.83,95.56,86.11,2.1,167.62,66.46,230.16,0
2026-03-13 06:00:00,23.63,94.21,92.0,2.1,168.73,66.35,233.87,1
2026-03-13 07:00:00,20.75,89.94,91.6,2.2,168.52,64.91,237.47,0
2026-03-13 08:00:00,24.13,86.47,90.62,2.1,170.52,65.57,238.07,0
2026-03-13 09:00:00,22.85,89.56,90.26,2.1,167.99,66.41,237.32,0
2026-03-13 10:00:00,25.91,89.95,89.85,2.1,165.89,66.15,234.56,0
2026-03-13 11:00:00,26.69,84.37,89.18,2.1,166.35,64.96,237.26,0
2026-03-13 12:00:00,25.16,83.3,92.0,2.1,166.47,65.75,239.21,1
2026-03-13 13:00:00,28.84,83.65,91.27,1.9,166.31,64.95,236.96,0
2026-03-13 14:00:00,27.47,86.15,90.44,2.1,167.3,65.22,235.15,0
2026-03-13 15:00:00,26.4,87.88,92.0,2.1,165.53,66.52,236.28,1
2026-03-13 16:00:00,27.98,82.91,91.57,2.1,163.04,64.89,233.28,0
2026-03-13 17:00:00,25.0,82.96,91.09,2.1,162.22,65.62,231.8,0
2026-03-13 18:00:00,25.02,92.15,90.67,2.1,161.63,65.33,229.36,0
2026-03-13 19:00:00,23.66,87.45,90.24,2.1,161.26,65.07,227.12,0
2026-03-13 20:00:00,26.41,89.3,90.5,2.1,163.69,65.44,225.71,0
2026-03-13 21:00:00,24.69,88.14,90.19,2.1,165.13,64.64,228.44,0
2026-03-13 22:00:00,24.42,91.64,89.95,2.1,166.09,63.5,224.39,0
2026-03-13 23:00:00,23.64,93.51,89.35,2.1,166.44,61.85,226.0,0
2026-03-14 00:00:00,23.42,92.8,89.09,2.1,165.6,62.97,227.09,0
2026-03-14 01:00:00,22.66,96.59,89.05,2.1,164.04,62.6,229.91,0
2026-03-14 02:00:00,22.54,92.5,89.08,2.1,161.92,63.1,230.81,0
2026-03-14 03:00:00,22.24,92.93,89.35,2.1,160.8,62.63,230.07,0
2026-03-14 04:00:00,21.61,94.11,89.3,2.2,160.89,61.56,228.28,0
2026-03-14 05:00:00,22.22,94.36,89.18,2.1,158.97,62.16,231.09,0
2026-03-14 06:00:00,22.93,93.07,92.0,2.1,159.52,62.45,232.53,1
2026-03-14 07:00:00,23.49,88.57,91.6,2.1,159.39,62.23,231.42,0
2026-03-14 08:00:00,23.07,90.65,91.33,2.1,158.9,62.49,233.87,0
2026-03-14 09:00:00,24.08,87.61,91.05,2.1,161.23,61.61,232.81,0
2026-03-14 10:00:00,26.87,85.72,90.15,2.1,156.95,62.58,232.92,0
2026-03-14 11:00:00,26.45,85.9,89.79,2.1,156.59,63.72,231.51,0
2026-03-14 12:00:00,27.61,82.95,92.0,2.1,152.69,64.36,233.02,1
2026-03-14 13:00:00,26.43,82.3,91.09,2.1,153.61,63.95,230.63,0
2026-03-14 14:00:00,26.06,80.4,90.67,2.1,155.44,63.95,230.11,0
2026-03-14 15:00:00,26.4,89.02,92.0,2.1,153.39,65.3,228.71,1
2026-03-14 16:00:00,26.63,86.86,90.69,2.1,151.65,66.35,229.69,0
2026-03-14 17:00:00,25.91,86.0,90.07,2.1,149.13,68.02,230.93,0
2026-03-14 18:00:00,27.04,85.53,89.56,2.1,149.88,67.13,228.37,0
2026-03-14 19:00:00,25.65,81.51,89.32,2.1,149.87,66.2,229.72,0
2026-03-14 20:00:00,26.45,87.14,89.97,2.1,149.97,66.19,226.29,0
2026-03-14 21:00:00,24.75,91.23,89.87,2.1,149.91,66.43,232.2,0
2026-03-14 22:00:00,21.97,92.63,89.72,2.2,148.76,66.17,231.07,0
2026-03-14 23:00:00,24.24,92.81,89.64,2.1,151.45,65.7,233.89,0
2026-03-15 00:00:00,21.75,92.49,89.31,2.2,152.48,66.73,234.44,0
2026-03-15 01:00:00,22.78,95.63,89.39,2.1,150.85,66.5,235.08,0
2026-03-15 02:00:00,21.71,92.5,89.29,2.2,150.15,65.27,232.16,0
2026-03-15 03:00:00,23.87,95.89,89.18,2.1,149.18,64.19,234.41,0
2026-03-15 04:00:00,23.25,92.75,88.79,2.1,152.34,64.34,234.56,0
2026-03-15 05:00:00,21.66,91.4,88.13,2.2,154.13,66.97,235.76,0
2026-03-15 06:00:00,22.61,90.36,92.0,2.1,154.34,65.95,235.49,1
2026-03-15 07:00:00,23.6,89.06,91.88,2.1,157.84,65.54,235.79,0
2026-03-15 08:00:00,24.94,91.41,91.18,2.1,160.74,67.6,233.53,0
2026-03-15 09:00:00,25.17,86.8,90.69,2.1,160.49,67.0,233.23,0
2026-03-15 10:00:00,25.18,84.73,90.05,2.1,159.93,67.26,232.26,0
2026-03-15 11:00:00,26.12,87.4,89.61,2.1,159.48,68.79,230.64,0
2026-03-15 12:00:00,27.14,85.79,92.0,2.1,157.99,67.73,231.19,1
2026-03-15 13:00:00,28.29,86.92,91.47,1.9,161.39,67.28,232.29,0
2026-03-15 14:00:00,27.59,86.02,90.69,2.1,159.72,66.68,233.05,0
2026-03-15 15:00:00,26.46,83.52,92.0,2.1,161.5,65.18,232.89,1
2026-03-15 16:00:00,27.32,85.81,91.37,2.1,162.88,66.5,234.03,0
2026-03-15 17:00:00,26.13,86.53,91.25,2.1,162.42,65.83,234.68,0
2026-03-15 18:00:00,26.71,84.98,90.23,2.1,165.78,64.93,234.94,0
2026-03-15 19:00:00,27.53,85.41,90.05,2.1,162.94,64.44,235.36,0
2026-03-15 20:00:00,24.68,87.24,90.09,2.1,162.88,65.2,238.3,0
2026-03-15 21:00:00,25.07,94.14,90.57,2.1,162.08,65.21,235.12,0
2026-03-15 22:00:00,23.3,89.65,90.22,2.1,163.93,64.4,234.32,0
2026-03-15 23:00:00,23.31,94.11,89.82,2.1,164.61,64.7,235.2,0
2026-03-16 00:00:00,22.98,91.11,89.27,2.1,161.52,65.35,231.23,0
2026-03-16 01:00:00,22.44,94.72,89.41,2.1,163.89,65.23,234.88,0
2026-03-16 02:00:00,24.3,95.21,88.95,2.1,164.8,64.92,235.52,0
2026-03-16 03:00:00,21.91,95.6,88.64,2.2,162.95,65.74,237.89,0
2026-03-16 04:00:00,22.57,94.45,87.88,2.1,162.4,65.47,240.54,0
2026-03-16 05:00:00,20.71,96.36,87.95,2.2,160.16,66.81,241.3,0
2026-03-16 06:00:00,23.05,93.4,92.0,2.1,160.05,65.99,235.4,1
2026-03-16 07:00:00,24.31,95.17,92.0,2.1,160.52,65.17,235.75,0
2026-03-16 08:00:00,23.83,86.4,90.96,2.1,160.1,64.26,236.24,0
2026-03-16 09:00:00,23.14,89.2,90.58,2.1,159.48,63.97,233.46,0
2026-03-16 10:00:00,25.97,87.62,89.5,2.1,156.8,63.92,229.06,0
2026-03-16 11:00:00,26.71,83.77,88.94,2.1,157.73,62.67,230.52,0
2026-03-16 12:00:00,27.72,86.34,92.0,2.1,154.56,62.73,227.62,1
2026-03-16 13:00:00,28.91,81.52,91.5,1.9,155.03,63.22,233.14,0
2026-03-16 14:00:00,26.94,83.46,91.08,2.1,152.19,61.87,233.89,0
2026-03-16 15:00:00,26.39,80.78,92.0,2.1,152.8,61.4,237.32,1
2026-03-16 16:00:00,25.87,89.07,90.84,2.1,153.27,61.93,237.29,0
2026-03-16 17:00:00,26.6,85.75,90.42,2.1,154.47,60.95,239.05,0
2026-03-16 18:00:00,26.38,91.77,89.87,2.1,156.44,60.7,238.98,0
2026-03-16 19:00:00,25.07,89.61,89.39,2.1,158.67,61.72,241.3,0
2026-03-16 20:00:00,25.59,89.73,88.71,2.1,156.03,63.34,235.89,0
2026-03-16 21:00:00,24.8,88.37,88.96,2.1,156.28,63.7,238.06,0
2026-03-16 22:00:00,23.93,88.26,89.13,2.1,160.25,63.49,239.58,0
2026-03-16 23:00:00,22.68,92.55,89.14,2.1,160.65,63.0,238.97,0
2026-03-17 00:00:00,22.57,91.99,88.73,2.1,159.33,63.79,237.74,0
2026-03-17 01:00:00,20.65,89.81,87.78,2.2,159.41,64.75,236.86,0
2026-03-17 02:00:00,22.51,89.88,87.81,2.1,158.95,63.63,237.47,0
2026-03-17 03:00:00,22.18,91.39,87.72,2.1,157.07,64.4,240.39,0
2026-03-17 04:00:00,22.25,97.61,87.4,2.1,158.95,63.78,238.78,0
2026-03-17 05:00:00,22.66,98.2,87.54,2.1,160.25,62.95,234.34,0
2026-03-17 06:00:00,23.02,93.02,92.0,2.1,158.03,62.79,240.58,1
2026-03-17 07:00:00,23.31,91.73,91.85,2.1,158.15,63.66,241.98,0
2026-03-17 08:00:00,24.29,89.22,91.3,2.1,157.4,63.89,240.65,0
2026-03-17 09:00:00,24.03,86.38,90.75,2.1,154.82,64.08,243.34,0
2026-03-17 10:00:00,25.53,90.03,90.38,2.1,152.68,64.34,245.26,0
2026-03-17 11:00:00,26.73,89.95,89.54,2.1,150.9,64.69,245.98,0
2026-03-17 12:00:00,26.55,83.1,92.0,2.1,151.35,64.51,244.24,1
2026-03-17 13:00:00,27.99,84.62,91.13,2.1,151.08,65.0,245.44,0
2026-03-17 14:00:00,26.72,83.91,90.95,2.1,149.91,64.31,247.65,0
2026-03-17 15:00:00,27.25,84.26,92.0,2.1,149.8,64.83,242.71,1
2026-03-17 16:00:00,26.9,88.25,91.21,2.1,151.76,65.52,242.89,0
2026-03-17 17:00:00,27.04,83.37,90.65,2.1,152.93,66.04,243.24,0
2026-03-17 18:00:00,26.72,88.03,89.81,2.1,155.22,66.6,243.49,0
2026-03-17 19:00:00,26.06,89.44,90.06,2.1,155.2,66.88,243.18,0
2026-03-17 20:00:00,23.29,88.43,90.34,2.1,158.47,67.79,245.74,0
2026-03-17 21:00:00,25.38,91.62,90.34,2.1,159.36,65.57,244.67,0
2026-03-17 22:00:00,25.12,90.88,90.6,2.1,158.71,66.23,244.18,0
2026-03-17 23:00:00,23.01,94.08,90.44,2.1,159.13,67.88,244.51,0
2026-03-18 00:00:00,23.15,88.8,90.47,2.1,157.11,67.14,243.59,0
2026-03-18 01:00:00,21.88,91.99,90.64,2.2,156.88,66.33,239.7,0
2026-03-18 02:00:00,20.77,93.06,90.44,2.2,157.98,67.36,240.0,0
2026-03-18 03:00:00,21.57,87.62,90.26,2.2,159.36,66.36,240.31,0
2026-03-18 04:00:00,21.67,91.21,90.34,2.2,158.85,65.63,239.13,0
2026-03-18 05:00:00,21.97,91.54,90.33,2.2,164.01,65.68,238.6,0
2026-03-18 06:00:00,21.94,94.66,92.0,2.2,163.74,64.85,230.47,1
2026-03-18 07:00:00,22.81,89.84,91.14,2.1,160.77,65.55,233.71,0
2026-03-18 08:00:00,24.24,88.16,90.52,2.1,163.13,64.73,236.03,0
2026-03-18 09:00:00,24.54,90.23,89.33,2.1,164.29,64.97,232.64,0
2026-03-18 10:00:00,26.43,83.44,88.45,2.1,164.74,65.14,231.06,0
2026-03-18 11:00:00,27.24,81.27,87.61,2.1,163.91,66.54,234.88,0
2026-03-18 12:00:00,29.05,84.27,92.0,1.9,164.66,67.46,232.0,1
2026-03-18 13:00:00,28.2,81.62,91.66,1.9,167.59,66.82,233.35,0
2026-03-18 14:00:00,27.44,81.79,91.38,2.1,167.85,65.53,232.2,0
2026-03-18 15:00:00,26.58,86.44,92.0,2.1,165.09,66.18,233.37,1
2026-03-18 16:00:00,27.04,87.57,91.61,2.1,158.87,65.47,233.57,0
2026-03-18 17:00:00,26.7,87.99,91.22,2.1,159.81,65.06,232.94,0
2026-03-18 18:00:00,25.59,89.44,89.9,2.1,158.24,64.02,234.01,0
2026-03-18 19:00:00,26.13,90.57,89.69,2.1,158.33,64.57,232.83,0
2026-03-18 20:00:00,23.85,84.06,88.95,2.1,157.14,63.91,228.48,0
2026-03-18 21:00:00,24.23,90.65,88.9,2.1,155.87,63.82,226.48,0
2026-03-18 22:00:00,24.34,89.39,88.06,2.1,154.86,63.75,224.29,0
2026-03-18 23:00:00,23.17,89.76,87.81,2.1,154.05,63.86,220.81,0
2026-03-19 00:00:00,22.79,93.38,87.77,2.1,155.88,64.4,222.45,0
2026-03-19 01:00:00,22.49,88.95,87.23,2.1,157.28,64.11,222.64,0
2026-03-19 02:00:00,21.66,89.37,87.32,2.2,155.42,63.38,224.15,0
2026-03-19 03:00:00,23.1,94.9,87.27,2.1,153.87,61.66,225.99,0
2026-03-19 04:00:00,21.29,94.67,87.18,2.2,155.0,61.77,228.33,0
2026-03-19 05:00:00,22.51,93.64,87.19,2.1,157.29,61.63,229.68,0
2026-03-19 06:00:00,23.04,90.63,92.0,2.1,159.47,61.0,227.5,1
2026-03-19 07:00:00,22.64,93.04,91.84,2.1,157.88,61.09,229.32,0
2026-03-19 08:00:00,24.31,91.46,91.28,2.1,159.95,61.89,230.16,0
2026-03-19 09:00:00,24.42,88.62,90.71,2.1,156.95,62.89,235.88,0
2026-03-19 10:00:00,27.11,84.41,89.93,2.1,156.91,61.48,235.85,0
2026-03-19 11:00:00,25.78,84.89,88.98,2.1,158.11,61.17,236.77,0
2026-03-19 12:00:00,26.62,86.91,92.0,2.1,154.64,62.06,236.44,1
2026-03-19 13:00:00,26.32,87.72,91.3,2.1,158.83,63.5,236.49,0
2026-03-19 14:00:00,26.16,84.18,90.51,2.1,161.46,62.72,236.37,0
2026-03-19 15:00:00,28.35,84.63,92.0,1.9,162.77,63.94,235.22,1
2026-03-19 16:00:00,27.24,85.28,91.06,2.1,161.12,62.66,235.65,0
2026-03-19 17:00:00,26.55,86.86,90.43,2.1,161.15,63.68,237.17,0
2026-03-19 18:00:00,25.47,85.72,90.21,2.1,162.73,63.37,236.01,0
2026-03-19 19:00:00,26.23,81.47,90.27,2.1,160.8,64.74,238.05,0
2026-03-19 20:00:00,24.31,91.36,90.43,2.1,160.64,64.24,239.69,0
2026-03-19 21:00:00,25.06,93.61,90.05,2.1,162.45,63.89,237.25,0
2026-03-19 22:00:00,23.2,89.21,90.08,2.1,159.87,63.72,234.73,0
2026-03-19 23:00:00,22.88,89.05,89.56,2.1,160.67,62.28,235.86,0
2026-03-20 00:00:00,23.57,91.84,89.27,2.1,157.68,60.69,234.35,0
2026-03-20 01:00:00,23.29,92.35,89.01,2.1,156.28,61.18,231.77,0
2026-03-20 02:00:00,22.8,95.41,88.64,2.1,155.72,62.1,236.22,0
2026-03-20 03:00:00,21.32,93.62,88.33,2.2,157.01,62.64,233.75,0
2026-03-20 04:00:00,21.74,91.86,87.98,2.2,156.07,61.49,230.0,0
2026-03-20 05:00:00,22.38,90.43,87.49,2.1,156.66,61.94,228.29,0
2026-03-20 06:00:00,22.03,94.47,92.0,2.1,155.75,61.05,229.2,1
2026-03-20 07:00:00,24.5,92.72,91.74,2.1,155.17,61.45,229.68,0
2026-03-20 08:00:00,22.33,92.3,91.25,2.1,157.81,62.48,234.66,0
2026-03-20 09:00:00,24.53,86.31,90.73,2.1,156.03,62.8,232.76,0
2026-03-20 10:00:00,25.59,91.04,90.17,2.1,157.75,64.1,233.46,0
2026-03-20 11:00:00,24.42,81.99,89.63,2.1,158.04,63.9,236.36,0
2026-03-20 12:00:00,26.03,86.63,92.0,2.1,157.28,63.65,234.64,1
2026-03-20 13:00:00,27.8,80.6,91.84,2.1,155.4,63.66,236.42,0
2026-03-20 14:00:00,27.27,83.16,91.48,2.1,153.72,62.4,231.77,0
2026-03-20 15:00:00,28.33,88.61,92.0,1.9,152.84,62.03,236.33,1
2026-03-20 16:00:00,28.04,87.47,91.28,1.9,153.06,61.74,238.75,0
2026-03-20 17:00:00,26.79,85.05,90.66,2.1,154.62,61.49,236.86,0
2026-03-20 18:00:00,26.25,85.86,90.21,2.1,154.5,61.75,238.84,0
2026-03-20 19:00:00,25.56,88.06,90.45,2.1,154.5,60.42,241.93,0
2026-03-20 20:00:00,22.85,89.87,89.83,2.1,154.77,59.44,238.36,0
2026-03-20 21:00:00,23.31,92.41,89.83,2.1,156.03,60.54,236.7,0
2026-03-20 22:00:00,23.98,89.56,89.96,2.1,157.55,58.77,239.98,0
2026-03-20 23:00:00,23.89,87.85,89.31,2.1,155.36,59.43,239.9,0
2026-03-21 00:00:00,23.19,92.49,89.05,2.1,155.23,59.17,240.74,0
2026-03-21 01:00:00,21.88,91.75,88.53,2.2,157.83,59.4,240.63,0
2026-03-21 02:00:00,23.07,90.36,88.46,2.1,155.75,60.88,242.58,0
2026-03-21 03:00:00,23.34,94.16,88.15,2.1,156.25,60.79,243.48,0
2026-03-21 04:00:00,22.85,93.13,87.91,2.1,156.3,61.39,243.32,0
2026-03-21 05:00:00,23.05,94.01,87.58,2.1,155.63,61.46,237.65,0
2026-03-21 06:00:00,22.26,90.6,92.0,2.1,158.86,61.38,239.12,1
2026-03-21 07:00:00,24.26,92.47,91.86,2.1,159.18,61.19,240.74,0
2026-03-21 08:00:00,24.37,87.07,91.37,2.1,162.13,61.84,237.35,0
2026-03-21 09:00:00,25.56,86.61,90.84,2.1,162.25,61.19,234.3,0
2026-03-21 10:00:00,26.29,86.47,90.44,2.1,163.19,60.2,235.63,0
2026-03-21 11:00:00,26.59,89.66,89.78,2.1,162.23,60.32,236.09,0
2026-03-21 12:00:00,26.46,86.79,92.0,2.1,161.32,60.54,231.1,1
2026-03-21 13:00:00,27.23,87.17,91.05,2.1,162.2,58.94,229.24,0
2026-03-21 14:00:00,28.03,88.01,89.94,1.9,163.08,59.02,230.31,0
2026-03-21 15:00:00,26.72,93.11,92.0,2.1,164.24,58.01,232.23,1
2026-03-21 16:00:00,27.52,85.73,90.79,2.1,164.94,58.69,230.91,0
2026-03-21 17:00:00,27.03,89.38,90.41,2.1,162.54,57.17,230.75,0
2026-03-21 18:00:00,25.76,89.23,90.0,2.1,161.19,59.05,228.76,0
2026-03-21 19:00:00,26.61,90.03,90.15,2.1,162.87,58.83,232.38,0
2026-03-21 20:00:00,24.69,92.64,89.63,2.1,159.43,58.15,232.95,0
2026-03-21 21:00:00,25.64,88.74,89.64,2.1,160.18,58.01,231.38,0
2026-03-21 22:00:00,24.24,89.46,89.45,2.1,160.17,58.63,228.67,0
2026-03-21 23:00:00,23.39,92.1,89.3,2.1,161.89,59.53,225.82,0
2026-03-22 00:00:00,22.25,91.74,89.29,2.1,162.77,59.36,230.81,0
2026-03-22 01:00:00,22.53,93.46,88.86,2.1,161.66,58.14,230.59,0
2026-03-22 02:00:00,22.16,96.66,89.43,2.1,160.52,57.17,229.81,0
2026-03-22 03:00:00,21.15,92.45,89.63,2.2,159.76,57.57,229.54,0
2026-03-22 04:00:00,21.93,92.93,89.27,2.2,161.01,58.59,228.23,0
2026-03-22 05:00:00,21.61,93.72,88.75,2.2,157.03,59.7,228.3,0
2026-03-22 06:00:00,23.18,92.07,92.0,2.1,157.63,59.92,228.73,1
2026-03-22 07:00:00,24.45,87.19,91.85,2.1,156.33,60.85,229.08,0
2026-03-22 08:00:00,23.27,88.69,91.61,2.1,157.02,62.61,226.22,0
2026-03-22 09:00:00,26.52,89.95,90.68,2.1,157.96,63.66,228.89,0
2026-03-22 10:00:00,25.9,90.16,90.19,2.1,155.25,64.44,227.81,0
2026-03-22 11:00:00,25.91,83.29,89.16,2.1,155.23,63.64,226.52,0
2026-03-22 12:00:00,27.75,82.51,92.0,2.1,155.9,64.46,225.19,1
2026-03-22 13:00:00,26.94,84.87,91.39,2.1,156.43,64.8,223.05,0
2026-03-22 14:00:00,27.18,80.4,91.38,2.1,156.55,65.3,224.31,0
2026-03-22 15:00:00,26.75,84.2,92.0,2.1,154.69,66.34,227.09,1
2026-03-22 16:00:00,26.15,81.82,91.83,2.1,153.18,66.53,225.67,0
2026-03-22 17:00:00,27.02,89.27,90.74,2.1,151.17,66.3,221.53,0
2026-03-22 18:00:00,25.77,85.31,89.77,2.1,152.72,65.21,219.64,0
2026-03-22 19:00:00,24.35,91.48,89.06,2.1,153.01,64.85,219.29,0
2026-03-22 20:00:00,25.41,91.19,88.92,2.1,153.39,64.95,216.99,0
2026-03-22 21:00:00,23.46,88.24,88.37,2.1,150.79,65.12,216.4,0
2026-03-22 22:00:00,22.97,88.2,87.76,2.1,151.29,65.24,215.95,0
2026-03-22 23:00:00,24.35,90.97,87.62,2.1,152.98,66.01,216.86,0
2026-03-23 00:00:00,22.0,91.91,87.55,2.1,150.15,66.67,214.13,0
2026-03-23 01:00:00,20.74,93.52,87.36,2.2,149.78,66.47,216.62,0
2026-03-23 02:00:00,22.82,91.51,87.11,2.1,147.56,65.57,221.7,0
2026-03-23 03:00:00,21.91,95.15,87.46,2.2,147.5,65.81,225.93,0
2026-03-23 04:00:00,21.93,94.18,87.31,2.2,146.58,67.72,224.93,0
2026-03-23 05:00:00,22.01,92.59,87.35,2.1,148.0,67.84,227.1,0
2026-03-23 06:00:00,22.89,91.0,92.0,2.1,148.99,67.39,228.87,1
2026-03-23 07:00:00,22.8,90.99,91.47,2.1,151.95,67.72,229.07,0
2026-03-23 08:00:00,25.43,88.17,91.06,2.1,152.38,68.08,229.81,0
2026-03-23 09:00:00,23.97,88.56,90.3,2.1,153.49,68.42,231.78,0
2026-03-23 10:00:00,26.36,87.19,89.7,2.1,152.95,69.47,234.15,0
2026-03-23 11:00:00,27.21,86.41,89.2,2.1,151.44,69.59,232.16,0
2026-03-23 12:00:00,26.54,88.95,92.0,2.1,153.49,70.56,234.17,1
2026-03-23 13:00:00,26.48,84.51,90.94,2.1,156.19,70.51,238.38,0
2026-03-23 14:00:00,28.06,87.11,90.62,1.9,157.81,71.61,240.42,0
2026-03-23 15:00:00,26.28,85.69,92.0,2.1,158.33,72.41,243.99,1
2026-03-23 16:00:00,26.32,85.12,91.24,2.1,156.85,72.93,237.08,0
2026-03-23 17:00:00,27.15,85.99,90.7,2.1,159.23,73.31,238.46,0
2026-03-23 18:00:00,26.03,86.87,90.01,2.1,160.5,75.04,238.95,0
2026-03-23 19:00:00,24.07,88.46,89.93,2.1,164.33,75.62,241.32,0
2026-03-23 20:00:00,26.37,86.63,89.7,2.1,162.28,74.45,238.19,0
2026-03-23 21:00:00,24.0,86.44,89.56,2.1,163.94,74.29,236.77,0
2026-03-23 22:00:00,23.57,92.0,89.15,2.1,164.97,73.69,238.93,0
2026-03-23 23:00:00,23.6,93.38,89.0,2.1,164.35,75.19,236.08,0
2026-03-24 00:00:00,23.46,93.78,89.13,2.1,166.83,75.92,236.63,0
2026-03-24 01:00:00,24.17,93.1,88.75,2.1,167.49,77.34,236.51,0
2026-03-24 02:00:00,21.0,94.91,88.83,2.2,165.7,76.19,235.95,0
2026-03-24 03:00:00,22.82,95.07,88.61,2.1,165.46,76.76,237.33,0
2026-03-24 04:00:00,22.69,95.33,88.63,2.1,163.73,75.09,234.42,0
2026-03-24 05:00:00,22.15,91.44,88.47,2.1,162.94,73.26,232.5,0
2026-03-24 06:00:00,23.34,90.16,92.0,2.1,164.29,72.57,232.28,1
2026-03-24 07:00:00,24.15,90.55,91.9,2.1,166.1,73.61,229.41,0
2026-03-24 08:00:00,23.14,89.93,91.71,2.1,166.45,72.37,232.77,0
2026-03-24 09:00:00,26.55,87.9,91.2,2.1,165.04,72.04,230.88,0
2026-03-24 10:00:00,24.75,82.87,90.77,2.1,165.73,72.81,233.06,0
2026-03-24 11:00:00,25.78,89.62,90.09,2.1,167.0,73.25,230.96,0
2026-03-24 12:00:00,26.93,84.46,92.0,2.1,163.37,74.91,232.93,1
2026-03-24 13:00:00,28.84,85.18,91.6,1.9,163.65,74.52,229.01,0
2026-03-24 14:00:00,27.0,87.63,91.04,2.1,163.36,73.75,232.83,0
2026-03-24 15:00:00,27.05,80.4,92.0,2.1,165.14,72.41,235.78,1
2026-03-24 16:00:00,27.95,84.51,91.7,2.1,165.83,71.77,234.36,0
2026-03-24 17:00:00,26.2,85.4,90.94,2.1,166.67,70.48,232.32,0
2026-03-24 18:00:00,25.06,86.26,89.84,2.1,165.73,68.61,233.6,0
2026-03-24 19:00:00,25.17,87.46,89.65,2.1,165.71,70.18,229.86,0
2026-03-24 20:00:00,26.07,91.92,89.8,2.1,167.38,69.98,230.2,0
2026-03-24 21:00:00,24.48,91.14,90.07,2.1,167.17,72.07,228.42,0
2026-03-24 22:00:00,25.44,92.67,89.83,2.1,167.39,71.01,228.11,0
2026-03-24 23:00:00,23.99,91.5,89.64,2.1,164.53,70.36,226.85,0
2026-03-25 00:00:00,22.44,89.07,89.59,2.1,164.43,69.41,225.26,0
2026-03-25 01:00:00,22.64,88.18,89.31,2.1,160.83,68.61,230.01,0
2026-03-25 02:00:00,21.64,89.85,89.27,2.2,160.07,69.2,232.21,0
2026-03-25 03:00:00,21.62,94.3,89.04,2.2,160.38,69.49,228.65,0
2026-03-25 04:00:00,25.68,93.67,89.14,2.1,161.94,70.05,226.78,0
2026-03-25 05:00:00,23.07,92.87,89.15,2.1,160.27,71.02,229.33,0
2026-03-25 06:00:00,23.4,91.76,92.0,2.1,161.13,71.75,232.04,1
2026-03-25 07:00:00,22.9,95.83,91.74,2.1,163.93,70.55,228.72,0
2026-03-25 08:00:00,25.5,88.15,91.74,2.1,162.82,69.82,230.78,0
2026-03-25 09:00:00,26.03,90.48,91.31,2.1,160.12,69.69,231.66,0
2026-03-25 10:00:00,27.51,87.0,90.8,2.1,160.84,72.82,226.97,0
2026-03-25 11:00:00,28.16,85.7,89.98,1.9,158.86,73.19,226.36,0
2026-03-25 12:00:00,25.96,87.65,92.0,2.1,157.63,72.95,226.46,1
2026-03-25 13:00:00,26.41,88.02,91.46,2.1,159.59,73.23,227.0,0
2026-03-25 14:00:00,26.44,84.37,90.64,2.1,163.18,72.35,224.1,0
2026-03-25 15:00:00,26.32,86.94,92.0,2.1,161.45,72.27,222.74,1
2026-03-25 16:00:00,27.06,86.44,91.37,2.1,160.27,72.82,221.79,0
2026-03-25 17:00:00,25.99,86.27,90.81,2.1,159.67,72.47,221.12,0
2026-03-25 18:00:00,27.66,87.45,89.69,2.1,158.89,71.48,220.51,0
2026-03-25 19:00:00,27.03,86.33,89.44,2.1,162.62,71.12,220.91,0
2026-03-25 20:00:00,24.97,88.07,89.12,2.1,161.76,70.56,222.38,0
2026-03-25 21:00:00,25.99,88.38,88.9,2.1,161.19,69.08,227.45,0
2026-03-25 22:00:00,25.09,92.54,89.01,2.1,164.25,68.36,230.01,0
2026-03-25 23:00:00,23.04,91.19,89.42,2.1,165.32,66.91,233.55,0
2026-03-26 00:00:00,21.35,89.29,89.42,2.2,167.08,65.65,232.42,0
2026-03-26 01:00:00,22.42,91.17,88.85,2.1,165.37,64.52,230.04,0
2026-03-26 02:00:00,21.81,86.18,88.55,2.2,164.4,65.3,232.29,0
2026-03-26 03:00:00,22.32,92.42,88.53,2.1,162.55,66.54,232.38,0
2026-03-26 04:00:00,22.17,93.68,88.47,2.1,164.09,65.02,234.34,0
2026-03-26 05:00:00,22.31,93.04,88.57,2.1,166.33,66.35,232.17,0
2026-03-26 06:00:00,23.13,96.93,92.0,2.1,165.2,65.21,233.93,1
2026-03-26 07:00:00,22.43,92.66,91.69,2.1,164.54,65.78,233.55,0
2026-03-26 08:00:00,24.58,91.13,91.65,2.1,163.98,65.9,232.47,0
2026-03-26 09:00:00,24.8,84.82,91.1,2.1,161.23,66.36,231.68,0
2026-03-26 10:00:00,26.16,86.2,90.22,2.1,160.17,65.18,233.07,0
2026-03-26 11:00:00,27.46,84.76,90.07,2.1,161.76,63.45,235.1,0
2026-03-26 12:00:00,26.16,83.34,92.0,2.1,160.31,62.69,234.18,1
2026-03-26 13:00:00,27.07,83.04,90.37,2.1,160.66,63.05,235.08,0
2026-03-26 14:00:00,27.15,80.92,90.01,2.1,158.48,64.78,235.93,0
2026-03-26 15:00:00,26.66,82.37,92.0,2.1,158.49,63.77,237.73,1
2026-03-26 16:00:00,27.52,87.56,91.54,2.1,157.73,63.63,240.06,0
2026-03-26 17:00:00,25.86,85.94,90.57,2.1,155.82,62.9,244.33,0
2026-03-26 18:00:00,25.56,85.89,89.98,2.1,157.61,62.86,242.7,0
2026-03-26 19:00:00,24.94,87.83,89.69,2.1,159.43,61.1,245.97,0
2026-03-26 20:00:00,25.85,91.31,89.32,2.1,157.91,62.47,245.71,0
2026-03-26 21:00:00,24.03,89.67,89.54,2.1,157.8,62.48,242.44,0
2026-03-26 22:00:00,24.26,91.75,89.02,2.1,158.17,63.29,240.44,0
2026-03-26 23:00:00,24.98,89.54,88.91,2.1,155.18,63.04,241.34,0
2026-03-27 00:00:00,22.9,90.78,89.06,2.1,153.06,63.18,242.83,0
2026-03-27 01:00:00,23.49,93.54,88.97,2.1,155.85,64.16,239.9,0
2026-03-27 02:00:00,23.66,97.38,89.14,2.1,154.3,64.22,237.74,0
2026-03-27 03:00:00,22.98,96.65,89.11,2.1,156.99,64.3,236.27,0
2026-03-27 04:00:00,22.09,94.88,89.04,2.1,154.89,63.52,234.05,0
2026-03-27 05:00:00,22.77,93.67,88.95,2.1,156.48,62.99,229.4,0
2026-03-27 06:00:00,21.68,95.65,92.0,2.2,156.26,62.05,224.13,1
2026-03-27 07:00:00,22.78,93.15,91.68,2.1,156.3,61.39,223.72,0
2026-03-27 08:00:00,23.76,84.92,90.73,2.1,159.99,62.53,224.91,0
2026-03-27 09:00:00,26.94,86.12,90.43,2.1,157.93,64.14,227.06,0
2026-03-27 10:00:00,25.35,87.74,90.21,2.1,159.29,62.95,224.05,0
2026-03-27 11:00:00,26.03,81.9,89.71,2.1,160.51,63.28,221.23,0
2026-03-27 12:00:00,26.31,83.09,92.0,2.1,166.73,62.96,220.6,1
2026-03-27 13:00:00,27.75,83.26,90.94,2.1,164.72,64.19,221.33,0
2026-03-27 14:00:00,27.36,84.33,90.39,2.1,163.61,64.24,224.53,0
2026-03-27 15:00:00,27.94,84.55,92.0,2.1,165.13,64.17,226.85,1
2026-03-27 16:00:00,27.34,85.0,90.97,2.1,164.77,63.43,226.34,0
2026-03-27 17:00:00,25.34,88.07,90.39,2.1,163.94,62.01,227.67,0
2026-03-27 18:00:00,25.35,86.42,89.59,2.1,165.71,62.7,225.93,0
2026-03-27 19:00:00,26.6,86.99,89.48,2.1,165.2,62.99,226.57,0
2026-03-27 20:00:00,24.81,85.77,89.23,2.1,163.59,63.3,226.84,0
2026-03-27 21:00:00,25.38,91.91,88.84,2.1,164.95,62.72,230.75,0
2026-03-27 22:00:00,23.78,89.08,88.12,2.1,165.63,62.57,232.2,0
2026-03-27 23:00:00,22.63,89.01,87.66,2.1,165.04,63.27,230.41,0
2026-03-28 00:00:00,22.72,92.61,87.22,2.1,164.39,64.11,228.74,0
2026-03-28 01:00:00,21.82,91.07,86.65,2.2,162.77,62.99,228.22,0
2026-03-28 02:00:00,21.87,92.06,86.35,2.2,164.16,62.39,224.65,0
2026-03-28 03:00:00,22.32,94.07,85.81,2.1,163.55,61.13,224.59,0
2026-03-28 04:00:00,22.51,92.88,85.56,2.1,162.22,61.33,224.75,0
2026-03-28 05:00:00,20.98,98.42,85.43,2.2,160.02,62.15,226.43,0
2026-03-28 06:00:00,22.69,92.41,92.0,2.1,160.92,61.89,228.39,1
2026-03-28 07:00:00,22.93,92.76,91.93,2.1,160.17,61.3,228.97,0
2026-03-28 08:00:00,23.73,85.69,90.96,2.1,156.74,61.02,225.19,0
2026-03-28 09:00:00,25.26,86.54,90.05,2.1,154.9,63.12,222.63,0
2026-03-28 10:00:00,25.56,84.61,89.44,2.1,154.89,64.16,221.74,0
2026-03-28 11:00:00,27.8,83.73,89.06,2.1,154.92,64.76,224.03,0
2026-03-28 12:00:00,28.09,85.98,92.0,1.9,154.89,64.96,226.13,1
2026-03-28 13:00:00,28.25,87.08,91.89,1.9,154.6,64.86,225.95,0
2026-03-28 14:00:00,26.85,85.65,91.2,2.1,152.36,63.96,232.3,0
2026-03-28 15:00:00,26.31,84.68,92.0,2.1,151.29,62.95,236.34,1
2026-03-28 16:00:00,26.87,84.25,91.11,2.1,153.97,62.41,239.37,0
2026-03-28 17:00:00,26.32,88.71,90.15,2.1,156.28,61.54,240.9,0
2026-03-28 18:00:00,25.51,91.56,89.65,2.1,157.67,61.0,241.75,0
2026-03-28 19:00:00,24.56,88.14,89.21,2.1,158.84,60.94,242.38,0
2026-03-28 20:00:00,24.94,90.81,89.37,2.1,160.72,60.95,237.5,0
2026-03-28 21:00:00,24.1,90.42,88.73,2.1,158.87,60.42,234.75,0
2026-03-28 22:00:00,24.45,92.22,88.67,2.1,159.17,60.92,234.2,0
2026-03-28 23:00:00,23.93,88.84,88.16,2.1,157.39,60.78,234.56,0
2026-03-29 00:00:00,23.84,91.07,87.71,2.1,155.71,61.01,234.27,0
2026-03-29 01:00:00,21.59,93.63,87.67,2.2,156.74,60.37,234.99,0
2026-03-29 02:00:00,22.65,95.89,87.27,2.1,158.78,61.04,229.73,0
2026-03-29 03:00:00,21.57,91.7,86.91,2.2,158.68,60.59,231.26,0
2026-03-29 04:00:00,21.12,89.13,86.47,2.2,161.9,62.08,231.6,0
2026-03-29 05:00:00,21.91,92.24,86.81,2.2,162.41,61.87,231.3,0
2026-03-29 06:00:00,23.56,94.79,92.0,2.1,161.11,61.79,233.81,1
2026-03-29 07:00:00,23.1,87.92,91.81,2.1,159.31,62.33,231.25,0
2026-03-29 08:00:00,25.5,87.37,91.18,2.1,161.37,63.05,230.85,0
2026-03-29 09:00:00,25.59,88.78,90.67,2.1,161.75,63.85,231.77,0
2026-03-29 10:00:00,25.68,86.74,89.91,2.1,163.09,65.39,229.8,0
2026-03-29 11:00:00,27.62,87.14,89.27,2.1,158.39,65.89,225.05,0
2026-03-29 12:00:00,27.5,82.36,92.0,2.1,159.09,65.71,222.66,1
2026-03-29 13:00:00,26.55,84.09,91.16,2.1,158.41,65.12,223.12,0
2026-03-29 14:00:00,28.73,87.53,90.89,1.9,156.16,64.91,223.09,0
2026-03-29 15:00:00,27.28,82.56,92.0,2.1,156.4,66.15,223.64,1
2026-03-29 16:00:00,26.82,88.89,91.6,2.1,158.71,64.78,222.56,0
2026-03-29 17:00:00,25.76,83.91,91.05,2.1,163.04,63.96,219.9,0
2026-03-29 18:00:00,26.94,88.87,89.57,2.1,163.56,63.71,221.0,0
2026-03-29 19:00:00,25.92,87.02,89.48,2.1,162.34,62.91,221.28,0
2026-03-29 20:00:00,25.48,86.22,89.16,2.1,161.06,62.51,223.56,0
2026-03-29 21:00:00,24.02,88.57,88.88,2.1,162.95,64.12,222.26,0
2026-03-29 22:00:00,24.56,91.76,88.1,2.1,161.24,63.79,217.85,0
2026-03-29 23:00:00,24.13,91.38,88.05,2.1,162.51,64.11,212.2,0
2026-03-30 00:00:00,22.43,94.6,87.41,2.1,163.14,62.55,212.33,0
2026-03-30 01:00:00,21.46,95.92,87.25,2.2,163.54,61.54,213.79,0
2026-03-30 02:00:00,22.79,90.62,87.32,2.1,160.78,62.39,214.27,0
2026-03-30 03:00:00,20.9,90.74,86.98,2.2,160.3,63.88,213.89,0
2026-03-30 04:00:00,22.22,90.73,87.14,2.1,157.87,64.03,210.97,0
2026-03-30 05:00:00,21.9,91.36,86.72,2.2,157.09,63.69,207.44,0
2026-03-30 06:00:00,23.68,95.0,92.0,2.1,159.06,64.09,209.74,1
2026-03-30 07:00:00,23.09,92.63,91.41,2.1,161.51,61.69,210.43,0
2026-03-30 08:00:00,25.13,88.76,91.14,2.1,162.04,61.9,210.75,0
2026-03-30 09:00:00,24.74,88.41,90.84,2.1,161.13,60.96,208.11,0
2026-03-30 10:00:00,26.8,90.09,90.4,2.1,164.14,61.71,207.04,0
2026-03-30 11:00:00,28.34,90.03,89.69,1.9,163.13,59.74,208.55,0
2026-03-30 12:00:00,26.29,85.64,92.0,2.1,161.16,59.25,210.59,1
2026-03-30 13:00:00,27.53,80.4,91.3,2.1,162.57,59.29,211.4,0
2026-03-30 14:00:00,29.44,85.55,91.03,1.9,163.49,58.69,216.02,0
2026-03-30 15:00:00,27.13,87.24,92.0,2.1,162.57,58.45,215.53,1
2026-03-30 16:00:00,26.85,86.13,90.95,2.1,162.85,59.37,219.72,0
2026-03-30 17:00:00,27.07,87.85,90.03,2.1,163.73,59.43,221.03,0
2026-03-30 18:00:00,26.03,87.79,89.83,2.1,164.15,58.67,222.0,0
2026-03-30 19:00:00,24.14,85.12,89.77,2.1,165.01,59.61,224.98,0
2026-03-30 20:00:00,25.88,86.79,89.19,2.1,164.1,59.91,223.92,0
2026-03-30 21:00:00,22.83,88.95,88.46,2.1,165.08,60.24,223.65,0
2026-03-30 22:00:00,23.56,92.9,88.07,2.1,165.11,59.49,221.16,0
2026-03-30 23:00:00,24.37,89.72,87.31,2.1,164.26,57.27,224.19,0
2026-03-31 00:00:00,22.68,93.15,87.06,2.1,163.84,56.59,225.57,0
2026-03-31 01:00:00,22.04,93.43,87.6,2.1,163.71,55.85,228.79,0
2026-03-31 02:00:00,23.03,96.71,86.91,2.1,161.16,55.48,229.61,0
2026-03-31 03:00:00,21.48,93.41,86.66,2.2,160.17,54.92,232.64,0
2026-03-31 04:00:00,21.12,89.74,86.85,2.2,160.48,55.23,230.89,0
2026-03-31 05:00:00,22.48,94.76,86.87,2.1,158.23,56.23,233.56,0
2026-03-31 06:00:00,22.56,97.27,92.0,2.1,157.38,57.37,232.64,1
2026-03-31 07:00:00,22.41,92.97,91.76,2.1,161.98,58.26,232.76,0
2026-03-31 08:00:00,24.76,88.23,90.84,2.1,160.07,57.57,234.69,0
2026-03-31 09:00:00,25.52,86.06,90.19,2.1,159.58,57.75,240.53,0
2026-03-31 10:00:00,25.71,84.9,89.69,2.1,158.29,59.29,242.3,0
2026-03-31 11:00:00,26.46,90.24,89.44,2.1,158.35,57.95,244.22,0
2026-03-31 12:00:00,27.52,84.35,92.0,2.1,157.15,59.28,242.4,1
2026-03-31 13:00:00,28.25,83.34,91.35,1.9,157.02,58.47,242.42,0
2026-03-31 14:00:00,27.02,84.55,90.48,2.1,156.05,58.84,241.81,0
2026-03-31 15:00:00,27.6,84.48,92.0,2.1,158.31,59.3,244.99,1
2026-03-31 16:00:00,27.26,89.09,91.65,2.1,158.72,59.55,244.13,0
2026-03-31 17:00:00,27.14,84.02,91.26,2.1,157.17,61.63,246.99,0
2026-03-31 18:00:00,26.03,89.6,90.33,2.1,158.99,61.37,243.14,0
2026-03-31 19:00:00,24.77,88.11,90.17,2.1,157.51,59.92,246.23,0
2026-03-31 20:00:00,24.6,91.4,89.76,2.1,154.99,60.3,243.51,0
2026-03-31 21:00:00,24.7,93.14,89.85,2.1,155.39,60.2,245.22,0
2026-03-31 22:00:00,25.35,90.75,89.6,2.1,159.21,60.75,242.55,0
2026-03-31 23:00:00,23.01,90.71,88.94,2.1,156.15,61.58,243.72,0
2026-04-01 00:00:00,23.6,92.29,88.67,2.1,154.11,61.56,240.88,0
2026-04-01 01:00:00,22.33,92.55,88.6,2.1,155.9,61.97,243.17,0
2026-04-01 02:00:00,22.41,89.57,88.48,2.1,155.11,62.1,244.88,0
2026-04-01 03:00:00,23.37,96.92,88.12,2.1,156.6,63.71,242.88,0
2026-04-01 04:00:00,22.71,94.14,87.74,2.1,155.43,63.33,243.93,0
2026-04-01 05:00:00,21.26,90.78,87.25,2.2,156.07,62.67,245.85,0
2026-04-01 06:00:00,22.25,88.02,92.0,2.1,159.57,63.44,243.0,1
2026-04-01 07:00:00,24.4,86.28,91.54,2.1,157.63,62.56,240.02,0
2026-04-01 08:00:00,24.36,91.66,91.26,2.1,159.77,62.9,237.09,0
2026-04-01 09:00:00,24.23,87.07,90.43,2.1,161.2,62.72,233.95,0
2026-04-01 10:00:00,25.34,86.0,89.89,2.1,158.67,62.6,231.31,0
2026-04-01 11:00:00,27.25,86.9,89.32,2.1,159.93,64.78,233.81,0
2026-04-01 12:00:00,27.94,83.93,92.0,2.1,160.27,65.81,235.26,1
2026-04-01 13:00:00,27.31,86.0,91.74,2.1,160.62,66.61,231.01,0
2026-04-01 14:00:00,29.22,85.11,91.35,1.9,161.4,66.95,229.94,0
2026-04-01 15:00:00,27.73,85.0,92.0,2.1,160.91,66.18,227.29,1
2026-04-01 16:00:00,26.61,82.18,91.1,2.1,161.2,66.29,229.83,0
2026-04-01 17:00:00,25.79,84.45,90.21,2.1,161.79,66.69,228.97,0
2026-04-01 18:00:00,25.22,88.33,89.38,2.1,163.26,66.73,225.41,0
2026-04-01 19:00:00,25.77,86.34,89.4,2.1,160.58,66.67,226.31,0
2026-04-01 20:00:00,24.58,91.39,89.22,2.1,163.08,66.17,228.26,0
2026-04-01 21:00:00,25.77,94.82,89.27,2.1,161.08,66.29,226.22,0
2026-04-01 22:00:00,25.07,92.0,89.36,2.1,162.61,65.69,225.99,0
2026-04-01 23:00:00,23.91,94.68,88.94,2.1,162.85,66.21,224.19,0
2026-04-02 00:00:00,22.02,93.73,88.75,2.1,160.63,64.27,227.84,0
2026-04-02 01:00:00,22.06,91.58,88.54,2.1,161.75,65.43,227.12,0
2026-04-02 02:00:00,23.33,93.66,88.24,2.1,160.18,64.14,225.71,0
2026-04-02 03:00:00,21.71,97.93,87.88,2.2,162.3,63.12,226.04,0
2026-04-02 04:00:00,23.0,92.45,88.04,2.1,161.13,63.45,225.97,0
2026-04-02 05:00:00,22.64,91.05,87.85,2.1,158.59,63.9,228.15,0
2026-04-02 06:00:00,22.75,90.08,92.0,2.1,161.61,65.71,231.53,1
2026-04-02 07:00:00,22.84,90.92,91.56,2.1,162.07,65.86,234.76,0
2026-04-02 08:00:00,24.17,87.76,91.2,2.1,163.75,65.71,233.82,0
2026-04-02 09:00:00,25.3,92.12,90.32,2.1,162.26,65.77,234.64,0
2026-04-02 10:00:00,26.83,87.48,89.88,2.1,158.97,67.09,238.38,0
2026-04-02 11:00:00,25.98,87.97,89.45,2.1,162.23,69.12,242.03,0
2026-04-02 12:00:00,26.93,84.41,92.0,2.1,162.32,68.74,239.49,1
2026-04-02 13:00:00,27.34,82.29,91.51,2.1,163.32,69.03,240.74,0
2026-04-02 14:00:00,27.77,82.02,90.98,2.1,164.57,68.75,241.51,0
2026-04-02 15:00:00,26.35,83.18,92.0,2.1,163.98,68.46,243.5,1
2026-04-02 16:00:00,25.75,86.4,91.43,2.1,164.43,69.96,246.19,0
2026-04-02 17:00:00,26.98,87.4,90.86,2.1,167.32,68.89,243.03,0
2026-04-02 18:00:00,24.79,88.33,90.34,2.1,167.17,66.58,240.9,0
2026-04-02 19:00:00,26.53,84.57,90.14,2.1,168.78,66.73,242.87,0
2026-04-02 20:00:00,24.85,88.74,89.6,2.1,165.04,67.67,242.85,0
2026-04-02 21:00:00,23.19,87.4,89.36,2.1,167.06,67.69,236.89,0
2026-04-02 22:00:00,23.51,91.44,89.23,2.1,164.24,67.98,232.63,0
2026-04-02 23:00:00,23.7,92.45,89.06,2.1,166.09,68.47,234.4,0
2026-04-03 00:00:00,22.53,89.57,89.14,2.1,166.75,68.38,236.53,0
2026-04-03 01:00:00,22.61,94.89,89.13,2.1,166.51,68.69,233.08,0
2026-04-03 02:00:00,22.92,98.37,88.66,2.1,166.27,68.97,235.92,0
2026-04-03 03:00:00,22.0,95.34,88.41,2.1,165.76,67.0,235.39,0
2026-04-03 04:00:00,21.35,93.24,88.12,2.2,164.25,66.95,232.81,0
2026-04-03 05:00:00,22.02,92.64,87.92,2.1,163.91,65.39,231.52,0
2026-04-03 06:00:00,23.84,92.11,92.0,2.1,167.93,65.25,228.64,1
2026-04-03 07:00:00,24.75,89.73,91.98,2.1,170.16,64.71,227.41,0
2026-04-03 08:00:00,22.63,90.52,91.48,2.1,168.38,65.56,223.12,0
2026-04-03 09:00:00,26.02,85.93,91.27,2.1,168.73,65.67,223.53,0
2026-04-03 10:00:00,26.2,82.84,90.76,2.1,168.75,65.99,225.57,0
2026-04-03 11:00:00,27.43,86.31,89.93,2.1,168.35,65.7,222.67,0
2026-04-03 12:00:00,26.7,85.11,92.0,2.1,166.41,66.53,223.33,1
2026-04-03 13:00:00,25.89,83.54,91.61,2.1,167.15,64.96,221.91,0
2026-04-03 14:00:00,27.71,82.07,90.53,2.1,168.59,64.06,224.23,0
2026-04-03 15:00:00,26.32,85.82,92.0,2.1,166.95,65.16,218.98,1
2026-04-03 16:00:00,25.69,83.46,91.43,2.1,170.39,64.67,221.56,0
2026-04-03 17:00:00,25.39,85.95,91.14,2.1,172.91,62.66,217.69,0
2026-04-03 18:00:00,26.48,90.88,90.95,2.1,173.58,63.95,218.03,0
2026-04-03 19:00:00,25.62,89.27,90.68,2.1,171.02,64.86,217.11,0
2026-04-03 20:00:00,25.6,85.73,90.79,2.1,171.5,65.41,217.1,0
2026-04-03 21:00:00,24.96,86.86,90.6,2.1,171.75,65.4,214.17,0
2026-04-03 22:00:00,23.56,90.89,89.94,2.1,172.4,66.79,219.36,0
2026-04-03 23:00:00,23.34,88.37,89.74,2.1,174.97,67.78,216.93,0
2026-04-04 00:00:00,22.55,87.74,89.35,2.1,174.26,69.0,214.81,0
2026-04-04 01:00:00,22.43,93.93,89.42,2.1,177.57,69.41,220.31,0
2026-04-04 02:00:00,21.55,93.93,89.22,2.2,177.8,69.3,221.85,0
2026-04-04 03:00:00,22.47,94.5,88.63,2.1,176.77,68.72,219.37,0
2026-04-04 04:00:00,22.96,94.18,87.98,2.1,180.61,67.38,219.83,0
2026-04-04 05:00:00,21.6,93.19,87.77,2.2,181.48,67.67,220.0,0
2026-04-04 06:00:00,23.73,91.11,92.0,2.1,180.01,68.03,216.53,1
2026-04-04 07:00:00,23.49,92.54,91.64,2.1,179.56,67.53,215.56,0
2026-04-04 08:00:00,24.44,93.33,91.14,2.1,180.12,67.92,216.47,0
2026-04-04 09:00:00,23.79,87.33,90.27,2.1,179.24,67.44,220.56,0
2026-04-04 10:00:00,24.55,84.75,90.0,2.1,178.91,68.06,220.81,0
2026-04-04 11:00:00,26.81,83.33,89.77,2.1,176.89,67.08,221.23,0
2026-04-04 12:00:00,27.77,83.16,92.0,2.1,173.38,65.98,219.89,1
2026-04-04 13:00:00,26.76,85.25,91.33,2.1,173.23,65.65,223.38,0
2026-04-04 14:00:00,28.58,80.4,91.03,1.9,173.16,66.28,226.22,0
2026-04-04 15:00:00,27.66,86.15,92.0,2.1,173.78,65.11,228.63,1
2026-04-04 16:00:00,26.08,87.06,91.0,2.1,172.39,65.96,229.23,0
2026-04-04 17:00:00,26.46,82.3,90.38,2.1,169.68,64.36,225.52,0
2026-04-04 18:00:00,27.98,84.85,89.54,2.1,167.76,64.07,228.71,0
2026-04-04 19:00:00,24.51,88.02,89.66,2.1,169.55,62.74,229.17,0
2026-04-04 20:00:00,25.39,88.42,89.64,2.1,168.16,60.37,228.69,0
2026-04-04 21:00:00,24.17,90.8,89.34,2.1,167.24,60.75,230.13,0
2026-04-04 22:00:00,24.46,90.25,89.17,2.1,166.59,60.62,230.93,0
2026-04-04 23:00:00,24.41,94.18,88.58,2.1,165.41,59.41,228.46,0
2026-04-05 00:00:00,22.65,91.44,88.15,2.1,164.15,59.02,227.99,0
2026-04-05 01:00:00,23.49,90.6,88.41,2.1,162.61,59.51,223.58,0
2026-04-05 02:00:00,24.1,90.88,88.22,2.1,165.23,59.25,224.36,0
2026-04-05 03:00:00,22.21,95.12,88.3,2.1,166.45,59.15,228.22,0
2026-04-05 04:00:00,22.73,93.67,88.17,2.1,168.63,58.88,224.07,0
2026-04-05 05:00:00,21.78,94.73,88.36,2.2,171.1,58.45,224.94,0
2026-04-05 06:00:00,22.72,93.92,92.0,2.1,166.62,58.02,227.11,1
2026-04-05 07:00:00,23.26,86.96,91.74,2.1,167.18,57.58,229.55,0
2026-04-05 08:00:00,24.89,87.46,91.66,2.1,166.03,57.03,227.95,0
2026-04-05 09:00:00,26.12,86.19,91.37,2.1,168.0,56.27,225.55,0
2026-04-05 10:00:00,25.91,85.2,91.2,2.1,166.55,56.1,224.56,0
2026-04-05 11:00:00,27.92,84.9,90.61,2.1,164.59,55.7,228.05,0
2026-04-05 12:00:00,28.37,87.26,92.0,1.9,162.02,54.92,224.13,1
2026-04-05 13:00:00,27.98,87.44,91.1,2.1,161.6,55.82,221.63,0
2026-04-05 14:00:00,26.83,84.25,90.19,2.1,163.38,57.12,221.15,0
2026-04-05 15:00:00,26.59,84.63,92.0,2.1,163.91,57.27,219.41,1
2026-04-05 16:00:00,26.15,84.09,91.58,2.1,161.79,57.47,220.08,0
2026-04-05 17:00:00,27.2,86.45,90.97,2.1,165.79,56.98,224.36,0
2026-04-05 18:00:00,25.03,87.45,90.55,2.1,166.93,58.09,221.89,0
2026-04-05 19:00:00,26.04,89.61,90.39,2.1,168.25,59.77,222.18,0
2026-04-05 20:00:00,24.11,90.5,90.47,2.1,170.43,59.69,222.8,0
2026-04-05 21:00:00,25.09,84.6,90.55,2.1,167.26,59.29,222.57,0
2026-04-05 22:00:00,23.91,90.22,90.03,2.1,165.53,59.68,219.25,0
2026-04-05 23:00:00,24.47,94.45,89.9,2.1,166.99,59.87,218.44,0
2026-04-06 00:00:00,23.87,91.18,89.2,2.1,165.45,59.48,217.68,0
2026-04-06 01:00:00,23.74,95.27,89.03,2.1,164.94,59.98,220.13,0
2026-04-06 02:00:00,23.49,92.55,89.01,2.1,164.8,60.88,221.92,0
2026-04-06 03:00:00,22.27,93.89,88.42,2.1,162.51,60.21,218.7,0
2026-04-06 04:00:00,21.17,91.1,88.09,2.2,161.96,62.55,218.54,0
2026-04-06 05:00:00,21.41,90.92,87.89,2.2,163.73,61.16,218.12,0
2026-04-06 06:00:00,21.04,94.17,92.0,2.2,165.09,60.41,223.85,1
2026-04-06 07:00:00,22.53,93.34,91.72,2.1,167.09,60.67,225.14,0
2026-04-06 08:00:00,24.3,90.02,90.8,2.1,168.83,62.73,222.93,0
2026-04-06 09:00:00,24.7,85.74,90.21,2.1,169.4,62.21,221.6,0
2026-04-06 10:00:00,25.86,87.1,89.14,2.1,169.82,61.24,221.32,0
2026-04-06 11:00:00,27.09,88.6,88.49,2.1,170.08,61.76,222.91,0
2026-04-06 12:00:00,26.9,88.9,92.0,2.1,168.75,61.54,224.73,1
2026-04-06 13:00:00,26.4,84.1,91.38,2.1,166.74,62.15,225.74,0
2026-04-06 14:00:00,27.2,81.24,90.63,2.1,165.43,62.09,225.68,0
2026-04-06 15:00:00,26.36,87.03,92.0,2.1,164.83,61.31,225.81,1
2026-04-06 16:00:00,26.59,85.03,91.31,2.1,163.65,63.45,225.94,0
2026-04-06 17:00:00,27.51,88.33,91.0,2.1,164.45,60.74,221.94,0
2026-04-06 18:00:00,25.78,87.62,90.81,2.1,164.84,62.42,222.44,0
2026-04-06 19:00:00,26.92,85.9,91.33,2.1,165.4,63.25,221.62,0
2026-04-06 20:00:00,26.12,88.87,91.62,2.1,166.02,62.54,218.16,0
2026-04-06 21:00:00,23.96,92.54,91.06,2.1,168.13,64.21,225.05,0
2026-04-06 22:00:00,23.01,90.23,90.74,2.1,167.99,62.91,226.32,0
2026-04-06 23:00:00,23.36,89.12,90.52,2.1,169.68,63.79,226.79,0
2026-04-07 00:00:00,23.88,88.65,90.29,2.1,170.43,61.86,226.27,0
2026-04-07 01:00:00,22.2,91.06,90.12,2.1,172.24,60.83,228.53,0
2026-04-07 02:00:00,23.05,92.32,90.63,2.1,174.86,59.83,225.95,0
2026-04-07 03:00:00,23.12,95.31,90.11,2.1,175.5,59.22,225.62,0
2026-04-07 04:00:00,21.48,91.13,89.69,2.2,175.27,59.32,223.71,0
2026-04-07 05:00:00,21.72,96.75,89.99,2.2,175.03,58.65,226.08,0
2026-04-07 06:00:00,23.28,89.63,92.0,2.1,173.79,56.92,224.46,1
2026-04-07 07:00:00,23.52,96.53,91.91,2.1,172.53,57.49,227.74,0
2026-04-07 08:00:00,23.7,93.76,91.66,2.1,173.85,57.67,227.85,0
2026-04-07 09:00:00,24.87,88.75,91.24,2.1,171.76,58.17,230.15,0
2026-04-07 10:00:00,25.94,83.38,90.72,2.1,174.4,58.44,231.39,0
2026-04-07 11:00:00,25.44,85.71,90.43,2.1,173.75,59.4,234.22,0
2026-04-07 12:00:00,27.76,84.21,92.0,2.1,178.55,59.41,231.92,1
2026-04-07 13:00:00,26.92,82.0,91.27,2.1,176.76,60.4,234.34,0
2026-04-07 14:00:00,25.02,85.54,90.86,2.1,176.74,59.75,229.71,0
2026-04-07 15:00:00,27.06,83.37,92.0,2.1,175.64,59.17,230.09,1
2026-04-07 16:00:00,26.21,84.07,91.85,2.1,173.79,60.5,228.97,0
2026-04-07 17:00:00,27.79,85.81,91.35,2.1,175.35,61.76,225.76,0
2026-04-07 18:00:00,25.53,85.74,90.82,2.1,172.94,62.28,223.99,0
2026-04-07 19:00:00,24.63,92.41,90.13,2.1,171.41,61.48,222.93,0
2026-04-07 20:00:00,25.38,87.56,89.53,2.1,172.21,60.62,223.05,0
2026-04-07 21:00:00,23.9,90.63,89.21,2.1,173.26,61.86,222.33,0
2026-04-07 22:00:00,23.27,90.88,89.25,2.1,170.43,63.01,223.17,0
2026-04-07 23:00:00,23.81,92.18,88.42,2.1,171.26,62.92,221.68,0
2026-04-08 00:00:00,22.13,93.09,88.46,2.1,171.24,65.0,221.16,0
2026-04-08 01:00:00,21.43,94.7,88.15,2.2,169.34,65.32,221.13,0
2026-04-08 02:00:00,23.71,93.81,87.88,2.1,167.74,64.23,222.27,0
2026-04-08 03:00:00,22.62,94.0,87.75,2.1,163.97,63.91,225.03,0
2026-04-08 04:00:00,21.89,93.73,87.63,2.2,167.11,63.86,227.67,0
2026-04-08 05:00:00,22.25,93.03,87.22,2.1,168.85,63.88,228.63,0
2026-04-08 06:00:00,23.11,90.56,92.0,2.1,166.37,64.95,230.02,1
2026-04-08 07:00:00,24.18,91.27,91.1,2.1,167.76,64.0,231.05,0
2026-04-08 08:00:00,23.64,90.49,90.4,2.1,166.61,62.74,230.46,0
2026-04-08 09:00:00,25.44,89.32,89.88,2.1,168.2,63.26,232.94,0
2026-04-08 10:00:00,25.59,87.4,89.2,2.1,167.18,62.77,230.75,0
2026-04-08 11:00:00,26.54,85.32,88.07,2.1,166.43,64.93,225.85,0
2026-04-08 12:00:00,27.27,84.94,92.0,2.1,165.86,65.69,223.7,1
2026-04-08 13:00:00,27.29,83.58,91.04,2.1,164.64,65.1,227.77,0
2026-04-08 14:00:00,27.83,85.59,90.43,2.1,167.17,66.1,227.4,0
2026-04-08 15:00:00,27.46,84.69,92.0,2.1,168.7,66.64,228.46,1
2026-04-08 16:00:00,25.6,86.04,91.43,2.1,168.75,67.07,228.1,0
2026-04-08 17:00:00,25.35,88.46,91.21,2.1,170.45,66.8,229.85,0
2026-04-08 18:00:00,25.7,85.44,90.62,2.1,167.3,67.04,230.29,0
2026-04-08 19:00:00,26.97,89.15,90.54,2.1,165.0,65.0,230.35,0
2026-04-08 20:00:00,24.29,88.81,90.31,2.1,165.85,66.09,232.12,0
2026-04-08 21:00:00,24.26,94.11,90.29,2.1,167.14,62.88,231.1,0
2026-04-08 22:00:00,23.47,90.08,90.51,2.1,167.56,62.45,232.22,0
2026-04-08 23:00:00,22.96,92.93,90.35,2.1,164.07,61.0,231.93,0
2026-04-09 00:00:00,23.1,92.18,90.38,2.1,162.19,60.58,231.81,0
2026-04-09 01:00:00,23.72,89.71,90.61,2.1,163.06,60.56,229.92,0
2026-04-09 02:00:00,22.69,92.07,90.82,2.1,167.5,59.52,229.64,0
2026-04-09 03:00:00,21.51,95.44,90.5,2.2,169.59,57.1,228.55,0
2026-04-09 04:00:00,24.3,92.65,90.61,2.1,172.25,57.43,231.7,0
2026-04-09 05:00:00,22.32,88.45,90.48,2.1,172.57,59.45,227.65,0
2026-04-09 06:00:00,22.25,92.5,92.0,2.1,172.87,59.21,230.24,1
2026-04-09 07:00:00,24.53,89.0,91.96,2.1,170.69,60.16,226.12,0
2026-04-09 08:00:00,23.87,90.25,91.48,2.1,172.18,61.57,227.91,0
2026-04-09 09:00:00,26.48,91.85,91.04,2.1,171.76,59.87,226.17,0
2026-04-09 10:00:00,25.3,88.69,90.54,2.1,172.73,59.52,228.03,0
2026-04-09 11:00:00,27.84,89.21,90.04,2.1,172.48,58.45,228.07,0
2026-04-09 12:00:00,27.3,83.83,92.0,2.1,172.68,57.83,224.84,1
2026-04-09 13:00:00,28.33,84.49,91.33,1.9,172.22,59.48,228.74,0
2026-04-09 14:00:00,28.76,82.6,91.27,1.9,172.33,59.76,231.0,0
2026-04-09 15:00:00,26.17,83.68,92.0,2.1,173.84,60.54,232.45,1
2026-04-09 16:00:00,27.82,83.6,91.24,2.1,171.21,60.54,230.98,0
2026-04-09 17:00:00,25.31,83.38,90.58,2.1,168.27,59.5,233.21,0
2026-04-09 18:00:00,25.16,90.0,90.33,2.1,168.91,60.18,230.09,0
2026-04-09 19:00:00,24.86,83.24,89.9,2.1,171.34,61.36,224.77,0
2026-04-09 20:00:00,25.37,91.75,89.25,2.1,174.14,61.67,221.37,0
2026-04-09 21:00:00,24.45,92.4,88.62,2.1,171.57,62.12,219.75,0
2026-04-09 22:00:00,23.76,91.66,87.9,2.1,170.58,61.0,218.62,0
2026-04-09 23:00:00,23.52,88.95,87.31,2.1,167.69,61.67,218.36,0
2026-04-10 00:00:00,23.43,88.66,86.75,2.1,166.6,62.89,218.21,0
2026-04-10 01:00:00,23.13,91.55,86.96,2.1,168.55,63.23,217.43,0
2026-04-10 02:00:00,23.2,94.59,86.74,2.1,168.39,61.57,213.02,0
2026-04-10 03:00:00,23.61,93.51,86.43,2.1,167.58,63.06,214.59,0
2026-04-10 04:00:00,22.08,91.3,85.8,2.1,168.46,62.18,214.95,0
2026-04-10 05:00:00,21.84,95.86,85.55,2.2,166.89,62.52,214.21,0
2026-04-10 06:00:00,23.2,96.28,92.0,2.1,169.68,63.36,218.75,1
2026-04-10 07:00:00,22.48,90.9,91.69,2.1,169.51,64.29,218.96,0
2026-04-10 08:00:00,23.71,90.2,91.75,2.1,168.6,62.61,219.9,0
2026-04-10 09:00:00,25.95,85.12,91.37,2.1,169.51,62.69,222.65,0
2026-04-10 10:00:00,25.9,86.09,90.73,2.1,171.02,62.72,219.54,0
2026-04-10 11:00:00,25.73,86.95,90.37,2.1,173.66,63.99,220.26,0
2026-04-10 12:00:00,25.95,85.85,92.0,2.1,172.93,64.34,222.98,1
2026-04-10 13:00:00,27.34,83.68,91.17,2.1,174.57,65.58,223.35,0
2026-04-10 14:00:00,28.16,84.29,91.1,1.9,174.37,65.96,220.67,0
2026-04-10 15:00:00,27.98,84.2,92.0,2.1,172.89,65.77,220.18,1
2026-04-10 16:00:00,26.89,85.03,91.31,2.1,171.18,65.83,221.4,0
2026-04-10 17:00:00,28.05,87.19,90.81,1.9,168.96,67.09,216.81,0
2026-04-10 18:00:00,25.92,82.67,89.96,2.1,167.46,65.77,214.34,0
2026-04-10 19:00:00,25.39,87.68,89.94,2.1,169.37,66.47,220.31,0
2026-04-10 20:00:00,22.92,89.51,89.65,2.1,170.47,65.77,222.25,0
2026-04-10 21:00:00,24.07,88.4,89.64,2.1,168.02,64.9,226.6,0
2026-04-10 22:00:00,24.58,89.51,89.61,2.1,164.75,65.73,229.18,0
2026-04-10 23:00:00,24.65,90.41,89.33,2.1,162.76,64.83,230.46,0
2026-04-11 00:00:00,22.3,91.09,89.65,2.1,161.45,65.08,229.91,0
2026-04-11 01:00:00,22.97,92.77,89.24,2.1,161.05,64.55,231.12,0
2026-04-11 02:00:00,23.16,93.5,89.45,2.1,163.32,62.35,234.94,0
2026-04-11 03:00:00,22.17,88.88,89.6,2.1,162.4,62.77,237.01,0
2026-04-11 04:00:00,20.27,95.04,89.93,2.2,165.53,62.86,237.32,0
2026-04-11 05:00:00,22.45,92.7,89.78,2.1,162.48,61.12,236.78,0
2026-04-11 06:00:00,23.32,96.82,92.0,2.1,161.96,60.51,237.93,1
2026-04-11 07:00:00,22.64,88.78,92.0,2.1,163.49,58.93,236.46,0
2026-04-11 08:00:00,24.05,88.06,91.34,2.1,165.08,59.68,237.63,0
2026-04-11 09:00:00,24.23,87.99,90.53,2.1,164.47,61.0,235.75,0
2026-04-11 10:00:00,23.94,87.91,89.91,2.1,166.29,61.8,234.83,0
2026-04-11 11:00:00,27.51,81.54,89.03,2.1,167.7,62.69,232.27,0
2026-04-11 12:00:00,27.14,83.24,92.0,2.1,166.37,62.21,231.31,1
2026-04-11 13:00:00,28.58,86.1,91.22,1.9,166.88,62.69,229.78,0
2026-04-11 14:00:00,27.93,82.81,90.55,2.1,168.07,62.66,234.27,0
2026-04-11 15:00:00,26.79,88.19,92.0,2.1,166.85,62.81,232.07,1
2026-04-11 16:00:00,26.74,84.64,91.61,2.1,169.83,63.65,233.18,0
2026-04-11 17:00:00,26.89,84.28,91.03,2.1,168.13,64.66,230.91,0
2026-04-11 18:00:00,26.77,88.34,90.5,2.1,168.26,64.23,231.23,0
2026-04-11 19:00:00,25.76,91.38,90.29,2.1,165.88,62.89,232.14,0
2026-04-11 20:00:00,25.86,89.66,89.95,2.1,166.03,62.7,227.66,0
2026-04-11 21:00:00,24.19,92.43,89.75,2.1,164.07,62.48,224.53,0
2026-04-11 22:00:00,23.1,94.25,89.69,2.1,163.58,62.72,222.67,0
2026-04-11 23:00:00,23.35,89.37,89.45,2.1,160.78,63.45,220.02,0
2026-04-12 00:00:00,23.12,94.21,89.37,2.1,162.39,61.68,220.98,0
2026-04-12 01:00:00,21.64,89.41,88.92,2.2,163.13,61.09,222.29,0
2026-04-12 02:00:00,21.26,94.15,88.54,2.2,165.17,60.25,220.27,0
2026-04-12 03:00:00,22.51,93.35,88.12,2.1,164.53,61.43,221.32,0
2026-04-12 04:00:00,21.77,96.33,87.75,2.2,166.59,61.26,220.94,0
2026-04-12 05:00:00,22.12,95.91,87.94,2.1,166.6,60.82,221.39,0
2026-04-12 06:00:00,22.42,93.82,92.0,2.1,166.74,61.34,220.5,1
2026-04-12 07:00:00,24.62,92.06,91.47,2.1,170.48,60.82,222.45,0
2026-04-12 08:00:00,25.26,91.08,91.03,2.1,169.38,60.84,227.16,0
2026-04-12 09:00:00,24.16,88.57,90.35,2.1,171.42,62.51,229.49,0
2026-04-12 10:00:00,25.57,86.87,89.57,2.1,172.03,64.1,233.25,0
2026-04-12 11:00:00,27.37,89.0,88.54,2.1,170.71,63.67,229.83,0
2026-04-12 12:00:00,27.62,88.5,92.0,2.1,168.12,63.46,228.4,1
2026-04-12 13:00:00,27.27,84.49,91.01,2.1,166.13,62.86,230.14,0
2026-04-12 14:00:00,26.33,85.42,90.41,2.1,168.12,61.1,234.16,0
2026-04-12 15:00:00,26.53,85.36,92.0,2.1,171.12,62.06,235.82,1
2026-04-12 16:00:00,26.39,82.09,91.65,2.1,171.04,64.24,233.22,0
2026-04-12 17:00:00,26.66,85.52,90.97,2.1,171.06,63.77,232.22,0
2026-04-12 18:00:00,27.36,90.52,90.35,2.1,172.21,62.98,233.19,0
2026-04-12 19:00:00,24.95,86.19,90.11,2.1,172.06,62.71,232.87,0
2026-04-12 20:00:00,24.15,93.39,90.0,2.1,173.75,62.76,230.98,0
2026-04-12 21:00:00,24.34,92.24,89.79,2.1,173.93,61.72,230.46,0
2026-04-12 22:00:00,24.72,91.44,89.57,2.1,173.82,61.31,230.65,0
2026-04-12 23:00:00,22.24,92.63,89.22,2.1,172.2,62.25,228.15,0
2026-04-13 00:00:00,24.12,90.13,88.54,2.1,170.21,62.35,230.96,0
2026-04-13 01:00:00,22.46,92.18,88.0,2.1,164.32,63.49,230.06,0
2026-04-13 02:00:00,21.74,96.39,88.02,2.2,166.57,63.77,230.12,0
2026-04-13 03:00:00,20.88,92.15,87.73,2.2,166.24,62.74,232.96,0
2026-04-13 04:00:00,22.67,95.93,87.33,2.1,165.47,62.2,232.75,0
2026-04-13 05:00:00,22.12,90.31,86.7,2.1,161.94,62.41,235.31,0
2026-04-13 06:00:00,22.84,89.93,92.0,2.1,160.91,61.39,232.72,1
2026-04-13 07:00:00,22.68,95.58,91.59,2.1,159.68,60.28,233.92,0
2026-04-13 08:00:00,23.99,89.94,91.29,2.1,158.47,59.26,236.07,0
2026-04-13 09:00:00,24.76,87.25,90.56,2.1,159.33,59.81,233.94,0
2026-04-13 10:00:00,25.92,90.0,90.1,2.1,159.77,59.54,233.55,0
2026-04-13 11:00:00,26.16,88.57,89.34,2.1,157.53,60.68,233.23,0
2026-04-13 12:00:00,25.92,87.09,92.0,2.1,155.49,59.91,233.84,1
2026-04-13 13:00:00,29.48,83.55,91.3,1.9,153.54,57.77,235.08,0
2026-04-13 14:00:00,26.15,84.26,90.35,2.1,157.25,57.78,232.8,0
2026-04-13 15:00:00,27.22,85.87,92.0,2.1,160.25,59.38,232.76,1
2026-04-13 16:00:00,25.39,87.17,91.98,2.1,158.91,59.49,236.85,0
2026-04-13 17:00:00,24.84,85.14,91.95,2.1,155.59,58.33,239.39,0
2026-04-13 18:00:00,26.08,87.38,91.52,2.1,156.2,56.98,241.16,0
2026-04-13 19:00:00,25.64,88.43,91.27,2.1,156.64,58.21,240.37,0
2026-04-13 20:00:00,25.98,91.57,91.15,2.1,157.54,57.6,245.42,0
2026-04-13 21:00:00,24.75,91.32,91.04,2.1,159.17,59.12,247.48,0
2026-04-13 22:00:00,23.78,87.24,90.82,2.1,160.22,59.79,246.95,0
2026-04-13 23:00:00,22.64,90.93,90.75,2.1,158.4,59.17,246.9,0
2026-04-14 00:00:00,24.16,90.1,90.61,2.1,159.19,60.3,245.16,0
2026-04-14 01:00:00,23.34,94.01,90.31,2.1,160.96,59.52,245.63,0
2026-04-14 02:00:00,21.33,95.25,89.75,2.2,159.82,58.29,246.58,0
2026-04-14 03:00:00,22.19,93.73,89.41,2.1,160.57,57.62,247.76,0
2026-04-14 04:00:00,22.22,93.01,89.45,2.1,159.75,58.45,246.67,0
2026-04-14 05:00:00,21.98,93.49,89.24,2.2,163.55,59.58,242.4,0
2026-04-14 06:00:00,23.33,93.03,92.0,2.1,161.22,59.29,242.64,1
2026-04-14 07:00:00,24.07,89.99,91.71,2.1,163.46,57.69,244.02,0
2026-04-14 08:00:00,24.1,87.28,90.83,2.1,160.51,56.42,241.13,0
2026-04-14 09:00:00,24.93,83.93,90.19,2.1,163.92,55.63,240.59,0
2026-04-14 10:00:00,27.2,89.79,89.3,2.1,161.91,54.66,243.67,0
2026-04-14 11:00:00,27.44,86.92,88.38,2.1,162.37,55.11,240.22,0
2026-04-14 12:00:00,27.2,85.86,92.0,2.1,159.54,57.07,239.25,1
2026-04-14 13:00:00,26.0,87.58,91.3,2.1,157.33,57.93,242.76,0
2026-04-14 14:00:00,27.52,82.13,90.49,2.1,159.25,57.04,242.77,0
2026-04-14 15:00:00,27.63,81.36,92.0,2.1,161.33,56.56,241.06,1
2026-04-14 16:00:00,24.6,86.49,91.68,2.1,161.91,56.27,240.74,0
2026-04-14 17:00:00,26.64,86.9,90.99,2.1,163.37,56.8,242.52,0
2026-04-14 18:00:00,25.67,83.19,90.54,2.1,165.32,58.37,241.63,0
2026-04-14 19:00:00,25.33,88.63,90.26,2.1,164.07,58.05,242.8,0
2026-04-14 20:00:00,24.25,87.86,89.85,2.1,161.59,59.56,242.99,0
2026-04-14 21:00:00,24.31,87.88,89.78,2.1,161.7,61.52,243.39,0
2026-04-14 22:00:00,25.01,89.83,89.48,2.1,160.79,61.22,244.62,0
2026-04-14 23:00:00,23.04,86.03,89.3,2.1,161.66,60.91,243.4,0
2026-04-15 00:00:00,23.73,90.84,89.4,2.1,162.78,60.62,240.62,0
2026-04-15 01:00:00,21.95,91.21,89.48,2.2,161.64,60.72,241.53,0
2026-04-15 02:00:00,22.93,94.45,89.11,2.1,163.05,60.43,240.87,0
2026-04-15 03:00:00,22.16,93.16,89.05,2.1,164.3,61.27,239.46,0
2026-04-15 04:00:00,22.38,95.01,88.51,2.1,165.63,59.9,240.55,0
2026-04-15 05:00:00,22.26,87.73,88.45,2.1,164.87,59.48,243.46,0
2026-04-15 06:00:00,23.22,90.72,92.0,2.1,166.28,59.86,242.66,1
2026-04-15 07:00:00,21.35,92.62,91.91,2.2,167.17,60.7,242.29,0
2026-04-15 08:00:00,23.11,89.28,91.27,2.1,168.23,62.72,238.97,0
2026-04-15 09:00:00,25.49,90.3,91.32,2.1,171.12,61.54,238.22,0
2026-04-15 10:00:00,24.37,83.03,90.48,2.1,171.47,60.96,238.61,0
2026-04-15 11:00:00,26.27,87.44,90.2,2.1,170.12,58.95,238.38,0
2026-04-15 12:00:00,27.1,83.66,92.0,2.1,167.91,58.05,237.31,1
2026-04-15 13:00:00,26.64,83.18,91.57,2.1,169.83,56.57,239.0,0
2026-04-15 14:00:00,26.69,87.08,91.16,2.1,170.28,56.27,238.95,0
2026-04-15 15:00:00,27.29,87.74,92.0,2.1,173.07,56.23,245.22,1
2026-04-15 16:00:00,27.61,87.92,91.26,2.1,169.1,56.83,245.23,0
2026-04-15 17:00:00,25.67,90.74,90.73,2.1,170.57,56.72,237.85,0
2026-04-15 18:00:00,25.54,89.79,90.24,2.1,169.88,57.3,234.93,0
2026-04-15 19:00:00,24.92,86.09,90.57,2.1,169.05,57.54,236.27,0
2026-04-15 20:00:00,23.03,89.05,90.11,2.1,167.51,56.74,234.59,0
2026-04-15 21:00:00,24.54,88.87,89.73,2.1,169.03,55.38,233.16,0
2026-04-15 22:00:00,24.64,95.02,89.61,2.1,169.97,56.11,230.15,0
2026-04-15 23:00:00,24.21,93.83,89.33,2.1,167.72,57.77,229.21,0
2026-04-16 00:00:00,22.26,91.73,89.1,2.1,167.9,60.18,229.98,0
2026-04-16 01:00:00,21.6,94.69,89.22,2.2,169.06,61.07,231.2,0
2026-04-16 02:00:00,22.34,90.51,88.17,2.1,169.22,62.41,228.84,0
2026-04-16 03:00:00,22.82,94.05,87.79,2.1,171.04,62.81,231.16,0
2026-04-16 04:00:00,22.22,91.54,87.07,2.1,170.28,63.06,228.37,0
2026-04-16 05:00:00,22.49,89.62,86.51,2.1,166.01,63.13,229.8,0
2026-04-16 06:00:00,23.62,94.3,92.0,2.1,166.3,63.0,230.9,1
2026-04-16 07:00:00,22.81,93.4,91.98,2.1,166.58,63.52,228.77,0
2026-04-16 08:00:00,24.07,90.97,91.7,2.1,167.07,63.0,226.45,0
2026-04-16 09:00:00,26.46,88.03,91.1,2.1,168.98,62.84,227.83,0
2026-04-16 10:00:00,25.84,84.21,90.75,2.1,165.31,61.76,226.79,0
2026-04-16 11:00:00,25.68,83.27,89.64,2.1,164.87,62.19,226.72,0
2026-04-16 12:00:00,26.61,82.93,92.0,2.1,163.21,61.32,228.86,1
2026-04-16 13:00:00,26.55,84.29,91.17,2.1,161.11,61.37,230.36,0
2026-04-16 14:00:00,27.53,87.26,90.43,2.1,161.14,61.84,228.3,0
2026-04-16 15:00:00,26.36,87.51,92.0,2.1,162.55,62.37,228.5,1
2026-04-16 16:00:00,27.02,82.01,91.51,2.1,163.19,63.06,226.49,0
2026-04-16 17:00:00,25.85,84.73,90.96,2.1,162.03,62.83,229.09,0
2026-04-16 18:00:00,24.3,85.42,89.99,2.1,161.88,63.25,233.23,0
2026-04-16 19:00:00,25.75,82.27,89.81,2.1,163.68,62.77,231.2,0
2026-04-16 20:00:00,25.09,89.99,89.89,2.1,164.97,60.97,231.32,0
2026-04-16 21:00:00,24.84,89.12,89.52,2.1,163.97,61.48,233.79,0
2026-04-16 22:00:00,23.36,90.31,89.71,2.1,162.9,61.77,233.92,0
2026-04-16 23:00:00,22.78,94.36,89.25,2.1,159.9,62.68,235.37,0
2026-04-17 00:00:00,23.28,92.34,89.05,2.1,159.33,62.64,235.48,0
2026-04-17 01:00:00,23.81,91.81,89.31,2.1,156.43,61.18,232.82,0
2026-04-17 02:00:00,22.33,94.48,88.9,2.1,160.49,61.12,233.22,0
2026-04-17 03:00:00,22.5,95.83,89.02,2.1,159.13,61.95,236.13,0
2026-04-17 04:00:00,21.84,94.25,89.41,2.2,161.37,62.38,236.86,0
2026-04-17 05:00:00,21.02,94.85,89.26,2.2,164.78,62.23,240.83,0
2026-04-17 06:00:00,23.48,92.25,92.0,2.1,165.18,60.73,236.11,1
2026-04-17 07:00:00,24.13,91.22,91.56,2.1,164.99,59.84,237.0,0
2026-04-17 08:00:00,24.82,90.21,91.39,2.1,162.61,60.34,235.28,0
2026-04-17 09:00:00,25.01,86.78,91.2,2.1,161.8,58.89,233.08,0
2026-04-17 10:00:00,26.48,85.75,91.05,2.1,164.82,58.7,236.51,0
2026-04-17 11:00:00,27.41,88.86,90.46,2.1,165.46,58.83,235.79,0
2026-04-17 12:00:00,28.44,89.48,92.0,1.9,165.49,59.96,234.88,1
2026-04-17 13:00:00,28.09,88.3,91.4,1.9,167.83,60.57,235.74,0
2026-04-17 14:00:00,27.29,81.98,90.55,2.1,168.97,61.48,230.32,0
2026-04-17 15:00:00,26.03,82.06,92.0,2.1,168.55,61.77,233.94,1
2026-04-17 16:00:00,26.93,83.02,91.91,2.1,168.79,61.02,238.76,0
2026-04-17 17:00:00,26.65,86.55,91.02,2.1,167.26,60.49,240.86,0
2026-04-17 18:00:00,26.57,80.82,90.13,2.1,166.16,59.7,241.59,0
2026-04-17 19:00:00,26.59,86.54,89.93,2.1,165.74,60.3,240.72,0
2026-04-17 20:00:00,24.9,91.84,90.01,2.1,166.71,59.73,237.75,0
2026-04-17 21:00:00,26.11,91.82,89.46,2.1,164.4,59.44,240.6,0
2026-04-17 22:00:00,22.49,89.44,89.33,2.1,164.56,59.54,242.61,0
2026-04-17 23:00:00,23.74,90.45,88.95,2.1,163.88,61.09,243.35,0
2026-04-18 00:00:00,22.32,93.39,88.95,2.1,162.3,61.71,243.77,0
2026-04-18 01:00:00,21.07,94.82,88.52,2.2,161.72,61.02,244.08,0
2026-04-18 02:00:00,22.16,92.05,88.55,2.1,157.67,61.19,242.31,0
2026-04-18 03:00:00,20.99,92.99,88.3,2.2,156.6,62.7,248.2,0
2026-04-18 04:00:00,21.97,92.35,87.82,2.2,154.96,63.23,246.83,0
2026-04-18 05:00:00,22.28,90.41,87.64,2.1,154.85,61.75,245.17,0
2026-04-18 06:00:00,23.6,92.09,92.0,2.1,151.16,60.94,247.46,1
2026-04-18 07:00:00,22.19,90.75,91.63,2.1,152.05,60.08,246.77,0
2026-04-18 08:00:00,24.98,87.19,91.16,2.1,154.21,61.43,246.13,0
2026-04-18 09:00:00,25.23,89.86,90.06,2.1,154.43,62.58,249.11,0
2026-04-18 10:00:00,26.82,88.06,88.71,2.1,155.75,62.0,250.1,0
2026-04-18 11:00:00,26.35,87.36,87.43,2.1,155.2,61.42,251.17,0
2026-04-18 12:00:00,26.08,83.38,92.0,2.1,152.79,61.47,246.82,1
2026-04-18 13:00:00,26.33,80.44,91.4,2.1,153.28,61.56,247.23,0
2026-04-18 14:00:00,26.21,85.92,90.66,2.1,154.98,60.7,244.1,0
2026-04-18 15:00:00,27.46,83.72,92.0,2.1,152.99,60.52,242.51,1
2026-04-18 16:00:00,27.98,83.68,91.29,2.1,152.64,59.26,242.57,0
2026-04-18 17:00:00,25.99,83.49,90.79,2.1,152.69,60.48,242.1,0
2026-04-18 18:00:00,26.5,86.39,90.22,2.1,158.31,58.94,243.38,0
2026-04-18 19:00:00,24.28,91.31,89.87,2.1,158.98,57.44,244.89,0
2026-04-18 20:00:00,25.12,87.63,89.76,2.1,155.79,57.97,246.51,0
2026-04-18 21:00:00,24.96,87.26,89.78,2.1,152.28,56.98,242.57,0
2026-04-18 22:00:00,22.74,91.99,89.52,2.1,154.11,56.68,248.1,0
2026-04-18 23:00:00,23.24,91.78,89.18,2.1,159.02,56.89,247.39,0
2026-04-19 00:00:00,23.53,87.48,88.88,2.1,158.75,57.65,249.8,0
2026-04-19 01:00:00,20.25,94.22,87.99,2.2,158.39,57.59,242.77,0
2026-04-19 02:00:00,23.39,97.9,87.87,2.1,159.43,59.32,241.72,0
2026-04-19 03:00:00,22.44,87.78,87.3,2.1,158.21,59.4,237.73,0
2026-04-19 04:00:00,22.67,90.88,87.29,2.1,153.9,60.55,235.44,0
2026-04-19 05:00:00,21.93,87.07,87.06,2.2,156.22,60.84,235.55,0
2026-04-19 06:00:00,21.33,92.4,92.0,2.2,155.46,62.8,234.68,1
2026-04-19 07:00:00,23.83,93.58,92.0,2.1,157.73,63.73,237.98,0
2026-04-19 08:00:00,24.18,90.2,91.16,2.1,156.66,63.71,242.26,0
2026-04-19 09:00:00,25.18,91.5,90.7,2.1,157.21,64.23,239.48,0
2026-04-19 10:00:00,26.87,88.83,90.2,2.1,159.06,63.93,238.03,0
2026-04-19 11:00:00,27.3,89.57,89.56,2.1,161.22,63.62,235.31,0
2026-04-19 12:00:00,28.68,87.62,92.0,1.9,161.79,62.4,238.18,1
2026-04-19 13:00:00,27.42,83.91,91.59,2.1,162.25,61.66,238.42,0
2026-04-19 14:00:00,26.69,85.04,91.22,2.1,163.48,63.53,238.33,0
2026-04-19 15:00:00,26.92,83.27,92.0,2.1,164.37,62.4,238.94,1
2026-04-19 16:00:00,27.14,85.13,91.1,2.1,162.07,61.8,237.97,0
2026-04-19 17:00:00,27.25,86.39,90.35,2.1,159.9,61.72,235.68,0
2026-04-19 18:00:00,24.83,86.81,89.77,2.1,156.31,61.67,235.77,0
2026-04-19 19:00:00,25.51,90.79,89.76,2.1,158.04,62.03,235.07,0
2026-04-19 20:00:00,26.26,88.01,89.08,2.1,157.6,61.6,235.93,0
2026-04-19 21:00:00,24.24,87.61,88.7,2.1,159.38,62.02,231.8,0
2026-04-19 22:00:00,24.64,88.65,88.38,2.1,160.33,63.04,232.43,0
2026-04-19 23:00:00,23.79,92.84,88.15,2.1,158.71,64.15,230.83,0
2026-04-20 00:00:00,23.72,89.06,87.55,2.1,158.74,63.85,231.42,0
2026-04-20 01:00:00,21.95,92.32,87.29,2.2,158.18,64.34,233.86,0
2026-04-20 02:00:00,21.68,96.14,86.99,2.2,157.35,63.24,232.53,0
2026-04-20 03:00:00,22.17,94.15,86.48,2.1,159.31,62.55,235.64,0
2026-04-20 04:00:00,20.87,93.44,86.25,2.2,164.05,61.48,231.26,0
2026-04-20 05:00:00,22.04,93.26,85.88,2.1,166.1,61.46,235.31,0
2026-04-20 06:00:00,22.91,90.31,92.0,2.1,166.01,60.7,238.39,1
2026-04-20 07:00:00,24.83,89.51,91.53,2.1,168.23,59.37,236.0,0
2026-04-20 08:00:00,24.57,89.53,90.99,2.1,171.19,59.1,233.76,0
2026-04-20 09:00:00,25.65,89.03,90.17,2.1,168.43,57.63,230.08,0
2026-04-20 10:00:00,26.93,89.09,89.41,2.1,170.5,58.96,232.63,0
2026-04-20 11:00:00,25.92,86.03,88.92,2.1,171.67,58.55,231.92,0
2026-04-20 12:00:00,27.01,88.04,92.0,2.1,173.54,59.54,231.07,1
2026-04-20 13:00:00,29.24,88.33,91.28,1.9,174.66,59.17,228.46,0
2026-04-20 14:00:00,27.18,86.65,90.61,2.1,173.87,58.18,233.31,0
2026-04-20 15:00:00,27.97,87.88,92.0,2.1,177.17,59.35,230.97,1
2026-04-20 16:00:00,27.57,83.46,91.83,2.1,177.29,59.51,231.23,0
2026-04-20 17:00:00,25.26,83.73,91.47,2.1,176.02,61.28,231.96,0
2026-04-20 18:00:00,26.25,88.14,91.09,2.1,176.49,60.88,231.11,0
2026-04-20 19:00:00,25.62,84.89,90.4,2.1,177.78,60.52,229.8,0
2026-04-20 20:00:00,25.24,88.1,90.01,2.1,177.44,61.47,229.14,0
2026-04-20 21:00:00,23.82,91.36,89.71,2.1,177.65,62.39,230.85,0
2026-04-20 22:00:00,23.0,93.67,88.93,2.1,177.3,62.52,230.19,0
2026-04-20 23:00:00,23.02,90.84,88.99,2.1,175.62,65.51,234.49,0
2026-04-21 00:00:00,22.88,90.71,89.22,2.1,173.72,65.15,232.57,0
2026-04-21 01:00:00,23.54,93.46,89.64,2.1,170.85,63.91,234.58,0
2026-04-21 02:00:00,23.78,90.86,89.12,2.1,173.34,62.95,230.21,0
2026-04-21 03:00:00,23.27,93.12,88.95,2.1,172.61,62.68,228.51,0
2026-04-21 04:00:00,22.79,93.58,89.15,2.1,166.13,64.02,226.79,0
2026-04-21 05:00:00,21.45,93.27,88.87,2.2,166.8,63.79,224.44,0
2026-04-21 06:00:00,22.38,92.77,92.0,2.1,167.41,65.15,225.68,1
2026-04-21 07:00:00,23.57,89.56,91.24,2.1,163.95,65.45,225.87,0
2026-04-21 08:00:00,23.74,88.36,91.01,2.1,162.49,66.32,220.63,0
2026-04-21 09:00:00,25.61,86.79,90.44,2.1,161.02,66.54,226.34,0
2026-04-21 10:00:00,26.58,83.44,89.64,2.1,159.84,66.74,227.21,0
2026-04-21 11:00:00,27.12,86.58,89.14,2.1,162.23,67.28,227.6,0
2026-04-21 12:00:00,27.96,87.03,92.0,2.1,162.07,66.61,231.25,1
2026-04-21 13:00:00,26.58,86.55,91.47,2.1,161.42,65.97,233.91,0
2026-04-21 14:00:00,27.99,84.32,90.82,2.1,163.58,66.17,233.22,0
2026-04-21 15:00:00,26.52,83.4,92.0,2.1,164.53,67.79,228.42,1
2026-04-21 16:00:00,26.05,87.28,91.38,2.1,161.42,66.23,230.16,0
2026-04-21 17:00:00,26.87,87.66,91.29,2.1,160.45,64.27,228.0,0
2026-04-21 18:00:00,26.97,87.48,90.87,2.1,161.21,63.97,231.45,0
2026-04-21 19:00:00,25.89,91.68,90.77,2.1,159.68,64.84,229.68,0
2026-04-21 20:00:00,24.99,88.68,90.53,2.1,163.55,64.8,228.82,0
2026-04-21 21:00:00,24.68,89.09,90.61,2.1,163.81,63.66,225.77,0
2026-04-21 22:00:00,24.01,89.68,90.44,2.1,162.5,63.68,223.08,0
2026-04-21 23:00:00,22.5,87.97,89.96,2.1,160.58,62.07,223.4,0
2026-04-22 00:00:00,21.97,93.6,89.47,2.2,162.43,62.64,223.47,0
2026-04-22 01:00:00,22.53,92.53,89.4,2.1,161.36,62.34,222.86,0
2026-04-22 02:00:00,22.39,94.34,88.92,2.1,162.19,62.26,228.6,0
2026-04-22 03:00:00,22.17,97.56,88.71,2.1,160.23,62.63,230.43,0
2026-04-22 04:00:00,22.64,92.74,88.82,2.1,160.55,62.8,230.68,0
2026-04-22 05:00:00,22.08,88.19,88.71,2.1,159.58,62.29,224.01,0
2026-04-22 06:00:00,23.16,93.63,92.0,2.1,159.23,63.21,226.62,1
2026-04-22 07:00:00,23.28,91.77,92.0,2.1,158.03,63.89,234.53,0
2026-04-22 08:00:00,25.71,88.35,91.59,2.1,160.15,62.24,234.08,0
2026-04-22 09:00:00,25.22,89.31,91.32,2.1,159.46,62.02,232.1,0
2026-04-22 10:00:00,27.87,88.73,90.05,2.1,159.43,61.05,232.65,0
2026-04-22 11:00:00,26.97,83.75,89.57,2.1,159.48,59.94,229.19,0
2026-04-22 12:00:00,26.97,84.4,92.0,2.1,162.6,60.48,230.64,1
2026-04-22 13:00:00,26.58,88.05,91.93,2.1,164.3,60.15,234.61,0
2026-04-22 14:00:00,26.09,83.31,90.91,2.1,165.75,60.08,232.95,0
2026-04-22 15:00:00,26.28,85.33,92.0,2.1,162.88,59.53,231.45,1
2026-04-22 16:00:00,26.1,80.4,91.92,2.1,161.78,59.94,231.43,0
2026-04-22 17:00:00,26.76,83.0,90.73,2.1,164.05,60.61,230.36,0
2026-04-22 18:00:00,25.58,87.35,90.3,2.1,161.98,62.6,226.81,0
2026-04-22 19:00:00,25.65,90.54,90.28,2.1,162.25,62.42,226.26,0
2026-04-22 20:00:00,26.0,85.74,89.97,2.1,160.45,61.11,225.23,0
2026-04-22 21:00:00,24.36,89.82,89.62,2.1,158.89,60.68,229.13,0
2026-04-22 22:00:00,25.56,89.73,89.61,2.1,162.16,61.48,232.31,0
2026-04-22 23:00:00,22.46,93.5,89.22,2.1,163.57,60.8,235.94,0
2026-04-23 00:00:00,22.84,89.47,88.95,2.1,165.4,59.5,237.9,0
2026-04-23 01:00:00,22.17,93.71,89.0,2.1,166.79,58.9,238.27,0
2026-04-23 02:00:00,23.07,91.78,89.32,2.1,166.47,58.52,235.92,0
2026-04-23 03:00:00,20.36,93.99,89.28,2.2,165.17,57.65,239.19,0
2026-04-23 04:00:00,20.95,93.75,89.12,2.2,164.44,57.97,239.85,0
2026-04-23 05:00:00,22.17,92.78,88.77,2.1,164.11,58.02,236.48,0
2026-04-23 06:00:00,23.95,93.62,92.0,2.1,167.35,58.85,234.13,1
2026-04-23 07:00:00,23.58,91.5,92.0,2.1,164.85,58.55,231.01,0
2026-04-23 08:00:00,23.17,89.67,91.4,2.1,163.86,59.15,226.08,0
2026-04-23 09:00:00,24.19,87.65,91.18,2.1,162.26,58.79,227.5,0
2026-04-23 10:00:00,27.34,87.17,90.49,2.1,164.27,57.87,224.78,0
2026-04-23 11:00:00,26.19,86.32,89.72,2.1,167.64,57.51,223.4,0
2026-04-23 12:00:00,26.39,82.89,92.0,2.1,168.09,56.19,224.08,1
2026-04-23 13:00:00,28.48,84.03,91.38,1.9,168.67,57.97,224.15,0
2026-04-23 14:00:00,28.05,82.57,90.43,1.9,168.68,58.22,222.91,0
2026-04-23 15:00:00,28.09,85.09,92.0,1.9,169.32,57.62,227.31,1
2026-04-23 16:00:00,26.04,84.34,91.24,2.1,170.54,57.41,223.88,0
2026-04-23 17:00:00,25.22,87.95,90.94,2.1,171.09,55.34,220.73,0
2026-04-23 18:00:00,26.11,88.48,90.62,2.1,171.74,56.83,222.59,0
2026-04-23 19:00:00,25.77,85.81,90.03,2.1,172.87,58.19,221.64,0
2026-04-23 20:00:00,25.26,88.73,89.52,2.1,169.35,58.4,220.65,0
2026-04-23 21:00:00,25.61,91.06,89.22,2.1,169.18,58.8,218.67,0
2026-04-23 22:00:00,22.51,90.17,88.76,2.1,169.56,57.75,220.33,0
2026-04-23 23:00:00,24.09,89.8,89.08,2.1,170.13,56.8,221.63,0
2026-04-24 00:00:00,22.08,89.74,88.81,2.1,169.62,55.43,222.59,0
2026-04-24 01:00:00,23.28,94.64,88.88,2.1,169.72,55.48,221.76,0
2026-04-24 02:00:00,21.94,95.21,88.83,2.2,168.24,56.63,220.54,0
2026-04-24 03:00:00,21.51,93.05,88.71,2.2,164.91,56.45,220.86,0
2026-04-24 04:00:00,21.61,95.29,88.52,2.2,166.69,56.93,223.98,0
2026-04-24 05:00:00,21.1,86.81,88.7,2.2,164.58,57.96,228.45,0
2026-04-24 06:00:00,22.74,95.49,92.0,2.1,164.31,56.62,231.56,1
2026-04-24 07:00:00,22.78,91.05,92.0,2.1,162.98,58.44,232.99,0
2026-04-24 08:00:00,24.88,90.28,91.04,2.1,165.92,59.59,235.55,0
2026-04-24 09:00:00,25.66,87.73,90.71,2.1,165.74,60.13,232.57,0
2026-04-24 10:00:00,27.35,90.07,89.7,2.1,165.15,61.02,230.9,0
2026-04-24 11:00:00,26.98,83.5,89.02,2.1,166.49,61.92,232.42,0
2026-04-24 12:00:00,27.56,88.31,92.0,2.1,170.32,62.18,232.25,1
2026-04-24 13:00:00,28.42,85.67,91.26,1.9,170.83,63.46,233.23,0
2026-04-24 14:00:00,26.74,86.27,90.63,2.1,169.92,63.01,235.77,0
2026-04-24 15:00:00,25.88,84.46,92.0,2.1,170.98,63.4,237.79,1
2026-04-24 16:00:00,26.96,82.76,91.12,2.1,167.91,64.55,234.93,0
2026-04-24 17:00:00,25.3,88.3,90.7,2.1,167.87,62.05,234.96,0
2026-04-24 18:00:00,27.96,87.69,90.12,2.1,171.35,62.44,232.66,0
2026-04-24 19:00:00,26.67,90.84,89.7,2.1,171.38,63.08,230.83,0
2026-04-24 20:00:00,26.7,88.31,89.89,2.1,171.32,61.51,226.76,0
2026-04-24 21:00:00,24.48,88.74,89.31,2.1,171.1,61.78,227.51,0
2026-04-24 22:00:00,24.34,93.61,89.0,2.1,170.15,61.07,223.42,0
2026-04-24 23:00:00,23.03,95.61,88.65,2.1,170.51,61.46,224.99,0
2026-04-25 00:00:00,23.67,92.16,88.63,2.1,171.68,61.39,228.88,0
2026-04-25 01:00:00,21.62,91.1,88.44,2.2,170.82,60.55,230.52,0
2026-04-25 02:00:00,20.29,95.0,88.21,2.2,166.1,61.59,230.87,0
2026-04-25 03:00:00,21.52,92.95,87.45,2.2,166.9,61.23,234.91,0
2026-04-25 04:00:00,20.94,94.92,87.51,2.2,170.66,61.5,235.73,0
2026-04-25 05:00:00,23.44,92.76,87.25,2.1,169.76,62.69,233.54,0
2026-04-25 06:00:00,24.16,96.01,92.0,2.1,166.92,61.85,233.93,1
2026-04-25 07:00:00,22.28,89.86,91.57,2.1,168.06,61.86,238.88,0
2026-04-25 08:00:00,25.28,91.02,90.73,2.1,171.08,61.42,235.95,0
2026-04-25 09:00:00,25.91,87.36,90.61,2.1,171.79,61.19,232.46,0
2026-04-25 10:00:00,24.74,86.38,89.51,2.1,174.62,63.16,234.12,0
2026-04-25 11:00:00,26.38,84.92,88.61,2.1,175.66,63.53,233.6,0
2026-04-25 12:00:00,26.68,86.69,92.0,2.1,176.51,63.77,232.34,1
2026-04-25 13:00:00,27.9,86.82,91.6,2.1,175.12,64.19,229.33,0
2026-04-25 14:00:00,26.26,86.12,90.93,2.1,175.22,64.51,224.74,0
2026-04-25 15:00:00,27.0,84.94,92.0,2.1,174.76,62.79,221.61,1
2026-04-25 16:00:00,26.25,85.95,91.56,2.1,174.26,64.83,226.32,0
2026-04-25 17:00:00,26.82,88.23,91.04,2.1,173.43,63.43,226.73,0
2026-04-25 18:00:00,25.83,89.04,90.54,2.1,173.5,64.95,222.24,0
2026-04-25 19:00:00,25.08,81.92,90.47,2.1,170.83,65.41,225.83,0
2026-04-25 20:00:00,24.8,88.14,90.41,2.1,172.05,65.48,229.38,0
2026-04-25 21:00:00,26.06,89.17,90.86,2.1,170.19,65.1,232.73,0
2026-04-25 22:00:00,23.56,92.03,90.6,2.1,169.53,67.35,231.79,0
2026-04-25 23:00:00,22.57,91.25,90.35,2.1,169.95,67.73,231.28,0
2026-04-26 00:00:00,23.43,93.73,89.78,2.1,168.08,67.58,231.81,0
2026-04-26 01:00:00,22.48,90.39,89.56,2.1,164.42,66.93,235.47,0
2026-04-26 02:00:00,21.19,93.79,89.92,2.2,163.75,66.19,234.06,0
2026-04-26 03:00:00,23.94,95.48,90.01,2.1,161.23,66.11,232.22,0
2026-04-26 04:00:00,21.82,90.36,89.65,2.2,162.66,65.15,234.1,0
2026-04-26 05:00:00,21.95,98.86,89.45,2.2,160.68,65.67,237.17,0
2026-04-26 06:00:00,22.84,95.19,92.0,2.1,163.52,64.97,236.93,1
2026-04-26 07:00:00,24.78,91.4,91.5,2.1,163.57,65.79,238.51,0
2026-04-26 08:00:00,22.9,88.14,90.99,2.1,163.73,66.56,238.61,0
2026-04-26 09:00:00,25.37,88.05,90.27,2.1,160.22,66.37,237.8,0
2026-04-26 10:00:00,27.67,87.18,89.37,2.1,160.67,66.76,235.59,0
2026-04-26 11:00:00,26.79,86.8,88.94,2.1,160.7,67.19,232.68,0
2026-04-26 12:00:00,26.15,88.37,92.0,2.1,158.53,65.72,231.26,1
2026-04-26 13:00:00,26.81,83.75,90.95,2.1,158.95,67.16,229.0,0
2026-04-26 14:00:00,27.41,86.13,89.74,2.1,158.48,66.78,230.01,0
2026-04-26 15:00:00,28.14,82.34,92.0,1.9,158.35,67.26,233.3,1
2026-04-26 16:00:00,26.53,84.73,90.94,2.1,158.66,67.76,233.9,0
2026-04-26 17:00:00,27.1,87.08,89.8,2.1,158.06,65.34,231.65,0
2026-04-26 18:00:00,24.85,88.52,89.57,2.1,158.79,64.65,233.96,0
2026-04-26 19:00:00,24.35,86.18,89.33,2.1,158.88,65.33,234.75,0
2026-04-26 20:00:00,24.59,87.77,89.05,2.1,159.97,65.28,236.0,0
2026-04-26 21:00:00,25.58,92.87,88.78,2.1,159.22,65.8,234.65,0
2026-04-26 22:00:00,23.95,93.12,88.24,2.1,157.54,65.77,237.5,0
2026-04-26 23:00:00,23.63,91.86,88.16,2.1,156.56,66.77,240.2,0
2026-04-27 00:00:00,23.18,87.22,87.91,2.1,159.49,66.73,239.48,0
2026-04-27 01:00:00,23.48,98.28,87.48,2.1,161.44,67.87,241.05,0
2026-04-27 02:00:00,21.84,93.18,87.1,2.2,163.76,66.81,243.5,0
2026-04-27 03:00:00,22.71,92.82,86.53,2.1,166.12,66.55,241.91,0
2026-04-27 04:00:00,21.44,92.45,86.21,2.2,165.24,65.88,241.37,0
2026-04-27 05:00:00,23.84,94.16,85.93,2.1,165.76,66.11,241.25,0
2026-04-27 06:00:00,22.07,93.42,92.0,2.1,165.87,65.74,238.19,1
2026-04-27 07:00:00,22.69,93.49,91.81,2.1,167.02,65.42,239.13,0
2026-04-27 08:00:00,24.69,87.93,91.22,2.1,166.42,64.68,241.48,0
2026-04-27 09:00:00,25.22,87.75,90.72,2.1,166.53,64.19,240.8,0
2026-04-27 10:00:00,26.26,91.47,90.43,2.1,166.6,64.11,241.36,0
2026-04-27 11:00:00,26.87,86.32,90.02,2.1,167.49,62.23,244.54,0
2026-04-27 12:00:00,26.27,84.69,92.0,2.1,168.57,60.15,243.05,1
2026-04-27 13:00:00,28.59,82.73,91.15,1.9,168.6,60.26,243.55,0
2026-04-27 14:00:00,27.96,86.01,90.41,2.1,168.68,57.82,241.69,0
2026-04-27 15:00:00,28.16,87.45,92.0,1.9,168.94,57.77,239.87,1
2026-04-27 16:00:00,26.38,87.56,91.62,2.1,171.74,57.56,240.48,0
2026-04-27 17:00:00,26.77,85.69,90.84,2.1,168.36,58.18,240.81,0
2026-04-27 18:00:00,26.16,87.79,90.44,2.1,166.48,57.69,241.91,0
2026-04-27 19:00:00,26.41,91.52,89.95,2.1,167.63,59.23,241.75,0
2026-04-27 20:00:00,25.9,91.1,89.88,2.1,168.01,60.08,242.58,0
2026-04-27 21:00:00,24.58,87.93,89.67,2.1,168.37,58.77,246.36,0
2026-04-27 22:00:00,22.68,84.96,89.05,2.1,169.43,58.62,248.44,0
2026-04-27 23:00:00,24.82,92.05,88.72,2.1,169.64,60.09,248.62,0
2026-04-28 00:00:00,23.41,93.9,89.17,2.1,168.45,59.52,249.2,0
2026-04-28 01:00:00,22.11,90.36,89.03,2.1,169.44,59.55,247.74,0
2026-04-28 02:00:00,22.65,93.2,89.52,2.1,169.3,60.89,246.71,0
2026-04-28 03:00:00,20.95,92.92,88.88,2.2,168.32,60.43,247.35,0
2026-04-28 04:00:00,22.94,93.83,88.91,2.1,169.43,61.49,246.95,0
2026-04-28 05:00:00,21.08,92.14,87.95,2.2,170.43,60.69,248.34,0
2026-04-28 06:00:00,22.53,95.41,92.0,2.1,170.6,58.13,250.84,1
2026-04-28 07:00:00,23.6,91.73,91.99,2.1,173.46,59.35,249.79,0
2026-04-28 08:00:00,25.08,88.03,91.67,2.1,175.51,59.82,244.03,0
2026-04-28 09:00:00,25.24,90.45,90.86,2.1,176.9,60.34,248.66,0
2026-04-28 10:00:00,26.51,84.22,90.59,2.1,181.04,59.41,246.35,0
2026-04-28 11:00:00,26.67,88.66,89.85,2.1,180.14,58.57,246.27,0
2026-04-28 12:00:00,27.12,87.25,92.0,2.1,178.69,59.71,247.53,1
2026-04-28 13:00:00,27.37,87.86,91.28,2.1,179.69,60.0,250.42,0
2026-04-28 14:00:00,27.09,84.55,90.36,2.1,178.65,59.95,254.17,0
2026-04-28 15:00:00,25.73,84.09,92.0,2.1,178.13,60.21,252.3,1
2026-04-28 16:00:00,26.19,85.83,91.44,2.1,175.83,61.63,254.41,0
2026-04-28 17:00:00,26.64,86.07,91.18,2.1,176.49,62.29,253.93,0
2026-04-28 18:00:00,25.8,85.56,90.92,2.1,173.38,61.85,259.84,0
2026-04-28 19:00:00,25.38,86.62,90.42,2.1,172.87,60.59,261.35,0
2026-04-28 20:00:00,24.71,87.93,90.58,2.1,172.53,61.16,259.59,0
2026-04-28 21:00:00,23.74,87.09,90.53,2.1,171.44,60.36,256.38,0
2026-04-28 22:00:00,23.5,92.05,90.01,2.1,168.02,59.34,248.74,0
2026-04-28 23:00:00,23.15,91.28,89.94,2.1,164.72,60.61,249.74,0
2026-04-29 00:00:00,22.96,91.47,89.43,2.1,163.39,61.43,251.53,0
2026-04-29 01:00:00,22.91,90.32,89.71,2.1,164.43,61.8,252.56,0
2026-04-29 02:00:00,22.18,90.67,89.76,2.1,164.97,60.69,245.8,0
2026-04-29 03:00:00,21.33,97.76,89.54,2.2,164.94,62.34,242.12,0
2026-04-29 04:00:00,20.98,92.22,89.72,2.2,163.35,63.26,242.96,0
2026-04-29 05:00:00,24.33,94.68,89.04,2.1,164.03,62.94,247.03,0
2026-04-29 06:00:00,21.8,92.93,92.0,2.2,160.83,62.45,246.29,1
2026-04-29 07:00:00,22.99,85.29,91.72,2.1,156.68,62.51,248.45,0
2026-04-29 08:00:00,24.66,93.91,91.83,2.1,156.58,62.06,245.19,0
2026-04-29 09:00:00,25.44,89.94,90.93,2.1,155.93,64.05,245.2,0
2026-04-29 10:00:00,26.42,85.31,89.84,2.1,158.12,63.64,244.01,0
2026-04-29 11:00:00,26.34,85.77,88.83,2.1,158.68,62.63,246.52,0
2026-04-29 12:00:00,27.33,82.54,92.0,2.1,161.9,64.04,244.6,1
2026-04-29 13:00:00,27.35,88.82,91.24,2.1,161.04,63.47,248.31,0
2026-04-29 14:00:00,26.99,82.9,90.61,2.1,162.08,64.13,246.88,0
2026-04-29 15:00:00,27.27,84.03,92.0,2.1,161.74,64.68,243.61,1
2026-04-29 16:00:00,27.65,84.04,91.37,2.1,164.36,64.54,240.59,0
2026-04-29 17:00:00,26.42,86.43,90.85,2.1,164.01,63.59,238.75,0
2026-04-29 18:00:00,25.99,90.01,90.43,2.1,165.59,63.5,239.49,0
2026-04-29 19:00:00,26.36,91.78,90.09,2.1,163.63,62.4,237.74,0
2026-04-29 20:00:00,25.74,87.86,89.83,2.1,162.94,62.37,235.55,0
2026-04-29 21:00:00,25.7,90.49,89.7,2.1,162.87,63.05,237.75,0
2026-04-29 22:00:00,22.49,90.74,89.76,2.1,165.23,64.57,229.58,0
2026-04-29 23:00:00,24.12,89.24,89.31,2.1,161.26,63.51,228.78,0
2026-04-30 00:00:00,23.44,97.47,88.2,2.1,160.81,63.24,225.76,0
2026-04-30 01:00:00,21.89,95.76,88.21,2.2,160.32,62.73,224.05,0
2026-04-30 02:00:00,22.53,93.64,88.28,2.1,156.77,62.96,225.2,0
2026-04-30 03:00:00,23.0,96.98,88.14,2.1,156.26,61.56,225.18,0
2026-04-30 04:00:00,21.44,96.27,88.02,2.2,153.84,60.74,224.93,0
2026-04-30 05:00:00,22.61,93.51,87.65,2.1,150.09,59.25,228.41,0
2026-04-30 06:00:00,23.41,93.29,92.0,2.1,150.22,58.04,228.7,1
2026-04-30 07:00:00,22.54,94.73,92.0,2.1,150.27,57.56,233.53,0
2026-04-30 08:00:00,24.13,87.88,91.45,2.1,150.42,59.2,235.39,0
2026-04-30 09:00:00,25.39,92.12,91.63,2.1,151.46,59.6,232.95,0
2026-04-30 10:00:00,25.36,86.5,90.59,2.1,150.42,59.73,237.89,0
2026-04-30 11:00:00,25.99,89.18,90.06,2.1,154.23,61.01,238.44,0
2026-04-30 12:00:00,27.04,85.05,92.0,2.1,154.6,61.38,242.95,1
2026-04-30 13:00:00,27.94,85.54,91.67,2.1,157.33,61.83,241.89,0
2026-04-30 14:00:00,27.76,84.82,90.61,2.1,154.61,61.41,242.22,0
2026-04-30 15:00:00,26.39,84.01,92.0,2.1,153.52,60.85,242.94,1
2026-04-30 16:00:00,27.33,85.05,91.22,2.1,155.22,59.71,242.12,0
2026-04-30 17:00:00,25.77,89.29,90.73,2.1,155.2,59.24,244.95,0
2026-04-30 18:00:00,24.71,81.91,89.98,2.1,153.66,59.07,249.28,0
2026-04-30 19:00:00,25.21,85.11,89.6,2.1,150.81,59.47,242.83,0
2026-04-30 20:00:00,25.87,87.14,89.34,2.1,152.69,59.51,244.48,0
2026-04-30 21:00:00,24.95,87.29,89.06,2.1,154.36,59.25,241.77,0
2026-04-30 22:00:00,23.9,93.88,89.3,2.1,155.22,58.52,234.95,0
2026-04-30 23:00:00,23.07,94.17,89.3,2.1,154.72,58.98,236.24,0
2026-05-01 00:00:00,22.65,93.45,89.0,2.1,153.13,58.62,237.48,0
2026-05-01 01:00:00,22.68,91.36,89.43,2.1,153.51,59.04,239.06,0
2026-05-01 02:00:00,21.47,96.16,89.38,2.2,151.6,57.41,239.78,0
2026-05-01 03:00:00,21.88,90.01,88.89,2.2,150.78,57.85,241.73,0
2026-05-01 04:00:00,21.93,98.31,88.76,2.2,153.62,58.65,239.89,0
2026-05-01 05:00:00,21.18,91.83,88.72,2.2,150.75,59.3,240.3,0
2026-05-01 06:00:00,22.04,91.99,92.0,2.1,152.54,59.21,241.78,1
2026-05-01 07:00:00,23.73,90.46,91.48,2.1,155.72,60.12,244.82,0
2026-05-01 08:00:00,24.26,87.6,90.94,2.1,157.56,59.03,244.44,0
2026-05-01 09:00:00,24.9,92.67,90.26,2.1,158.58,59.04,243.43,0
2026-05-01 10:00:00,25.27,88.74,90.14,2.1,158.0,58.95,242.88,0
2026-05-01 11:00:00,27.95,88.5,89.77,2.1,157.12,59.98,239.5,0
2026-05-01 12:00:00,26.47,82.37,92.0,2.1,153.39,58.22,241.2,1
2026-05-01 13:00:00,27.5,85.2,91.54,2.1,153.92,57.38,237.24,0
2026-05-01 14:00:00,26.85,86.04,91.34,2.1,153.64,59.09,238.11,0
2026-05-01 15:00:00,27.1,85.78,92.0,2.1,152.84,56.99,238.16,1
2026-05-01 16:00:00,27.17,83.09,91.11,2.1,153.29,57.87,234.13,0
2026-05-01 17:00:00,25.34,88.62,90.53,2.1,153.87,57.37,230.44,0
2026-05-01 18:00:00,25.99,87.27,89.97,2.1,153.17,57.73,228.53,0
2026-05-01 19:00:00,26.46,85.74,89.74,2.1,156.54,59.13,228.0,0
2026-05-01 20:00:00,26.38,84.66,89.44,2.1,158.2,59.48,232.05,0
2026-05-01 21:00:00,24.32,90.99,89.13,2.1,160.08,60.85,231.92,0
2026-05-01 22:00:00,23.93,95.95,89.05,2.1,160.09,60.44,233.44,0
2026-05-01 23:00:00,25.17,89.17,89.18,2.1,161.21,60.17,236.68,0
2026-05-02 00:00:00,23.87,92.52,88.83,2.1,159.75,60.93,239.28,0
2026-05-02 01:00:00,22.1,95.2,89.36,2.1,161.16,60.57,239.05,0
2026-05-02 02:00:00,21.83,90.43,89.75,2.2,160.94,61.15,237.08,0
2026-05-02 03:00:00,22.92,92.45,89.94,2.1,159.27,62.24,238.23,0
2026-05-02 04:00:00,21.29,91.71,89.93,2.2,159.46,63.01,236.35,0
2026-05-02 05:00:00,23.13,95.5,90.33,2.1,159.15,61.56,240.82,0
2026-05-02 06:00:00,22.98,95.49,92.0,2.1,163.57,61.27,242.7,1
2026-05-02 07:00:00,23.81,91.75,91.55,2.1,164.41,61.54,242.84,0
2026-05-02 08:00:00,24.04,88.11,90.82,2.1,167.28,61.34,243.73,0
2026-05-02 09:00:00,24.65,87.46,89.96,2.1,169.22,61.43,243.73,0
2026-05-02 10:00:00,27.17,85.61,89.41,2.1,169.12,61.71,242.38,0
2026-05-02 11:00:00,26.49,83.68,88.92,2.1,168.16,61.24,243.26,0
2026-05-02 12:00:00,26.81,84.84,92.0,2.1,164.9,61.09,242.24,1
2026-05-02 13:00:00,27.24,86.06,91.41,2.1,163.33,60.06,246.72,0
2026-05-02 14:00:00,27.4,85.97,90.87,2.1,164.59,59.69,244.4,0
2026-05-02 15:00:00,26.25,85.16,92.0,2.1,164.07,58.38,245.2,1
2026-05-02 16:00:00,26.35,85.77,91.61,2.1,164.78,58.59,242.73,0
2026-05-02 17:00:00,25.95,86.08,91.31,2.1,161.13,58.52,240.36,0
2026-05-02 18:00:00,26.68,84.15,90.78,2.1,162.11,57.8,235.63,0
2026-05-02 19:00:00,24.79,88.19,90.09,2.1,164.19,59.54,236.63,0
2026-05-02 20:00:00,23.57,87.46,89.35,2.1,161.03,59.39,235.21,0
2026-05-02 21:00:00,22.85,86.7,89.77,2.1,161.86,59.72,237.91,0
2026-05-02 22:00:00,22.72,91.38,89.41,2.1,164.4,59.22,238.8,0
2026-05-02 23:00:00,24.49,90.05,89.02,2.1,167.45,58.93,238.98,0
2026-05-03 00:00:00,22.97,92.65,88.89,2.1,166.45,59.31,235.26,0
2026-05-03 01:00:00,23.0,94.62,88.85,2.1,167.79,59.09,236.7,0
2026-05-03 02:00:00,22.75,91.13,88.85,2.1,170.25,59.18,234.96,0
2026-05-03 03:00:00,22.2,93.71,89.18,2.1,170.77,60.0,231.38,0
2026-05-03 04:00:00,22.04,89.62,89.43,2.1,172.85,59.59,232.64,0
2026-05-03 05:00:00,23.09,96.71,88.99,2.1,172.47,58.46,229.61,0
2026-05-03 06:00:00,22.83,89.58,92.0,2.1,172.88,57.2,224.65,1
2026-05-03 07:00:00,24.52,90.27,91.68,2.1,171.45,58.63,228.41,0
2026-05-03 08:00:00,24.75,92.91,91.07,2.1,170.89,59.57,227.34,0
2026-05-03 09:00:00,24.66,87.92,90.17,2.1,171.44,60.24,223.36,0
2026-05-03 10:00:00,25.6,84.37,89.09,2.1,169.93,59.9,221.54,0
2026-05-03 11:00:00,26.11,87.4,88.51,2.1,169.33,58.76,220.41,0
2026-05-03 12:00:00,28.12,86.58,92.0,1.9,170.52,58.6,224.0,1
2026-05-03 13:00:00,26.98,83.41,91.7,2.1,174.0,58.62,220.39,0
2026-05-03 14:00:00,26.6,83.74,91.03,2.1,169.95,57.7,217.78,0
2026-05-03 15:00:00,27.33,84.22,92.0,2.1,173.31,56.51,221.09,1
2026-05-03 16:00:00,26.73,85.18,91.83,2.1,172.51,55.12,220.66,0
2026-05-03 17:00:00,26.68,82.09,90.8,2.1,173.94,55.92,221.95,0
2026-05-03 18:00:00,27.51,86.6,90.0,2.1,175.68,55.01,221.37,0
2026-05-03 19:00:00,26.23,91.76,89.84,2.1,178.07,55.5,227.1,0
2026-05-03 20:00:00,24.99,86.77,89.73,2.1,176.23,55.34,224.27,0
2026-05-03 21:00:00,23.3,88.38,89.86,2.1,175.38,56.07,225.52,0
2026-05-03 22:00:00,23.5,87.96,89.91,2.1,174.87,56.55,229.75,0
2026-05-03 23:00:00,23.97,92.75,89.74,2.1,173.83,56.5,229.07,0
2026-05-04 00:00:00,22.02,94.79,89.63,2.1,175.85,56.79,227.48,0
2026-05-04 01:00:00,24.31,95.36,89.52,2.1,175.28,56.84,229.78,0
2026-05-04 02:00:00,22.34,90.47,88.88,2.1,171.95,56.44,232.55,0
2026-05-04 03:00:00,22.2,94.6,88.63,2.1,170.53,57.49,230.67,0
2026-05-04 04:00:00,21.57,96.75,88.51,2.2,167.47,57.25,234.54,0
2026-05-04 05:00:00,22.65,94.46,88.44,2.1,166.96,57.31,234.7,0
2026-05-04 06:00:00,21.78,93.62,92.0,2.2,168.09,56.18,235.98,1
2026-05-04 07:00:00,25.13,90.36,91.41,2.1,166.79,56.6,239.65,0
2026-05-04 08:00:00,25.3,90.45,90.77,2.1,166.0,56.21,241.34,0
2026-05-04 09:00:00,25.94,91.16,90.78,2.1,165.46,55.96,241.03,0
2026-05-04 10:00:00,24.89,87.72,89.97,2.1,165.7,55.38,239.05,0
2026-05-04 11:00:00,26.86,83.08,89.74,2.1,166.6,55.47,245.61,0
2026-05-04 12:00:00,28.11,84.06,92.0,1.9,167.99,53.86,243.11,1
2026-05-04 13:00:00,27.77,87.46,91.43,2.1,171.93,54.72,243.5,0
2026-05-04 14:00:00,26.44,85.61,90.64,2.1,171.87,54.9,244.35,0
2026-05-04 15:00:00,26.56,85.44,92.0,2.1,172.92,54.69,245.28,1
2026-05-04 16:00:00,26.44,84.42,91.48,2.1,169.75,53.52,250.08,0
2026-05-04 17:00:00,25.96,88.87,90.65,2.1,168.87,54.16,249.45,0
2026-05-04 18:00:00,27.22,90.66,89.86,2.1,168.23,53.83,248.49,0
2026-05-04 19:00:00,23.97,90.62,89.79,2.1,166.27,55.25,251.69,0
2026-05-04 20:00:00,25.5,91.91,89.87,2.1,165.26,55.89,250.52,0
2026-05-04 21:00:00,23.39,88.87,89.57,2.1,165.05,57.45,251.93,0
2026-05-04 22:00:00,23.13,89.46,89.34,2.1,164.14,57.71,251.57,0
2026-05-04 23:00:00,21.79,91.06,89.34,2.2,168.86,58.81,253.05,0
2026-05-05 00:00:00,22.52,92.23,89.09,2.1,169.63,59.32,253.96,0
2026-05-05 01:00:00,23.81,95.91,88.8,2.1,173.04,59.0,252.0,0
2026-05-05 02:00:00,22.54,95.78,88.37,2.1,175.41,59.26,246.54,0
2026-05-05 03:00:00,21.2,94.69,87.94,2.2,173.84,58.59,241.78,0
2026-05-05 04:00:00,22.91,90.45,88.53,2.1,173.56,60.55,236.84,0
2026-05-05 05:00:00,23.24,89.62,88.27,2.1,172.43,60.51,236.52,0
2026-05-05 06:00:00,22.79,93.1,92.0,2.1,171.84,60.57,230.56,1
2026-05-05 07:00:00,25.03,93.34,92.0,2.1,169.81,60.97,230.38,0
2026-05-05 08:00:00,24.91,89.79,91.38,2.1,168.82,60.02,230.95,0
2026-05-05 09:00:00,25.7,92.65,90.91,2.1,169.32,61.27,233.29,0
2026-05-05 10:00:00,25.36,84.62,90.37,2.1,169.75,60.37,234.64,0
2026-05-05 11:00:00,27.19,83.17,89.3,2.1,170.01,59.29,236.91,0
2026-05-05 12:00:00,27.32,83.6,92.0,2.1,169.7,59.22,237.85,1
2026-05-05 13:00:00,27.72,83.25,91.43,2.1,171.07,58.15,236.9,0
2026-05-05 14:00:00,26.7,86.05,90.72,2.1,170.36,59.68,236.54,0
2026-05-05 15:00:00,27.18,84.25,92.0,2.1,172.65,59.54,234.33,1
2026-05-05 16:00:00,26.15,82.24,91.35,2.1,169.02,56.71,234.94,0
2026-05-05 17:00:00,24.72,88.22,91.37,2.1,170.04,57.05,230.98,0
2026-05-05 18:00:00,26.8,83.13,90.64,2.1,170.72,57.7,233.85,0
2026-05-05 19:00:00,24.3,85.48,91.01,2.1,169.27,57.45,231.51,0
2026-05-05 20:00:00,25.06,85.17,90.96,2.1,168.46,56.36,232.07,0
2026-05-05 21:00:00,24.69,90.12,90.92,2.1,169.16,56.44,233.02,0
2026-05-05 22:00:00,24.16,90.97,90.56,2.1,170.64,56.17,236.03,0
2026-05-05 23:00:00,23.17,95.62,90.53,2.1,167.27,55.47,231.77,0
2026-05-06 00:00:00,23.18,94.15,90.84,2.1,168.31,54.71,231.12,0
2026-05-06 01:00:00,22.97,95.93,90.59,2.1,167.35,55.07,232.69,0
2026-05-06 02:00:00,22.91,93.85,90.29,2.1,169.28,56.09,237.18,0
2026-05-06 03:00:00,23.54,91.35,90.01,2.1,165.8,56.68,236.98,0
2026-05-06 04:00:00,22.29,93.88,90.29,2.1,170.17,55.29,235.39,0
2026-05-06 05:00:00,22.31,94.64,90.35,2.1,168.37,56.04,240.44,0
2026-05-06 06:00:00,21.98,94.12,92.0,2.2,170.81,56.91,242.17,1
2026-05-06 07:00:00,23.75,90.36,91.89,2.1,170.45,58.32,245.25,0
2026-05-06 08:00:00,24.78,91.04,91.33,2.1,168.76,57.58,241.71,0
2026-05-06 09:00:00,25.0,86.38,90.89,2.1,169.09,57.66,242.68,0
2026-05-06 10:00:00,26.44,84.7,90.63,2.1,170.78,58.3,239.59,0
2026-05-06 11:00:00,26.46,83.37,89.98,2.1,167.75,57.94,236.1,0
2026-05-06 12:00:00,27.68,85.12,92.0,2.1,168.9,58.55,237.5,1
2026-05-06 13:00:00,28.03,82.21,91.52,1.9,168.73,58.64,239.0,0
2026-05-06 14:00:00,27.96,83.96,90.21,2.1,169.61,57.98,237.6,0
2026-05-06 15:00:00,27.17,87.17,92.0,2.1,169.45,57.41,241.05,1
2026-05-06 16:00:00,25.97,83.38,91.04,2.1,168.24,58.67,239.82,0
2026-05-06 17:00:00,25.95,85.15,90.72,2.1,166.11,57.88,238.91,0
2026-05-06 18:00:00,26.48,87.16,90.41,2.1,167.28,56.95,238.62,0
2026-05-06 19:00:00,27.46,88.38,90.3,2.1,168.39,57.41,237.83,0
2026-05-06 20:00:00,24.7,87.64,90.26,2.1,169.44,57.52,240.88,0
2026-05-06 21:00:00,24.79,91.39,90.38,2.1,170.03,56.47,237.98,0
2026-05-06 22:00:00,23.45,91.86,90.03,2.1,171.53,56.17,235.95,0
2026-05-06 23:00:00,22.62,93.91,90.06,2.1,173.8,55.61,232.92,0
2026-05-07 00:00:00,22.42,91.96,90.21,2.1,170.07,55.23,237.74,0
2026-05-07 01:00:00,20.93,91.63,90.54,2.2,165.66,57.7,236.79,0
2026-05-07 02:00:00,23.41,91.72,90.01,2.1,168.72,57.56,234.78,0
2026-05-07 03:00:00,20.37,94.18,89.93,2.2,166.16,56.9,234.07,0
2026-05-07 04:00:00,21.89,92.77,89.44,2.2,164.16,58.87,236.24,0
2026-05-07 05:00:00,21.31,92.08,88.94,2.2,163.67,59.76,237.84,0
2026-05-07 06:00:00,22.0,91.58,92.0,2.1,160.75,60.48,236.26,1
2026-05-07 07:00:00,24.5,89.9,91.82,2.1,160.23,59.78,235.2,0
2026-05-07 08:00:00,24.41,90.4,91.59,2.1,158.72,60.92,231.55,0
2026-05-07 09:00:00,24.38,85.33,90.93,2.1,158.55,61.69,232.07,0
2026-05-07 10:00:00,25.53,87.67,90.31,2.1,159.31,61.83,235.42,0
2026-05-07 11:00:00,26.08,87.32,89.8,2.1,158.92,60.29,233.94,0
2026-05-07 12:00:00,27.11,83.79,92.0,2.1,158.45,60.32,235.59,1
2026-05-07 13:00:00,27.44,89.03,91.2,2.1,159.18,61.93,234.1,0
2026-05-07 14:00:00,28.76,84.93,90.94,1.9,161.29,62.13,231.41,0
2026-05-07 15:00:00,25.54,81.75,92.0,2.1,164.33,61.79,233.29,1
2026-05-07 16:00:00,26.78,85.02,91.77,2.1,163.96,61.59,239.24,0
2026-05-07 17:00:00,26.19,86.39,91.38,2.1,167.29,61.46,240.39,0
2026-05-07 18:00:00,26.76,87.99,90.33,2.1,168.77,60.75,239.08,0
2026-05-07 19:00:00,25.79,87.27,90.28,2.1,166.4,60.75,238.01,0
2026-05-07 20:00:00,25.44,86.51,90.23,2.1,164.08,62.09,242.63,0
2026-05-07 21:00:00,24.7,87.25,90.15,2.1,163.07,63.28,243.02,0
2026-05-07 22:00:00,23.15,89.12,89.91,2.1,165.75,62.57,240.7,0
2026-05-07 23:00:00,24.37,90.17,89.42,2.1,164.82,63.7,240.26,0
2026-05-08 00:00:00,23.6,89.65,89.62,2.1,161.42,64.33,240.53,0
2026-05-08 01:00:00,23.33,91.15,89.38,2.1,161.15,64.83,241.43,0
2026-05-08 02:00:00,23.34,94.67,88.92,2.1,157.74,65.14,244.89,0
2026-05-08 03:00:00,22.49,97.13,88.85,2.1,156.13,64.2,247.58,0
2026-05-08 04:00:00,23.28,95.26,88.43,2.1,155.43,63.77,247.45,0
2026-05-08 05:00:00,22.56,96.21,87.94,2.1,156.08,64.47,246.72,0
2026-05-08 06:00:00,22.53,94.71,92.0,2.1,158.28,63.31,247.13,1
2026-05-08 07:00:00,23.39,93.23,91.6,2.1,159.8,62.33,245.0,0
2026-05-08 08:00:00,24.23,89.22,90.76,2.1,157.89,62.6,246.95,0
2026-05-08 09:00:00,24.74,88.75,90.43,2.1,157.5,61.87,245.84,0
2026-05-08 10:00:00,27.31,86.07,89.81,2.1,157.94,62.62,246.53,0
2026-05-08 11:00:00,26.93,85.35,89.61,2.1,157.75,61.92,250.24,0
2026-05-08 12:00:00,27.22,85.22,92.0,2.1,157.55,62.14,250.86,1
2026-05-08 13:00:00,27.61,86.37,90.89,2.1,154.75,62.43,250.64,0
2026-05-08 14:00:00,29.63,85.83,90.34,1.9,153.09,61.98,248.57,0
2026-05-08 15:00:00,26.17,84.82,92.0,2.1,152.84,61.77,247.69,1
2026-05-08 16:00:00,26.13,85.76,91.58,2.1,147.76,61.16,244.22,0
2026-05-08 17:00:00,25.34,87.21,91.97,2.1,149.6,61.17,245.09,0
2026-05-08 18:00:00,25.81,88.47,91.5,2.1,147.74,60.33,239.25,0
2026-05-08 19:00:00,25.7,84.5,91.36,2.1,149.67,60.18,241.46,0
2026-05-08 20:00:00,24.6,86.37,90.51,2.1,151.36,60.91,242.96,0
2026-05-08 21:00:00,24.0,92.1,90.43,2.1,150.93,59.92,242.81,0
2026-05-08 22:00:00,24.01,90.43,90.28,2.1,153.29,59.54,241.09,0
2026-05-08 23:00:00,23.0,90.47,89.95,2.1,155.1,60.08,240.74,0
2026-05-09 00:00:00,23.21,91.56,89.71,2.1,154.94,58.27,236.02,0
2026-05-09 01:00:00,23.49,92.18,89.48,2.1,154.58,60.05,238.03,0
2026-05-09 02:00:00,22.87,94.45,89.23,2.1,156.97,61.05,237.47,0
2026-05-09 03:00:00,22.86,91.07,89.65,2.1,157.71,59.7,241.13,0
2026-05-09 04:00:00,22.97,93.65,89.34,2.1,159.88,57.87,241.81,0
2026-05-09 05:00:00,22.48,93.88,89.19,2.1,155.79,58.02,242.04,0
2026-05-09 06:00:00,22.58,93.44,92.0,2.1,156.33,57.13,242.69,1
2026-05-09 07:00:00,22.78,91.89,92.0,2.1,153.84,58.14,239.87,0
2026-05-09 08:00:00,23.94,91.1,91.49,2.1,154.24,58.61,238.5,0
2026-05-09 09:00:00,24.73,87.18,90.84,2.1,155.96,58.83,238.66,0
2026-05-09 10:00:00,26.59,84.93,89.68,2.1,159.45,58.41,237.72,0
2026-05-09 11:00:00,26.97,91.23,89.17,2.1,157.98,59.96,236.14,0
2026-05-09 12:00:00,27.7,84.4,92.0,2.1,157.32,60.7,235.38,1
2026-05-09 13:00:00,26.37,84.39,91.4,2.1,157.45,61.28,235.47,0
2026-05-09 14:00:00,28.39,86.39,90.46,1.9,156.0,62.38,241.24,0
2026-05-09 15:00:00,26.73,88.69,92.0,2.1,158.12,61.45,240.12,1
2026-05-09 16:00:00,25.92,84.44,91.68,2.1,158.27,62.62,238.17,0
2026-05-09 17:00:00,26.09,84.06,91.53,2.1,158.76,62.37,237.63,0
2026-05-09 18:00:00,27.99,84.27,91.29,2.1,160.13,62.66,241.25,0
2026-05-09 19:00:00,25.19,91.35,91.26,2.1,160.19,62.5,244.87,0
2026-05-09 20:00:00,24.71,86.46,90.71,2.1,158.91,60.79,249.25,0
2026-05-09 21:00:00,24.27,89.6,91.06,2.1,159.04,61.69,248.69,0
2026-05-09 22:00:00,23.78,88.41,90.57,2.1,157.74,60.06,249.61,0
2026-05-09 23:00:00,22.77,88.21,90.29,2.1,158.22,59.25,246.25,0
2026-05-10 00:00:00,23.07,91.5,90.3,2.1,160.29,58.92,244.81,0
2026-05-10 01:00:00,23.46,90.7,90.32,2.1,158.36,57.25,241.53,0
2026-05-10 02:00:00,22.58,91.7,90.29,2.1,155.87,56.41,242.39,0
2026-05-10 03:00:00,21.27,97.92,89.97,2.2,156.32,56.79,242.11,0
2026-05-10 04:00:00,21.82,94.53,89.59,2.2,155.29,56.64,242.32,0
2026-05-10 05:00:00,21.82,95.38,90.15,2.2,155.73,56.56,239.84,0
2026-05-10 06:00:00,22.75,94.38,92.0,2.1,156.68,55.9,241.73,1
2026-05-10 07:00:00,24.46,91.18,91.75,2.1,153.16,56.13,235.37,0
2026-05-10 08:00:00,24.13,89.0,90.97,2.1,154.87,56.01,234.72,0
2026-05-10 09:00:00,25.08,88.98,90.47,2.1,153.17,54.71,234.47,0
2026-05-10 10:00:00,27.42,87.37,89.94,2.1,153.6,54.75,229.44,0
2026-05-10 11:00:00,27.39,84.58,89.35,2.1,152.87,53.85,230.68,0
2026-05-10 12:00:00,27.6,85.35,92.0,2.1,152.36,54.9,230.46,1
2026-05-10 13:00:00,28.87,83.25,91.93,1.9,155.92,54.76,232.09,0
2026-05-10 14:00:00,27.64,84.52,91.17,2.1,156.86,57.25,237.24,0
2026-05-10 15:00:00,25.49,84.44,92.0,2.1,158.81,58.26,237.94,1
2026-05-10 16:00:00,27.47,82.85,91.22,2.1,159.33,58.26,240.22,0
2026-05-10 17:00:00,25.17,81.08,90.74,2.1,160.67,58.89,243.41,0
2026-05-10 18:00:00,26.36,84.93,89.99,2.1,161.6,57.1,244.22,0
2026-05-10 19:00:00,24.13,91.81,89.62,2.1,162.19,58.12,241.6,0
2026-05-10 20:00:00,24.6,88.06,88.98,2.1,164.3,57.49,237.17,0
2026-05-10 21:00:00,24.14,91.37,88.81,2.1,164.61,57.71,237.99,0
2026-05-10 22:00:00,23.28,85.89,88.73,2.1,168.74,57.18,236.84,0
2026-05-10 23:00:00,23.12,89.18,89.09,2.1,170.32,56.77,239.96,0
2026-05-11 00:00:00,23.79,89.16,89.02,2.1,168.05,56.76,238.53,0
2026-05-11 01:00:00,22.03,92.31,88.69,2.1,167.61,56.99,238.31,0
2026-05-11 02:00:00,22.76,98.55,88.08,2.1,168.22,57.12,235.25,0
2026-05-11 03:00:00,21.38,94.52,87.51,2.2,168.17,57.26,234.38,0
2026-05-11 04:00:00,21.95,97.33,86.92,2.2,169.28,55.94,232.05,0
2026-05-11 05:00:00,22.52,92.77,87.29,2.1,170.55,58.22,230.07,0
2026-05-11 06:00:00,21.91,95.57,92.0,2.2,167.88,58.54,230.18,1
2026-05-11 07:00:00,22.35,95.96,91.62,2.1,170.07,59.04,228.91,0
2026-05-11 08:00:00,24.64,89.72,90.77,2.1,168.97,58.82,235.79,0
2026-05-11 09:00:00,26.05,87.25,89.94,2.1,167.74,58.13,237.84,0
2026-05-11 10:00:00,25.94,84.1,89.18,2.1,166.55,58.38,240.41,0
2026-05-11 11:00:00,26.33,85.15,88.99,2.1,167.94,58.75,239.86,0
2026-05-11 12:00:00,27.27,85.25,92.0,2.1,167.35,60.02,239.88,1
2026-05-11 13:00:00,27.34,89.27,90.98,2.1,166.06,61.95,238.56,0
2026-05-11 14:00:00,27.44,82.05,91.09,2.1,165.25,63.28,244.95,0
2026-05-11 15:00:00,25.05,85.31,92.0,2.1,162.01,61.65,244.18,1
2026-05-11 16:00:00,25.95,81.65,91.25,2.1,160.62,61.25,242.21,0
2026-05-11 17:00:00,25.76,85.32,91.06,2.1,158.56,61.57,239.96,0
2026-05-11 18:00:00,26.12,87.69,90.61,2.1,158.33,61.23,240.55,0
2026-05-11 19:00:00,25.65,88.97,90.26,2.1,159.8,61.21,243.83,0
2026-05-11 20:00:00,25.48,90.04,89.68,2.1,161.0,59.3,246.1,0
2026-05-11 21:00:00,24.63,90.53,89.19,2.1,163.42,60.21,243.66,0
2026-05-11 22:00:00,22.86,91.84,88.71,2.1,165.35,58.57,241.27,0
2026-05-11 23:00:00,24.56,91.5,88.51,2.1,164.38,57.26,244.07,0
2026-05-12 00:00:00,23.98,89.84,88.36,2.1,164.44,56.49,248.87,0
2026-05-12 01:00:00,21.59,88.69,88.12,2.2,164.4,56.57,247.82,0
2026-05-12 02:00:00,22.59,92.02,87.91,2.1,160.56,55.27,250.19,0
2026-05-12 03:00:00,21.68,93.21,87.39,2.2,158.54,54.52,245.77,0
2026-05-12 04:00:00,22.21,96.36,87.28,2.1,158.5,55.78,243.12,0
2026-05-12 05:00:00,23.1,93.11,87.46,2.1,158.45,55.86,240.19,0
2026-05-12 06:00:00,24.41,92.14,92.0,2.1,159.63,56.44,240.96,1
2026-05-12 07:00:00,24.0,92.25,91.74,2.1,160.68,55.49,240.22,0
2026-05-12 08:00:00,24.48,89.37,91.2,2.1,157.67,55.64,240.55,0
2026-05-12 09:00:00,24.88,90.22,90.97,2.1,158.89,55.71,243.32,0
2026-05-12 10:00:00,26.15,91.35,90.12,2.1,159.46,55.18,241.27,0
2026-05-12 11:00:00,27.78,90.65,89.97,2.1,160.8,55.34,241.19,0
2026-05-12 12:00:00,27.11,85.28,92.0,2.1,162.89,53.83,237.54,1
2026-05-12 13:00:00,26.59,85.54,91.43,2.1,162.72,54.47,240.32,0
2026-05-12 14:00:00,25.95,88.37,91.22,2.1,165.05,54.34,242.8,0
2026-05-12 15:00:00,27.49,84.85,92.0,2.1,163.45,54.34,243.31,1
2026-05-12 16:00:00,27.0,87.13,91.57,2.1,161.81,55.33,243.2,0
2026-05-12 17:00:00,25.92,83.76,91.13,2.1,162.71,55.92,241.51,0
2026-05-12 18:00:00,26.82,86.32,90.26,2.1,162.14,55.82,237.7,0
2026-05-12 19:00:00,25.17,90.38,90.19,2.1,162.72,55.0,238.33,0
2026-05-12 20:00:00,24.86,87.16,90.07,2.1,166.4,56.41,240.05,0
2026-05-12 21:00:00,24.41,89.38,89.81,2.1,167.05,55.37,244.85,0
2026-05-12 22:00:00,23.62,87.1,89.87,2.1,167.35,56.13,243.37,0
2026-05-12 23:00:00,23.59,95.81,89.49,2.1,165.69,54.87,243.63,0
2026-05-13 00:00:00,23.88,94.92,89.37,2.1,162.61,55.91,245.98,0
2026-05-13 01:00:00,21.68,93.17,89.13,2.2,162.57,57.0,248.29,0
2026-05-13 02:00:00,22.72,94.34,88.74,2.1,164.59,55.43,246.07,0
2026-05-13 03:00:00,22.29,94.37,88.69,2.1,164.02,56.03,244.82,0
2026-05-13 04:00:00,22.22,96.65,88.43,2.1,164.79,56.54,243.02,0
2026-05-13 05:00:00,22.95,92.19,87.79,2.1,167.36,57.34,240.36,0
2026-05-13 06:00:00,22.75,94.18,92.0,2.1,169.79,57.81,243.77,1
2026-05-13 07:00:00,23.78,93.77,92.0,2.1,170.37,57.07,243.49,0
2026-05-13 08:00:00,24.82,92.64,91.07,2.1,170.46,57.02,242.88,0
2026-05-13 09:00:00,24.75,83.47,90.58,2.1,167.51,58.67,243.11,0
2026-05-13 10:00:00,26.24,85.68,90.02,2.1,166.27,57.77,242.84,0
2026-05-13 11:00:00,26.49,83.59,89.33,2.1,165.72,58.19,241.89,0
2026-05-13 12:00:00,27.04,85.39,92.0,2.1,164.16,59.34,239.64,1
2026-05-13 13:00:00,27.04,80.4,91.47,2.1,164.64,58.53,243.32,0
2026-05-13 14:00:00,27.62,80.4,91.11,2.1,168.09,57.36,241.48,0
2026-05-13 15:00:00,27.14,89.95,92.0,2.1,170.7,56.36,238.83,1
2026-05-13 16:00:00,27.12,87.0,91.35,2.1,170.91,56.88,238.44,0
2026-05-13 17:00:00,26.43,86.52,90.76,2.1,172.08,55.89,243.66,0
2026-05-13 18:00:00,24.72,87.8,90.63,2.1,170.48,55.95,241.17,0
2026-05-13 19:00:00,25.53,88.16,90.75,2.1,172.9,57.36,242.64,0
2026-05-13 20:00:00,25.02,90.93,91.13,2.1,169.77,57.46,241.64,0
2026-05-13 21:00:00,24.62,88.27,90.99,2.1,171.22,56.89,241.92,0
2026-05-13 22:00:00,23.42,90.97,90.52,2.1,171.87,57.16,243.88,0
2026-05-13 23:00:00,22.44,91.9,90.19,2.1,170.23,57.24,239.14,0
2026-05-14 00:00:00,23.46,89.84,89.63,2.1,169.65,57.79,236.69,0
2026-05-14 01:00:00,22.38,95.57,89.66,2.1,167.42,59.38,238.88,0
2026-05-14 02:00:00,22.46,92.24,89.28,2.1,165.36,59.81,238.93,0
2026-05-14 03:00:00,21.93,95.74,88.16,2.2,162.48,61.71,239.26,0
2026-05-14 04:00:00,22.1,93.85,88.7,2.1,163.96,62.13,240.82,0
2026-05-14 05:00:00,21.9,96.93,88.33,2.2,166.17,61.43,238.31,0
2026-05-14 06:00:00,21.93,90.28,92.0,2.2,162.23,63.51,240.78,1
2026-05-14 07:00:00,23.78,89.01,92.0,2.1,165.65,63.35,242.54,0
2026-05-14 08:00:00,23.77,87.97,91.08,2.1,165.61,62.36,242.76,0
2026-05-14 09:00:00,25.28,88.73,90.85,2.1,166.1,64.44,243.54,0
2026-05-14 10:00:00,26.33,90.39,90.09,2.1,163.41,63.71,246.03,0
2026-05-14 11:00:00,26.22,89.33,89.12,2.1,165.85,62.96,243.99,0
2026-05-14 12:00:00,26.18,80.4,92.0,2.1,166.18,62.44,245.2,1
2026-05-14 13:00:00,29.24,85.35,91.68,1.9,168.18,62.57,249.05,0
2026-05-14 14:00:00,26.82,80.4,91.37,2.1,170.25,63.39,249.95,0
2026-05-14 15:00:00,27.57,86.93,92.0,2.1,172.44,60.97,248.64,1
2026-05-14 16:00:00,28.36,88.1,91.59,1.9,170.98,61.83,253.76,0
2026-05-14 17:00:00,27.07,86.17,90.63,2.1,170.36,61.34,253.4,0
2026-05-14 18:00:00,25.76,87.18,90.09,2.1,169.05,60.99,255.97,0
2026-05-14 19:00:00,25.45,88.0,89.61,2.1,170.5,62.56,253.87,0
2026-05-14 20:00:00,24.31,87.01,88.98,2.1,170.88,62.74,255.6,0
2026-05-14 21:00:00,25.13,90.61,88.9,2.1,172.57,63.12,253.2,0
2026-05-14 22:00:00,24.35,90.05,89.04,2.1,174.27,63.04,253.1,0
2026-05-14 23:00:00,22.99,93.45,88.72,2.1,170.79,63.69,250.68,0
2026-05-15 00:00:00,22.13,91.89,88.46,2.1,172.99,65.1,254.65,0
2026-05-15 01:00:00,21.54,90.87,87.92,2.2,174.38,62.78,253.11,0
2026-05-15 02:00:00,23.11,89.84,87.72,2.1,173.34,63.73,249.44,0
2026-05-15 03:00:00,22.25,89.4,87.75,2.1,173.64,65.07,248.95,0
2026-05-15 04:00:00,22.27,96.49,87.78,2.1,173.07,65.43,249.6,0
2026-05-15 05:00:00,21.6,92.33,87.75,2.2,173.85,64.72,248.8,0
2026-05-15 06:00:00,21.54,93.32,92.0,2.2,172.83,63.6,246.08,1
2026-05-15 07:00:00,24.17,95.32,91.6,2.1,173.38,65.68,248.12,0
2026-05-15 08:00:00,24.28,88.73,91.27,2.1,173.17,64.75,250.61,0
2026-05-15 09:00:00,25.88,87.06,90.94,2.1,172.06,66.04,245.71,0
2026-05-15 10:00:00,25.69,86.71,90.32,2.1,172.12,66.27,242.98,0
2026-05-15 11:00:00,26.5,85.89,89.61,2.1,176.71,67.98,242.18,0
2026-05-15 12:00:00,27.71,89.22,92.0,2.1,175.01,67.51,240.5,1
2026-05-15 13:00:00,27.89,88.24,91.3,2.1,174.16,65.9,241.54,0
2026-05-15 14:00:00,27.88,86.26,90.94,2.1,172.59,65.79,245.81,0
2026-05-15 15:00:00,26.84,88.37,92.0,2.1,171.27,64.34,244.32,1
2026-05-15 16:00:00,27.3,85.25,91.1,2.1,172.49,66.67,247.79,0
2026-05-15 17:00:00,27.33,86.91,91.0,2.1,173.48,67.1,243.48,0
2026-05-15 18:00:00,25.92,86.34,90.46,2.1,173.13,67.65,244.2,0
2026-05-15 19:00:00,25.09,85.0,90.04,2.1,174.65,68.18,242.25,0
2026-05-15 20:00:00,26.05,91.39,89.41,2.1,175.69,67.37,243.08,0
2026-05-15 21:00:00,23.9,90.83,88.82,2.1,174.97,67.09,238.28,0
2026-05-15 22:00:00,24.4,90.6,88.5,2.1,171.81,67.04,234.91,0
2026-05-15 23:00:00,23.35,91.39,88.88,2.1,173.03,68.64,236.1,0
2026-05-16 00:00:00,21.49,88.83,88.5,2.2,173.02,67.39,234.47,0
2026-05-16 01:00:00,23.5,90.61,88.73,2.1,172.74,66.58,233.69,0
2026-05-16 02:00:00,20.12,93.96,88.49,2.2,171.59,66.11,238.34,0
2026-05-16 03:00:00,20.57,92.34,87.94,2.2,172.66,65.38,238.52,0
2026-05-16 04:00:00,22.52,93.12,87.6,2.1,172.99,63.97,240.6,0
2026-05-16 05:00:00,22.68,93.1,87.01,2.1,172.24,61.48,238.42,0
2026-05-16 06:00:00,22.2,91.07,92.0,2.1,169.74,59.85,234.9,1
2026-05-16 07:00:00,23.52,89.27,91.53,2.1,171.48,60.9,234.7,0
2026-05-16 08:00:00,22.22,86.42,90.41,2.1,172.31,60.93,230.99,0
2026-05-16 09:00:00,25.72,88.11,90.29,2.1,172.47,61.71,229.44,0
2026-05-16 10:00:00,26.2,88.36,89.77,2.1,167.39,61.2,230.32,0
2026-05-16 11:00:00,26.66,82.21,88.99,2.1,167.23,61.13,230.27,0
2026-05-16 12:00:00,27.16,85.01,92.0,2.1,166.71,62.61,231.34,1
2026-05-16 13:00:00,27.69,85.42,91.16,2.1,165.52,63.99,233.03,0
2026-05-16 14:00:00,27.22,82.72,89.78,2.1,166.86,64.78,230.14,0
2026-05-16 15:00:00,25.58,88.31,92.0,2.1,168.07,64.88,228.03,1
2026-05-16 16:00:00,28.56,84.79,91.46,1.9,168.74,65.25,222.93,0
2026-05-16 17:00:00,27.4,86.03,90.7,2.1,170.46,65.49,222.61,0
2026-05-16 18:00:00,24.97,86.65,89.55,2.1,168.4,65.24,225.07,0
2026-05-16 19:00:00,25.23,83.94,88.9,2.1,167.44,64.77,229.29,0
2026-05-16 20:00:00,24.78,90.96,89.19,2.1,167.48,65.7,230.05,0
2026-05-16 21:00:00,25.29,87.56,89.43,2.1,166.26,64.42,233.73,0
2026-05-16 22:00:00,22.17,90.04,89.45,2.1,167.52,65.69,234.76,0
2026-05-16 23:00:00,23.0,92.71,88.92,2.1,166.48,65.33,235.04,0
2026-05-17 00:00:00,21.55,95.36,89.17,2.2,168.76,64.05,233.51,0
2026-05-17 01:00:00,22.37,90.38,89.1,2.1,166.93,63.5,227.62,0
2026-05-17 02:00:00,21.95,92.24,89.1,2.2,170.69,62.67,231.05,0
2026-05-17 03:00:00,22.22,96.55,89.03,2.1,174.12,62.13,231.11,0
2026-05-17 04:00:00,21.62,94.62,88.38,2.2,173.58,61.59,234.78,0
2026-05-17 05:00:00,21.66,94.81,87.82,2.2,175.3,61.03,232.41,0
2026-05-17 06:00:00,23.2,90.26,92.0,2.1,174.17,60.78,238.61,1
2026-05-17 07:00:00,23.76,90.57,91.99,2.1,175.63,60.76,237.81,0
2026-05-17 08:00:00,24.69,89.59,91.01,2.1,174.88,61.49,235.94,0
2026-05-17 09:00:00,25.01,86.55,90.38,2.1,172.17,61.28,235.36,0
2026-05-17 10:00:00,25.54,83.32,89.76,2.1,165.53,61.6,235.77,0
2026-05-17 11:00:00,26.6,84.71,89.42,2.1,165.02,61.61,235.55,0
2026-05-17 12:00:00,27.54,88.04,92.0,2.1,165.53,62.11,234.24,1
2026-05-17 13:00:00,25.56,84.93,91.12,2.1,167.9,62.15,229.77,0
2026-05-17 14:00:00,27.56,87.92,90.97,2.1,167.85,61.56,228.02,0
2026-05-17 15:00:00,27.32,85.57,92.0,2.1,169.54,60.75,231.05,1
2026-05-17 16:00:00,26.85,83.96,91.75,2.1,168.54,60.98,229.05,0
2026-05-17 17:00:00,26.32,89.07,91.0,2.1,167.79,62.15,225.06,0
2026-05-17 18:00:00,23.95,87.47,90.49,2.1,169.58,61.94,222.91,0
2026-05-17 19:00:00,25.15,89.96,90.35,2.1,164.96,61.31,223.3,0
2026-05-17 20:00:00,26.4,86.39,90.2,2.1,164.98,61.1,221.98,0
2026-05-17 21:00:00,24.44,91.95,90.19,2.1,164.26,60.63,221.93,0
2026-05-17 22:00:00,23.65,92.91,90.11,2.1,166.74,60.07,220.59,0
2026-05-17 23:00:00,23.41,92.04,90.14,2.1,165.72,58.83,223.84,0
2026-05-18 00:00:00,23.24,90.37,90.08,2.1,166.62,58.7,225.62,0
2026-05-18 01:00:00,23.12,92.66,89.49,2.1,168.22,59.01,231.64,0
2026-05-18 02:00:00,22.14,94.56,89.37,2.1,165.4,58.13,230.85,0
2026-05-18 03:00:00,22.5,94.02,89.0,2.1,165.13,57.45,230.35,0
2026-05-18 04:00:00,23.44,94.92,88.47,2.1,164.35,56.74,233.54,0
2026-05-18 05:00:00,23.06,95.56,88.18,2.1,166.08,55.65,234.59,0
2026-05-18 06:00:00,24.58,91.14,92.0,2.1,167.25,54.98,232.25,1
2026-05-18 07:00:00,22.87,88.86,91.87,2.1,166.74,55.01,233.78,0
2026-05-18 08:00:00,25.59,89.88,91.62,2.1,164.79,54.01,234.83,0
2026-05-18 09:00:00,24.52,87.71,91.44,2.1,166.67,54.13,230.36,0
2026-05-18 10:00:00,26.28,88.73,90.96,2.1,166.48,53.73,228.96,0
2026-05-18 11:00:00,27.28,83.47,90.53,2.1,163.51,53.14,229.74,0
2026-05-18 12:00:00,26.73,87.31,92.0,2.1,160.81,53.75,233.62,1
2026-05-18 13:00:00,27.37,87.78,91.64,2.1,161.76,53.42,235.43,0
2026-05-18 14:00:00,27.97,84.9,91.2,2.1,159.6,53.25,234.0,0
2026-05-18 15:00:00,26.51,85.31,92.0,2.1,163.16,54.68,232.28,1
2026-05-18 16:00:00,28.14,83.95,92.0,1.9,161.55,54.08,234.41,0
2026-05-18 17:00:00,25.33,85.06,91.26,2.1,161.68,55.72,228.37,0
2026-05-18 18:00:00,27.55,86.1,91.11,2.1,162.1,55.6,226.69,0
2026-05-18 19:00:00,26.3,91.01,90.5,2.1,160.91,54.77,230.63,0
2026-05-18 20:00:00,24.9,88.58,90.53,2.1,157.04,54.49,231.59,0
2026-05-18 21:00:00,24.11,86.75,90.76,2.1,157.7,54.77,229.86,0
2026-05-18 22:00:00,23.49,91.12,89.98,2.1,156.64,56.12,227.11,0
2026-05-18 23:00:00,23.29,93.22,89.82,2.1,157.18,57.01,229.61,0
2026-05-19 00:00:00,22.92,92.09,89.84,2.1,157.27,57.22,230.07,0
2026-05-19 01:00:00,23.6,95.99,89.71,2.1,158.06,58.5,229.77,0
2026-05-19 02:00:00,23.9,94.93,89.62,2.1,161.14,56.91,230.97,0
2026-05-19 03:00:00,22.32,91.2,89.46,2.1,160.32,57.29,231.58,0
2026-05-19 04:00:00,21.42,92.39,88.93,2.2,159.66,57.71,231.97,0
2026-05-19 05:00:00,21.82,93.83,89.44,2.2,156.87,58.13,228.81,0
2026-05-19 06:00:00,22.56,88.9,92.0,2.1,156.85,56.79,226.55,1
2026-05-19 07:00:00,22.58,92.14,91.93,2.1,157.91,56.04,228.85,0
2026-05-19 08:00:00,23.31,86.09,91.18,2.1,157.33,56.06,230.55,0
2026-05-19 09:00:00,26.83,90.69,89.91,2.1,158.38,57.25,231.73,0
2026-05-19 10:00:00,26.24,89.0,89.06,2.1,158.33,59.11,230.43,0
2026-05-19 11:00:00,26.03,86.94,88.05,2.1,156.25,58.6,232.57,0
2026-05-19 12:00:00,27.8,83.58,92.0,2.1,157.16,57.52,231.76,1
2026-05-19 13:00:00,26.36,85.17,91.24,2.1,157.1,58.39,235.18,0
2026-05-19 14:00:00,26.37,83.77,90.51,2.1,157.64,60.85,233.3,0
2026-05-19 15:00:00,26.43,82.91,92.0,2.1,156.92,61.88,232.08,1
2026-05-19 16:00:00,28.13,84.9,91.44,1.9,156.06,61.21,231.84,0
2026-05-19 17:00:00,26.24,87.79,90.64,2.1,156.7,63.81,234.12,0
2026-05-19 18:00:00,24.05,87.1,90.38,2.1,156.62,64.38,234.08,0
2026-05-19 19:00:00,26.47,91.03,90.26,2.1,160.06,63.59,234.22,0
2026-05-19 20:00:00,24.73,90.42,89.88,2.1,161.69,65.29,233.28,0
2026-05-19 21:00:00,22.95,91.11,89.93,2.1,162.8,64.4,234.03,0
2026-05-19 22:00:00,23.64,87.02,89.73,2.1,162.57,63.77,233.9,0
2026-05-19 23:00:00,23.82,90.77,89.53,2.1,159.02,64.37,232.0,0
2026-05-20 00:00:00,23.28,89.8,88.89,2.1,157.81,64.28,232.47,0
2026-05-20 01:00:00,24.04,92.36,88.67,2.1,156.93,64.25,232.97,0
2026-05-20 02:00:00,21.64,91.69,88.56,2.2,156.76,64.21,238.95,0
2026-05-20 03:00:00,22.19,92.67,88.76,2.1,157.03,65.15,237.22,0
2026-05-20 04:00:00,21.54,95.93,88.34,2.2,158.53,62.96,235.01,0
2026-05-20 05:00:00,21.02,94.38,88.82,2.2,159.28,63.19,235.71,0
2026-05-20 06:00:00,23.42,94.79,92.0,2.1,161.59,62.89,233.19,1
2026-05-20 07:00:00,23.77,87.88,91.34,2.1,161.17,62.19,230.6,0
2026-05-20 08:00:00,24.48,90.09,90.52,2.1,161.79,61.5,227.23,0
2026-05-20 09:00:00,25.49,90.56,90.37,2.1,162.53,59.15,225.68,0
2026-05-20 10:00:00,25.45,90.31,90.17,2.1,163.07,58.51,224.27,0
2026-05-20 11:00:00,25.89,82.42,89.6,2.1,165.46,59.78,221.6,0
2026-05-20 12:00:00,27.17,84.29,92.0,2.1,166.89,60.59,221.64,1
2026-05-20 13:00:00,28.23,87.08,91.06,1.9,164.44,60.46,216.4,0
2026-05-20 14:00:00,28.53,84.47,90.86,1.9,164.25,59.24,218.56,0
2026-05-20 15:00:00,27.71,83.18,92.0,2.1,164.26,60.06,217.99,1
2026-05-20 16:00:00,26.83,82.23,91.67,2.1,168.16,61.3,217.81,0
2026-05-20 17:00:00,26.66,84.17,91.5,2.1,167.44,62.25,220.14,0
2026-05-20 18:00:00,26.01,83.28,90.93,2.1,165.57,61.37,221.81,0
2026-05-20 19:00:00,24.68,87.97,91.02,2.1,166.34,60.61,220.9,0
2026-05-20 20:00:00,24.99,90.71,91.37,2.1,167.18,62.14,222.73,0
2026-05-20 21:00:00,23.36,86.89,91.24,2.1,166.96,61.05,227.22,0
2026-05-20 22:00:00,23.8,91.13,90.99,2.1,166.49,61.51,225.07,0
2026-05-20 23:00:00,24.71,93.26,90.76,2.1,168.13,59.93,227.46,0
2026-05-21 00:00:00,23.62,92.14,90.33,2.1,166.47,59.72,225.05,0
2026-05-21 01:00:00,21.86,89.22,89.9,2.2,165.8,60.31,228.49,0
2026-05-21 02:00:00,22.27,94.07,89.83,2.1,164.83,60.34,227.03,0
2026-05-21 03:00:00,21.49,93.38,89.59,2.2,166.8,60.86,225.56,0
2026-05-21 04:00:00,22.05,93.26,89.48,2.1,167.25,59.79,228.9,0
2026-05-21 05:00:00,23.09,92.13,88.83,2.1,165.24,59.12,231.01,0
2026-05-21 06:00:00,23.23,92.76,92.0,2.1,163.49,59.64,229.51,1
2026-05-21 07:00:00,25.39,92.52,92.0,2.1,166.93,60.33,230.1,0
2026-05-21 08:00:00,25.2,95.22,91.09,2.1,168.8,60.58,228.57,0
2026-05-21 09:00:00,25.31,88.68,90.53,2.1,170.16,61.48,224.91,0
2026-05-21 10:00:00,26.54,90.32,89.39,2.1,169.98,60.0,225.89,0
2026-05-21 11:00:00,26.53,86.62,88.42,2.1,172.49,59.64,225.46,0
2026-05-21 12:00:00,26.24,84.85,92.0,2.1,170.21,61.35,223.57,1
2026-05-21 13:00:00,28.34,85.13,91.32,1.9,171.35,62.53,227.4,0
2026-05-21 14:00:00,28.05,82.21,91.27,1.9,170.3,63.08,225.5,0
2026-05-21 15:00:00,26.88,85.85,92.0,2.1,169.64,62.91,226.34,1
2026-05-21 16:00:00,27.02,81.26,91.58,2.1,170.76,63.81,229.47,0
2026-05-21 17:00:00,27.43,84.36,90.67,2.1,170.27,64.15,229.11,0
2026-05-21 18:00:00,26.68,87.24,89.97,2.1,169.28,62.72,227.56,0
2026-05-21 19:00:00,24.33,90.47,89.55,2.1,168.22,63.59,228.68,0
2026-05-21 20:00:00,25.17,91.89,89.02,2.1,164.51,62.76,230.14,0
2026-05-21 21:00:00,24.29,89.14,89.01,2.1,165.91,63.42,232.57,0
2026-05-21 22:00:00,24.79,90.9,89.06,2.1,164.06,61.93,237.37,0
2026-05-21 23:00:00,24.22,93.57,88.98,2.1,167.44,63.37,236.11,0
2026-05-22 00:00:00,24.02,89.22,88.53,2.1,166.83,63.08,236.54,0
2026-05-22 01:00:00,21.7,93.65,88.42,2.2,169.11,62.05,233.29,0
2026-05-22 02:00:00,21.7,91.4,87.65,2.2,165.69,61.43,235.04,0
2026-05-22 03:00:00,23.05,93.13,87.85,2.1,166.98,61.14,235.5,0
2026-05-22 04:00:00,21.63,92.59,87.26,2.2,168.68,61.16,235.03,0
2026-05-22 05:00:00,21.04,94.29,86.72,2.2,170.88,62.37,233.48,0
2026-05-22 06:00:00,23.13,93.78,92.0,2.1,167.89,62.43,232.69,1
2026-05-22 07:00:00,22.96,93.36,91.86,2.1,166.51,60.46,233.39,0
2026-05-22 08:00:00,25.68,90.73,91.26,2.1,167.49,59.4,231.06,0
2026-05-22 09:00:00,25.39,88.81,90.36,2.1,167.66,61.96,230.49,0
2026-05-22 10:00:00,26.13,91.08,90.12,2.1,168.08,62.08,230.76,0
2026-05-22 11:00:00,26.4,82.48,89.04,2.1,167.31,62.93,227.12,0
2026-05-22 12:00:00,28.42,88.8,92.0,1.9,170.01,62.63,224.88,1
2026-05-22 13:00:00,27.59,84.16,91.38,2.1,174.5,61.71,223.74,0
2026-05-22 14:00:00,26.92,86.15,90.42,2.1,174.31,61.28,228.22,0
2026-05-22 15:00:00,26.44,84.46,92.0,2.1,174.75,61.42,226.49,1
2026-05-22 16:00:00,26.74,84.09,91.07,2.1,174.46,61.02,226.77,0
2026-05-22 17:00:00,25.66,87.32,90.96,2.1,176.4,62.78,224.58,0
2026-05-22 18:00:00,26.82,89.29,90.69,2.1,177.43,62.2,223.16,0
2026-05-22 19:00:00,24.06,88.88,90.85,2.1,175.02,61.24,220.15,0
2026-05-22 20:00:00,24.86,87.55,91.21,2.1,173.51,62.0,222.57,0
2026-05-22 21:00:00,24.92,97.6,91.03,2.1,171.36,62.83,219.88,0
2026-05-22 22:00:00,24.17,93.2,90.52,2.1,175.95,62.84,222.9,0
2026-05-22 23:00:00,22.83,93.45,90.29,2.1,176.66,62.27,224.68,0
2026-05-23 00:00:00,23.49,91.37,89.91,2.1,175.12,60.55,225.0,0
2026-05-23 01:00:00,21.89,91.38,89.5,2.2,173.5,61.69,227.85,0
2026-05-23 02:00:00,22.31,92.6,89.35,2.1,174.61,62.48,235.97,0
2026-05-23 03:00:00,22.68,95.88,89.05,2.1,175.85,62.07,237.11,0
2026-05-23 04:00:00,22.47,91.42,88.62,2.1,176.85,62.12,234.21,0
2026-05-23 05:00:00,21.72,90.98,88.35,2.2,175.61,61.92,237.97,0
2026-05-23 06:00:00,23.67,93.76,92.0,2.1,175.74,63.39,238.29,1
2026-05-23 07:00:00,23.47,92.1,92.0,2.1,175.51,62.41,243.4,0
2026-05-23 08:00:00,24.84,88.27,90.95,2.1,173.4,61.84,241.72,0
2026-05-23 09:00:00,26.37,86.04,90.28,2.1,171.4,61.2,244.58,0
2026-05-23 10:00:00,26.89,90.16,89.66,2.1,171.89,61.5,244.1,0
2026-05-23 11:00:00,27.59,86.61,88.71,2.1,171.96,61.57,250.29,0
2026-05-23 12:00:00,27.3,82.07,92.0,2.1,172.68,61.76,248.82,1
2026-05-23 13:00:00,27.94,81.95,91.46,2.1,173.8,60.98,255.64,0
2026-05-23 14:00:00,27.41,84.1,91.03,2.1,176.15,62.34,255.7,0
2026-05-23 15:00:00,26.11,86.79,92.0,2.1,174.3,61.92,256.79,1
2026-05-23 16:00:00,27.05,86.95,91.15,2.1,175.07,62.99,259.95,0
2026-05-23 17:00:00,26.64,88.75,91.18,2.1,176.01,65.79,256.73,0
2026-05-23 18:00:00,26.47,83.72,90.84,2.1,175.01,64.89,258.07,0
2026-05-23 19:00:00,25.4,88.33,90.8,2.1,174.83,65.11,256.18,0
2026-05-23 20:00:00,24.36,91.88,90.9,2.1,173.92,64.9,255.5,0
2026-05-23 21:00:00,24.95,92.59,90.76,2.1,177.36,66.64,254.68,0
2026-05-23 22:00:00,22.85,91.35,90.95,2.1,177.05,66.25,255.13,0
2026-05-23 23:00:00,24.57,96.57,90.76,2.1,177.38,66.35,255.45,0
2026-05-24 00:00:00,22.78,93.48,90.56,2.1,176.41,66.42,252.99,0
2026-05-24 01:00:00,22.79,95.05,90.55,2.1,175.09,66.2,252.4,0
2026-05-24 02:00:00,22.77,93.32,90.82,2.1,172.35,66.75,245.7,0
2026-05-24 03:00:00,22.63,91.79,91.07,2.1,174.03,66.69,247.64,0
2026-05-24 04:00:00,20.97,91.67,91.05,2.2,175.05,66.98,251.24,0
2026-05-24 05:00:00,22.92,93.73,91.0,2.1,174.11,67.03,250.9,0
2026-05-24 06:00:00,22.95,92.11,92.0,2.1,172.12,66.33,246.09,1
2026-05-24 07:00:00,22.89,87.51,92.0,2.1,172.16,65.96,247.4,0
2026-05-24 08:00:00,23.65,87.71,91.83,2.1,170.98,66.34,244.87,0
2026-05-24 09:00:00,24.88,87.74,91.19,2.1,170.34,66.71,244.83,0
2026-05-24 10:00:00,24.96,88.6,91.01,2.1,167.85,67.69,246.05,0
2026-05-24 11:00:00,28.07,85.79,90.53,1.9,168.13,69.19,246.87,0
2026-05-24 12:00:00,28.33,84.91,92.0,1.9,168.43,68.5,248.97,1
2026-05-24 13:00:00,27.66,82.63,91.83,2.1,170.26,68.43,248.64,0
2026-05-24 14:00:00,27.06,84.95,91.47,2.1,169.78,68.06,248.39,0
2026-05-24 15:00:00,26.92,88.08,92.0,2.1,168.99,66.89,249.56,1
2026-05-24 16:00:00,27.41,85.98,91.3,2.1,166.03,67.25,248.66,0
2026-05-24 17:00:00,27.85,82.94,91.16,2.1,167.97,67.79,246.26,0
2026-05-24 18:00:00,25.54,84.25,90.79,2.1,169.46,66.65,246.82,0
2026-05-24 19:00:00,24.61,89.14,90.63,2.1,169.33,66.17,243.41,0
2026-05-24 20:00:00,26.21,88.25,90.75,2.1,166.77,65.62,242.79,0
2026-05-24 21:00:00,23.0,89.5,91.32,2.1,164.51,64.15,238.95,0
2026-05-24 22:00:00,23.09,89.21,90.77,2.1,163.54,64.06,237.37,0
2026-05-24 23:00:00,23.2,92.51,90.32,2.1,165.34,62.96,235.97,0
2026-05-25 00:00:00,21.71,91.48,90.93,2.2,165.85,63.08,233.46,0
2026-05-25 01:00:00,23.49,92.35,90.85,2.1,163.13,63.29,236.29,0
2026-05-25 02:00:00,23.01,91.35,90.71,2.1,163.93,63.6,238.77,0
2026-05-25 03:00:00,21.7,95.53,90.47,2.2,162.46,63.95,241.86,0
2026-05-25 04:00:00,23.12,93.11,90.63,2.1,161.62,65.27,241.05,0
2026-05-25 05:00:00,23.42,94.67,91.21,2.1,163.51,64.45,239.66,0
2026-05-25 06:00:00,22.62,89.94,92.0,2.1,164.94,63.69,241.44,1
2026-05-25 07:00:00,23.04,95.21,91.77,2.1,166.91,64.23,241.44,0
2026-05-25 08:00:00,26.06,92.77,91.09,2.1,166.8,64.04,241.43,0
2026-05-25 09:00:00,25.73,84.23,90.73,2.1,168.31,64.99,234.75,0
2026-05-25 10:00:00,26.21,85.24,90.52,2.1,167.13,65.41,236.65,0
2026-05-25 11:00:00,27.78,86.88,90.42,2.1,166.58,67.03,238.13,0
2026-05-25 12:00:00,27.38,82.16,92.0,2.1,165.93,66.8,237.96,1
2026-05-25 13:00:00,26.9,84.51,92.0,2.1,165.93,65.32,239.85,0
2026-05-25 14:00:00,27.31,85.83,91.24,2.1,163.58,65.53,241.11,0
2026-05-25 15:00:00,27.91,84.77,92.0,2.1,163.23,65.36,239.06,1
2026-05-25 16:00:00,25.21,86.83,91.87,2.1,165.92,65.74,238.31,0
2026-05-25 17:00:00,26.21,84.73,91.33,2.1,163.91,66.22,235.63,0
2026-05-25 18:00:00,27.11,82.06,90.33,2.1,161.56,65.62,239.25,0
2026-05-25 19:00:00,25.09,90.0,90.03,2.1,159.45,64.6,241.48,0
2026-05-25 20:00:00,26.21,90.89,89.9,2.1,164.47,64.39,239.12,0
2026-05-25 21:00:00,25.56,95.17,89.49,2.1,165.32,62.18,240.46,0
2026-05-25 22:00:00,23.84,85.7,88.99,2.1,164.82,62.24,240.89,0
2026-05-25 23:00:00,22.95,93.05,88.72,2.1,164.95,61.87,238.88,0
2026-05-26 00:00:00,22.73,87.81,88.2,2.1,165.37,62.65,238.99,0
2026-05-26 01:00:00,24.73,96.62,88.18,2.1,164.2,60.84,240.94,0
2026-05-26 02:00:00,23.82,94.29,87.4,2.1,163.3,60.88,242.99,0
2026-05-26 03:00:00,22.26,91.41,87.22,2.1,163.08,62.33,248.42,0
2026-05-26 04:00:00,21.61,95.32,87.18,2.2,161.86,62.93,247.99,0
2026-05-26 05:00:00,22.35,92.12,86.95,2.1,161.27,63.79,246.74,0
2026-05-26 06:00:00,22.9,93.23,92.0,2.1,162.05,64.04,247.56,1
2026-05-26 07:00:00,22.41,91.85,91.39,2.1,160.38,62.48,246.48,0
2026-05-26 08:00:00,24.31,93.8,90.61,2.1,165.26,62.62,244.44,0
2026-05-26 09:00:00,26.21,92.43,89.94,2.1,166.6,62.97,241.65,0
2026-05-26 10:00:00,24.56,85.69,89.58,2.1,164.25,61.97,232.75,0
2026-05-26 11:00:00,27.35,88.16,89.06,2.1,159.82,61.85,234.7,0
2026-05-26 12:00:00,28.24,85.85,92.0,1.9,158.79,59.25,230.62,1
2026-05-26 13:00:00,26.85,81.69,91.18,2.1,160.27,59.03,228.64,0
2026-05-26 14:00:00,28.6,83.36,90.16,1.9,161.34,58.73,229.69,0
2026-05-26 15:00:00,26.52,90.32,92.0,2.1,161.29,60.09,229.15,1
2026-05-26 16:00:00,27.16,86.43,90.99,2.1,160.36,59.6,234.82,0
2026-05-26 17:00:00,26.19,88.46,90.61,2.1,158.92,59.43,231.05,0
2026-05-26 18:00:00,25.75,86.53,89.75,2.1,158.43,59.44,236.85,0
2026-05-26 19:00:00,25.01,86.65,88.92,2.1,156.87,58.98,240.21,0
2026-05-26 20:00:00,25.53,88.8,88.6,2.1,156.48,59.72,242.22,0
2026-05-26 21:00:00,25.11,89.07,88.66,2.1,159.22,58.0,245.46,0
2026-05-26 22:00:00,23.85,87.27,88.09,2.1,158.06,59.14,245.95,0
2026-05-26 23:00:00,22.31,89.19,88.06,2.1,159.44,59.22,241.14,0
2026-05-27 00:00:00,23.28,93.7,88.09,2.1,161.03,60.47,242.12,0
2026-05-27 01:00:00,22.93,91.92,87.5,2.1,159.25,58.04,238.06,0
2026-05-27 02:00:00,22.15,93.28,87.23,2.1,157.96,55.97,236.59,0
2026-05-27 03:00:00,23.65,94.02,87.5,2.1,160.17,55.89,236.31,0
2026-05-27 04:00:00,20.85,94.29,87.5,2.2,158.69,56.53,233.97,0
2026-05-27 05:00:00,20.48,95.86,87.22,2.2,158.84,56.19,236.39,0
2026-05-27 06:00:00,22.12,90.15,92.0,2.1,162.76,56.89,235.78,1
2026-05-27 07:00:00,23.97,92.65,91.59,2.1,164.61,57.93,236.77,0
2026-05-27 08:00:00,23.4,91.63,91.36,2.1,164.78,58.65,236.66,0
2026-05-27 09:00:00,24.37,90.6,91.13,2.1,166.31,58.84,236.89,0
2026-05-27 10:00:00,26.76,83.89,90.59,2.1,166.15,59.02,234.58,0
2026-05-27 11:00:00,27.06,86.39,90.07,2.1,167.94,58.56,231.66,0
2026-05-27 12:00:00,27.44,88.84,92.0,2.1,164.14,58.61,231.44,1
2026-05-27 13:00:00,27.93,84.58,91.01,2.1,163.92,57.79,229.21,0
2026-05-27 14:00:00,26.9,85.96,90.31,2.1,160.21,57.21,232.98,0
2026-05-27 15:00:00,26.77,86.9,92.0,2.1,160.69,57.82,229.64,1
2026-05-27 16:00:00,27.45,83.38,91.73,2.1,160.44,57.53,235.75,0
2026-05-27 17:00:00,25.36,90.29,91.44,2.1,163.07,57.0,236.47,0
2026-05-27 18:00:00,24.29,88.1,90.93,2.1,164.43,57.55,236.57,0
2026-05-27 19:00:00,25.16,88.98,91.08,2.1,163.51,58.03,235.14,0
2026-05-27 20:00:00,25.72,85.08,90.59,2.1,162.83,57.95,236.77,0
2026-05-27 21:00:00,24.63,91.41,90.7,2.1,163.61,57.94,236.18,0
2026-05-27 22:00:00,24.58,91.67,90.26,2.1,162.63,58.44,236.87,0
2026-05-27 23:00:00,21.79,94.97,90.43,2.2,162.67,59.42,238.88,0
2026-05-28 00:00:00,23.21,91.46,90.22,2.1,165.13,59.67,240.36,0
2026-05-28 01:00:00,23.12,90.59,89.42,2.1,163.63,58.67,243.19,0
2026-05-28 02:00:00,21.24,91.72,89.44,2.2,162.88,58.57,244.13,0
2026-05-28 03:00:00,22.85,92.39,89.48,2.1,162.41,58.31,241.29,0
2026-05-28 04:00:00,22.01,91.14,89.14,2.1,168.2,57.47,235.78,0
2026-05-28 05:00:00,24.71,96.17,88.83,2.1,169.17,58.06,236.27,0
2026-05-28 06:00:00,20.97,95.49,92.0,2.2,171.04,58.69,236.77,1
2026-05-28 07:00:00,24.5,90.97,91.22,2.1,172.18,59.44,241.49,0
2026-05-28 08:00:00,23.93,89.1,89.94,2.1,173.4,58.63,240.88,0
2026-05-28 09:00:00,23.86,84.44,89.77,2.1,173.91,58.87,241.52,0
2026-05-28 10:00:00,25.58,88.53,88.95,2.1,174.21,58.96,243.14,0
2026-05-28 11:00:00,26.91,89.47,88.93,2.1,171.23,59.33,244.01,0
2026-05-28 12:00:00,27.97,83.66,92.0,2.1,171.63,59.52,245.67,1
2026-05-28 13:00:00,28.68,84.54,91.88,1.9,171.17,59.59,243.09,0
2026-05-28 14:00:00,28.38,85.85,91.09,1.9,171.9,59.54,240.25,0
2026-05-28 15:00:00,26.3,88.97,92.0,2.1,171.5,60.61,239.28,1
2026-05-28 16:00:00,27.71,86.08,91.09,2.1,172.61,59.88,233.64,0
2026-05-28 17:00:00,26.75,86.69,90.37,2.1,174.0,59.78,233.6,0
2026-05-28 18:00:00,25.48,87.39,89.09,2.1,168.4,60.82,232.03,0
2026-05-28 19:00:00,25.33,84.71,88.74,2.1,167.48,60.13,232.98,0
2026-05-28 20:00:00,24.4,85.56,88.47,2.1,164.04,59.5,232.42,0
2026-05-28 21:00:00,24.46,87.88,87.87,2.1,164.51,60.24,230.01,0
2026-05-28 22:00:00,23.31,92.79,87.36,2.1,163.99,59.01,233.54,0
2026-05-28 23:00:00,22.58,90.66,87.09,2.1,166.47,59.69,233.81,0
2026-05-29 00:00:00,23.34,90.98,87.0,2.1,166.78,59.32,236.03,0
2026-05-29 01:00:00,23.1,91.56,86.53,2.1,165.84,59.77,236.44,0
2026-05-29 02:00:00,22.17,92.92,86.41,2.1,167.49,58.74,237.53,0
2026-05-29 03:00:00,23.25,97.25,86.25,2.1,166.82,59.9,234.0,0
2026-05-29 04:00:00,21.89,93.27,86.07,2.2,165.85,58.87,237.24,0
2026-05-29 05:00:00,22.01,91.6,85.67,2.1,166.53,59.62,239.33,0
2026-05-29 06:00:00,23.24,92.63,92.0,2.1,169.37,58.63,239.06,1
2026-05-29 07:00:00,23.29,95.26,92.0,2.1,170.73,60.36,239.58,0
2026-05-29 08:00:00,24.32,88.86,91.62,2.1,171.52,60.34,241.86,0
2026-05-29 09:00:00,23.14,85.84,91.37,2.1,176.21,62.15,240.59,0
2026-05-29 10:00:00,26.01,85.9,90.77,2.1,174.44,61.41,236.35,0
2026-05-29 11:00:00,25.23,86.11,90.15,2.1,172.71,61.03,235.4,0
2026-05-29 12:00:00,26.17,86.58,92.0,2.1,172.66,62.15,235.76,1
2026-05-29 13:00:00,26.23,87.02,90.87,2.1,175.08,60.86,235.64,0
2026-05-29 14:00:00,26.41,82.6,89.96,2.1,172.98,60.26,238.9,0
2026-05-29 15:00:00,26.64,83.09,92.0,2.1,175.82,60.76,236.31,1
2026-05-29 16:00:00,26.41,84.93,91.28,2.1,172.8,59.88,234.16,0
2026-05-29 17:00:00,26.97,87.76,90.44,2.1,172.27,60.41,231.56,0
2026-05-29 18:00:00,26.18,84.23,89.96,2.1,172.29,60.62,232.8,0
2026-05-29 19:00:00,23.98,86.5,89.78,2.1,170.41,59.29,229.09,0
2026-05-29 20:00:00,25.04,87.44,89.99,2.1,169.08,60.25,231.25,0
2026-05-29 21:00:00,24.68,91.73,90.53,2.1,170.35,59.16,229.1,0
2026-05-29 22:00:00,23.63,91.72,89.94,2.1,172.73,59.94,227.47,0
2026-05-29 23:00:00,23.35,93.39,89.78,2.1,168.61,60.12,232.27,0
2026-05-30 00:00:00,23.11,95.09,89.63,2.1,168.79,59.77,235.49,0
2026-05-30 01:00:00,23.21,92.09,89.42,2.1,168.44,58.84,235.76,0
2026-05-30 02:00:00,21.06,90.61,88.89,2.2,168.49,59.23,232.44,0
2026-05-30 03:00:00,21.96,90.91,88.42,2.2,167.78,58.53,237.61,0
2026-05-30 04:00:00,23.31,89.56,88.29,2.1,165.35,59.72,236.99,0
2026-05-30 05:00:00,23.39,92.33,87.8,2.1,168.11,60.91,237.51,0
2026-05-30 06:00:00,23.39,91.73,92.0,2.1,170.07,62.42,239.66,1
2026-05-30 07:00:00,23.83,93.13,91.72,2.1,169.68,62.66,234.52,0
2026-05-30 08:00:00,25.57,90.0,91.19,2.1,168.62,62.27,232.94,0
2026-05-30 09:00:00,26.69,87.36,90.32,2.1,167.38,62.0,232.88,0
2026-05-30 10:00:00,25.9,86.74,89.8,2.1,162.63,61.67,233.31,0
2026-05-30 11:00:00,25.92,83.54,88.96,2.1,163.36,61.9,230.14,0
2026-05-30 12:00:00,26.93,87.32,92.0,2.1,164.83,62.3,231.19,1
2026-05-30 13:00:00,29.78,83.07,91.8,1.9,165.08,63.39,231.47,0
2026-05-30 14:00:00,25.99,82.39,91.3,2.1,164.92,63.37,235.81,0
2026-05-30 15:00:00,26.7,86.98,92.0,2.1,165.17,62.07,238.27,1
2026-05-30 16:00:00,25.67,86.9,91.67,2.1,163.63,61.7,237.44,0
2026-05-30 17:00:00,26.54,82.46,90.67,2.1,162.78,63.11,236.83,0
2026-05-30 18:00:00,25.04,88.88,90.62,2.1,162.57,61.67,239.27,0
2026-05-30 19:00:00,25.42,86.21,90.09,2.1,163.92,62.35,239.77,0
2026-05-30 20:00:00,23.41,87.92,90.15,2.1,166.45,61.99,236.1,0
2026-05-30 21:00:00,24.92,90.07,90.17,2.1,165.98,61.19,241.28,0
2026-05-30 22:00:00,24.87,91.85,89.69,2.1,164.06,61.57,238.49,0
2026-05-30 23:00:00,23.09,92.38,89.79,2.1,164.16,62.99,244.51,0
2026-05-31 00:00:00,22.85,92.03,89.74,2.1,167.81,63.27,245.11,0
2026-05-31 01:00:00,22.47,91.83,90.1,2.1,165.98,62.99,243.01,0
2026-05-31 02:00:00,22.47,94.13,89.96,2.1,167.53,61.8,236.7,0
2026-05-31 03:00:00,22.13,93.24,89.73,2.1,169.84,61.71,238.55,0
2026-05-31 04:00:00,22.71,97.57,89.37,2.1,168.99,60.52,234.5,0
2026-05-31 05:00:00,23.24,94.62,88.65,2.1,167.57,60.29,235.42,0
2026-05-31 06:00:00,22.06,90.54,92.0,2.1,168.5,60.28,240.23,1
2026-05-31 07:00:00,23.15,90.35,91.71,2.1,169.0,58.21,237.12,0
2026-05-31 08:00:00,24.97,90.07,91.22,2.1,170.09,59.57,238.86,0
2026-05-31 09:00:00,24.01,91.29,90.23,2.1,173.62,58.53,236.64,0
2026-05-31 10:00:00,24.42,90.1,89.6,2.1,173.58,58.47,239.39,0
2026-05-31 11:00:00,26.87,84.96,89.19,2.1,171.09,59.05,239.34,0
2026-05-31 12:00:00,27.54,83.01,92.0,2.1,170.96,60.32,239.07,1
2026-05-31 13:00:00,26.72,82.46,90.86,2.1,171.16,59.66,241.89,0
2026-05-31 14:00:00,26.78,85.45,90.49,2.1,173.19,57.47,243.11,0
2026-05-31 15:00:00,26.47,90.25,92.0,2.1,172.51,58.58,240.69,1
2026-05-31 16:00:00,26.11,86.83,91.37,2.1,171.48,57.55,244.87,0
2026-05-31 17:00:00,26.99,82.75,90.08,2.1,168.75,58.01,240.54,0
2026-05-31 18:00:00,25.06,85.4,89.95,2.1,169.58,58.51,240.95,0
2026-05-31 19:00:00,25.29,86.47,89.8,2.1,175.43,55.69,238.6,0
2026-05-31 20:00:00,24.25,86.93,89.13,2.1,174.61,54.42,234.7,0
2026-05-31 21:00:00,23.26,88.81,89.04,2.1,175.04,54.24,231.88,0
2026-05-31 22:00:00,24.59,91.37,88.94,2.1,173.65,52.14,231.91,0
2026-05-31 23:00:00,22.98,92.9,89.1,2.1,171.0,51.24,232.94,0
