n,p,k,ec_aktual,kelembapan_udara,kelembapan_tanah,suhu,fase,usia_hst,target_ec,vpd
189.57,52.66,150.01,1.627,69.96,35.96,25.31,0,38,1.49,0.9693
176.22,79.95,253.78,2.088,78.55,77.89,29.26,1,130,2.04,0.8722
153.75,57.73,277.53,2.108,79.47,65.23,26.33,1,120,1.66,0.7037
170.57,51.85,254.36,2.052,83.89,65.49,28.18,1,48,2.03,0.6154
247.72,63.67,200.13,1.529,95.0,52.25,27.58,0,22,1.74,0.1844
186.22,52.49,181.02,1.644,86.36,52.73,27.36,0,30,1.69,0.4967
213.43,48.44,181.6,1.629,95.0,46.67,25.94,0,20,1.71,0.1675
120.13,67.92,251.89,2.007,83.59,53.89,29.73,1,87,1.95,0.6856
156.81,67.76,245.71,2.064,78.23,62.29,29.02,1,106,2.03,0.873
141.36,51.3,236.2,1.847,85.99,40.26,25.84,1,68,2.23,0.4665
192.28,50.09,173.53,1.357,88.62,44.39,30.87,0,33,1.59,0.5075
146.68,65.91,278.28,2.143,92.08,57.21,27.3,1,49,1.8,0.2874
164.13,58.04,280.39,1.984,79.53,51.16,27.88,1,141,1.79,0.7684
191.48,53.51,151.57,1.65,86.02,75.07,25.28,0,43,1.72,0.4503
239.26,63.61,201.6,1.496,76.67,75.19,26.31,0,12,1.62,0.7987
189.23,50.31,176.77,1.751,88.2,48.48,26.02,0,12,1.78,0.3971
182.47,54.17,176.48,1.642,89.41,54.79,28.73,0,31,1.82,0.4176
207.65,62.13,190.14,1.578,83.51,83.71,26.87,0,26,1.67,0.5835
248.56,48.04,188.74,1.634,81.63,75.51,25.04,0,29,1.61,0.5833
187.72,56.85,165.96,1.391,82.05,41.86,30.28,0,23,1.64,0.7739
173.95,71.68,286.66,2.045,83.43,45.41,29.06,1,75,1.85,0.666
232.58,48.26,209.18,1.778,82.67,34.59,28.04,0,22,1.55,0.6566
201.85,44.11,181.56,1.638,85.64,67.28,25.28,0,43,1.72,0.4625
230.21,52.57,183.68,1.622,82.13,47.43,27.23,0,26,1.46,0.6458
194.0,48.92,183.26,1.562,88.07,59.51,27.12,0,9,1.83,0.4283
176.26,52.07,285.79,2.13,84.94,72.25,29.15,1,65,1.68,0.6085
198.57,64.34,206.71,1.748,75.11,75.98,30.53,0,43,1.64,1.0886
211.61,52.55,164.69,1.548,76.27,47.9,29.08,0,41,1.47,0.955
129.69,60.5,262.19,2.043,81.35,43.05,27.64,1,72,1.76,0.6903
233.34,44.88,205.77,1.628,89.32,76.67,24.3,0,10,1.79,0.3245
176.96,78.51,257.7,2.048,83.9,50.97,27.05,1,131,2.1,0.5757
244.99,59.86,194.95,1.507,80.28,75.21,26.67,0,23,1.6,0.6896
198.46,60.22,162.23,1.737,84.32,38.24,27.21,0,40,1.53,0.566
149.28,56.11,223.27,2.068,82.0,80.16,26.49,1,70,1.98,0.6228
166.99,61.4,291.71,2.144,85.64,56.57,29.18,1,111,1.68,0.5812
169.62,76.21,279.98,1.866,83.62,39.36,28.39,1,147,1.61,0.6334
183.26,59.74,207.06,1.473,81.05,59.43,27.64,0,43,1.58,0.7014
222.54,61.23,155.07,1.847,86.7,77.85,24.4,0,8,1.77,0.4065
172.02,65.24,256.77,2.138,89.03,51.41,27.82,1,146,2.22,0.4103
232.32,62.6,188.89,1.502,77.85,39.79,29.78,0,16,1.47,0.928
236.57,63.44,198.15,1.704,79.99,61.71,32.8,0,21,1.62,0.9953
218.65,54.82,164.49,1.544,85.32,75.9,24.25,0,43,1.72,0.4447
180.12,44.67,204.88,1.396,85.35,36.67,26.99,0,24,1.5,0.522
124.41,77.73,292.58,1.748,75.28,32.28,32.17,1,120,1.59,1.1867
232.42,53.71,201.97,1.597,83.21,33.1,27.61,0,41,1.39,0.6204
157.44,71.9,253.17,2.187,88.61,42.68,27.15,1,82,2.14,0.4097
212.53,60.37,180.93,1.783,75.5,30.4,30.35,0,43,1.37,1.0606
247.6,42.17,172.44,1.751,78.4,53.58,24.95,0,16,1.61,0.6822
200.87,55.18,156.21,1.7,80.23,68.38,23.12,0,35,1.56,0.5595
195.62,52.08,170.83,1.638,78.64,69.08,25.56,0,40,1.58,0.6995
164.61,54.17,290.67,2.138,85.13,65.02,28.16,1,116,1.77,0.5673
135.52,56.08,227.12,1.759,78.41,46.29,24.51,1,147,2.0,0.6642
127.45,73.43,274.36,2.119,80.4,70.48,28.46,1,92,1.71,0.7609
161.95,54.84,227.1,1.865,84.74,61.71,28.72,1,136,1.98,0.6014
170.58,59.37,279.91,1.89,81.62,77.36,31.07,1,92,1.66,0.829
121.19,58.55,270.28,2.084,76.78,56.29,31.99,1,62,1.63,1.1034
223.74,47.5,195.15,1.711,81.65,39.91,29.79,0,21,1.54,0.7693
221.78,54.2,151.37,1.527,83.54,64.91,27.22,0,9,1.68,0.5945
191.16,55.41,198.73,1.678,84.08,38.29,24.77,0,34,1.76,0.4974
224.42,50.43,209.4,1.668,82.65,82.97,26.44,0,15,1.54,0.5986
210.11,64.37,206.39,1.563,94.79,68.68,26.54,0,36,1.86,0.1808
181.3,43.3,200.16,1.618,86.85,71.6,27.45,0,29,1.79,0.4814
132.85,67.81,229.24,2.25,94.56,67.36,28.16,1,111,2.27,0.2076
249.25,50.76,166.69,1.566,80.1,35.37,27.69,0,22,1.52,0.7387
204.48,55.78,189.27,1.57,88.09,55.59,21.09,0,42,1.82,0.2978
247.59,50.18,191.74,1.618,78.12,65.83,25.24,0,36,1.62,0.7031
186.73,42.43,166.89,1.578,80.48,42.61,25.52,0,43,1.52,0.6378
171.12,68.31,269.47,2.095,89.09,67.37,31.03,1,80,1.84,0.491
188.0,50.4,173.82,1.776,81.0,75.09,26.55,0,34,1.57,0.6597
159.67,56.15,297.56,1.97,94.02,45.12,25.64,1,147,1.88,0.1968
169.57,73.2,229.57,1.897,80.62,40.98,22.95,1,111,2.01,0.5428
221.49,45.41,183.34,1.837,78.03,78.57,26.9,0,35,1.58,0.7787
234.26,42.51,203.95,1.614,82.09,30.29,26.34,0,43,1.47,0.6142
158.45,67.92,250.96,1.795,83.47,44.07,26.35,1,117,2.06,0.5672
172.49,66.44,247.9,2.223,89.83,52.37,24.76,1,118,2.27,0.3176
159.63,68.24,229.98,2.135,85.56,66.97,26.88,1,79,2.03,0.5112
170.34,68.55,258.28,2.192,80.15,84.84,28.07,1,84,1.96,0.7534
195.77,55.6,153.3,1.772,83.14,50.4,26.32,0,35,1.62,0.5775
191.33,55.72,170.32,1.917,78.15,82.18,30.84,0,30,1.66,0.9727
208.0,40.0,165.53,1.476,81.64,50.17,23.65,0,25,1.59,0.5364
129.21,66.02,282.82,1.905,79.46,68.25,26.22,1,92,1.77,0.6995
175.62,68.52,269.85,1.941,85.24,39.1,30.44,1,81,1.7,0.6423
189.03,64.1,203.07,1.537,75.73,55.32,25.14,0,23,1.65,0.7753
187.43,49.0,185.36,1.615,92.31,77.92,25.86,0,23,1.83,0.2564
220.97,56.62,176.13,1.541,83.34,47.6,24.94,0,38,1.62,0.5259
197.0,44.2,166.23,1.457,80.26,35.79,25.98,0,22,1.53,0.6628
145.12,61.52,274.6,1.895,84.96,58.75,29.15,1,89,1.72,0.6077
151.63,68.12,254.48,1.965,90.62,54.17,27.01,1,112,2.14,0.3346
121.15,60.81,267.66,2.137,87.46,42.62,28.47,1,106,1.97,0.4871
203.25,52.27,206.2,1.531,88.71,79.81,23.67,0,8,1.8,0.3303
220.47,54.86,188.4,1.697,91.16,63.09,24.2,0,12,1.92,0.267
175.68,62.18,295.1,1.841,75.6,49.09,25.9,1,63,1.84,0.8154
125.26,74.94,289.31,1.616,79.3,84.79,28.44,1,135,1.69,0.8027
147.56,57.51,230.31,1.984,76.51,37.57,29.37,1,74,1.91,0.9612
176.85,51.58,220.93,1.927,87.91,76.64,28.57,1,93,2.18,0.4724
248.5,61.81,163.82,1.494,82.13,42.68,26.06,0,12,1.55,0.6028
234.52,54.77,185.8,1.48,87.92,43.17,26.46,0,39,1.8,0.4172
181.4,54.31,174.14,1.515,87.57,57.4,25.12,0,11,1.8,0.3966
218.04,42.79,158.99,1.482,78.97,66.41,26.91,0,34,1.53,0.7458
186.08,45.01,174.79,1.492,79.34,67.98,28.03,0,13,1.54,0.7823
242.66,46.32,168.62,1.437,93.03,31.22,23.27,0,25,1.55,0.199
167.17,62.31,233.2,1.744,81.59,45.78,24.48,1,139,1.94,0.5654
248.06,58.28,199.43,1.335,82.6,66.33,28.36,0,44,1.64,0.6716
222.59,51.52,179.91,1.895,80.48,78.94,25.67,0,44,1.67,0.6435
141.46,71.58,263.88,1.992,77.75,66.84,31.31,1,130,1.6,1.0174
216.33,50.98,180.3,1.783,78.35,44.62,32.13,0,25,1.53,1.037
207.05,44.07,195.27,1.579,79.92,57.93,26.29,0,33,1.66,0.6866
168.11,79.19,247.74,1.983,75.27,65.62,30.47,1,49,1.96,1.0779
224.48,44.16,182.81,1.637,86.41,37.44,25.02,0,13,1.68,0.431
245.31,52.06,178.75,1.677,79.1,59.97,26.86,0,44,1.57,0.7391
221.71,57.34,203.58,1.45,78.77,55.94,27.42,0,23,1.65,0.7758
240.0,45.7,183.36,1.554,78.6,48.52,26.89,0,35,1.68,0.7581
156.28,56.8,286.44,2.037,84.91,64.29,24.66,1,146,1.9,0.4684
131.35,78.94,221.0,1.768,87.94,64.99,26.98,1,65,2.18,0.4295
123.59,62.98,240.52,2.156,89.75,83.43,28.1,1,97,2.19,0.3897
173.83,50.05,251.0,2.128,78.45,53.56,28.25,1,81,2.04,0.8265
152.06,75.13,235.68,1.748,95.0,59.22,25.24,1,107,2.23,0.1607
185.7,48.23,154.07,1.495,79.05,38.66,26.03,0,39,1.49,0.7055
123.21,55.06,264.64,2.013,87.47,60.16,28.28,1,141,1.9,0.4814
249.59,63.22,150.12,1.701,79.54,31.98,27.06,0,34,1.46,0.732
148.28,58.74,243.55,2.183,76.7,38.24,29.38,1,102,1.87,0.954
160.11,77.84,254.71,1.924,79.69,39.42,26.77,1,136,1.83,0.7144
238.88,43.93,156.17,1.881,85.17,64.8,24.52,0,22,1.86,0.4565
225.41,57.72,201.37,1.594,87.69,61.2,25.23,0,36,1.69,0.3953
219.88,56.32,162.16,1.573,86.66,73.89,26.88,0,23,1.81,0.4723
229.53,61.81,169.58,1.667,78.4,55.54,27.09,0,20,1.6,0.7742
147.88,69.63,271.87,2.037,73.95,56.12,31.78,1,133,1.5,1.2233
168.09,60.03,243.79,2.031,75.83,38.89,30.09,1,107,1.87,1.0309
247.37,43.3,195.48,1.84,82.06,70.85,27.64,0,19,1.59,0.664
210.26,63.33,193.44,1.63,83.87,30.2,25.09,0,24,1.59,0.5137
226.58,50.67,152.64,1.482,81.67,53.37,23.42,0,13,1.6,0.5282
217.19,62.75,181.36,1.499,85.26,40.36,26.21,0,17,1.61,0.5017
183.83,47.36,184.53,1.777,95.0,72.41,25.61,0,23,1.81,0.1642
246.69,43.16,172.95,1.682,80.92,67.04,26.73,0,25,1.56,0.6696
161.01,78.97,265.53,1.813,80.35,68.87,27.76,1,54,1.67,0.7324
190.44,54.93,201.12,1.407,90.06,38.17,22.49,0,24,1.73,0.2708
248.72,61.13,151.38,1.603,81.55,66.78,25.72,0,16,1.56,0.61
141.14,63.25,281.3,2.074,88.53,68.0,24.8,1,57,1.9,0.359
213.06,62.87,173.65,1.519,78.92,30.15,27.77,0,7,1.56,0.7862
152.46,61.61,239.0,1.798,87.83,47.47,32.03,1,135,1.97,0.5796
137.55,51.35,248.21,1.865,83.85,34.8,28.19,1,118,1.89,0.6172
219.23,58.39,164.32,1.797,83.99,67.48,22.68,0,31,1.79,0.4412
185.16,46.85,185.21,1.66,78.35,41.67,29.12,0,32,1.63,0.8733
218.14,40.67,208.8,1.72,81.48,44.56,26.05,0,16,1.61,0.6244
218.69,49.13,208.48,1.74,88.97,34.31,28.22,0,42,1.67,0.4223
241.21,41.13,164.94,1.525,77.16,56.61,26.66,0,14,1.57,0.7982
173.45,69.41,260.82,1.955,78.77,31.82,28.21,1,132,1.57,0.8123
197.47,63.84,185.42,1.58,81.54,76.51,25.73,0,35,1.56,0.6107
242.19,58.38,175.2,1.65,85.55,31.45,24.3,0,40,1.61,0.439
220.13,58.17,195.7,1.731,79.74,33.39,29.34,0,33,1.51,0.8276
138.36,73.91,259.99,2.224,76.68,65.22,25.96,1,141,1.97,0.782
191.83,41.85,180.64,1.698,81.25,80.43,26.94,0,11,1.62,0.6662
240.04,60.05,188.79,1.699,80.93,79.07,28.97,0,17,1.6,0.7626
245.17,53.98,157.59,1.831,82.37,34.6,24.44,0,7,1.48,0.5401
123.37,58.55,289.53,1.975,87.78,45.86,25.72,1,138,1.88,0.404
245.85,59.49,179.31,1.743,89.31,58.66,25.32,0,26,1.73,0.3451
132.54,69.35,272.48,2.069,81.25,31.46,28.74,1,127,1.61,0.7399
125.47,65.8,229.04,2.074,83.99,59.08,27.4,1,127,2.0,0.5843
214.22,59.88,168.04,1.574,75.55,54.63,23.5,0,20,1.57,0.708
141.07,56.6,283.41,1.833,77.72,62.36,30.75,1,136,1.6,0.9868
226.82,60.67,183.18,1.641,86.24,80.62,29.2,0,17,1.59,0.5576
164.94,70.42,272.88,2.042,77.0,45.1,31.53,1,128,1.69,1.0649
126.75,53.45,281.81,1.931,80.13,65.15,26.32,1,142,1.76,0.6807
181.92,44.28,205.59,1.588,94.6,53.64,26.99,0,24,1.8,0.1924
193.99,58.6,169.07,1.494,93.28,53.93,25.91,0,11,1.86,0.2247
146.59,72.4,254.96,1.895,83.3,65.6,29.49,1,47,1.97,0.6881
191.73,50.12,198.13,1.542,89.71,82.32,26.1,0,9,1.79,0.3479
193.58,52.3,198.27,1.441,72.1,77.47,26.96,0,28,1.55,0.9924
207.4,53.74,187.13,1.53,77.65,65.17,28.79,0,12,1.59,0.8845
129.52,71.24,220.33,2.086,78.43,55.38,29.69,1,78,2.04,0.8991
151.05,61.67,243.64,2.175,78.57,53.32,30.84,1,114,2.04,0.954
202.38,47.31,160.59,1.849,83.96,73.29,23.44,0,27,1.81,0.4628
246.61,49.71,186.99,1.552,67.97,42.0,29.76,0,43,1.33,1.3405
225.2,52.51,152.99,1.744,86.25,62.32,25.75,0,40,1.73,0.4554
150.05,52.34,259.15,2.04,81.37,57.77,32.05,1,149,1.99,0.8883
212.78,49.84,176.24,1.572,95.0,65.71,22.72,0,42,1.77,0.1381
164.64,64.66,259.32,2.048,78.07,40.31,28.32,1,119,2.03,0.8445
196.31,47.15,193.99,1.732,81.17,68.27,24.42,0,7,1.62,0.5762
124.71,55.72,292.76,1.94,72.79,64.48,23.68,1,60,1.72,0.7965
216.95,41.84,152.69,1.537,82.43,39.91,26.23,0,32,1.47,0.5987
216.96,56.07,172.88,1.551,86.43,54.73,28.42,0,29,1.61,0.5256
233.32,44.36,159.53,1.525,80.22,67.32,26.92,0,40,1.62,0.7019
122.74,61.59,237.01,2.144,91.37,79.59,29.83,1,100,2.18,0.3626
157.93,72.38,289.41,1.908,80.44,36.72,28.64,1,94,1.59,0.7674
220.47,50.04,164.67,1.529,85.97,30.48,24.74,0,19,1.72,0.4376
174.46,71.31,255.89,2.037,76.65,39.08,26.71,1,126,1.85,0.8184
122.09,54.6,239.13,2.028,82.16,84.41,29.76,1,140,1.97,0.7466
122.35,71.87,263.0,1.951,69.98,72.26,30.69,1,142,1.47,1.3251
237.44,47.9,205.21,1.802,87.56,63.79,26.01,0,11,1.85,0.4184
224.64,48.54,194.89,1.524,87.27,37.32,26.5,0,9,1.67,0.4407
225.82,49.93,200.53,1.579,88.52,52.88,28.64,0,34,1.8,0.4504
162.96,50.77,276.73,1.769,76.21,69.34,29.1,1,92,1.73,0.9585
133.29,63.71,248.42,1.963,85.67,79.27,25.15,1,130,2.16,0.458
162.08,59.78,268.01,1.841,85.72,51.0,27.33,1,126,1.74,0.5191
219.43,46.14,195.26,1.49,85.96,84.98,26.39,0,11,1.85,0.4829
203.1,40.46,162.34,1.365,78.72,37.69,27.18,0,28,1.39,0.7668
134.33,74.77,229.46,1.893,71.1,51.28,27.16,1,112,2.02,1.0401
121.44,65.03,230.46,1.991,82.01,78.15,30.25,1,116,2.05,0.7743
122.63,74.21,259.59,1.971,81.09,65.75,28.5,1,109,1.98,0.7359
121.78,58.01,278.57,1.95,79.37,74.6,28.11,1,105,1.73,0.7848
168.04,66.82,272.58,1.961,85.18,79.93,29.05,1,142,1.63,0.5954
221.5,45.87,183.11,1.539,82.86,57.9,27.12,0,31,1.52,0.6154
191.24,61.94,162.74,1.596,79.79,42.91,23.46,0,37,1.58,0.5838
167.27,52.18,270.72,1.987,75.57,68.15,24.75,1,88,1.65,0.7624
149.7,66.75,270.26,2.033,76.7,60.99,27.95,1,82,1.72,0.8782
183.53,51.19,208.48,1.576,95.0,72.5,26.31,0,43,1.82,0.1712
213.62,64.65,199.48,1.548,88.19,58.14,25.47,0,8,1.89,0.3847
154.08,77.64,247.55,2.093,81.97,74.61,29.42,1,130,2.04,0.7399
210.33,48.85,160.86,1.672,82.85,79.61,26.38,0,21,1.57,0.5896
232.49,40.42,169.86,1.596,80.38,71.23,28.76,0,31,1.6,0.7751
212.12,52.12,172.78,1.743,89.33,70.9,26.67,0,16,1.81,0.3731
160.45,58.61,224.41,2.01,78.26,62.3,29.77,1,117,2.03,0.9103
158.77,77.62,281.42,1.981,85.32,55.94,27.85,1,47,1.6,0.5501
205.73,54.58,185.58,1.592,82.3,83.49,26.07,0,20,1.58,0.5974
136.02,53.11,237.58,2.02,90.93,65.48,29.19,1,61,2.25,0.3673
220.9,41.72,183.7,1.49,88.22,76.22,25.55,0,19,1.82,0.3856
222.53,58.88,150.54,1.375,91.05,57.8,25.2,0,25,1.8,0.2869
120.77,78.69,254.22,2.034,76.57,60.52,31.12,1,55,1.97,1.0598
130.89,62.67,247.18,2.1,88.21,66.46,27.31,1,137,2.19,0.4281
156.61,51.52,275.72,1.88,80.49,70.07,28.28,1,126,1.7,0.7496
169.02,68.57,298.13,2.129,81.07,54.66,29.98,1,134,1.65,0.8023
141.5,58.8,236.54,1.802,87.91,49.6,30.85,1,124,2.01,0.5385
204.22,47.3,201.3,1.533,79.22,43.17,25.63,0,30,1.6,0.6834
209.15,56.41,150.45,1.805,83.24,53.3,28.09,0,14,1.58,0.6368
235.83,60.64,165.68,1.643,86.38,41.62,25.91,0,39,1.78,0.4554
191.35,48.02,182.93,1.564,86.69,52.92,26.01,0,11,1.74,0.4477
168.83,71.04,248.16,2.03,79.06,78.11,29.1,1,87,2.06,0.8436
215.39,56.94,190.79,1.744,95.0,83.74,25.08,0,23,1.82,0.1591
121.78,51.13,278.43,1.827,77.55,61.74,26.08,1,140,1.71,0.7582
159.6,65.25,283.57,2.158,89.06,38.03,28.6,1,70,1.83,0.4282
144.87,64.66,239.81,1.941,86.68,53.52,29.89,1,46,1.86,0.5616
213.42,56.21,176.47,1.685,94.89,63.11,24.57,0,21,1.88,0.1578
156.86,75.97,262.22,1.926,71.72,50.39,30.93,1,61,1.37,1.2655
236.16,51.32,174.8,1.802,78.42,41.28,27.48,0,7,1.64,0.7913
248.09,61.2,169.13,1.596,91.13,42.48,26.48,0,24,1.8,0.3067
135.68,64.11,282.19,1.841,73.52,56.07,27.33,1,82,1.65,0.9625
241.21,40.92,152.79,1.656,72.35,41.9,30.13,0,40,1.61,1.182
180.08,61.99,176.35,1.756,81.83,43.72,25.81,0,8,1.62,0.6039
141.55,65.66,273.92,2.143,83.0,78.02,28.29,1,123,1.67,0.6535
195.03,49.16,183.32,1.611,92.53,72.85,25.48,0,11,1.86,0.2435
134.32,69.51,262.11,2.097,81.35,33.04,28.02,1,140,1.52,0.7058
158.12,56.36,269.13,1.949,78.15,47.61,29.23,1,119,1.65,0.8869
171.23,54.94,236.02,2.071,83.75,59.26,28.12,1,91,1.94,0.6185
208.86,50.59,201.72,1.644,85.35,33.33,27.22,0,10,1.43,0.5291
226.91,42.15,177.31,1.253,81.63,67.57,31.2,0,16,1.61,0.8347
158.92,62.21,275.51,1.88,80.18,51.14,29.36,1,91,1.78,0.8106
210.6,40.68,179.21,1.625,74.62,51.84,25.67,0,43,1.64,0.8366
141.94,79.35,225.6,2.02,74.07,44.59,32.04,1,86,1.78,1.2357
158.53,54.37,294.02,1.997,90.81,48.37,26.43,1,147,1.97,0.3169
121.69,69.58,275.6,2.011,86.37,77.39,24.52,1,143,1.95,0.4196
225.23,44.38,160.75,1.745,79.73,73.37,29.07,0,21,1.57,0.8152
188.12,42.53,197.55,1.642,93.61,81.47,21.65,0,24,1.79,0.1654
121.24,59.28,251.89,1.72,78.2,68.44,26.28,1,88,2.01,0.745
226.2,51.63,206.89,1.834,83.42,61.78,25.51,0,39,1.56,0.5414
218.24,56.06,198.61,1.371,82.36,44.26,28.69,0,42,1.55,0.694
165.55,68.01,279.13,2.115,76.84,66.68,31.61,1,138,1.74,1.0772
126.8,67.51,253.67,1.812,87.28,79.84,23.03,1,110,2.25,0.358
179.43,68.92,290.49,2.171,81.82,33.8,27.49,1,48,1.55,0.667
156.37,75.34,277.38,1.967,71.56,54.37,32.16,1,123,1.52,1.3645
242.27,48.59,206.46,1.646,86.52,38.21,24.32,0,25,1.72,0.41
134.95,72.12,295.02,1.762,76.18,74.58,27.42,1,75,1.64,0.8704
154.37,52.37,293.0,2.088,83.24,63.78,27.88,1,66,1.72,0.6291
226.93,64.58,153.09,1.65,90.32,78.38,26.72,0,29,1.83,0.3395
196.87,49.3,184.18,1.674,83.37,33.47,25.25,0,33,1.53,0.5347
159.69,71.35,274.08,2.114,73.91,79.82,30.82,1,105,1.69,1.1602
141.46,65.52,293.75,2.021,84.86,33.7,24.45,1,54,1.81,0.4641
143.29,57.52,254.43,1.975,77.2,45.82,29.04,1,111,2.01,0.9154
137.17,72.69,223.06,1.903,83.07,38.59,30.45,1,71,1.9,0.7371
222.83,51.02,195.32,1.547,83.37,38.0,25.99,0,30,1.54,0.5587
226.76,55.63,153.61,1.745,93.17,39.44,25.42,0,39,1.65,0.2218
131.44,68.87,264.19,1.899,85.26,56.41,31.17,1,57,1.66,0.6686
142.16,55.79,250.77,1.779,80.03,73.14,29.67,1,64,1.95,0.8314
171.23,60.73,264.64,1.881,86.65,79.41,27.14,1,59,1.95,0.4799
164.3,71.69,294.59,2.073,77.5,61.18,31.14,1,60,1.7,1.0189
235.43,40.07,163.22,1.564,80.48,38.68,30.21,0,19,1.47,0.8383
200.1,55.75,155.75,1.673,82.71,34.36,25.54,0,16,1.56,0.5656
124.49,73.0,266.47,1.76,87.46,57.18,26.52,1,108,1.89,0.4347
122.99,60.04,246.06,1.642,89.83,72.1,27.59,1,88,2.09,0.3753
127.65,52.29,282.25,2.032,85.28,64.11,29.13,1,112,1.67,0.5941
126.99,74.57,257.59,2.121,86.83,62.05,28.09,1,88,2.0,0.5004
125.27,54.26,279.31,1.795,84.61,32.65,30.57,1,46,1.62,0.6747
192.55,57.58,154.17,1.663,84.28,52.63,28.86,0,32,1.56,0.6246
227.25,53.03,155.02,1.743,80.43,60.27,23.75,0,30,1.58,0.5752
220.36,45.84,166.42,1.599,91.22,62.91,27.54,0,36,1.77,0.3231
161.3,75.87,231.99,2.108,91.85,30.26,27.42,1,129,2.13,0.2978
184.62,51.49,160.68,1.623,81.73,40.98,27.34,0,29,1.67,0.6645
235.94,57.29,198.98,1.568,81.3,82.24,27.05,0,16,1.56,0.6687
191.02,40.07,195.03,1.699,86.7,57.98,26.52,0,39,1.87,0.461
193.06,54.67,183.66,1.83,89.23,68.7,23.36,0,14,1.81,0.3092
176.62,67.36,223.7,1.933,79.55,46.95,29.94,1,80,1.99,0.8647
230.21,58.64,209.29,1.589,78.5,62.2,25.28,0,40,1.58,0.6925
197.53,62.23,179.4,1.481,84.27,49.61,27.51,0,33,1.55,0.5778
159.21,64.42,266.05,2.019,82.28,46.33,31.09,1,96,1.66,0.8002
217.39,48.56,209.73,1.581,89.4,52.63,24.14,0,31,1.75,0.319
239.11,42.56,201.83,1.739,82.81,55.29,29.37,0,8,1.54,0.7034
231.05,48.42,177.38,1.77,82.92,48.21,25.81,0,26,1.62,0.5677
123.57,60.09,252.2,2.095,88.48,44.19,26.66,1,134,2.3,0.4026
194.81,60.07,155.75,1.726,84.12,64.31,26.34,0,44,1.56,0.5446
126.6,60.62,268.87,1.915,77.98,50.94,30.22,1,63,1.68,0.9462
182.82,50.43,200.63,1.485,81.14,41.1,28.28,0,33,1.65,0.7246
184.83,46.49,168.6,1.652,75.98,71.71,25.32,0,30,1.55,0.7755
229.95,42.95,195.2,1.602,81.48,69.81,27.9,0,41,1.53,0.696
181.71,61.28,195.76,1.84,87.05,78.77,26.55,0,29,1.7,0.4497
164.68,75.77,274.28,1.769,85.06,60.53,26.82,1,103,1.7,0.5271
173.93,77.62,232.92,2.074,88.69,45.37,29.34,1,133,2.17,0.462
135.61,57.05,251.42,2.072,82.5,77.5,26.32,1,135,1.93,0.5995
183.14,46.47,197.39,1.509,85.2,45.42,27.49,0,12,1.56,0.543
229.97,45.63,159.23,1.484,87.72,66.06,26.38,0,35,1.84,0.4221
143.19,61.46,263.06,1.959,95.0,40.47,26.73,1,117,1.88,0.1755
230.2,54.43,169.56,1.403,83.99,64.6,26.92,0,15,1.64,0.5681
220.49,43.75,152.17,1.775,78.05,76.25,26.92,0,25,1.62,0.7789
196.1,40.31,157.42,1.924,89.85,59.7,24.32,0,13,1.8,0.3087
181.08,42.62,189.29,1.559,92.56,55.9,26.97,0,31,1.8,0.2648
171.64,59.33,268.53,1.923,81.18,84.64,27.45,1,63,1.73,0.6889
159.89,60.59,252.61,1.843,87.71,31.23,26.66,1,149,2.11,0.4295
162.64,74.11,262.61,1.868,90.16,48.25,26.09,1,110,1.91,0.3325
212.65,62.19,191.56,1.529,88.9,80.52,26.32,0,35,1.7,0.3802
217.14,47.21,179.58,1.745,85.88,65.35,24.72,0,40,1.78,0.4399
232.78,48.28,168.51,1.983,78.36,59.82,28.5,0,26,1.52,0.8421
234.56,45.45,158.75,1.513,83.76,65.07,25.93,0,11,1.54,0.5436
224.99,46.35,170.47,1.492,84.58,47.71,28.02,0,42,1.65,0.5835
162.93,70.22,246.37,1.86,87.91,33.91,26.81,1,149,2.09,0.4263
152.29,71.8,295.06,2.054,85.37,45.13,26.45,1,133,1.78,0.505
246.28,61.49,159.62,1.641,80.86,48.51,27.49,0,17,1.63,0.7023
134.32,56.9,293.16,2.012,85.12,56.39,27.96,1,81,1.66,0.5611
138.62,66.72,288.46,1.947,89.96,51.66,24.26,1,63,1.88,0.3043
138.97,57.61,262.3,2.163,80.21,58.66,32.43,1,124,1.73,0.9641
168.36,78.2,274.15,2.092,78.53,40.78,27.55,1,77,1.72,0.7905
199.0,45.73,167.35,1.687,82.98,40.12,26.24,0,29,1.64,0.5803
180.4,58.03,189.7,1.644,89.33,49.34,25.45,0,11,1.69,0.3472
189.62,64.26,207.35,1.577,79.18,56.05,23.78,0,31,1.52,0.6131
124.39,71.5,275.42,1.914,69.34,48.8,30.77,1,118,1.47,1.3595
190.26,40.88,184.23,1.662,94.83,61.71,22.46,0,10,1.83,0.1406
243.12,47.92,205.4,1.651,86.39,47.05,26.3,0,33,1.84,0.4657
236.4,40.71,160.59,1.668,87.76,39.74,25.3,0,16,1.55,0.3947
185.01,41.0,172.01,1.412,80.01,77.46,24.57,0,40,1.55,0.6172
177.55,60.8,284.3,2.041,86.45,41.03,27.48,1,72,1.92,0.4969
178.73,78.12,252.42,1.963,83.83,83.17,27.82,1,63,1.94,0.6048
236.21,47.61,190.15,1.495,71.96,84.31,30.69,0,41,1.41,1.2377
246.18,50.01,189.85,1.687,93.49,68.32,23.48,0,34,1.82,0.1883
249.83,50.12,182.53,1.621,82.36,57.61,28.82,0,15,1.57,0.6993
248.34,59.29,194.78,1.882,79.92,73.75,28.45,0,40,1.6,0.7791
208.71,43.54,152.15,1.658,83.16,78.03,24.94,0,36,1.59,0.5316
197.52,43.94,207.45,1.564,73.21,69.03,26.91,0,23,1.62,0.9501
233.09,55.66,163.33,1.587,87.44,35.61,25.58,0,39,1.69,0.4118
140.95,76.11,256.84,1.859,82.38,30.16,29.36,1,90,1.81,0.7206
124.29,68.31,261.81,2.148,80.84,40.55,28.54,1,92,1.73,0.7473
217.38,61.31,199.83,1.638,88.95,40.37,27.71,0,19,1.8,0.4107
235.57,48.23,195.89,1.64,75.82,40.04,27.52,0,35,1.63,0.8888
154.33,63.97,289.56,1.872,78.2,58.04,29.24,1,144,1.66,0.8854
215.56,50.51,198.45,1.693,82.07,58.6,23.53,0,14,1.58,0.5201
168.89,50.13,269.1,1.888,79.65,69.77,29.4,1,90,1.67,0.8342
120.2,50.8,289.29,1.934,78.32,41.08,32.8,1,148,1.74,1.0784
198.66,49.72,208.68,1.615,88.55,35.1,23.45,0,41,1.73,0.3305
245.57,46.49,161.67,1.53,83.81,66.64,24.39,0,11,1.87,0.4945
174.48,50.67,267.12,1.905,78.87,56.62,26.94,1,74,1.69,0.7507
231.16,47.71,195.2,1.594,93.85,66.65,24.53,0,11,1.74,0.1894
152.47,58.22,240.2,2.121,95.0,50.94,26.16,1,61,2.15,0.1697
152.28,65.09,282.85,2.107,81.73,71.29,29.43,1,67,1.74,0.7502
172.45,55.38,265.39,2.085,76.39,67.54,30.36,1,117,1.76,1.0227
193.26,45.9,186.13,1.658,92.78,65.77,24.55,0,19,1.73,0.2227
145.47,72.35,281.18,1.943,78.12,31.52,24.61,1,57,1.57,0.6772
230.76,58.43,158.27,1.735,84.33,77.2,23.89,0,33,1.74,0.4645
194.92,40.56,170.39,1.392,83.05,50.71,23.3,0,23,1.9,0.4849
128.82,67.62,259.09,2.052,74.41,37.46,30.33,1,100,1.92,1.1065
211.33,63.06,151.44,1.701,80.93,71.56,27.96,0,39,1.55,0.7192
132.89,63.09,247.46,1.989,77.09,56.76,28.98,1,118,1.95,0.9166
176.1,58.67,270.32,1.913,79.87,31.76,30.77,1,72,1.67,0.8926
199.71,52.33,150.72,1.596,83.71,73.0,26.59,0,13,1.63,0.567
186.74,60.31,196.43,1.509,83.69,53.93,23.01,0,22,1.8,0.4585
212.69,43.46,195.21,1.662,80.91,71.52,27.49,0,17,1.58,0.7004
221.31,56.34,183.85,1.713,81.81,71.56,27.27,0,43,1.58,0.6589
183.28,51.9,162.51,1.654,88.44,35.5,25.68,0,20,1.63,0.3813
139.11,69.98,265.21,2.046,84.15,63.73,25.12,1,98,1.66,0.5057
198.04,40.75,178.5,1.691,89.8,49.81,24.25,0,37,1.78,0.309
182.15,54.82,160.39,1.705,84.55,60.05,28.76,0,34,1.59,0.6103
145.36,72.87,271.96,1.907,85.63,34.87,27.48,1,116,1.59,0.5269
189.73,61.02,161.7,1.415,91.2,62.35,25.83,0,30,1.85,0.2928
166.1,61.14,268.98,2.033,77.14,72.76,27.51,1,145,1.66,0.8397
236.24,62.0,179.8,1.711,81.48,84.27,26.29,0,10,1.67,0.6333
210.76,62.18,171.59,1.41,90.27,47.62,28.94,0,29,1.79,0.3884
176.31,54.13,268.57,2.008,83.76,38.53,24.95,1,103,1.62,0.5129
122.44,66.28,265.14,2.135,70.64,50.12,25.32,1,72,1.75,0.9479
120.89,70.51,236.54,1.986,80.12,31.06,29.3,1,120,1.93,0.8102
145.5,52.51,271.71,2.183,84.1,52.48,26.75,1,57,1.74,0.5586
155.44,77.89,264.39,2.16,66.64,80.3,30.86,1,105,1.47,1.4868
191.19,53.95,181.84,1.578,87.26,40.69,29.9,0,23,1.59,0.5375
208.29,42.87,175.73,1.556,80.8,56.27,25.7,0,24,1.64,0.634
160.7,55.35,255.49,1.958,80.7,61.49,31.6,1,122,2.04,0.8971
156.1,57.93,299.83,2.016,81.33,39.89,27.82,1,146,1.61,0.6984
130.03,53.63,275.14,1.859,76.55,48.16,27.24,1,78,1.74,0.8479
207.66,55.02,161.11,1.437,77.94,80.12,26.9,0,16,1.56,0.7819
180.68,61.48,177.98,1.327,78.12,46.27,27.45,0,36,1.63,0.8009
141.75,75.01,227.51,1.997,87.65,64.94,28.09,1,122,2.25,0.4693
229.87,42.63,175.93,1.845,85.9,37.53,23.18,0,32,1.7,0.4005
126.76,57.33,228.44,1.761,79.66,66.84,28.03,1,90,2.01,0.7702
148.1,51.34,299.42,1.978,77.11,45.35,28.57,1,100,1.6,0.8944
217.07,46.83,176.79,1.574,90.2,42.72,25.87,0,7,1.87,0.3269
122.49,62.6,233.67,1.982,91.02,36.83,26.44,1,54,2.12,0.3098
140.3,79.53,244.67,2.151,87.62,32.58,28.67,1,124,2.13,0.4865
220.85,57.24,203.12,1.493,82.61,83.23,30.4,0,30,1.62,0.755
158.01,74.25,283.23,1.766,82.42,52.76,29.48,1,102,1.72,0.724
225.02,47.06,174.06,1.536,78.75,72.77,25.19,0,24,1.62,0.6808
128.92,73.33,248.71,1.92,80.94,80.6,28.14,1,82,2.07,0.7263
205.95,61.6,192.99,1.332,80.32,41.22,26.41,0,16,1.72,0.6777
167.57,67.57,269.33,2.029,71.24,77.84,30.15,1,123,1.55,1.2308
239.01,45.85,186.04,1.458,90.63,68.94,24.62,0,20,1.86,0.2902
192.26,53.1,157.45,1.59,81.18,61.79,25.38,0,27,1.58,0.6098
149.67,54.0,234.68,1.956,87.19,74.5,29.21,1,92,1.99,0.5194
210.86,45.46,204.11,1.471,87.97,36.09,26.59,0,44,1.72,0.4187
230.66,56.37,155.15,1.707,86.88,44.5,26.0,0,11,1.83,0.441
163.5,51.23,259.53,1.966,84.58,37.21,28.87,1,68,1.92,0.6131
134.83,69.73,279.47,2.007,83.05,79.28,23.75,1,124,1.85,0.4982
163.21,78.55,237.45,2.07,90.18,35.43,29.56,1,103,2.08,0.4063
134.79,73.32,287.36,2.035,80.76,83.9,29.95,1,101,1.68,0.814
196.16,45.55,202.37,1.617,85.74,36.04,25.85,0,23,1.72,0.4751
197.99,61.98,152.43,1.501,79.34,66.4,27.68,0,38,1.58,0.7665
205.31,56.86,201.46,1.467,77.77,66.33,27.86,0,15,1.59,0.8335
123.18,54.74,278.95,2.019,81.42,81.22,31.63,1,107,1.69,0.8651
123.6,79.27,241.29,1.885,80.14,47.77,31.61,1,128,2.03,0.9237
167.05,61.96,295.85,2.095,77.96,48.26,28.44,1,105,1.76,0.8547
171.57,75.3,276.49,1.984,74.38,76.55,28.81,1,82,1.66,1.015
198.07,43.88,208.94,1.678,78.37,83.82,25.31,0,19,1.64,0.6979
247.94,52.04,156.94,1.482,85.85,31.66,30.7,0,28,1.45,0.6249
221.82,50.22,181.59,1.463,81.53,64.94,25.45,0,13,1.63,0.601
180.5,51.92,154.63,1.801,81.9,43.4,26.56,0,26,1.54,0.6289
182.39,42.64,159.38,1.582,92.11,70.04,25.16,0,43,1.87,0.2523
139.19,75.94,276.94,2.11,75.51,72.5,29.31,1,89,1.69,0.9987
193.13,64.1,153.8,1.431,83.15,71.94,23.02,0,25,1.81,0.474
233.73,64.48,203.58,1.566,80.79,53.95,25.41,0,36,1.61,0.6236
195.59,50.65,157.58,1.756,93.71,38.68,24.32,0,40,1.77,0.1913
140.36,72.59,265.94,1.812,91.16,62.16,29.23,1,117,1.87,0.3588
150.94,50.38,248.31,2.273,87.21,73.4,26.72,1,127,2.2,0.4486
228.48,42.92,161.92,1.624,86.4,80.17,27.79,0,41,1.61,0.5078
195.25,47.42,209.9,1.502,85.02,54.9,21.76,0,40,1.85,0.3903
128.73,68.93,270.25,2.042,89.17,43.51,31.19,1,145,1.86,0.4918
226.75,54.89,204.31,1.733,84.46,36.54,27.09,0,38,1.39,0.557
164.76,67.35,282.47,1.901,85.8,73.87,28.85,1,125,1.64,0.5639
149.1,64.23,247.28,1.918,81.33,59.44,28.5,1,95,2.04,0.7265
188.79,59.75,195.17,1.63,81.99,67.08,26.85,0,11,1.6,0.6365
186.76,61.42,165.23,1.656,93.17,38.76,25.17,0,18,1.7,0.2186
170.92,73.46,276.72,1.976,86.54,30.36,26.29,1,67,1.76,0.4603
240.63,60.03,184.19,1.648,92.0,83.22,25.29,0,18,1.8,0.2578
220.86,48.32,171.6,1.702,85.65,74.6,25.69,0,35,1.83,0.4736
167.61,50.86,262.51,2.021,79.18,52.0,26.75,1,87,1.69,0.7315
120.87,54.42,230.74,1.917,75.48,55.14,32.34,1,75,2.06,1.1885
172.82,70.01,258.16,1.997,80.33,81.1,30.76,1,89,2.04,0.8717
177.24,64.82,297.16,2.211,77.12,41.42,30.28,1,148,1.69,0.9865
214.17,61.21,164.24,1.64,77.19,74.16,27.53,0,36,1.63,0.8389
195.13,64.01,184.03,1.749,88.18,30.99,28.14,0,25,1.7,0.4504
150.76,61.01,295.53,1.938,79.56,78.16,28.02,1,55,1.72,0.7735
137.17,76.65,282.32,2.032,82.6,62.41,28.43,1,129,1.69,0.6744
238.78,61.07,190.3,1.695,83.62,56.27,28.18,0,16,1.61,0.6257
155.81,77.65,268.29,2.18,77.52,68.86,30.04,1,69,1.63,0.956
236.44,43.23,185.78,1.747,92.53,33.72,24.7,0,30,1.66,0.2324
204.83,61.14,186.42,1.466,79.8,40.75,24.57,0,34,1.66,0.6237
236.84,58.3,178.68,1.738,83.01,52.38,28.66,0,40,1.58,0.6673
244.6,50.4,207.19,1.802,83.18,63.98,28.39,0,9,1.55,0.6504
246.29,62.22,156.49,1.531,82.5,37.95,27.47,0,32,1.58,0.6413
227.82,48.79,174.4,1.493,75.24,50.87,28.64,0,28,1.59,0.9714
194.8,55.85,202.98,1.597,89.59,44.35,24.74,0,38,1.83,0.3247
153.27,66.67,225.02,2.022,85.98,65.51,28.04,1,61,1.97,0.5312
176.29,53.35,251.46,1.958,77.24,80.56,29.87,1,149,2.05,0.9585
168.8,56.45,269.17,1.858,81.81,39.13,32.47,1,124,1.6,0.8881
159.96,75.56,282.34,2.177,86.1,40.41,25.86,1,149,1.82,0.4634
239.85,44.59,151.37,1.497,77.94,63.03,25.73,0,34,1.7,0.7298
212.55,44.34,177.34,1.539,78.41,54.95,27.58,0,32,1.57,0.7963
158.61,53.53,270.22,2.013,84.86,69.5,31.48,1,58,1.68,0.699
181.69,42.3,187.66,1.423,86.4,45.83,25.16,0,32,1.74,0.4349
167.93,59.96,282.98,1.814,80.82,59.97,26.5,1,141,1.61,0.664
210.54,42.5,189.05,1.548,81.26,51.28,24.38,0,13,1.65,0.5721
138.73,69.0,291.57,2.099,80.07,45.47,27.61,1,74,1.71,0.7364
192.01,48.49,165.29,1.623,81.07,70.11,26.9,0,18,1.5,0.671
149.67,50.04,281.15,1.753,79.39,73.77,26.54,1,52,1.68,0.7152
205.51,54.75,172.22,1.767,74.47,48.09,27.02,0,17,1.62,0.9113
144.78,51.05,264.58,2.096,86.79,64.26,29.35,1,50,1.73,0.5399
186.86,64.6,190.97,1.623,89.13,39.82,25.8,0,11,1.66,0.3611
141.57,59.4,236.54,2.02,75.98,73.5,27.95,1,49,1.97,0.9053
137.24,61.01,243.9,2.081,81.95,45.47,29.14,1,52,1.97,0.7289
235.68,64.74,203.05,1.879,81.09,39.4,24.33,0,24,1.48,0.5755
132.88,75.48,220.42,2.106,79.96,81.7,29.14,1,82,2.01,0.8093
152.68,50.42,239.16,2.036,79.9,53.24,28.75,1,120,2.04,0.7936
245.4,40.8,162.78,1.453,83.13,65.39,24.7,0,21,1.61,0.5249
169.05,70.55,277.09,2.02,91.82,74.51,28.55,1,95,1.91,0.3192
133.53,78.92,283.48,2.093,81.58,67.74,26.35,1,114,1.69,0.6321
155.88,69.28,225.58,1.986,79.02,61.06,27.15,1,74,1.94,0.7546
225.25,64.49,179.68,1.537,79.65,50.44,26.7,0,17,1.59,0.7129
200.51,48.36,204.92,1.666,89.74,80.52,25.53,0,9,1.78,0.3354
147.27,79.25,258.47,1.881,71.88,37.34,30.4,1,112,1.67,1.2208
169.33,65.84,234.57,2.104,79.68,78.62,26.67,1,141,2.0,0.7106
193.47,48.23,203.15,1.548,90.48,69.04,26.95,0,38,1.72,0.3384
162.82,61.5,241.6,1.745,84.33,61.43,27.1,1,65,1.98,0.562
238.38,58.71,158.14,1.545,85.61,47.86,25.39,0,32,1.77,0.4665
213.58,61.66,177.4,1.593,93.06,38.03,27.89,0,9,1.66,0.2607
221.05,58.67,207.68,1.666,82.77,54.37,28.85,0,14,1.63,0.6842
241.16,56.16,188.01,1.652,80.6,73.11,25.95,0,30,1.61,0.6502
167.15,66.78,291.05,1.845,78.8,70.99,30.32,1,101,1.72,0.9162
229.05,58.46,190.29,1.615,77.07,65.5,27.5,0,17,1.62,0.8418
174.09,57.21,246.13,1.936,91.61,84.59,24.63,1,105,2.15,0.26
126.9,76.87,242.39,1.957,85.22,83.49,27.95,1,86,2.05,0.557
142.17,61.49,258.02,1.88,89.4,52.0,26.36,1,123,2.18,0.364
248.59,56.98,168.95,1.594,88.49,40.59,27.86,0,19,1.86,0.4315
248.83,63.98,199.3,1.976,85.07,55.51,22.63,0,30,1.78,0.4102
125.89,55.92,229.88,2.223,80.57,76.45,24.67,1,55,1.94,0.6035
143.09,72.37,277.96,1.88,83.18,55.22,26.74,1,62,1.65,0.5906
198.96,40.36,160.33,1.608,79.11,48.48,26.7,0,25,1.65,0.7318
154.14,77.61,284.5,1.962,83.43,70.77,27.66,1,138,1.73,0.614
157.31,74.96,263.4,2.017,86.05,65.76,30.13,1,98,1.66,0.5963
148.26,71.16,270.36,2.11,81.35,83.28,28.12,1,143,1.71,0.7099
159.74,59.44,297.02,1.984,81.78,60.21,29.41,1,144,1.75,0.7473
177.4,64.87,227.36,1.915,82.62,83.21,27.12,1,118,2.08,0.624
239.5,46.01,173.02,1.739,87.13,46.0,27.09,0,13,1.81,0.4613
123.9,50.7,251.49,1.852,76.97,77.57,30.21,1,126,2.02,0.989
149.57,73.83,257.82,2.023,72.32,49.3,26.89,1,111,1.99,0.9805
215.28,62.66,201.66,1.422,88.09,74.53,24.19,0,30,1.8,0.3595
184.18,41.81,203.28,1.477,90.99,80.93,23.83,0,39,1.83,0.2661
207.47,55.11,159.47,1.689,88.67,64.28,23.4,0,29,1.75,0.3261
126.4,51.79,281.17,1.918,79.05,70.07,28.06,1,75,1.73,0.7947
128.47,79.76,258.8,1.775,75.42,82.73,29.34,1,100,1.98,1.0041
229.42,42.92,155.68,1.513,82.79,50.63,30.2,0,10,1.56,0.7387
138.02,65.63,248.87,1.9,82.75,58.14,28.29,1,137,1.96,0.6631
183.14,46.85,167.55,1.449,80.93,79.41,28.83,0,8,1.7,0.7564
143.23,66.7,259.08,2.066,89.9,67.0,29.68,1,69,2.26,0.4207
177.99,74.35,268.97,1.814,79.59,78.05,25.75,1,131,1.66,0.676
125.06,75.34,249.62,1.929,87.89,64.0,31.65,1,65,2.01,0.5645
223.21,55.27,176.07,1.616,83.06,70.69,27.34,0,39,1.61,0.6161
243.0,57.2,175.7,1.559,74.28,30.72,26.71,0,29,1.59,0.9015
235.28,57.57,174.53,1.551,82.06,48.68,27.27,0,26,1.58,0.6498
193.57,53.31,204.98,1.513,87.87,72.37,27.15,0,37,1.69,0.4363
140.92,70.48,296.7,1.854,76.9,52.22,31.97,1,88,1.69,1.0965
127.76,76.93,244.04,1.924,78.16,49.96,24.41,1,141,1.99,0.6679
128.66,75.38,255.44,2.079,82.03,82.34,27.38,1,55,2.02,0.6551
165.52,67.46,280.41,1.948,81.78,60.39,23.82,1,111,1.74,0.5378
128.7,76.81,244.72,2.02,84.25,40.59,28.57,1,116,2.06,0.6154
135.63,61.32,245.96,2.134,85.18,55.97,29.1,1,110,2.06,0.5971
132.26,61.38,252.81,2.072,73.42,58.53,32.0,1,146,1.83,1.2638
141.34,73.43,257.47,1.847,78.08,84.38,28.77,1,60,2.05,0.8664
241.52,57.07,157.24,1.654,85.54,69.5,28.61,0,26,1.53,0.5663
242.64,43.41,181.25,1.726,81.51,58.57,24.11,0,28,1.59,0.5554
211.75,47.34,189.92,1.53,77.72,53.76,27.07,0,26,1.6,0.7976
144.78,62.6,248.26,1.81,78.75,80.35,25.4,1,86,2.02,0.6894
156.73,78.22,228.14,1.947,83.07,65.53,29.11,1,105,1.97,0.6825
216.37,63.16,201.9,1.623,85.26,49.58,26.43,0,20,1.57,0.5082
164.96,65.08,243.6,2.071,75.87,55.55,31.35,1,97,1.98,1.1059
151.24,66.17,234.53,1.938,82.2,45.3,28.14,1,83,2.02,0.6783
199.42,47.75,197.36,1.356,92.33,82.82,25.34,0,11,1.63,0.2479
217.21,57.18,156.24,1.447,77.19,68.61,28.26,0,21,1.6,0.8753
162.18,55.7,228.46,2.043,71.56,51.58,29.09,1,55,1.96,1.1452
224.78,61.42,152.29,1.839,85.21,40.08,27.29,0,26,1.56,0.5364
139.82,72.13,291.27,1.997,81.39,39.74,28.4,1,145,1.62,0.72
192.44,51.71,204.79,1.758,81.16,56.28,25.32,0,23,1.61,0.6083
152.93,74.99,262.38,1.873,84.33,55.72,29.36,1,108,1.71,0.6409
141.61,68.41,237.4,1.922,87.88,52.98,26.46,1,104,2.21,0.4186
152.42,57.09,229.71,1.719,73.2,76.85,25.84,1,57,2.07,0.8924
144.36,69.56,268.51,2.044,76.13,83.86,31.23,1,103,1.76,1.0865
237.05,51.88,183.24,1.493,93.3,49.52,28.65,0,35,1.73,0.263
204.09,57.65,179.17,1.672,90.47,46.2,22.16,0,38,1.78,0.2544
243.95,62.38,175.2,1.54,89.18,72.36,24.11,0,38,1.78,0.325
154.54,77.88,243.2,2.243,88.24,54.74,27.91,1,106,2.12,0.4422
143.02,57.71,263.71,2.215,79.32,41.97,31.41,1,126,1.84,0.951
145.26,77.84,270.0,1.724,85.49,39.95,28.89,1,123,1.61,0.5775
193.24,53.76,179.55,1.671,86.5,45.43,27.33,0,21,1.74,0.4907
245.62,50.44,169.83,1.511,86.73,30.07,26.07,0,24,1.75,0.4479
180.72,44.66,174.49,1.678,81.36,81.78,27.26,0,10,1.61,0.6748
208.88,40.92,209.87,1.439,83.27,53.66,27.88,0,43,1.56,0.628
159.04,61.56,239.7,2.173,77.47,34.56,30.1,1,125,1.93,0.9615
206.91,64.82,202.64,1.724,82.53,39.07,27.82,0,23,1.55,0.6535
186.52,62.98,172.11,1.43,77.93,47.78,26.36,0,23,1.63,0.7578
151.52,60.96,252.56,1.978,82.63,60.34,23.24,1,106,2.23,0.4951
214.86,61.04,196.08,1.619,80.33,68.7,28.62,0,25,1.56,0.7708
192.96,46.39,198.45,1.686,79.99,46.93,25.32,0,28,1.52,0.6461
129.25,70.53,249.72,1.999,79.82,82.67,27.95,1,55,1.94,0.7606
238.54,41.52,203.76,1.694,83.15,71.82,26.14,0,24,1.58,0.5711
156.88,55.89,272.35,1.992,86.53,75.42,25.54,1,51,1.81,0.4406
131.11,72.02,273.38,2.073,82.94,47.8,32.57,1,48,1.79,0.8377
174.53,50.81,240.84,1.836,77.17,50.95,31.12,1,131,1.95,1.0327
199.27,53.36,181.03,1.597,89.7,59.59,27.2,0,15,1.79,0.3716
171.0,60.69,273.23,2.138,87.34,54.84,27.61,1,148,1.91,0.4678
205.27,63.6,167.58,1.769,87.05,44.29,25.52,0,40,1.86,0.4231
239.08,45.4,187.06,1.621,82.48,84.85,28.65,0,21,1.62,0.6877
230.17,59.83,191.64,1.588,84.35,76.66,27.49,0,15,1.61,0.5742
135.47,67.83,295.11,2.164,83.49,43.09,33.28,1,146,1.82,0.8436
223.72,61.92,185.31,1.588,87.64,79.08,28.86,0,17,1.88,0.4911
187.91,42.46,168.87,1.737,88.27,62.28,28.79,0,30,1.82,0.4642
143.33,78.02,275.74,1.987,84.41,30.69,25.88,1,70,1.61,0.5203
192.45,58.02,192.89,1.605,85.05,49.04,28.03,0,24,1.59,0.5661
192.11,44.37,199.58,1.467,90.46,31.42,26.39,0,32,1.74,0.3281
223.15,43.95,161.98,1.45,81.52,34.83,25.4,0,10,1.48,0.5995
219.45,53.89,152.07,1.717,81.76,39.84,26.84,0,8,1.46,0.6442
192.32,60.87,201.03,1.807,82.03,56.64,28.39,0,23,1.67,0.6948
249.31,46.71,173.21,1.613,87.25,50.97,27.5,0,7,1.76,0.4681
165.18,55.65,253.07,1.98,87.61,38.19,27.19,1,128,2.1,0.4467
186.79,60.2,155.51,1.723,81.16,51.7,27.98,0,16,1.58,0.7113
188.44,54.48,180.99,1.64,77.25,46.74,25.22,0,23,1.6,0.7302
126.72,78.6,292.72,1.712,84.66,52.56,26.74,1,77,1.71,0.5386
248.53,41.01,184.0,1.719,79.6,39.48,25.89,0,15,1.5,0.6813
169.36,69.82,289.26,1.84,76.95,63.53,25.66,1,131,1.66,0.7594
246.43,46.58,182.1,1.599,75.95,32.45,28.03,0,41,1.48,0.9107
211.09,43.75,204.22,1.547,87.15,51.33,24.42,0,16,1.83,0.3932
210.51,49.74,159.33,1.523,86.95,79.22,30.39,0,21,1.61,0.5662
215.0,48.87,179.64,1.606,87.12,53.08,22.86,0,8,1.82,0.3588
228.82,58.22,159.79,1.707,85.78,54.26,25.3,0,44,1.85,0.4586
205.73,54.95,202.55,1.604,88.9,33.74,27.24,0,9,1.73,0.4014
240.47,62.83,205.93,1.769,74.88,63.3,27.67,0,32,1.57,0.9314
182.05,43.64,174.0,1.784,86.43,81.5,26.3,0,39,1.82,0.4643
210.78,41.49,168.34,1.783,83.7,46.04,26.39,0,30,1.62,0.5607
215.77,53.37,166.76,1.593,85.74,51.63,27.32,0,39,1.52,0.518
222.49,40.03,201.58,1.543,81.65,62.35,26.04,0,36,1.52,0.6183
199.33,59.69,190.95,1.596,77.05,35.13,29.29,0,10,1.52,0.9348
140.6,68.97,228.79,2.135,82.41,82.27,28.66,1,107,1.97,0.6909
213.92,52.2,157.05,1.728,90.32,55.72,28.25,0,26,1.78,0.3713
150.42,73.73,244.08,1.689,86.6,36.33,28.0,1,116,1.91,0.5065
170.6,59.96,250.25,2.037,80.16,48.44,27.55,1,136,2.0,0.7305
231.65,50.78,203.83,1.316,77.49,50.56,25.9,0,23,1.6,0.7522
127.41,51.5,240.12,1.998,76.35,49.0,25.26,1,88,2.07,0.7609
135.11,51.89,248.38,1.937,86.98,68.13,30.11,1,50,1.99,0.5559
239.41,52.63,204.78,1.5,79.84,49.0,25.42,0,28,1.61,0.6548
198.2,43.75,152.85,1.702,80.84,47.81,27.81,0,12,1.57,0.7163
154.61,73.87,233.88,1.922,89.08,47.71,27.8,1,145,2.25,0.408
124.62,64.69,283.07,1.999,75.37,72.78,26.73,1,146,1.72,0.8643
211.66,42.45,158.76,1.488,92.72,46.96,24.71,0,23,1.89,0.2267
239.56,45.88,173.7,1.609,81.99,30.77,26.94,0,15,1.51,0.6399
234.49,48.93,193.36,1.715,76.48,50.1,28.08,0,26,1.62,0.8932
239.59,40.88,172.01,1.495,83.44,45.3,25.36,0,43,1.6,0.5359
174.84,60.33,293.94,2.077,80.19,80.0,26.33,1,47,1.78,0.679
221.54,48.1,196.91,1.607,88.07,56.28,24.04,0,32,1.82,0.3568
199.83,47.76,209.32,1.606,77.8,42.9,29.4,0,31,1.6,0.91
163.28,71.03,234.67,1.958,73.05,83.99,27.66,1,91,1.96,0.9987
227.89,61.08,200.78,1.693,83.62,43.57,25.31,0,36,1.49,0.5285
190.01,44.84,206.37,1.681,77.41,71.97,25.9,0,16,1.6,0.7549
170.53,54.46,280.03,1.984,83.84,65.73,27.42,1,93,1.68,0.5905
137.77,53.65,265.84,2.024,81.35,55.42,22.46,1,49,1.54,0.5071
236.72,60.12,194.84,1.689,82.56,52.32,25.0,0,30,1.58,0.5525
189.77,64.09,189.69,1.665,84.96,77.98,26.06,0,40,1.55,0.5074
234.84,40.17,191.6,1.563,84.71,56.13,24.15,0,34,1.88,0.4604
249.95,50.34,204.0,1.74,81.63,50.64,30.14,0,43,1.6,0.7857
239.57,58.35,190.98,1.704,88.07,49.48,25.37,0,30,1.86,0.3863
232.63,60.71,195.67,1.853,76.36,45.17,28.16,0,35,1.62,0.9019
226.35,41.56,162.96,1.412,82.95,52.49,26.92,0,23,1.65,0.605
209.52,57.02,204.76,1.684,68.77,36.6,24.53,0,30,1.62,0.9619
231.14,47.22,176.83,1.738,84.9,33.58,26.49,0,23,1.54,0.5225
230.69,41.86,159.66,1.721,80.73,59.78,28.07,0,43,1.76,0.7314
224.2,52.23,197.99,1.57,79.07,54.98,26.12,0,12,1.63,0.7086
235.74,43.95,171.38,1.436,83.08,39.54,28.89,0,43,1.56,0.6735
211.41,58.43,161.05,1.785,87.67,35.87,28.54,0,37,1.68,0.4809
128.33,59.84,252.39,1.942,78.32,37.88,29.78,1,149,1.83,0.9084
170.33,68.36,226.08,1.965,81.2,47.34,23.97,1,122,1.87,0.56
155.79,76.75,278.01,2.248,81.09,54.83,30.26,1,113,1.74,0.8144
176.29,68.9,276.92,1.847,73.44,40.63,30.43,1,101,1.68,1.1551
181.22,46.49,201.97,1.698,79.99,71.56,26.89,0,43,1.58,0.7088
206.8,51.7,176.91,1.51,88.78,40.63,27.59,0,32,1.78,0.4141
236.62,57.35,187.56,1.507,87.87,36.83,22.16,0,18,1.67,0.3238
156.07,65.7,253.22,2.02,72.25,84.7,28.73,1,80,2.08,1.0943
151.1,73.9,288.61,2.081,73.76,54.62,27.51,1,118,1.66,0.9639
212.89,53.11,189.26,1.714,84.96,39.35,25.94,0,20,1.52,0.5038
200.4,44.12,171.03,1.73,85.64,79.2,29.08,0,16,1.62,0.5779
213.43,55.58,188.56,1.515,74.8,42.71,27.34,0,32,1.53,0.9165
208.33,50.98,163.06,1.463,83.54,80.91,29.12,0,9,1.63,0.6639
172.42,58.23,256.24,1.959,92.85,36.54,23.67,1,124,2.04,0.2092
168.42,79.0,275.37,2.042,88.78,76.3,31.29,1,67,1.7,0.5125
227.85,42.79,180.31,1.575,82.36,40.13,29.77,0,44,1.58,0.7387
120.96,56.41,264.04,1.564,85.14,81.61,27.66,1,92,1.7,0.5507
122.86,53.51,269.43,1.781,69.49,61.58,30.39,1,57,1.53,1.3238
192.43,42.18,175.7,1.571,94.61,40.45,25.99,0,19,1.76,0.1811
217.19,59.81,168.4,1.703,81.39,76.47,25.81,0,33,1.57,0.6186
183.05,45.55,165.0,1.491,78.1,51.48,27.48,0,14,1.52,0.8031
214.94,52.58,160.95,1.688,81.14,70.3,27.87,0,29,1.55,0.7075
188.78,63.51,196.97,1.42,92.72,65.39,24.82,0,17,1.84,0.2282
238.65,54.28,163.33,1.631,94.57,69.29,26.64,0,11,1.78,0.1895
187.97,50.6,196.41,1.632,87.91,48.9,22.46,0,11,1.85,0.3287
215.93,40.17,179.1,1.656,86.04,81.64,29.38,0,31,1.55,0.5716
148.04,67.88,246.21,1.879,85.78,60.79,24.38,1,67,2.16,0.4341
248.02,54.47,159.93,1.414,78.36,34.27,26.61,0,30,1.56,0.7541
225.85,52.35,203.57,1.687,91.59,33.67,25.88,0,15,1.71,0.2807
200.15,49.1,186.17,1.417,78.48,70.6,28.79,0,17,1.53,0.8516
168.98,51.19,230.52,1.907,91.85,76.75,25.92,1,62,2.17,0.2727
188.98,48.31,192.23,1.767,90.17,68.24,26.47,0,15,1.84,0.3397
232.96,53.43,199.4,1.62,86.91,45.26,26.29,0,11,1.79,0.4476
171.22,73.87,245.53,2.044,90.28,42.42,29.3,1,86,2.26,0.3962
174.04,51.01,236.95,2.075,94.02,61.1,27.38,1,62,2.14,0.218
143.33,76.24,251.48,2.071,80.61,40.82,28.9,1,49,2.06,0.7722
233.4,48.43,154.8,1.597,78.22,50.85,28.04,0,15,1.54,0.8252
224.93,62.72,173.97,1.492,73.69,64.58,27.21,0,19,1.61,0.9497
132.83,60.4,258.37,2.322,94.42,45.67,27.0,1,124,2.25,0.1989
175.74,67.85,241.98,1.965,79.29,50.65,28.91,1,89,2.01,0.8253
121.37,65.92,250.29,2.04,82.77,49.83,33.78,1,69,2.03,0.9053
175.28,69.7,285.72,2.053,79.85,55.33,26.6,1,99,1.75,0.7017
192.31,59.53,177.54,1.536,90.58,67.09,27.35,0,13,1.82,0.3428
166.48,54.32,239.44,1.949,74.38,73.03,32.91,1,136,1.78,1.2822
229.54,56.43,186.73,1.779,78.66,66.58,25.42,0,29,1.59,0.6931
194.05,59.3,153.81,1.511,81.91,31.44,27.27,0,35,1.46,0.6553
191.09,61.85,198.44,1.649,79.48,79.33,28.18,0,42,1.54,0.7838
185.39,49.81,160.39,1.708,87.85,61.97,25.14,0,16,1.87,0.3881
243.84,60.29,188.01,1.574,88.64,80.61,20.67,0,38,1.83,0.2768
196.31,46.47,176.99,1.589,85.85,83.01,27.55,0,29,1.67,0.521
147.36,59.36,297.67,2.115,77.43,55.73,31.79,1,65,1.73,1.0605
199.64,42.57,199.57,1.584,83.96,80.4,22.47,0,27,1.78,0.4364
161.25,64.47,263.36,1.751,79.41,50.1,27.97,1,147,1.64,0.7769
229.98,42.39,190.63,1.78,92.41,44.32,28.13,0,33,1.77,0.2891
240.94,47.98,161.39,1.483,84.54,34.05,26.76,0,40,1.53,0.5435
192.78,40.78,157.44,1.626,74.14,54.85,26.05,0,32,1.56,0.8718
228.05,55.76,205.82,1.442,78.55,67.88,29.28,0,21,1.67,0.8732
204.68,47.91,159.86,1.539,82.99,83.73,27.77,0,12,1.58,0.6344
248.64,58.41,163.69,1.548,89.97,58.67,29.73,0,31,1.74,0.419
200.92,41.15,157.82,1.621,91.3,70.4,23.71,0,24,1.78,0.2551
124.49,69.64,222.1,1.895,77.3,79.29,28.44,1,117,2.01,0.8803
216.09,50.2,205.18,1.838,95.0,59.88,23.27,0,8,1.89,0.1428
149.88,61.78,250.87,2.003,81.27,39.17,28.97,1,139,1.91,0.749
183.11,43.27,182.51,1.706,90.33,76.65,26.0,0,7,1.77,0.3251
177.48,51.51,260.0,1.999,74.73,61.58,29.99,1,81,2.07,1.0716
139.85,54.6,264.1,2.12,69.48,71.72,28.92,1,48,1.56,1.2169
165.65,59.61,259.61,1.748,71.8,66.22,31.84,1,136,1.79,1.3288
227.38,45.5,183.53,1.515,66.13,33.36,27.91,0,34,1.22,1.2736
217.68,61.95,171.56,1.537,90.33,39.3,30.81,0,29,1.67,0.4298
224.09,49.69,201.03,1.536,85.29,45.74,25.87,0,26,1.84,0.4907
178.03,60.42,275.09,2.062,80.87,45.66,24.45,1,85,1.76,0.5864
127.46,64.27,297.2,2.07,81.53,76.16,31.37,1,83,1.71,0.8474
150.44,58.87,226.42,1.991,82.53,62.9,28.8,1,129,2.0,0.6917
198.81,52.93,194.86,1.594,84.09,34.59,29.46,0,44,1.47,0.6544
139.27,57.7,289.64,2.293,87.34,51.3,29.12,1,107,1.74,0.5106
157.24,73.17,279.12,2.039,81.08,60.6,27.74,1,125,1.65,0.7044
234.21,45.87,175.19,1.333,80.1,43.83,25.56,0,35,1.57,0.6517
205.72,59.59,187.75,1.692,86.5,32.19,27.94,0,40,1.57,0.5085
147.77,68.81,289.02,2.067,83.34,50.91,31.3,1,140,1.75,0.7613
174.55,67.08,283.34,2.139,82.58,55.37,28.25,1,111,1.77,0.6681
138.16,60.16,285.2,2.072,93.5,79.76,27.66,1,69,1.87,0.2409
231.22,57.22,207.4,1.491,83.0,79.96,24.79,0,40,1.54,0.5318
148.44,56.02,224.15,2.107,76.82,57.52,29.09,1,126,2.07,0.9334
229.6,54.64,159.1,1.612,84.57,55.93,27.8,0,26,1.64,0.5765
209.14,40.08,178.65,1.726,83.21,65.23,23.24,0,37,1.85,0.4786
242.28,46.63,153.47,1.786,85.26,44.2,27.46,0,37,1.64,0.5399
132.85,71.37,279.22,1.985,80.86,45.71,24.98,1,71,1.79,0.6056
160.09,75.68,267.68,2.105,78.61,30.14,29.88,1,89,1.64,0.9014
240.47,43.16,172.18,1.724,94.84,34.3,24.57,0,38,1.71,0.1593
215.56,44.23,208.11,1.619,80.38,39.82,27.89,0,18,1.52,0.7369
150.24,68.25,226.65,2.235,74.71,65.23,32.0,1,47,1.81,1.2025
238.21,49.37,207.17,1.725,87.95,41.7,28.22,0,12,1.88,0.4613
135.69,57.83,252.12,1.93,76.61,36.82,28.48,1,56,1.96,0.9091
223.62,64.94,193.71,1.631,80.6,63.9,26.04,0,44,1.68,0.6537
234.54,64.67,206.72,1.703,87.57,65.85,25.35,0,21,1.7,0.402
218.0,48.84,184.25,1.83,85.69,33.28,29.44,0,32,1.49,0.5879
198.14,52.6,162.85,1.675,91.01,72.51,25.1,0,26,1.76,0.2865
176.99,58.1,230.07,2.035,79.66,63.34,26.78,1,79,2.09,0.7159
242.58,42.3,202.8,1.752,85.43,51.84,27.83,0,32,1.56,0.5453
183.92,51.31,192.19,1.574,82.75,84.08,24.91,0,36,1.63,0.5435
132.91,78.91,267.94,1.881,81.84,30.56,25.15,1,148,1.7,0.5804
206.07,47.37,161.44,1.684,92.26,59.97,23.61,0,36,1.82,0.2256
207.07,64.86,187.46,1.555,81.77,38.78,25.53,0,19,1.48,0.596
141.21,75.95,234.34,2.326,82.28,48.11,29.57,1,139,2.01,0.7335
160.91,76.26,270.27,2.03,83.23,37.33,27.84,1,48,1.53,0.628
221.92,60.73,156.7,1.685,76.58,66.75,28.4,0,29,1.53,0.9061
142.94,69.2,258.54,1.925,87.13,52.09,28.0,1,75,2.23,0.4865
142.63,56.05,236.45,2.152,85.11,84.25,27.99,1,146,1.88,0.5625
208.58,46.66,165.53,1.597,74.08,65.96,26.1,0,43,1.6,0.8764
204.75,45.59,187.16,1.585,84.12,80.45,27.52,0,32,1.59,0.5837
160.73,51.67,222.34,1.988,76.77,43.25,29.85,1,147,2.1,0.9772
136.8,58.88,277.29,1.845,84.95,47.53,31.15,1,67,1.73,0.6819
201.13,47.28,196.13,1.57,77.27,49.95,25.56,0,12,1.59,0.7444
121.08,50.66,275.85,2.066,80.55,76.12,27.96,1,127,1.75,0.7335
140.79,77.21,272.28,1.815,82.78,41.64,29.48,1,107,1.71,0.7091
210.18,62.51,197.23,1.723,82.72,82.07,27.83,0,17,1.55,0.6467
183.67,55.88,187.61,1.568,86.42,32.4,27.66,0,10,1.52,0.5032
249.48,62.29,204.54,1.629,75.02,78.94,27.65,0,16,1.61,0.9252
144.7,59.34,293.47,1.732,91.71,54.83,26.72,1,105,1.91,0.2907
181.7,56.9,175.3,1.627,83.74,58.92,29.31,0,44,1.62,0.6631
176.34,63.6,260.38,1.875,86.68,84.86,30.68,1,75,1.75,0.5876
135.77,69.89,280.01,1.958,88.88,77.85,25.54,1,47,1.92,0.3637
143.9,57.23,284.26,1.812,83.92,79.72,26.13,1,65,1.64,0.5447
229.06,43.17,186.96,1.494,78.32,62.2,25.28,0,21,1.53,0.6983
134.47,57.73,259.78,1.98,77.69,82.6,29.99,1,125,1.98,0.9461
226.04,51.15,151.95,1.567,90.86,67.83,27.32,0,31,1.78,0.332
138.14,51.83,281.15,2.106,89.43,75.06,27.77,1,122,1.92,0.3942
220.07,56.48,161.35,1.376,80.41,69.65,26.66,0,24,1.67,0.6846
242.49,61.88,195.53,1.594,69.63,72.95,26.42,0,18,1.68,1.0465
160.86,64.4,270.26,1.988,80.27,65.09,29.07,1,59,1.67,0.7935
196.95,47.75,169.55,1.545,80.08,69.95,28.87,0,32,1.51,0.792
240.87,57.97,152.75,1.49,81.1,53.98,27.95,0,32,1.6,0.7123
136.03,52.13,235.48,2.132,85.71,68.88,27.15,1,139,2.06,0.514
124.46,50.53,298.53,2.246,86.87,45.22,27.79,1,116,1.88,0.4903
139.86,78.14,234.27,1.794,86.33,64.92,29.02,1,102,2.0,0.5482
149.74,58.15,227.69,1.889,83.87,58.81,28.73,1,51,1.99,0.6361
181.91,60.64,198.12,1.479,75.19,79.42,25.89,0,20,1.68,0.8286
180.23,46.37,202.03,1.566,82.09,67.03,26.34,0,7,1.72,0.6142
199.69,58.74,152.89,1.751,95.0,62.81,20.16,0,39,1.83,0.1181
243.98,45.06,204.97,1.663,85.14,47.22,26.92,0,17,1.63,0.5273
143.6,63.75,263.08,1.982,86.41,77.45,25.47,1,49,1.83,0.4427
127.07,75.7,223.42,2.002,84.56,32.98,27.48,1,71,1.88,0.5662
218.73,53.91,182.31,1.562,85.69,79.49,26.54,0,28,1.84,0.4966
203.24,43.39,164.11,1.689,73.87,65.91,24.12,0,11,1.62,0.7853
124.06,74.95,294.85,2.103,78.36,40.42,31.04,1,112,1.73,0.9744
237.07,56.67,164.6,1.671,85.34,79.66,24.41,0,43,1.71,0.4483
124.33,62.36,244.17,1.736,90.72,47.95,25.76,1,129,2.09,0.3075
214.11,53.72,160.39,1.602,83.36,39.25,27.08,0,24,1.6,0.5961
143.16,69.07,258.19,1.978,73.9,47.55,28.18,1,97,1.99,0.9969
187.26,63.6,174.68,1.719,87.22,82.86,24.92,0,27,1.72,0.4029
127.59,57.5,245.15,2.029,78.81,71.4,27.41,1,47,1.99,0.7739
133.59,72.93,231.77,2.067,73.94,80.42,30.53,1,113,1.93,1.1398
133.96,55.41,285.67,1.941,76.88,46.44,29.39,1,141,1.64,0.9472
179.11,77.85,255.9,2.113,86.17,34.53,26.71,1,94,2.06,0.4848
170.12,54.51,265.84,2.148,90.45,60.95,25.94,1,66,1.83,0.3199
120.92,74.15,263.72,1.805,87.16,56.57,25.29,1,62,1.73,0.4138
248.82,45.77,173.81,1.444,86.06,69.63,27.33,0,36,1.64,0.5067
135.35,55.58,276.39,2.091,83.08,59.85,29.76,1,141,1.67,0.7081
126.26,62.07,270.35,1.979,81.07,51.81,29.93,1,48,1.75,0.8
230.0,49.61,199.04,1.723,86.89,30.26,26.78,0,38,1.7,0.4614
127.9,54.08,264.3,2.029,72.05,55.73,25.95,1,93,1.61,0.9367
146.62,57.17,239.56,2.083,83.76,36.64,27.0,1,140,1.9,0.579
157.93,76.02,267.11,1.91,74.34,80.71,31.04,1,76,1.77,1.1554
184.04,61.56,164.52,1.641,87.48,80.69,28.71,0,25,1.8,0.4932
206.01,49.77,179.57,1.641,83.38,74.2,25.99,0,24,1.56,0.5583
167.14,50.15,278.72,1.917,84.13,38.68,26.13,1,132,1.53,0.5376
166.45,69.75,241.97,2.12,73.66,38.11,29.24,1,114,1.87,1.0698
219.37,46.9,157.31,1.373,89.7,60.98,25.43,0,36,1.74,0.3347
120.5,78.02,242.44,2.025,82.91,70.01,30.8,1,125,1.98,0.7591
164.06,54.32,299.73,1.845,83.1,79.75,30.2,1,120,1.59,0.7253
193.8,64.66,169.83,1.477,77.28,79.17,29.06,0,21,1.54,0.9133
144.35,53.22,222.11,2.118,78.23,38.54,28.22,1,146,1.93,0.8335
203.59,58.25,187.03,1.468,83.47,84.75,27.94,0,27,1.61,0.6226
233.97,54.72,176.18,1.463,82.46,38.62,23.96,0,37,1.48,0.5221
187.46,59.25,183.87,1.67,84.62,76.21,27.84,0,21,1.54,0.576
130.24,59.4,241.42,1.867,70.65,62.28,28.94,1,121,2.08,1.1716
180.59,55.03,204.35,1.722,80.52,67.31,27.27,0,31,1.71,0.7056
247.79,43.87,177.48,1.677,94.42,63.22,24.51,0,30,1.74,0.1717
221.45,44.1,156.24,1.507,85.4,77.83,27.0,0,42,1.64,0.5205
230.39,54.6,185.83,1.718,86.61,65.04,24.13,0,39,1.74,0.4027
152.69,50.34,270.91,1.767,91.65,76.68,28.64,1,147,1.93,0.3276
190.11,62.76,195.92,1.657,70.12,38.49,28.56,0,7,1.38,1.1668
221.65,55.29,206.0,1.45,78.14,77.67,28.09,0,44,1.57,0.8306
126.09,67.04,261.28,1.937,87.49,84.61,20.0,1,117,1.91,0.2925
208.09,40.15,171.12,1.545,89.7,66.38,24.55,0,27,1.82,0.3176
219.83,52.47,179.45,1.754,86.87,83.7,27.79,0,31,1.75,0.4903
219.12,50.78,204.01,1.54,79.29,42.09,26.54,0,34,1.63,0.7187
188.34,57.65,208.8,1.591,92.82,75.61,21.86,0,12,1.8,0.1882
182.41,49.57,208.27,1.547,80.22,39.3,28.07,0,12,1.43,0.7507
235.88,64.41,163.78,1.482,89.75,58.38,26.45,0,28,1.74,0.3538
230.81,56.76,179.81,1.476,76.32,66.52,28.9,0,21,1.68,0.9431
166.6,55.92,281.43,2.037,79.58,66.31,30.34,1,119,1.71,0.8835
188.92,62.98,172.08,1.597,86.92,66.9,20.15,0,23,1.78,0.3087
169.63,64.9,221.36,2.092,88.04,47.65,27.49,1,85,2.12,0.4388
145.08,72.74,276.25,1.971,77.11,83.55,30.86,1,72,1.67,1.0202
249.73,60.26,173.82,1.575,86.48,30.36,23.12,0,41,1.71,0.3826
141.01,65.44,274.61,2.092,83.74,64.15,29.21,1,149,1.72,0.6593
214.15,51.43,166.73,1.555,81.42,77.64,32.01,0,38,1.61,0.8839
133.72,50.72,244.87,1.827,85.88,79.01,28.95,1,81,1.97,0.564
223.6,55.58,194.94,1.702,83.39,69.61,27.96,0,44,1.5,0.6264
188.08,51.71,167.67,1.519,82.73,61.61,25.2,0,11,1.6,0.5536
188.91,55.72,192.39,1.608,85.66,55.15,22.32,0,8,1.8,0.3866
154.8,53.42,261.82,1.925,83.17,54.72,27.18,1,130,1.66,0.6064
228.55,55.49,198.12,1.483,85.38,53.38,25.97,0,18,1.79,0.4906
140.62,51.07,248.62,1.772,80.45,68.49,29.24,1,57,2.0,0.794
223.24,60.92,159.46,1.641,83.95,70.22,26.27,0,20,1.62,0.5482
127.78,68.14,286.87,1.593,76.16,58.31,26.4,1,70,1.74,0.8205
231.82,52.25,204.89,1.756,87.26,70.74,26.2,0,37,1.68,0.4333
136.53,73.63,280.33,2.124,80.29,59.07,31.24,1,108,1.72,0.8977
248.9,47.09,154.42,1.491,87.78,35.35,27.47,0,32,1.62,0.4478
211.94,53.2,206.08,1.791,87.16,76.84,22.6,0,8,1.75,0.3521
187.87,57.06,157.04,1.847,78.65,77.88,22.4,0,37,1.65,0.5784
249.49,43.13,165.02,1.567,80.53,44.66,27.98,0,41,1.54,0.7351
164.55,57.75,234.9,2.049,79.0,73.25,30.55,1,48,2.04,0.9195
218.49,60.04,198.18,1.616,87.47,58.11,26.39,0,11,1.77,0.431
136.49,69.87,259.78,2.182,66.93,36.82,33.57,1,100,1.78,1.7174
215.25,52.33,207.27,1.433,85.13,51.89,25.08,0,34,1.73,0.4733
219.11,55.77,184.08,1.573,86.69,34.21,25.97,0,22,1.7,0.4466
196.81,56.78,154.33,1.71,83.22,73.26,23.31,0,32,1.66,0.4803
218.98,58.21,192.18,1.698,85.35,40.79,25.02,0,30,1.8,0.4646
177.11,78.75,252.33,1.995,76.78,39.04,30.65,1,141,1.82,1.0226
198.66,49.82,184.36,1.767,77.43,41.47,29.35,0,18,1.59,0.9225
206.84,57.67,209.65,1.628,82.36,42.44,25.66,0,24,1.56,0.5811
120.53,74.82,266.85,2.014,79.41,67.07,27.26,1,115,1.79,0.7454
144.02,64.65,292.21,2.084,86.66,65.12,26.96,1,139,1.88,0.4745
230.75,64.2,177.52,1.593,78.79,37.11,27.82,0,22,1.58,0.7934
240.98,61.63,166.31,1.606,80.58,69.84,24.89,0,26,1.55,0.6112
131.24,53.97,272.42,1.906,90.95,49.2,28.21,1,47,1.73,0.3463
185.15,56.88,190.09,1.952,88.9,55.16,26.0,0,7,1.84,0.3731
188.36,57.95,201.39,1.543,71.97,36.87,29.14,0,22,1.44,1.1319
191.27,50.79,202.73,1.688,81.4,68.97,24.75,0,10,1.66,0.5805
170.84,76.1,249.55,2.229,85.22,50.69,26.1,1,102,2.19,0.4998
169.59,70.02,288.18,1.839,81.27,64.77,30.94,1,114,1.73,0.8386
205.01,56.45,181.77,1.673,76.48,53.5,26.18,0,14,1.64,0.7991
247.1,45.52,171.56,1.603,89.77,32.69,26.13,0,8,1.81,0.3465
182.67,50.2,166.64,1.815,89.3,68.69,24.81,0,30,1.85,0.3351
124.97,73.22,239.78,1.891,85.17,60.39,27.49,1,61,2.01,0.5441
192.68,58.34,189.48,1.51,90.55,53.88,26.37,0,7,1.84,0.3247
243.87,55.46,185.43,1.594,85.48,41.09,26.98,0,39,1.64,0.5171
123.86,69.68,247.88,1.941,87.44,64.34,24.79,1,60,2.23,0.3929
246.38,47.69,167.92,1.545,90.0,45.14,28.1,0,26,1.9,0.3802
141.08,56.73,240.03,2.243,86.32,53.6,29.65,1,146,1.99,0.5689
201.19,58.42,190.06,1.615,81.33,33.11,24.4,0,34,1.51,0.5706
214.37,58.59,186.02,1.506,85.25,72.72,28.24,0,27,1.57,0.5654
206.65,52.26,150.11,1.553,82.46,34.95,24.13,0,29,1.64,0.5275
121.31,75.51,238.09,2.049,85.27,79.0,27.5,1,117,1.98,0.5408
174.64,57.63,277.47,2.04,84.93,77.72,27.72,1,75,1.72,0.5604
132.93,64.13,274.42,1.931,70.64,83.41,33.26,1,78,1.45,1.4985
230.5,59.53,201.97,1.405,82.87,79.96,26.69,0,21,1.58,0.5997
123.71,52.62,222.05,1.994,81.15,83.43,30.75,1,78,2.05,0.8349
223.95,51.62,156.12,1.591,82.83,78.8,24.98,0,39,1.59,0.5433
211.77,56.77,162.31,1.522,82.79,36.19,29.2,0,36,1.56,0.6974
153.96,66.17,287.14,2.154,88.3,54.07,25.81,1,86,1.94,0.3889
207.17,64.98,164.25,1.669,84.95,34.19,24.89,0,42,1.69,0.4736
227.56,63.82,164.08,1.616,84.64,59.99,26.65,0,43,1.56,0.5365
195.97,57.96,178.79,1.557,89.33,59.14,27.87,0,44,1.81,0.4003
198.16,58.66,169.18,1.808,86.27,80.72,26.22,0,30,1.81,0.4676
206.33,58.98,183.59,1.461,82.55,83.33,28.83,0,31,1.6,0.6922
132.99,63.96,265.22,1.94,77.53,44.28,27.98,1,65,1.72,0.8484
197.77,63.79,198.88,1.546,90.93,62.03,22.14,0,11,1.76,0.2419
170.54,52.07,299.82,2.036,83.0,55.54,29.05,1,140,1.73,0.6829
135.29,59.83,256.19,2.079,89.91,60.07,26.68,1,83,2.22,0.353
184.5,51.51,152.97,1.44,83.02,59.25,27.46,0,12,1.56,0.6219
242.12,56.5,164.37,1.518,79.29,80.28,21.25,0,15,1.58,0.523
188.78,59.39,156.11,1.654,70.56,79.29,31.6,0,33,1.4,1.3685
127.33,59.96,264.0,1.92,84.17,36.75,30.01,1,133,1.58,0.6721
219.41,51.41,188.71,1.552,80.53,48.98,26.8,0,36,1.56,0.6861
134.61,79.04,268.0,2.021,85.16,71.4,27.25,1,142,1.75,0.5369
214.39,64.58,164.57,1.482,80.0,67.62,31.19,0,38,1.64,0.9083
133.39,67.08,237.1,2.033,82.71,64.72,26.61,1,96,2.03,0.6025
200.09,45.55,157.89,1.674,81.46,84.66,28.4,0,10,1.54,0.7173
226.41,57.89,163.69,1.605,79.09,48.53,26.76,0,40,1.69,0.7351
164.33,50.24,289.19,2.171,77.7,58.34,33.02,1,61,1.72,1.123
129.28,50.44,266.99,2.087,77.73,83.85,29.83,1,68,1.69,0.9358
237.86,47.31,190.73,1.595,83.28,68.26,24.85,0,34,1.64,0.5249
157.72,52.23,266.26,1.961,79.18,65.68,29.67,1,138,1.69,0.8668
207.55,54.49,199.88,1.811,84.95,38.51,23.8,0,17,1.56,0.4437
147.95,78.74,231.35,1.921,86.23,43.57,28.75,1,113,2.01,0.5437
135.64,79.56,279.29,1.967,81.26,50.76,28.43,1,70,1.75,0.7263
217.58,44.9,175.34,1.551,88.42,55.57,26.88,0,33,1.82,0.41
195.05,59.2,209.5,1.648,91.4,57.35,26.43,0,28,1.71,0.2965
244.11,47.87,207.86,1.871,87.66,79.62,26.79,0,14,1.84,0.4346
193.26,48.57,157.63,1.63,87.26,35.9,25.46,0,39,1.71,0.4148
136.16,77.74,254.24,1.961,83.37,43.66,28.63,1,95,2.02,0.652
202.92,50.86,161.61,1.623,85.53,37.9,29.22,0,28,1.42,0.587
230.89,51.59,169.17,1.442,86.34,70.44,24.01,0,15,1.77,0.4078
121.17,58.09,279.92,1.977,84.02,83.38,31.56,1,108,1.64,0.7411
144.06,63.03,261.68,2.204,84.29,79.17,29.2,1,66,1.75,0.6366
246.63,62.62,201.19,1.679,83.68,69.78,24.47,0,10,1.62,0.5009
186.47,55.23,169.8,1.748,90.54,31.18,23.82,0,20,1.67,0.2792
184.25,40.97,199.0,1.722,83.33,49.09,27.36,0,14,1.56,0.607
222.29,55.31,209.66,1.515,84.35,77.5,25.14,0,41,1.78,0.4999
133.14,55.42,278.93,2.229,76.08,65.92,32.27,1,142,1.71,1.1548
215.19,57.76,170.77,1.387,82.69,41.53,28.49,0,12,1.64,0.6732
162.01,57.27,267.57,2.04,87.31,55.66,27.97,1,52,1.85,0.4788
195.49,60.94,182.04,1.353,89.63,34.84,24.8,0,24,1.72,0.3246
144.42,63.67,270.53,1.794,82.73,58.64,29.48,1,148,1.68,0.7112
161.22,65.29,249.88,2.112,83.77,79.56,29.7,1,60,1.85,0.6769
138.19,59.27,246.74,1.917,90.38,32.13,26.09,1,111,2.07,0.3251
243.34,54.75,196.42,1.749,84.29,63.76,24.96,0,13,1.82,0.4965
216.09,44.93,195.67,1.339,75.18,42.82,29.72,0,16,1.56,1.0363
226.97,63.18,207.82,1.589,89.75,84.47,26.95,0,42,1.82,0.3644
163.13,77.73,270.22,1.854,81.42,33.58,26.04,1,92,1.63,0.626
142.46,54.89,228.34,1.961,75.92,63.95,31.25,1,91,2.06,1.0973
169.2,62.84,279.83,2.186,71.06,44.1,30.51,1,134,1.45,1.2643
121.55,63.0,245.85,2.215,85.43,78.54,27.7,1,120,2.06,0.5412
126.16,60.63,283.92,2.062,74.17,36.71,28.02,1,89,1.6,0.9775
241.45,54.07,160.57,1.409,81.81,53.61,24.37,0,35,1.52,0.5549
137.47,74.48,245.37,1.855,86.33,40.19,26.79,1,116,2.19,0.4814
185.31,54.24,204.48,1.619,90.3,73.97,23.12,0,37,1.79,0.2745
194.14,56.41,154.94,1.503,82.41,49.33,24.26,0,39,1.57,0.5331
226.04,42.89,159.29,1.679,81.77,40.27,27.84,0,10,1.54,0.6827
211.05,51.9,163.71,1.801,78.2,69.92,27.71,0,40,1.61,0.8102
200.35,48.93,180.54,1.482,81.61,74.95,25.72,0,23,1.6,0.608
148.53,65.46,282.96,1.893,82.45,55.43,29.31,1,79,1.67,0.7157
211.16,41.24,154.29,1.458,82.99,50.84,24.45,0,38,1.55,0.5214
166.4,57.57,269.59,1.969,80.71,64.77,28.41,1,92,1.61,0.7467
187.24,63.55,158.96,1.606,75.17,65.83,27.79,0,43,1.68,0.9271
199.58,64.59,208.29,1.603,87.64,66.34,28.36,0,37,1.79,0.4771
217.63,60.62,203.93,1.708,87.09,45.17,25.51,0,32,1.84,0.4215
228.88,41.9,206.97,1.647,89.69,81.77,24.19,0,37,1.86,0.3112
178.28,52.63,290.42,1.993,86.2,41.74,30.84,1,78,1.75,0.6144
245.91,50.0,179.28,1.605,81.01,50.58,24.85,0,34,1.63,0.5962
179.15,67.35,289.62,2.01,79.63,45.6,28.98,1,60,1.71,0.815
219.0,41.38,186.02,1.593,71.79,81.21,29.15,0,16,1.51,1.1398
178.27,74.89,222.72,1.919,95.0,75.56,26.92,1,121,2.28,0.1774
128.73,78.29,266.09,1.856,79.53,74.62,30.25,1,133,1.64,0.8811
122.44,63.96,247.14,2.017,85.75,30.26,29.94,1,85,1.97,0.6026
238.66,57.32,184.3,1.54,77.08,67.72,26.92,0,34,1.59,0.8133
247.18,60.52,199.51,1.663,86.72,42.67,28.63,0,11,1.65,0.5207
222.38,57.61,180.02,1.609,93.61,83.23,25.75,0,30,1.84,0.2116
150.73,70.04,222.2,2.002,81.92,59.19,28.09,1,60,2.02,0.687
181.24,61.96,187.24,1.718,76.27,61.06,29.09,0,26,1.62,0.9555
185.05,43.44,207.42,1.431,79.96,49.61,29.83,0,8,1.59,0.8421
158.14,78.48,264.54,2.212,70.27,59.52,29.0,1,117,1.7,1.1909
183.83,52.24,187.78,1.338,82.4,71.24,27.67,0,24,1.6,0.6526
165.99,69.16,253.67,2.174,83.88,60.91,30.8,1,72,2.01,0.716
203.58,42.39,180.92,1.624,82.67,65.27,27.39,0,20,1.59,0.6322
224.61,49.94,209.78,1.537,83.13,55.99,25.5,0,16,1.53,0.5505
141.89,69.06,250.97,1.823,86.14,69.4,26.66,1,98,2.18,0.4844
221.72,62.71,182.22,1.528,86.24,79.48,26.98,0,38,1.82,0.49
154.55,79.1,240.64,1.98,72.19,32.81,30.01,1,84,1.89,1.1807
199.44,43.55,177.2,1.623,84.35,35.9,26.21,0,14,1.5,0.5326
246.7,44.45,160.23,1.773,93.86,67.71,28.69,0,15,1.77,0.2416
163.68,66.1,282.01,2.009,76.85,50.77,26.64,1,59,1.73,0.8081
169.0,73.71,258.17,2.038,80.12,45.49,29.95,1,116,2.03,0.8411
123.19,53.63,238.33,2.042,92.99,39.82,26.91,1,51,1.98,0.2486
215.89,56.84,158.08,1.561,90.0,61.49,25.58,0,30,1.72,0.3279
168.12,58.99,250.52,1.977,79.04,49.11,28.77,1,133,1.99,0.8285
184.97,47.28,163.24,1.587,84.68,57.94,26.51,0,11,1.63,0.5307
210.07,59.47,174.99,1.675,81.43,82.72,28.96,0,39,1.61,0.7421
161.61,50.16,280.73,1.89,80.61,71.7,25.72,1,134,1.69,0.6411
198.86,52.28,156.29,1.539,85.8,73.78,23.7,0,36,1.84,0.4161
169.05,74.31,291.0,2.043,81.57,36.83,27.25,1,124,1.63,0.6668
199.51,62.96,200.23,1.471,84.58,47.87,26.09,0,22,1.59,0.5211
207.2,56.72,200.46,1.614,79.76,35.84,26.67,0,32,1.49,0.7078
243.45,46.18,174.68,1.535,78.58,83.27,25.04,0,18,1.53,0.6802
158.0,62.82,251.87,2.061,82.03,67.52,28.08,1,111,2.01,0.6824
178.58,79.09,299.03,2.165,93.95,31.06,24.58,1,67,1.83,0.1869
127.07,76.44,289.53,1.935,86.9,56.15,23.35,1,73,1.86,0.3759
128.56,63.91,226.59,2.091,81.41,44.49,27.15,1,141,2.0,0.6687
142.13,78.29,295.79,2.024,86.01,59.7,28.06,1,148,1.72,0.5307
170.17,74.69,223.4,1.954,78.48,39.83,31.36,1,134,1.94,0.9868
236.57,55.34,169.26,1.601,92.56,33.13,26.98,0,22,1.68,0.265
205.83,42.0,156.05,1.756,81.37,47.77,29.01,0,22,1.56,0.7467
249.0,41.63,196.46,1.579,85.73,46.25,28.08,0,29,1.58,0.5419
135.63,76.75,232.94,2.157,79.98,69.43,26.39,1,50,2.01,0.6886
144.07,52.76,296.28,1.986,83.86,56.1,29.06,1,144,1.71,0.6488
224.62,46.88,205.73,1.431,87.53,46.02,23.72,0,43,1.72,0.3659
168.25,60.01,283.85,1.982,80.79,61.37,29.36,1,60,1.68,0.7856
175.46,63.2,261.22,1.821,81.39,33.92,26.22,1,114,1.55,0.6337
229.5,57.6,150.49,1.562,80.55,66.43,26.4,0,11,1.6,0.6694
146.35,69.95,228.95,1.957,82.42,38.1,29.44,1,49,1.92,0.7223
150.26,76.79,295.43,2.218,87.11,45.38,26.14,1,89,1.95,0.4369
232.9,56.27,193.22,1.793,84.87,45.52,24.44,0,15,1.86,0.4635
164.81,61.2,288.92,2.01,81.92,55.62,30.01,1,118,1.72,0.7676
214.03,44.82,202.32,1.745,82.9,82.42,27.12,0,16,1.58,0.614
174.15,63.88,296.82,1.952,79.2,47.86,32.0,1,105,1.67,0.989
132.04,71.72,289.17,1.829,79.86,45.47,29.6,1,115,1.72,0.8351
165.58,59.04,291.03,2.063,82.9,39.28,27.43,1,91,1.64,0.6252
242.3,41.3,166.54,1.643,95.0,51.56,28.74,0,44,1.74,0.1973
135.95,56.58,286.65,1.887,83.28,40.01,28.64,1,73,1.82,0.6559
160.04,73.18,280.57,1.893,86.52,37.58,26.9,1,91,1.82,0.4778
211.94,58.03,160.61,1.713,83.09,77.15,29.56,0,36,1.64,0.6996
175.11,71.16,271.89,1.798,79.15,32.9,30.04,1,74,1.62,0.8867
214.89,53.09,161.56,1.667,91.94,69.1,24.48,0,18,1.75,0.2475
122.88,51.25,289.56,1.962,79.2,41.14,29.83,1,100,1.68,0.874
223.22,43.54,203.37,1.667,91.57,30.64,23.56,0,9,1.66,0.245
239.88,44.01,198.65,1.719,84.45,73.73,23.75,0,30,1.72,0.4571
191.63,61.67,183.79,1.495,76.37,68.63,29.26,0,32,1.54,0.9609
131.24,71.96,233.65,1.863,85.46,48.39,26.52,1,72,2.09,0.504
222.13,49.62,154.13,1.776,77.43,34.36,27.28,0,9,1.49,0.818
123.01,71.93,223.63,1.993,88.01,49.84,24.63,1,134,2.24,0.3715
224.32,61.64,175.66,1.639,79.84,39.97,24.1,0,17,1.47,0.6052
246.6,51.94,177.31,1.709,80.46,81.29,28.27,0,11,1.56,0.7503
185.54,64.91,157.66,1.485,75.98,59.13,27.07,0,13,1.67,0.8599
143.84,57.29,262.31,2.108,95.0,83.01,29.04,1,66,1.89,0.2007
244.08,61.27,169.0,1.677,74.36,49.32,27.63,0,19,1.59,0.9485
130.15,79.1,296.16,2.176,82.68,60.61,27.64,1,82,1.71,0.6411
122.64,60.73,228.22,2.174,88.3,40.46,27.68,1,69,2.23,0.4341
131.35,53.37,232.58,2.008,90.55,74.46,24.59,1,93,2.17,0.2921
204.29,51.59,158.28,1.69,87.56,32.26,26.89,0,44,1.59,0.4407
223.93,57.96,202.62,1.605,77.76,68.26,31.28,0,39,1.66,1.0152
153.3,55.19,252.86,2.017,85.77,51.54,31.65,1,58,2.02,0.6633
232.71,43.25,207.85,1.465,86.99,61.81,27.87,0,15,1.76,0.4881
131.74,77.69,264.85,1.973,81.6,62.57,29.96,1,104,1.69,0.7789
201.49,45.76,196.26,1.385,83.83,69.09,27.63,0,15,1.67,0.5982
126.05,50.28,232.87,1.984,77.97,41.23,31.13,1,60,2.08,0.9971
130.39,78.74,237.22,2.158,74.73,59.23,31.36,1,69,1.98,1.1588
140.94,72.21,273.67,2.093,91.99,53.48,24.1,1,120,1.97,0.2405
238.16,53.53,159.38,1.613,84.61,45.52,32.73,0,31,1.6,0.7625
164.96,62.46,273.9,1.976,76.45,57.27,29.59,1,126,1.66,0.976
241.16,46.89,200.42,1.535,84.41,82.36,24.8,0,40,1.77,0.488
216.57,46.97,191.77,1.49,83.7,82.19,25.65,0,17,1.69,0.5367
168.97,54.92,252.44,2.098,82.29,45.33,27.83,1,147,2.03,0.6628
165.96,53.83,247.97,1.816,83.35,78.63,27.19,1,136,1.95,0.6003
138.56,64.17,287.3,1.813,86.37,78.22,28.74,1,87,1.75,0.5378
169.37,79.04,295.69,2.109,75.74,43.73,31.13,1,52,1.75,1.098
186.88,42.35,180.74,1.625,81.71,62.94,23.95,0,11,1.58,0.5441
213.54,61.4,176.13,1.605,87.95,77.85,28.6,0,22,1.82,0.4716
122.7,59.58,225.64,2.025,81.08,58.32,26.78,1,146,2.07,0.6659
219.26,54.76,186.42,1.841,78.66,50.34,25.03,0,8,1.54,0.6772
226.73,62.96,207.98,1.607,81.48,65.79,26.22,0,16,1.51,0.6307
187.9,44.22,204.07,1.635,79.12,39.48,29.7,0,25,1.47,0.8708
190.05,57.17,151.83,1.847,90.1,38.9,27.97,0,26,1.61,0.3736
212.51,64.07,178.86,1.592,88.26,75.8,26.52,0,44,1.74,0.4069
246.59,47.75,169.77,1.807,89.82,32.3,26.02,0,41,1.76,0.3426
205.25,40.38,180.64,1.347,87.61,74.2,26.65,0,16,1.76,0.4328
241.42,58.37,186.37,1.461,89.3,45.98,25.48,0,42,1.8,0.3488
171.96,68.05,281.04,1.92,80.54,56.57,26.14,1,74,1.74,0.6596
223.19,61.81,196.89,1.67,78.98,59.89,30.58,0,32,1.66,0.922
222.04,41.41,178.5,1.813,78.42,72.19,26.81,0,37,1.62,0.7609
145.13,51.52,250.92,1.929,77.24,78.61,32.45,1,52,1.89,1.11
180.23,49.43,151.51,1.717,87.17,74.23,26.38,0,29,1.8,0.4411
138.02,64.53,248.74,2.268,81.33,61.48,29.83,1,80,2.04,0.7845
165.23,76.38,238.09,2.188,85.71,49.14,31.49,1,85,2.01,0.6601
246.5,58.66,191.71,1.552,80.82,58.96,23.3,0,22,1.63,0.5487
190.76,48.51,184.93,1.704,82.05,31.65,31.05,0,44,1.47,0.8087
127.34,68.54,221.13,2.041,72.68,43.47,31.75,1,51,1.8,1.2808
137.6,57.7,221.78,1.921,81.83,50.14,29.04,1,126,2.03,0.7295
217.0,60.91,175.02,1.651,88.14,47.59,25.62,0,18,1.87,0.3898
170.34,56.69,260.99,1.943,84.15,35.23,24.75,1,84,1.77,0.4947
246.42,56.0,182.31,1.615,86.38,32.79,26.53,0,13,1.67,0.4724
168.51,77.79,221.92,1.835,75.42,53.14,30.31,1,78,2.08,1.0616
245.1,61.32,193.14,1.388,73.07,34.11,29.01,0,29,1.48,1.0794
149.93,76.27,227.71,1.966,83.64,45.74,29.61,1,78,2.01,0.6788
134.03,61.85,295.89,2.038,91.64,56.12,27.31,1,134,1.91,0.3035
133.61,59.25,245.03,1.865,80.78,41.55,24.15,1,123,2.0,0.5787
226.72,54.23,173.74,1.663,85.45,34.37,31.29,0,17,1.6,0.6645
208.99,60.71,154.3,1.605,79.93,53.77,30.87,0,7,1.59,0.895
227.62,58.56,206.56,1.678,78.21,54.67,25.13,0,11,1.64,0.6956
208.09,61.41,160.98,1.713,75.07,80.36,29.75,0,20,1.58,1.0427
187.99,52.68,161.63,1.761,83.04,37.03,27.27,0,13,1.59,0.6143
154.4,75.28,298.72,2.072,79.58,63.82,28.77,1,107,1.66,0.8072
237.69,61.36,193.45,1.565,80.13,47.58,23.12,0,10,1.63,0.5623
231.02,45.81,194.21,1.623,75.49,36.8,26.16,0,33,1.38,0.8317
171.02,57.51,276.58,2.28,77.37,51.62,28.77,1,136,1.69,0.8945
169.31,57.16,254.07,2.118,84.46,53.54,26.68,1,70,2.03,0.5437
138.54,51.73,296.97,2.009,81.58,50.0,28.76,1,92,1.63,0.7277
173.44,52.32,253.9,1.982,78.45,72.12,29.49,1,96,1.98,0.888
198.21,45.31,198.62,1.528,84.7,76.16,26.46,0,40,1.76,0.5285
183.37,45.86,164.61,1.458,86.83,38.18,28.74,0,37,1.45,0.5197
141.27,64.53,236.65,2.205,82.96,39.23,29.45,1,143,1.91,0.7005
144.85,70.94,265.78,2.057,84.75,53.17,24.6,1,119,1.83,0.4717
241.78,54.75,204.0,1.448,87.66,47.61,27.2,0,26,1.75,0.4452
132.75,55.14,272.34,1.985,78.38,75.08,27.02,1,124,1.72,0.7717
236.57,55.92,206.16,1.752,83.01,84.82,25.96,0,40,1.59,0.5698
212.81,46.04,191.27,1.546,84.83,39.96,24.07,0,38,1.66,0.4546
230.66,61.59,187.1,1.502,79.48,71.94,24.26,0,39,1.58,0.6219
125.75,59.12,269.81,2.043,80.19,63.4,28.01,1,121,1.76,0.7492
167.81,67.61,264.52,2.079,74.81,65.44,24.8,1,78,1.69,0.7885
234.95,49.04,176.64,1.547,93.46,44.54,26.22,0,42,1.83,0.2227
126.87,62.26,225.07,1.928,80.01,35.35,25.33,1,71,1.81,0.6458
207.05,58.47,196.89,1.655,92.13,59.88,25.89,0,15,1.77,0.2628
216.83,54.41,167.09,1.465,81.96,63.74,28.59,0,38,1.58,0.7057
123.59,67.48,281.44,1.935,82.92,82.97,30.45,1,51,1.66,0.7436
141.33,76.04,254.69,1.986,75.88,67.14,32.42,1,112,1.99,1.1744
166.31,55.87,248.18,2.089,85.59,54.4,25.5,1,136,2.18,0.4702
156.91,74.3,242.24,1.949,85.21,84.67,28.38,1,59,2.04,0.5715
141.77,62.44,238.75,2.068,85.72,50.53,27.89,1,94,2.06,0.5363
131.51,55.33,292.96,2.14,84.87,38.94,29.45,1,95,1.57,0.622
195.91,45.31,163.75,1.539,81.85,63.99,26.46,0,17,1.66,0.6269
193.5,43.27,197.18,1.987,80.73,44.64,27.08,0,42,1.56,0.6903
227.37,46.05,198.3,1.77,77.8,80.72,24.14,0,24,1.61,0.668
209.03,43.95,178.98,1.633,86.66,53.53,26.06,0,37,1.73,0.45
151.29,54.36,222.71,1.978,85.31,38.23,30.67,1,91,1.89,0.6477
204.28,54.97,164.77,1.533,94.53,37.79,23.39,0,42,1.78,0.1573
236.47,54.65,195.25,1.799,84.81,65.73,26.9,0,25,1.61,0.5384
235.82,56.05,188.37,1.625,79.64,50.12,26.7,0,28,1.59,0.7132
174.59,73.64,220.12,1.827,74.67,50.0,27.05,1,61,1.9,0.9058
213.08,62.84,197.67,1.395,86.99,63.68,28.57,0,17,1.6,0.5083
174.25,78.33,227.21,2.013,72.16,42.18,29.29,1,93,2.0,1.134
195.36,54.69,153.55,1.616,79.29,38.0,29.46,0,39,1.48,0.8519
216.82,41.96,196.35,1.49,84.32,66.15,24.51,0,16,1.78,0.4824
122.36,52.14,230.24,1.818,84.09,30.29,25.62,1,51,1.89,0.5229
159.47,54.48,276.51,1.764,81.49,79.91,29.1,1,124,1.7,0.7457
203.52,52.16,164.26,1.509,86.27,40.06,24.36,0,40,1.79,0.4186
130.45,79.72,272.89,1.956,68.59,54.63,29.82,1,116,1.56,1.319
159.71,62.46,267.92,2.083,81.58,41.63,28.89,1,117,1.65,0.7332
206.66,43.19,155.64,1.584,72.53,42.0,26.47,0,34,1.68,0.9494
137.28,68.83,227.03,2.128,88.25,75.93,25.46,1,75,2.19,0.3825
144.31,78.77,237.17,2.073,77.55,62.18,30.19,1,52,2.03,0.963
154.17,57.14,289.21,2.062,68.08,47.13,31.81,1,85,1.55,1.5015
151.15,66.35,285.77,2.118,78.65,43.81,27.53,1,106,1.71,0.7852
122.35,62.26,235.37,1.834,81.25,41.71,25.99,1,59,2.0,0.6299
125.92,66.25,228.62,1.936,92.67,60.49,23.09,1,106,2.21,0.2071
126.03,58.07,288.5,2.288,84.78,70.19,26.34,1,109,1.6,0.522
135.74,64.93,234.25,1.771,83.8,43.94,28.25,1,100,1.87,0.6213
134.75,68.74,289.69,1.964,84.59,48.28,32.02,1,112,1.74,0.7335
164.53,52.44,296.89,2.057,80.04,69.62,29.98,1,135,1.68,0.8459
154.36,72.29,237.66,1.775,85.02,70.55,29.17,1,89,1.96,0.606
201.53,64.3,183.68,1.51,88.45,41.4,24.97,0,44,1.81,0.3652
124.19,76.41,253.91,2.24,76.57,51.02,27.22,1,79,1.99,0.8462
149.11,62.78,283.1,2.02,86.43,77.85,31.59,1,139,1.64,0.6304
248.28,49.53,154.87,1.531,75.65,70.71,27.5,0,15,1.65,0.894
171.0,63.84,225.63,2.025,90.6,38.94,23.87,1,102,2.16,0.2783
234.23,57.11,159.91,1.531,75.92,51.23,26.66,0,31,1.61,0.8416
233.77,55.54,194.43,1.806,85.94,83.53,27.3,0,36,1.61,0.5102
122.79,51.41,294.16,1.881,92.24,58.9,27.3,1,134,1.9,0.2816
235.69,54.02,199.95,1.537,84.44,69.56,24.44,0,34,1.81,0.4767
152.4,52.49,226.56,1.821,80.78,35.06,28.26,1,107,1.92,0.7376
169.5,50.1,238.28,1.965,85.05,75.79,28.33,1,46,1.98,0.576
209.76,53.95,171.53,1.579,81.86,63.26,26.66,0,25,1.64,0.634
246.05,40.45,158.94,1.743,93.61,39.66,25.54,0,31,1.71,0.209
215.05,50.93,204.24,1.478,80.04,50.91,31.58,0,24,1.64,0.9268
160.11,57.17,233.78,2.058,81.58,34.57,27.02,1,102,1.96,0.6575
136.39,77.33,257.46,2.01,78.97,72.74,28.7,1,111,2.0,0.8279
121.18,77.69,290.26,1.773,77.74,70.97,27.88,1,126,1.72,0.8356
207.32,60.9,209.78,1.513,79.58,56.96,27.54,0,36,1.63,0.7514
177.44,66.33,244.34,1.908,79.22,54.86,29.48,1,97,2.0,0.8557
248.04,44.41,158.98,1.802,82.27,55.49,25.32,0,40,1.58,0.5724
172.08,52.65,267.72,2.065,80.05,32.06,26.84,1,68,1.61,0.7046
208.73,56.45,209.5,1.617,92.67,50.25,28.13,0,11,1.87,0.2792
176.6,76.27,287.37,1.485,71.74,37.07,34.01,1,138,1.28,1.5041
196.97,49.4,177.44,1.371,85.17,40.16,25.63,0,21,1.84,0.4877
173.69,59.84,287.63,2.087,83.43,82.92,30.04,1,141,1.71,0.7047
217.85,60.88,155.53,1.694,86.93,44.4,26.36,0,18,1.77,0.4488
129.09,74.21,274.85,1.911,82.11,56.6,27.88,1,103,1.74,0.6715
158.36,71.95,232.23,2.003,80.9,78.83,28.22,1,54,1.94,0.7313
234.45,62.09,195.23,1.595,86.4,52.74,25.95,0,42,1.78,0.4558
125.92,56.95,283.69,2.02,88.57,59.07,22.51,1,127,1.97,0.3117
160.65,57.88,240.34,1.955,80.23,39.28,28.87,1,124,1.81,0.786
228.16,44.04,157.53,1.698,75.66,45.68,26.7,0,26,1.63,0.8526
198.07,40.75,196.41,1.733,80.53,57.84,27.37,0,34,1.67,0.7094
156.55,53.48,272.83,1.885,78.17,50.07,26.22,1,93,1.76,0.7434
227.1,55.85,178.15,1.457,79.61,32.1,27.29,0,24,1.52,0.7394
146.45,70.41,223.66,1.904,82.56,52.05,27.9,1,106,1.95,0.6554
183.45,43.74,150.48,1.606,88.29,74.83,23.34,0,18,1.84,0.3358
177.26,66.9,225.79,2.043,91.69,36.38,27.45,1,82,2.07,0.3042
216.93,63.83,181.55,1.695,80.1,31.03,27.46,0,25,1.49,0.7289
146.77,73.29,258.57,2.117,89.35,36.53,24.47,1,50,2.1,0.3269
159.35,74.17,241.5,2.043,81.36,67.78,30.74,1,78,1.94,0.8251
145.98,58.4,265.34,2.028,90.9,73.71,25.65,1,110,1.96,0.2996
136.99,66.24,286.72,2.198,85.08,32.68,28.11,1,52,1.6,0.5676
182.32,42.24,206.98,1.601,77.64,78.82,27.57,0,25,1.6,0.8243
134.02,75.26,225.63,2.071,74.45,64.5,27.15,1,105,1.97,0.919
191.93,58.88,203.94,1.638,85.94,58.5,25.69,0,42,1.76,0.464
189.83,55.54,209.15,1.579,79.37,43.95,28.32,0,33,1.63,0.7944
223.62,54.69,192.37,1.58,78.53,50.44,26.75,0,12,1.63,0.7543
201.76,52.61,207.63,1.759,77.54,82.08,26.25,0,36,1.75,0.7662
143.07,67.25,292.11,1.989,82.95,80.14,28.17,1,63,1.68,0.6509
126.35,52.74,258.57,1.958,92.82,64.4,24.69,1,95,2.18,0.2233
225.38,53.74,157.91,1.512,81.02,61.84,27.15,0,12,1.66,0.6827
212.91,41.76,190.96,1.651,82.5,41.58,31.05,0,23,1.64,0.7884
178.82,68.42,239.07,1.939,83.03,82.43,26.62,1,76,1.99,0.5917
204.67,54.02,182.4,1.64,76.27,71.55,27.54,0,21,1.62,0.8732
231.82,63.0,161.21,1.621,88.28,51.02,25.44,0,25,1.88,0.3811
198.01,62.86,181.61,1.549,79.74,74.87,24.76,0,36,1.54,0.6327
124.57,51.11,275.2,1.833,79.87,41.65,30.82,1,147,1.66,0.8951
121.9,53.38,265.8,1.876,82.31,41.73,26.09,1,56,1.72,0.5978
203.04,54.58,181.42,1.495,82.86,73.5,32.34,0,32,1.57,0.8308
213.02,61.21,163.04,1.48,78.69,60.76,26.13,0,43,1.57,0.7218
146.61,50.97,294.24,2.055,81.4,60.57,31.17,1,60,1.76,0.8437
169.12,67.02,259.09,2.256,80.61,61.55,25.21,1,69,2.02,0.622
195.1,56.94,166.24,1.539,84.83,36.92,22.35,0,19,1.7,0.4097
138.52,76.61,254.24,1.954,63.11,49.23,29.12,1,127,1.76,1.488
233.97,41.82,170.87,1.53,94.08,61.52,26.53,0,27,1.82,0.2053
199.61,41.19,168.75,1.703,84.97,43.62,28.09,0,7,1.66,0.5711
169.66,78.37,234.86,2.051,77.02,57.72,29.6,1,73,1.94,0.9529
182.62,40.9,202.39,1.598,78.93,60.64,25.49,0,11,1.54,0.6872
143.9,63.15,284.1,1.854,79.14,81.85,28.76,1,97,1.73,0.8241
234.55,57.81,150.54,1.484,88.61,43.52,24.97,0,27,1.77,0.3602
222.42,41.99,161.19,1.621,76.22,54.16,24.24,0,29,1.56,0.7199
173.81,56.01,290.7,2.027,77.64,83.98,32.39,1,47,1.67,1.0868
198.02,53.05,203.92,1.598,94.8,40.27,23.95,0,28,1.84,0.1547
144.15,59.34,260.92,2.08,74.91,72.9,29.91,1,110,1.74,1.0591
194.64,62.54,168.25,1.453,85.84,39.74,24.51,0,25,1.72,0.4356
203.39,44.93,168.16,1.636,93.68,76.75,27.6,0,21,1.78,0.2334
226.51,49.51,203.83,1.63,83.57,56.84,30.1,0,43,1.56,0.7011
169.8,56.57,233.56,1.885,82.63,83.47,28.33,1,59,1.97,0.6693
212.26,59.37,180.69,1.527,89.52,39.35,22.79,0,19,1.66,0.2907
133.22,68.42,237.68,2.083,76.86,67.84,31.82,1,89,1.98,1.0891
195.38,63.22,162.57,1.463,90.12,68.24,26.53,0,31,1.8,0.3427
167.29,59.66,228.1,2.296,82.66,69.54,25.38,1,66,2.04,0.5618
191.13,57.21,171.48,1.667,74.66,35.55,25.61,0,9,1.5,0.8323
141.49,63.55,241.89,1.993,78.43,45.87,30.12,1,79,1.99,0.9215
179.93,65.41,279.26,1.97,75.79,48.59,29.86,1,143,1.79,1.019
143.03,78.46,244.6,2.095,81.69,47.84,27.12,1,99,1.83,0.6574
134.87,79.38,277.66,1.951,74.78,67.13,34.91,1,84,1.53,1.411
157.39,69.85,235.68,1.956,90.37,33.02,25.69,1,49,2.13,0.3178
168.11,78.34,238.4,2.174,87.47,70.15,26.12,1,73,2.23,0.4242
229.41,48.37,155.3,1.543,86.62,58.96,24.66,0,13,1.85,0.4153
244.39,46.65,185.38,1.616,80.52,39.51,29.96,0,27,1.44,0.8247
122.14,59.45,228.94,1.909,78.21,42.44,26.66,1,90,2.05,0.7615
151.58,66.77,296.91,2.031,71.47,35.37,27.92,1,117,1.62,1.0734
135.42,68.15,234.19,2.07,80.28,55.25,30.87,1,106,1.98,0.8794
198.18,40.41,193.62,1.802,88.69,62.72,25.32,0,32,1.83,0.3652
187.25,40.37,203.83,1.488,86.43,61.95,22.81,0,31,1.81,0.3769
215.94,40.73,195.17,1.426,81.75,82.93,25.64,0,21,1.55,0.6005
162.64,58.2,232.45,1.968,83.63,46.28,29.1,1,90,1.9,0.6595
195.64,49.35,171.88,1.526,83.84,71.91,25.83,0,43,1.53,0.5378
210.79,55.2,156.06,1.598,93.6,69.77,24.81,0,26,1.76,0.2005
213.17,64.65,177.66,1.663,88.15,33.37,28.35,0,35,1.72,0.4571
219.58,48.86,205.49,1.872,89.04,81.15,25.84,0,43,1.73,0.3649
174.35,74.92,255.5,1.946,85.21,81.22,28.97,1,111,2.02,0.5914
183.31,44.87,161.07,1.335,76.93,51.8,26.8,0,37,1.62,0.8129
178.9,77.96,266.52,1.971,85.06,52.97,28.62,1,113,1.8,0.5854
184.26,57.48,177.93,1.642,81.24,75.08,31.26,0,21,1.62,0.8554
209.62,59.76,205.88,1.484,85.19,57.23,28.15,0,7,1.5,0.5647
182.93,43.1,159.66,1.628,84.03,73.96,28.82,0,18,1.66,0.6331
232.23,43.37,192.72,1.616,86.82,31.99,25.49,0,17,1.65,0.4299
195.61,42.81,190.9,1.631,95.0,43.76,24.45,0,15,1.75,0.1533
245.74,61.43,209.01,1.695,83.16,35.01,26.62,0,39,1.49,0.5871
158.54,63.62,230.62,1.99,87.15,54.98,27.82,1,90,2.23,0.4807
211.24,56.08,202.29,1.666,83.24,76.98,24.34,0,40,1.59,0.5104
124.78,63.06,237.85,1.784,84.48,61.34,29.97,1,126,2.0,0.6574
162.51,58.8,259.4,1.885,86.77,58.62,28.25,1,87,1.95,0.5074
147.54,65.83,253.38,1.959,87.46,50.14,24.29,1,117,2.14,0.3807
245.46,55.88,187.16,1.479,91.09,33.5,27.51,0,35,1.71,0.3273
209.56,41.08,176.94,1.601,78.7,72.15,27.08,0,11,1.52,0.763
236.6,64.84,162.16,1.559,82.13,61.39,25.49,0,17,1.56,0.5828
206.61,40.67,185.35,1.545,85.64,81.2,25.47,0,33,1.78,0.4678
175.4,71.73,264.56,2.106,85.22,53.76,29.65,1,69,1.71,0.6146
198.16,48.12,181.47,1.61,81.33,52.08,30.07,0,33,1.59,0.7954
200.25,60.79,155.43,1.47,90.05,83.59,26.53,0,31,1.78,0.3451
141.33,79.87,254.72,1.928,82.62,37.76,23.96,1,89,1.84,0.5174
151.33,73.16,223.41,2.09,75.29,43.88,29.45,1,58,1.98,1.0158
151.8,57.49,239.52,2.024,80.87,56.85,31.3,1,82,1.99,0.8742
201.37,41.97,191.25,1.744,85.2,58.79,24.35,0,31,1.82,0.451
227.53,55.2,169.07,1.702,87.14,60.18,25.64,0,28,1.76,0.4232
242.26,44.86,180.35,1.553,82.76,41.67,27.33,0,17,1.56,0.6267
227.22,57.36,170.47,1.772,80.87,80.98,27.7,0,31,1.54,0.7106
237.95,59.63,202.82,1.782,81.55,68.69,28.42,0,25,1.61,0.7146
218.05,61.26,209.64,1.386,80.54,44.21,30.12,0,10,1.58,0.8314
184.82,43.34,159.67,1.604,81.21,46.18,27.51,0,31,1.59,0.6902
187.03,51.39,151.41,1.534,84.54,78.42,24.39,0,40,1.78,0.4722
218.81,63.68,163.16,1.569,82.09,50.92,25.99,0,34,1.58,0.6017
169.29,76.8,220.55,1.902,89.08,60.6,25.22,1,147,2.17,0.3505
132.73,55.72,252.71,1.887,82.53,36.62,28.82,1,117,1.93,0.6925
162.8,58.9,264.41,2.108,90.83,43.85,31.06,1,118,1.9,0.4134
226.65,63.06,174.52,1.46,82.29,52.91,28.91,0,14,1.67,0.7057
206.95,51.0,186.63,1.611,80.57,66.09,26.86,0,32,1.58,0.6871
236.18,60.94,177.34,1.438,95.0,45.41,28.18,0,44,1.88,0.191
142.62,78.89,260.13,2.152,80.58,82.29,32.21,1,140,1.69,0.9344
126.4,72.81,270.89,2.004,88.08,42.11,27.08,1,105,1.93,0.427
248.96,43.7,193.76,1.689,85.26,72.84,28.0,0,36,1.57,0.5572
165.88,73.42,288.92,2.023,83.94,50.05,29.63,1,85,1.72,0.6671
225.13,44.88,188.97,1.57,84.58,75.84,28.44,0,18,1.48,0.598
239.88,62.34,174.84,1.608,78.16,80.77,26.47,0,37,1.54,0.7548
170.47,65.05,248.18,2.181,86.33,40.29,25.57,1,122,2.15,0.448
145.23,67.97,291.35,1.892,73.98,57.03,29.89,1,114,1.8,1.0971
172.05,57.97,292.06,1.694,79.4,38.49,30.26,1,106,1.65,0.8872
151.56,56.1,237.94,1.906,78.21,68.82,28.51,1,63,2.01,0.8484
183.9,45.42,176.5,1.455,87.18,75.77,24.57,0,41,1.78,0.3958
163.11,68.71,228.23,2.116,81.55,51.42,30.69,1,83,1.97,0.8144
236.0,52.87,186.66,1.579,86.9,51.82,25.57,0,32,1.77,0.4293
167.37,71.61,286.93,2.099,84.81,41.21,26.81,1,99,1.73,0.5356
228.6,64.9,190.0,1.604,82.09,46.86,24.86,0,28,1.6,0.5626
127.64,60.6,232.38,2.001,83.22,47.81,25.53,1,94,2.04,0.5486
182.17,61.35,158.38,1.62,88.99,38.56,25.68,0,40,1.73,0.3632
129.89,65.18,285.34,2.178,87.71,47.05,27.92,1,107,1.92,0.4624
207.74,45.82,169.44,1.622,80.84,79.9,23.25,0,35,1.56,0.5465
179.46,76.34,229.14,2.133,74.26,47.9,28.43,1,97,1.96,0.9976
219.32,64.39,184.29,1.725,77.76,45.09,29.01,0,26,1.61,0.8914
209.46,50.65,164.8,1.58,90.28,51.16,24.94,0,34,1.82,0.3068
225.62,40.06,200.47,1.591,89.23,82.82,27.04,0,34,1.79,0.3849
213.87,52.48,158.6,1.555,78.28,72.05,27.33,0,14,1.54,0.7895
132.55,68.38,227.62,2.154,81.87,41.1,30.18,1,115,2.01,0.7772
239.74,59.4,165.19,1.487,94.3,71.39,24.86,0,24,1.84,0.1791
160.04,54.41,293.68,1.913,84.77,72.14,27.56,1,145,1.64,0.5611
203.06,62.88,182.91,1.567,91.74,82.26,25.4,0,16,1.79,0.268
210.58,63.5,197.46,1.462,91.05,79.01,23.83,0,33,1.75,0.2643
161.44,72.1,267.71,1.929,76.3,35.24,29.61,1,104,1.65,0.9833
157.17,75.14,292.25,2.136,81.63,55.0,27.69,1,107,1.8,0.6819
206.68,45.65,162.91,1.678,79.17,68.66,31.68,0,44,1.67,0.9727
170.15,58.1,245.09,1.95,78.47,83.54,32.83,1,83,1.92,1.0727
155.39,69.83,239.91,2.096,84.57,34.68,30.57,1,55,1.92,0.6764
246.59,50.43,187.21,1.85,86.43,50.25,25.68,0,9,1.83,0.4476
175.31,68.68,239.04,2.038,66.04,57.07,29.76,1,91,1.89,1.4212
175.79,76.62,277.9,2.17,75.05,52.73,28.76,1,69,1.67,0.9856
159.85,51.23,271.59,2.102,70.14,55.07,29.36,1,143,1.49,1.2212
184.06,43.42,167.3,1.565,85.92,50.3,24.95,0,39,1.74,0.4447
126.26,74.81,277.8,2.024,80.7,83.38,31.12,1,136,1.63,0.873
229.5,51.93,163.49,1.663,86.22,74.18,25.22,0,41,1.8,0.4423
205.14,49.89,199.36,1.511,77.67,70.52,27.82,0,43,1.67,0.8353
195.38,52.15,172.38,1.287,85.17,52.59,28.55,0,37,1.6,0.5788
244.06,63.5,154.03,1.5,86.15,78.48,27.7,0,13,1.6,0.5144
156.01,73.11,225.17,1.741,75.33,35.13,28.77,1,77,1.84,0.9751
154.6,60.55,269.45,1.91,73.9,37.89,29.19,1,72,1.61,1.057
137.37,68.42,259.53,1.795,82.03,82.47,28.29,1,71,1.97,0.6908
208.98,50.5,175.65,1.706,90.15,61.18,29.23,0,16,1.78,0.3998
237.21,51.29,204.96,1.458,93.24,38.77,25.29,0,44,1.79,0.2179
207.13,55.03,199.05,1.665,84.83,82.2,28.32,0,37,1.58,0.5842
123.17,67.03,253.81,2.092,80.18,83.62,26.3,1,144,1.98,0.6781
194.69,59.19,167.21,1.684,87.26,78.48,27.41,0,29,1.81,0.4653
158.53,77.29,253.82,1.776,81.33,43.12,26.56,1,147,1.82,0.6487
168.27,57.31,268.96,2.135,78.36,45.32,28.12,1,101,1.66,0.8237
219.65,55.59,175.08,1.65,70.55,52.38,29.15,0,28,1.51,1.1899
163.18,64.45,241.55,2.097,82.9,61.86,27.9,1,82,1.97,0.6426
243.14,60.65,153.19,1.82,80.36,84.57,26.66,0,26,1.7,0.6864
133.04,61.37,267.39,2.095,79.21,82.59,31.96,1,127,1.56,0.9863
126.44,71.27,265.39,1.858,68.2,80.66,30.89,1,137,1.42,1.4197
180.23,52.44,160.73,1.678,84.0,34.91,27.06,0,25,1.57,0.5725
245.38,62.74,190.69,1.42,71.87,71.64,26.08,0,30,1.59,0.9501
154.92,53.21,224.18,1.992,89.22,78.23,26.35,1,47,2.22,0.3699
177.78,53.57,265.08,1.94,80.72,48.33,32.65,1,129,1.7,0.9509
183.88,45.97,159.22,1.601,81.26,42.08,27.61,0,23,1.61,0.6924
162.05,65.99,248.88,1.819,84.19,71.16,29.03,1,118,1.98,0.6344
123.62,70.16,296.63,1.833,79.48,35.0,25.7,1,100,1.44,0.6776
126.46,53.8,256.54,1.946,82.18,81.75,28.53,1,108,2.0,0.6947
181.79,50.17,179.92,1.573,89.16,38.58,24.8,0,38,1.75,0.3393
131.89,67.93,297.37,1.949,66.68,55.16,28.16,1,110,1.55,1.2713
121.73,54.41,232.08,2.174,78.2,84.05,30.07,1,72,2.03,0.9287
232.98,50.63,186.96,1.651,84.03,84.35,25.96,0,40,1.59,0.5356
199.57,64.01,163.86,1.648,80.45,72.68,28.97,0,35,1.61,0.7818
133.11,50.5,223.56,1.954,90.26,76.16,27.25,1,136,2.24,0.3524
197.92,54.85,202.73,1.433,77.69,83.19,26.88,0,36,1.52,0.7898
122.88,79.87,299.34,2.0,80.04,81.01,27.06,1,80,1.79,0.7142
221.94,63.74,153.64,1.817,74.54,64.22,25.98,0,20,1.65,0.8548
213.01,61.15,207.66,1.627,93.92,70.4,23.48,0,43,1.89,0.1758
165.79,68.89,280.24,2.134,83.92,62.66,24.83,1,123,1.72,0.5042
206.2,56.3,159.1,1.749,81.81,57.86,26.11,0,10,1.57,0.6154
205.96,45.51,208.15,1.667,82.42,78.45,27.58,0,28,1.62,0.6484
248.07,58.27,171.92,1.626,86.43,70.59,26.95,0,9,1.84,0.4824
179.93,64.74,250.27,1.881,82.4,77.29,29.82,1,116,2.1,0.7391
237.26,53.15,156.2,1.575,94.94,35.28,28.67,0,40,1.69,0.1989
229.57,46.52,159.6,1.557,85.54,61.71,26.92,0,14,1.58,0.5131
124.54,78.37,226.38,2.04,79.16,48.12,28.9,1,148,2.05,0.83
249.52,57.27,151.33,1.43,80.86,58.24,26.48,0,22,1.59,0.6619
158.5,61.13,268.79,1.936,79.61,63.71,28.8,1,79,1.67,0.8074
227.77,57.98,197.52,1.648,75.75,76.52,26.94,0,27,1.57,0.8616
137.31,53.55,247.19,1.916,81.03,31.75,29.64,1,52,1.8,0.7884
218.86,55.31,205.13,1.49,90.71,39.02,23.01,0,28,1.66,0.2612
146.37,70.55,290.89,1.905,80.32,80.68,26.8,1,133,1.72,0.6935
182.48,43.88,202.42,1.567,80.07,83.2,25.99,0,24,1.6,0.6695
238.52,55.59,175.07,1.314,90.77,33.05,27.01,0,18,1.72,0.3293
242.75,54.66,181.81,1.51,74.37,48.25,28.89,0,12,1.67,1.0201
191.37,48.45,168.99,1.714,74.7,30.54,24.96,0,33,1.62,0.7995
235.09,47.4,189.48,1.639,78.78,71.66,25.5,0,7,1.59,0.6925
231.88,48.68,169.09,1.65,76.87,67.51,25.47,0,21,1.54,0.7535
129.77,56.82,251.6,1.781,80.57,61.06,32.07,1,119,1.98,0.9275
209.53,64.37,154.86,1.55,82.47,68.04,25.81,0,19,1.64,0.5827
209.59,59.09,153.46,1.586,81.16,59.58,28.04,0,27,1.72,0.7138
163.72,77.46,255.53,2.056,88.51,43.14,27.51,1,74,2.21,0.4221
165.06,71.68,287.77,2.133,82.36,71.49,24.1,1,117,1.72,0.5295
186.63,53.15,162.34,1.715,90.59,73.08,23.1,0,10,1.79,0.266
219.41,45.11,167.95,1.53,92.22,76.98,25.38,0,25,1.81,0.2521
233.32,58.03,204.31,1.533,81.96,82.47,25.84,0,16,1.66,0.6007
175.09,76.25,256.97,2.169,86.87,71.11,27.02,1,60,2.24,0.4687
152.72,76.66,275.72,1.957,78.88,33.0,30.45,1,49,1.6,0.9195
216.79,50.23,204.67,1.47,92.23,31.15,22.1,0,37,1.71,0.2067
139.42,74.32,261.45,1.975,72.45,70.69,30.22,1,116,1.68,1.1838
127.93,54.4,266.83,2.162,74.05,33.08,28.03,1,93,1.66,0.9826
148.39,72.43,283.89,1.891,79.61,47.38,28.81,1,53,1.79,0.8078
167.48,74.44,265.73,1.949,80.42,37.49,25.15,1,91,1.56,0.6258
186.25,46.61,182.8,1.496,80.76,83.29,26.84,0,36,1.56,0.6796
240.16,63.23,181.99,1.715,80.46,47.4,28.82,0,13,1.58,0.7746
201.78,56.44,192.8,1.635,88.22,33.03,25.42,0,23,1.74,0.3826
180.1,42.86,202.75,1.711,80.0,82.23,28.29,0,10,1.58,0.7688
196.39,43.59,187.02,1.788,82.47,63.48,23.24,0,9,1.85,0.4997
124.3,67.18,254.06,1.819,84.03,31.99,24.12,1,93,2.02,0.48
186.47,54.85,156.71,1.509,83.06,75.83,22.89,0,36,1.8,0.4728
228.5,58.82,197.35,1.548,79.47,38.39,25.95,0,42,1.51,0.6881
194.98,46.86,157.7,1.608,75.67,74.13,26.41,0,20,1.55,0.8379
153.63,73.93,223.2,2.061,83.64,63.15,26.89,1,48,1.99,0.5795
216.15,42.73,181.68,1.541,80.7,39.74,26.62,0,22,1.56,0.6729
212.21,45.19,173.15,1.517,90.15,71.39,24.64,0,34,1.79,0.3054
210.4,64.26,186.78,1.715,76.76,55.0,26.12,0,18,1.62,0.7868
228.48,43.37,196.34,1.666,83.63,65.1,23.51,0,14,1.87,0.4743
129.76,57.07,233.02,2.038,92.93,77.82,26.27,1,93,2.15,0.2415
165.34,76.63,237.13,1.743,76.09,44.32,29.68,1,145,2.01,0.996
241.61,41.83,206.83,1.745,83.35,50.13,25.52,0,12,1.46,0.544
152.73,51.54,283.07,2.022,72.28,84.85,32.38,1,70,1.43,1.3466
166.36,67.42,269.97,1.981,76.64,57.95,26.8,1,101,1.74,0.8231
140.46,78.39,241.19,1.902,90.03,60.72,28.01,1,148,2.17,0.3771
225.31,50.53,191.55,1.524,86.48,45.7,24.31,0,36,1.81,0.411
199.29,51.17,152.35,1.493,84.44,52.88,26.36,0,22,1.52,0.5343
236.02,42.81,184.5,1.36,74.39,57.59,27.36,0,17,1.46,0.9325
139.98,63.12,289.45,1.902,82.5,44.21,29.77,1,118,1.66,0.7328
225.52,45.27,206.5,1.408,84.81,43.1,31.64,0,21,1.57,0.7077
209.46,41.94,184.23,1.593,93.45,63.03,22.0,0,7,1.78,0.1732
247.33,64.92,197.65,1.462,85.9,40.1,27.72,0,19,1.67,0.5243
177.44,63.45,290.99,2.088,76.49,60.44,28.18,1,124,1.6,0.898
220.44,43.53,166.85,1.4,86.27,68.84,25.33,0,9,1.76,0.4436
128.95,77.53,296.64,2.143,83.31,40.9,30.59,1,58,1.68,0.7325
124.58,60.73,287.65,2.1,74.7,71.02,26.47,1,89,1.69,0.8744
183.35,41.6,164.03,1.472,75.01,49.78,29.87,0,17,1.65,1.0525
157.45,76.95,245.86,1.989,86.95,84.59,27.76,1,92,2.2,0.4864
236.76,42.25,188.64,1.497,87.99,83.85,26.55,0,18,1.84,0.417
136.55,73.52,268.65,2.069,76.54,73.92,25.8,1,78,1.76,0.7793
203.88,56.49,184.94,1.816,90.35,48.85,23.47,0,28,1.73,0.2789
132.71,61.3,276.54,2.142,78.74,81.55,32.49,1,61,1.76,1.0392
123.03,63.41,275.92,1.917,84.61,84.93,29.77,1,93,1.69,0.6444
151.02,62.56,226.98,2.014,83.61,55.43,23.02,1,80,2.2,0.461
140.82,72.7,242.84,2.183,82.67,63.8,31.18,1,96,2.01,0.7866
247.07,53.67,199.76,1.663,87.68,30.33,26.71,0,23,1.72,0.4318
176.79,64.74,267.2,2.121,80.8,32.39,27.71,1,123,1.53,0.7136
128.6,74.98,246.28,2.078,80.52,57.53,30.08,1,136,1.92,0.8303
120.12,71.96,288.04,2.009,80.31,63.51,26.61,1,89,1.67,0.6861
216.76,50.18,198.81,1.592,91.48,47.18,26.98,0,31,1.83,0.3034
147.76,67.62,252.74,1.855,78.28,35.45,31.8,1,46,1.96,1.0211
162.42,70.0,242.1,1.908,77.78,73.02,27.9,1,148,1.97,0.835
154.85,50.7,289.71,1.892,81.97,53.03,24.39,1,139,1.74,0.5507
240.19,54.12,152.53,1.558,86.42,65.69,24.12,0,25,1.79,0.4081
141.24,79.78,256.82,2.012,85.77,65.76,28.33,1,55,2.02,0.5483
195.3,58.76,151.07,1.587,76.01,60.08,27.57,0,32,1.57,0.8843
142.58,60.03,294.2,2.026,91.06,39.82,28.53,1,57,1.81,0.3485
188.52,51.2,173.33,1.68,86.73,63.88,24.8,0,21,1.75,0.4154
130.07,56.28,291.36,1.95,82.11,47.71,30.8,1,80,1.7,0.7946
166.28,62.05,277.55,2.089,81.12,75.05,28.77,1,143,1.74,0.7463
222.41,49.24,199.62,1.737,81.68,40.63,28.8,0,11,1.58,0.7254
136.15,54.06,253.66,2.05,78.82,46.01,31.04,1,141,2.01,0.9537
187.12,40.79,191.34,1.535,86.73,54.22,28.74,0,12,1.62,0.5236
177.77,68.21,224.82,2.114,81.8,70.7,28.51,1,90,2.06,0.7086
121.23,54.39,284.07,2.058,85.33,69.64,28.89,1,73,1.61,0.5839
131.97,51.33,229.77,2.074,81.8,48.54,26.14,1,128,2.04,0.6169
146.9,51.04,252.83,2.184,83.87,58.09,27.34,1,69,1.95,0.5867
158.31,58.02,238.77,2.085,77.82,42.88,28.51,1,65,1.94,0.8636
216.36,44.35,178.59,1.789,88.57,72.37,27.79,0,19,1.77,0.4268
224.49,46.48,200.16,1.582,80.17,40.82,25.74,0,8,1.55,0.6564
158.55,63.67,286.38,1.948,79.79,75.06,28.98,1,73,1.71,0.8086
172.65,59.74,298.25,2.138,78.58,81.53,30.38,1,149,1.65,0.9289
139.76,75.01,295.32,1.882,80.06,84.54,28.52,1,65,1.73,0.7768
169.74,65.15,269.79,2.227,83.37,77.13,30.82,1,114,1.59,0.7395
194.74,50.13,153.6,1.756,84.21,42.19,24.12,0,16,1.85,0.4746
135.17,58.87,252.06,2.011,88.79,52.91,28.53,1,103,2.12,0.437
244.38,51.17,207.6,1.744,79.72,34.89,26.32,0,31,1.52,0.6947
233.16,63.19,163.23,1.679,84.82,39.05,26.14,0,42,1.46,0.5145
218.7,47.48,169.85,1.445,78.59,32.73,27.81,0,16,1.48,0.8004
197.64,50.02,155.92,1.502,84.02,65.26,28.43,0,33,1.56,0.6193
187.76,49.91,171.73,1.634,83.61,59.33,26.46,0,13,1.49,0.5661
242.91,53.65,152.66,1.619,84.26,80.44,24.96,0,27,1.78,0.4974
165.45,62.3,267.63,2.157,90.27,55.47,25.75,1,138,1.84,0.3223
187.75,46.2,183.33,1.636,81.61,65.33,25.13,0,24,1.53,0.5871
235.81,59.84,208.5,1.448,87.69,52.09,25.27,0,7,1.78,0.3963
211.27,52.41,199.1,1.535,79.61,75.62,26.71,0,31,1.59,0.7147
202.68,40.18,199.32,1.689,84.83,80.95,25.81,0,27,1.6,0.5042
231.74,54.78,163.69,1.381,76.43,53.75,27.88,0,36,1.62,0.8847
223.0,59.95,155.23,1.431,81.44,34.55,25.27,0,38,1.44,0.5975
145.14,71.14,298.92,1.955,84.44,38.99,25.16,1,128,1.73,0.4976
126.22,63.14,252.8,2.111,91.61,69.63,27.73,1,79,2.24,0.3122
146.58,58.82,222.01,1.974,79.15,47.89,32.06,1,118,1.98,0.9947
202.35,64.41,156.54,1.655,92.03,73.2,26.38,0,35,1.9,0.274
203.08,41.91,179.63,1.601,85.84,71.24,25.3,0,38,1.7,0.4566
145.95,67.5,291.31,1.983,80.99,68.19,27.31,1,147,1.72,0.6902
199.81,48.98,175.33,1.522,92.88,74.78,24.8,0,34,1.76,0.2229
211.11,63.54,153.73,1.701,86.81,71.61,25.42,0,11,1.76,0.4284
205.74,56.22,201.41,1.449,79.08,64.79,28.01,0,41,1.57,0.7912
231.47,62.26,150.79,1.572,86.4,30.23,26.06,0,31,1.77,0.4588
222.25,59.65,206.36,1.738,84.62,58.36,23.8,0,13,1.72,0.4534
225.75,40.7,201.77,1.508,70.52,62.74,30.04,0,39,1.32,1.2537
163.59,50.3,292.55,1.813,87.2,82.84,27.75,1,97,1.93,0.4768
202.79,53.14,208.95,1.346,91.66,65.78,23.69,0,27,1.89,0.2443
152.05,73.43,257.43,2.08,90.14,61.65,29.5,1,64,2.16,0.4065
166.98,51.14,228.34,2.088,85.53,59.77,26.75,1,136,2.05,0.5084
125.64,69.4,239.71,1.959,78.79,35.68,30.51,1,145,1.94,0.9266
120.72,78.49,264.39,1.847,83.68,53.52,31.11,1,113,1.71,0.7378
168.87,55.14,291.8,1.982,88.06,37.39,26.32,1,94,1.81,0.409
249.87,49.61,173.64,1.741,89.32,32.9,29.3,0,9,1.68,0.4353
187.06,55.75,176.15,1.448,84.56,48.12,25.24,0,36,1.85,0.4961
237.49,44.85,204.75,1.727,83.32,65.5,25.94,0,34,1.63,0.5587
166.0,68.61,243.53,1.797,79.12,77.67,27.55,1,145,1.97,0.7688
178.07,62.12,233.58,1.864,81.22,74.57,32.19,1,52,1.92,0.9026
225.02,60.28,206.23,1.613,75.97,46.21,26.43,0,40,1.56,0.8285
148.88,52.67,259.41,2.114,87.69,32.53,26.32,1,113,2.05,0.4217
187.98,59.27,203.56,1.777,84.63,52.15,28.68,0,11,1.6,0.6044
160.15,57.16,292.35,2.119,86.45,47.31,26.64,1,67,1.92,0.473
186.35,58.22,202.67,1.786,87.88,50.42,22.57,0,8,1.82,0.3317
208.52,49.68,190.63,1.622,91.35,60.75,26.46,0,30,1.82,0.2988
243.81,42.52,194.61,1.525,87.48,31.67,27.09,0,16,1.71,0.4487
234.71,49.83,191.99,1.742,80.17,50.39,27.0,0,26,1.6,0.707
230.6,43.97,177.63,1.764,81.29,60.72,25.85,0,41,1.6,0.6234
217.31,49.77,166.47,1.712,79.03,53.7,26.75,0,27,1.66,0.7368
168.64,74.29,273.55,2.074,83.57,66.7,29.65,1,125,1.68,0.6833
211.46,54.98,193.87,1.767,77.96,40.24,27.26,0,35,1.59,0.7979
190.48,49.04,187.56,1.641,89.74,38.46,25.75,0,41,1.59,0.3398
169.62,61.29,273.51,1.998,90.35,46.93,26.4,1,102,1.87,0.3321
138.76,55.5,275.47,2.087,76.74,35.6,29.3,1,51,1.58,0.948
183.75,62.99,196.49,1.657,79.78,42.99,29.77,0,26,1.66,0.8467
188.82,42.28,194.9,1.706,84.06,34.78,26.13,0,42,1.43,0.5399
222.63,57.19,156.32,1.584,88.11,52.11,26.46,0,24,1.79,0.4107
222.5,56.81,171.78,1.709,92.56,69.13,25.54,0,28,1.79,0.2434
142.0,60.67,221.55,2.103,72.64,45.76,29.37,1,117,2.03,1.1196
230.9,49.29,182.29,1.626,78.53,30.21,30.42,0,21,1.48,0.9332
234.15,47.64,153.68,1.51,81.51,60.64,27.4,0,22,1.63,0.6749
170.07,66.21,237.99,2.149,77.5,68.06,25.56,1,109,2.01,0.7369
220.95,46.63,156.39,1.455,81.16,51.52,26.57,0,9,1.56,0.6549
145.5,55.89,289.41,1.885,82.86,46.33,29.75,1,89,1.64,0.7169
232.72,60.94,196.96,1.62,80.92,56.99,27.99,0,33,1.7,0.7208
174.65,54.53,271.91,1.699,74.61,35.57,27.97,1,149,1.57,0.958
201.72,43.94,189.61,1.785,95.0,65.42,27.36,0,44,1.72,0.1821
133.46,62.95,268.23,2.002,85.13,70.33,26.33,1,148,1.68,0.5097
168.96,56.75,285.24,2.185,83.94,68.75,26.8,1,63,1.67,0.5659
200.82,63.17,192.76,1.816,78.9,48.08,25.68,0,8,1.54,0.696
159.61,59.88,294.58,1.981,82.99,76.35,28.69,1,77,1.7,0.6693
157.49,66.14,237.07,2.162,83.18,82.08,26.11,1,69,2.01,0.5691
139.17,71.72,293.54,1.873,73.76,46.34,26.99,1,131,1.6,0.935
121.22,64.38,222.26,2.052,77.9,44.45,26.95,1,95,2.01,0.7856
131.51,51.86,263.42,1.943,86.34,68.73,27.93,1,104,1.74,0.5142
238.36,55.01,161.55,1.684,93.6,68.96,26.24,0,39,1.75,0.2182
218.24,62.9,185.13,1.706,86.66,58.07,25.2,0,8,1.73,0.4276
173.03,62.75,264.39,1.981,84.9,80.78,31.24,1,59,1.65,0.6877
206.9,40.07,202.55,1.665,79.99,38.05,29.7,0,39,1.47,0.8345
151.33,59.83,243.14,2.113,78.37,56.26,31.89,1,118,2.0,1.0221
150.72,76.61,224.31,2.023,84.66,31.94,31.43,1,61,1.84,0.7062
235.43,40.43,191.24,1.905,91.67,32.9,26.83,0,7,1.68,0.294
212.55,49.87,196.82,1.584,92.64,32.95,23.74,0,35,1.69,0.2162
172.41,75.7,293.89,2.199,76.47,57.05,28.55,1,107,1.71,0.9183
229.29,60.95,167.84,1.737,81.8,62.39,28.18,0,26,1.53,0.6952
162.01,75.91,245.42,1.777,84.01,30.19,27.64,1,104,1.86,0.5919
215.72,45.81,176.66,1.779,86.91,64.79,21.44,0,23,1.76,0.3345
127.03,54.54,236.94,2.129,82.82,56.93,29.58,1,66,2.08,0.7116
209.67,46.59,180.27,1.614,88.01,42.31,26.22,0,32,1.85,0.4083
153.04,53.34,281.4,2.044,88.77,30.83,26.38,1,106,1.79,0.3861
248.75,60.19,159.96,1.659,90.77,38.59,27.96,0,40,1.62,0.3481
172.85,74.91,225.18,2.165,80.39,63.02,28.29,1,118,2.04,0.7539
243.26,40.14,163.64,1.55,76.36,66.24,27.02,0,8,1.65,0.8438
124.9,57.33,299.17,2.19,83.31,65.59,28.86,1,118,1.69,0.6632
137.68,70.28,265.28,1.87,89.36,38.42,30.63,1,55,1.77,0.468
185.93,57.63,191.04,1.389,80.36,80.12,27.51,0,44,1.56,0.7215
198.43,59.53,186.0,1.671,85.96,52.6,27.75,0,19,1.63,0.523
210.93,56.59,180.14,1.751,89.36,72.24,24.02,0,31,1.83,0.3179
156.51,75.42,276.11,1.978,78.61,39.16,33.16,1,129,1.54,1.0856
158.79,65.44,290.91,1.728,82.7,55.88,27.6,1,109,1.65,0.6389
243.22,46.79,180.61,1.421,80.22,58.68,25.18,0,24,1.54,0.6333
245.79,49.56,183.84,1.652,70.89,72.37,28.01,0,25,1.68,1.101
191.45,55.41,151.35,1.599,79.2,64.18,25.27,0,19,1.61,0.6696
125.75,59.67,255.99,2.154,79.45,51.96,29.0,1,116,2.05,0.8232
213.72,47.38,196.97,1.609,90.24,45.54,25.28,0,22,1.8,0.3144
125.3,78.64,273.33,1.911,82.45,83.51,27.26,1,59,1.71,0.6353
234.95,53.34,202.52,1.637,81.03,45.65,26.53,0,22,1.58,0.6579
143.86,65.23,260.6,2.122,75.16,37.12,30.99,1,66,1.67,1.1153
241.77,57.95,195.97,1.762,87.13,46.52,26.28,0,18,1.81,0.4398
226.96,51.84,198.27,1.587,88.12,47.98,29.08,0,32,1.79,0.4781
132.44,75.57,245.86,2.008,88.21,37.03,27.34,1,126,2.0,0.4288
144.69,54.05,284.43,2.094,85.74,68.95,27.54,1,107,1.72,0.5247
132.18,77.53,250.18,1.91,72.86,64.05,30.29,1,90,2.02,1.1709
186.53,40.08,183.03,1.688,82.18,47.41,26.18,0,36,1.66,0.6054
191.66,47.76,183.99,1.572,88.88,84.62,31.5,0,42,1.58,0.514
176.89,66.39,281.1,1.991,85.29,66.03,30.91,1,47,1.66,0.6575
125.39,54.51,234.36,2.0,76.48,68.68,25.92,1,58,2.08,0.7869
237.07,46.33,168.73,1.616,85.59,60.65,24.04,0,37,1.72,0.431
200.78,53.59,182.14,1.83,83.75,60.34,28.4,0,18,1.55,0.6287
248.31,41.97,164.97,1.544,76.8,31.1,29.88,0,17,1.57,0.9776
174.74,77.47,285.66,1.95,69.94,72.4,28.91,1,80,1.74,1.1979
192.14,47.59,208.51,1.774,81.94,80.09,28.95,0,31,1.58,0.7213
213.32,49.58,198.12,1.653,80.07,36.72,26.1,0,31,1.48,0.6739
212.68,59.78,187.15,1.692,80.39,73.76,25.77,0,26,1.59,0.6503
214.48,56.55,184.05,1.476,84.88,59.39,23.16,0,14,1.84,0.4289
217.5,51.15,179.39,1.63,79.32,45.69,30.57,0,30,1.64,0.9066
182.18,54.44,162.3,1.697,82.76,80.65,27.44,0,24,1.63,0.6307
228.04,59.17,170.88,1.519,80.12,30.96,25.52,0,44,1.54,0.6495
142.94,76.72,264.53,2.075,79.34,45.07,30.07,1,147,1.73,0.8801
235.37,44.63,206.67,1.575,76.61,78.74,24.55,0,30,1.48,0.7213
237.07,47.52,175.53,1.523,84.47,56.46,27.31,0,11,1.62,0.5638
179.11,66.94,270.79,2.122,70.14,62.94,25.64,1,83,1.68,0.9826
151.06,74.81,236.2,2.137,83.3,71.24,25.28,1,111,2.11,0.5379
229.23,40.3,181.11,1.615,88.36,38.14,26.37,0,15,1.63,0.3999
248.44,44.35,165.09,1.654,80.96,41.83,23.6,0,8,1.54,0.5546
211.27,60.21,172.86,1.759,87.1,84.92,26.65,0,7,1.81,0.4506
124.32,54.97,239.76,1.953,88.16,43.06,27.91,1,140,2.14,0.4452
177.59,57.55,276.1,2.042,65.51,59.66,28.27,1,77,1.63,1.3243
145.08,54.89,225.66,1.954,78.39,46.43,31.5,1,80,2.03,0.9988
138.82,60.12,286.61,1.878,68.34,76.83,27.54,1,47,1.67,1.165
178.44,58.68,295.48,1.953,80.05,82.9,29.85,1,48,1.72,0.8392
225.88,51.65,170.16,1.465,84.74,37.77,25.25,0,41,1.71,0.4906
199.12,41.61,158.12,1.651,69.89,63.03,27.99,0,32,1.57,1.1375
121.11,51.58,269.86,1.907,86.92,74.64,33.56,1,130,1.64,0.6789
164.91,73.35,288.59,1.832,86.13,75.27,25.33,1,93,1.84,0.4481
239.89,50.84,182.04,1.689,77.45,54.22,28.68,0,11,1.58,0.8867
143.3,50.6,222.22,2.081,87.88,42.4,29.94,1,125,2.05,0.5125
247.53,55.81,174.46,1.56,74.18,51.29,27.05,0,40,1.63,0.9233
215.25,54.31,205.48,1.684,79.3,71.31,24.5,0,21,1.71,0.6365
199.31,50.55,173.98,1.503,72.16,84.66,26.49,0,9,1.56,0.9633
193.53,40.42,168.44,1.555,93.61,60.49,25.43,0,25,1.74,0.2077
176.32,55.06,275.32,2.049,85.9,40.73,25.84,1,148,1.89,0.4695
217.55,61.99,158.18,1.724,87.62,32.31,25.75,0,28,1.72,0.41
123.98,58.11,224.36,1.954,85.56,81.9,26.05,1,54,2.22,0.4868
158.66,63.34,264.87,1.928,83.86,56.57,29.45,1,112,1.72,0.6635
170.96,76.84,271.84,2.118,82.61,69.41,28.09,1,93,1.71,0.6608
183.04,45.56,158.91,1.674,84.66,66.31,26.89,0,37,1.57,0.5434
236.18,53.48,182.11,1.618,86.61,79.0,23.8,0,23,1.78,0.3948
217.29,45.9,152.81,1.742,80.58,44.63,26.53,0,19,1.68,0.6735
178.66,63.85,292.0,2.234,83.77,54.29,26.11,1,115,1.64,0.5491
175.17,67.47,257.14,2.044,77.67,80.25,34.66,1,128,1.81,1.2321
222.87,47.19,188.42,1.529,81.24,62.21,29.79,0,22,1.66,0.7865
153.53,79.72,282.42,2.06,78.85,33.92,23.62,1,48,1.55,0.6168
209.22,63.83,204.33,1.502,74.82,40.7,28.84,0,40,1.55,0.9993
146.55,73.5,271.87,2.149,89.77,43.05,25.71,1,126,1.91,0.338
204.53,43.24,188.25,1.516,83.27,84.66,25.21,0,30,1.62,0.5366
123.58,59.39,246.56,1.977,84.14,42.33,29.21,1,131,1.98,0.6431
191.19,60.16,174.05,1.499,76.05,77.83,28.87,0,11,1.62,0.9522
132.32,66.8,243.64,2.022,75.22,34.3,27.69,1,49,1.82,0.9199
151.64,57.34,265.62,2.026,78.19,39.99,27.89,1,55,1.57,0.8191
166.78,54.45,284.42,2.089,81.47,77.96,27.68,1,141,1.76,0.6875
194.42,58.68,195.82,1.614,81.68,79.44,24.99,0,19,1.51,0.58
209.13,46.87,205.14,1.606,89.43,39.69,27.27,0,14,1.8,0.3829
201.81,64.54,191.93,1.531,82.52,42.64,28.75,0,7,1.59,0.6901
235.12,53.51,170.55,1.566,95.0,59.18,23.01,0,21,1.88,0.1406
183.51,44.8,157.38,1.433,84.94,32.9,27.32,0,16,1.56,0.5471
133.32,66.08,289.32,2.167,68.04,81.99,30.45,1,88,1.51,1.3915
145.52,73.63,297.41,1.989,86.56,49.91,29.13,1,147,1.71,0.5424
249.51,47.22,173.79,1.797,75.28,56.91,27.42,0,43,1.69,0.9033
219.95,48.19,184.67,1.585,85.14,35.78,26.12,0,27,1.45,0.5031
189.73,59.2,156.39,1.372,79.96,31.79,26.29,0,7,1.49,0.6853
159.72,74.63,239.24,1.946,94.26,55.73,26.62,1,88,2.17,0.2001
191.75,49.54,188.27,1.6,89.1,36.69,28.44,0,37,1.66,0.4227
121.39,65.65,224.41,2.008,77.78,64.67,28.9,1,96,2.06,0.8849
235.8,60.67,158.11,1.681,82.62,73.7,26.94,0,24,1.62,0.6175
133.46,59.76,223.0,2.021,82.16,31.74,29.52,1,121,1.92,0.7364
124.73,59.74,288.02,1.96,86.38,63.67,28.26,1,64,1.72,0.5227
203.19,54.5,161.22,1.49,82.18,74.86,28.3,0,44,1.64,0.6854
149.88,51.34,284.87,1.951,78.06,54.17,27.02,1,95,1.69,0.7832
198.03,60.32,207.5,1.673,78.88,82.78,27.82,0,10,1.65,0.79
159.84,71.74,299.51,2.103,79.61,36.12,30.97,1,86,1.6,0.9145
225.66,60.31,150.12,1.519,87.95,47.76,28.58,0,41,1.8,0.4711
138.44,56.52,277.32,2.121,85.34,42.65,27.0,1,124,1.68,0.5227
135.8,56.4,255.36,2.068,77.62,84.79,28.9,1,62,1.99,0.8913
156.05,52.46,267.84,1.894,84.51,46.18,29.15,1,97,1.72,0.6259
132.0,52.69,285.32,2.03,79.18,51.34,29.32,1,58,1.7,0.8495
242.82,55.06,178.87,1.644,88.69,76.62,25.85,0,37,1.76,0.3768
185.56,63.44,196.4,1.472,95.0,81.15,27.28,0,40,1.79,0.1812
204.42,53.98,204.55,1.437,82.13,81.58,26.19,0,13,1.58,0.6075
222.74,40.14,161.36,1.657,88.23,60.7,25.86,0,35,1.79,0.3924
176.7,79.86,297.47,1.945,77.24,66.48,29.49,1,75,1.61,0.9378
186.75,47.12,188.52,1.781,84.78,49.2,24.62,0,39,1.84,0.4713
126.56,55.61,258.2,2.207,79.32,63.39,31.48,1,60,1.99,0.9548
170.63,56.39,271.89,2.057,78.51,46.65,31.14,1,49,1.72,0.9732
126.58,64.76,284.74,2.114,94.73,71.03,27.87,1,97,1.92,0.1977
242.66,57.17,175.27,1.477,81.53,46.9,27.16,0,10,1.54,0.6647
140.88,65.12,286.35,1.84,86.2,78.37,26.93,1,149,1.93,0.49
148.0,61.98,228.92,1.983,70.36,37.89,30.55,1,91,1.65,1.2979
192.33,60.59,172.16,1.446,85.15,61.45,27.23,0,25,1.62,0.5366
150.44,74.68,258.61,2.037,85.15,58.64,31.17,1,91,1.91,0.6736
174.79,74.84,274.77,1.906,79.0,44.5,28.73,1,77,1.59,0.8282
241.82,59.44,170.06,1.623,70.83,31.54,26.8,0,38,1.54,1.0279
227.19,57.88,189.97,1.579,82.92,38.17,27.1,0,12,1.53,0.6125
205.92,53.5,170.78,1.676,85.14,83.24,24.93,0,44,1.79,0.4688
193.33,49.58,197.76,1.639,86.0,81.77,27.91,0,34,1.6,0.5264
237.16,50.19,203.3,1.552,89.95,36.56,30.67,0,32,1.62,0.4431
222.23,50.83,200.25,1.436,83.56,50.62,24.48,0,14,1.6,0.5049
205.23,48.72,179.07,1.62,79.98,55.58,25.82,0,16,1.6,0.6658
211.07,57.48,155.04,1.391,77.4,56.29,26.96,0,28,1.57,0.8039
165.67,60.44,252.12,2.15,82.3,46.44,29.1,1,131,1.99,0.7131
203.72,64.19,175.47,1.663,87.05,80.21,25.38,0,28,1.75,0.4196
143.36,68.45,262.02,2.101,77.0,79.97,30.85,1,63,1.62,1.0245
243.79,47.45,183.93,1.484,85.1,31.04,29.22,0,12,1.5,0.6045
207.11,41.06,188.45,1.643,84.61,65.75,28.02,0,37,1.53,0.5824
204.39,57.78,196.92,1.52,87.0,34.09,23.01,0,42,1.72,0.3654
194.31,58.36,184.09,1.618,80.23,62.86,25.28,0,17,1.61,0.6368
242.82,64.09,185.91,1.48,78.42,77.68,29.64,0,24,1.65,0.8969
142.1,77.73,281.81,1.99,70.42,65.72,27.7,1,113,1.71,1.0987
224.57,42.07,153.53,1.435,83.14,55.79,28.38,0,9,1.75,0.6515
147.68,67.4,262.56,1.981,82.42,82.68,28.02,1,117,1.68,0.6653
152.56,76.15,245.08,1.803,82.33,71.06,29.02,1,71,2.01,0.7086
238.02,58.04,174.72,1.81,86.41,43.71,26.24,0,23,1.76,0.4633
208.74,41.52,182.93,1.619,83.55,51.28,28.76,0,36,1.65,0.6498
172.98,74.11,299.02,2.001,82.98,71.79,26.63,1,84,1.7,0.5938
206.07,43.18,177.01,1.681,85.34,31.06,24.89,0,37,1.61,0.4614
228.69,57.39,162.53,1.444,74.81,33.52,28.52,0,38,1.45,0.9814
165.63,70.73,239.45,1.906,80.69,77.27,26.55,1,89,1.99,0.6705
181.54,63.89,179.51,1.664,81.42,32.36,29.26,0,15,1.43,0.7555
122.48,66.36,260.84,2.019,80.5,67.32,25.91,1,109,1.72,0.652
157.15,67.83,250.78,1.914,83.37,47.54,31.59,1,137,1.92,0.7726
237.69,41.74,187.34,1.678,82.02,75.42,24.66,0,25,1.58,0.5581
191.84,61.98,162.16,1.636,84.72,76.6,26.51,0,36,1.58,0.5293
207.46,54.85,173.0,1.661,86.89,82.43,23.54,0,42,1.84,0.3805
237.57,53.37,174.76,1.647,88.26,35.26,25.52,0,17,1.68,0.3836
194.42,43.29,176.92,1.518,90.74,53.26,23.63,0,21,1.84,0.2702
130.69,67.21,230.94,1.991,83.63,61.57,30.37,1,49,2.02,0.7095
214.84,49.97,201.01,1.377,71.83,80.38,27.93,0,27,1.54,1.0605
205.63,47.89,175.67,1.539,92.74,44.66,23.04,0,16,1.9,0.2045
124.72,61.19,220.06,1.971,90.68,33.94,27.18,1,48,2.15,0.3358
164.02,77.62,235.19,2.075,77.9,41.1,30.22,1,72,1.95,0.9496
173.52,61.63,234.05,2.061,83.15,57.26,28.37,1,106,1.94,0.6508
231.35,60.57,183.56,1.51,80.35,67.46,25.22,0,30,1.66,0.6307
163.54,72.74,233.29,1.907,73.93,67.99,26.48,1,51,2.04,0.9015
194.05,58.65,198.76,1.757,82.33,34.11,23.86,0,32,1.53,0.5228
236.54,47.06,175.03,1.565,80.91,71.88,26.54,0,23,1.55,0.6625
236.38,55.01,188.15,1.614,81.55,66.31,26.86,0,25,1.56,0.6524
121.6,54.52,281.02,2.094,76.7,52.41,28.89,1,74,1.76,0.9274
216.87,42.93,155.45,1.59,79.34,61.41,27.22,0,19,1.62,0.7462
228.73,55.97,178.79,1.582,84.49,72.23,25.5,0,8,1.56,0.5061
215.65,61.28,204.01,1.562,81.51,44.42,24.6,0,38,1.66,0.5719
209.19,41.68,189.0,1.539,86.98,81.7,25.82,0,39,1.89,0.433
157.73,73.86,271.95,2.017,85.61,37.58,28.1,1,110,1.57,0.5471
120.73,50.86,294.28,1.781,92.21,79.62,30.21,1,116,1.86,0.3345
162.67,76.44,234.86,1.957,90.6,70.75,25.03,1,119,2.27,0.2983
242.01,55.3,174.05,1.665,87.55,66.33,23.51,0,13,1.88,0.3607
228.11,45.36,196.98,1.651,78.29,34.56,29.01,0,31,1.58,0.8701
241.66,42.91,158.27,1.769,86.01,80.55,25.5,0,29,1.82,0.4565
203.54,53.64,182.35,1.7,87.57,46.24,23.96,0,34,1.77,0.37
199.04,61.55,204.68,1.649,81.39,71.01,26.16,0,18,1.64,0.6315
179.75,54.84,252.93,2.003,86.78,78.66,27.38,1,61,2.18,0.4819
207.59,60.47,201.14,1.545,79.8,43.44,23.01,0,41,1.58,0.5678
229.68,46.66,172.5,1.66,81.83,80.3,27.16,0,31,1.61,0.6539
190.34,62.15,206.47,1.639,88.31,63.66,24.41,0,36,1.8,0.3575
232.91,49.43,198.32,1.555,79.13,66.25,29.92,0,38,1.57,0.8815
218.43,61.31,201.07,1.496,81.67,80.3,27.55,0,42,1.54,0.6749
132.91,50.06,270.41,1.994,78.43,58.97,31.53,1,103,1.69,0.9987
159.98,74.54,236.32,2.139,73.42,54.24,33.23,1,121,1.77,1.3544
131.18,64.79,264.32,2.013,86.69,64.83,29.65,1,73,1.63,0.5535
180.83,54.19,157.66,1.603,77.46,60.47,27.73,0,14,1.61,0.8387
224.62,41.98,191.45,1.651,85.29,33.38,26.45,0,11,1.51,0.5078
217.91,63.25,183.79,1.658,86.11,39.93,26.07,0,8,1.73,0.4688
195.42,46.79,169.65,1.63,78.8,30.75,26.62,0,25,1.51,0.7392
176.85,67.27,221.97,1.995,79.7,35.95,31.3,1,110,1.89,0.9277
201.24,45.83,153.72,1.539,79.72,70.14,25.81,0,18,1.63,0.6741
199.38,40.08,152.83,1.721,94.36,30.26,22.33,0,38,1.71,0.1521
212.99,57.31,171.26,1.549,76.2,46.74,28.45,0,12,1.61,0.9235
227.33,54.76,161.63,1.789,79.84,54.71,27.1,0,14,1.63,0.723
177.47,79.76,248.21,2.019,76.09,81.58,28.1,1,114,1.97,0.9091
189.9,41.03,206.88,1.606,73.44,47.99,30.3,0,19,1.65,1.1465
207.75,63.22,189.7,1.691,91.45,73.07,26.67,0,37,1.8,0.299
184.69,48.27,189.29,1.522,88.23,52.48,24.43,0,19,1.79,0.3604
233.1,62.83,150.4,1.669,82.81,35.42,28.21,0,7,1.55,0.6578
171.34,63.32,271.72,2.014,82.38,35.44,24.27,1,125,1.57,0.5343
136.29,66.47,249.95,2.049,86.87,53.78,27.96,1,93,2.18,0.4952
144.53,67.87,223.08,1.918,80.74,33.18,25.16,1,118,1.92,0.616
163.56,67.72,279.05,1.917,85.73,61.44,28.6,1,96,1.71,0.5585
217.44,41.98,200.91,1.38,79.76,57.15,25.98,0,39,1.76,0.6796
165.33,74.57,262.41,1.945,75.67,68.64,31.79,1,69,1.75,1.1432
185.52,40.66,166.74,1.539,90.87,40.21,22.69,0,25,1.68,0.2517
216.0,52.53,162.43,1.52,88.75,62.61,25.63,0,9,1.81,0.37
136.58,55.2,279.75,1.986,88.75,39.6,24.15,1,129,1.71,0.3387
222.01,58.31,153.79,1.608,79.78,69.72,24.97,0,15,1.58,0.6394
127.03,67.51,272.65,2.06,79.48,46.89,28.66,1,50,1.71,0.806
248.06,46.5,205.76,1.668,85.24,63.79,25.6,0,8,1.78,0.4845
144.24,69.6,268.79,2.078,79.01,78.55,26.94,1,125,1.59,0.7457
149.22,53.12,221.16,2.083,89.57,56.85,27.54,1,64,2.2,0.3838
120.0,59.04,269.45,2.033,72.77,40.58,25.25,1,121,1.67,0.8755
173.32,65.22,269.0,2.007,82.49,78.74,23.46,1,126,1.73,0.5058
120.46,59.15,225.57,2.111,81.5,49.72,26.06,1,143,1.91,0.6241
207.53,63.65,200.18,1.683,69.69,70.16,26.21,0,11,1.56,1.0316
210.8,61.98,198.59,1.422,76.59,47.61,26.59,0,40,1.64,0.8148
217.45,64.77,154.86,1.579,84.94,46.4,28.55,0,44,1.49,0.5877
132.5,60.36,291.44,1.784,83.07,65.31,27.32,1,79,1.72,0.615
244.02,63.71,173.84,1.381,92.55,38.6,25.35,0,39,1.66,0.241
152.23,68.83,229.32,1.939,95.0,77.68,21.39,1,87,2.19,0.1274
211.85,44.21,180.08,1.585,84.77,51.32,27.66,0,9,1.54,0.5644
180.01,41.14,170.98,1.549,82.67,31.06,29.32,0,8,1.48,0.7071
124.01,58.71,244.3,1.787,83.0,46.8,27.59,1,138,1.95,0.6274
188.7,59.47,178.41,1.693,70.2,73.17,26.7,0,36,1.54,1.0439
197.12,55.79,165.4,1.515,76.07,77.26,27.18,0,29,1.64,0.8622
190.67,45.61,203.43,1.659,85.94,61.23,24.51,0,39,1.79,0.4326
160.78,64.59,284.5,1.918,86.57,46.18,26.68,1,132,1.91,0.4699
138.97,75.43,231.87,1.94,84.07,59.03,27.64,1,92,2.0,0.5896
220.57,60.55,158.63,1.652,82.37,76.0,22.96,0,19,1.86,0.4941
246.93,59.85,159.82,1.558,87.68,47.38,27.23,0,10,1.82,0.4452
196.2,64.31,182.28,1.62,91.75,51.2,25.73,0,25,1.83,0.2729
140.53,64.87,232.67,2.033,88.4,59.68,26.43,1,100,2.24,0.3999
160.58,76.85,221.93,1.829,90.55,78.79,24.33,1,57,2.16,0.2876
237.85,48.53,162.25,1.657,82.61,62.02,24.55,0,12,1.69,0.5363
231.0,50.4,157.93,1.487,89.11,41.42,26.41,0,18,1.73,0.375
193.23,51.71,179.53,1.467,86.6,34.9,24.03,0,15,1.71,0.4006
150.52,54.66,280.31,1.913,88.86,35.23,23.55,1,57,1.81,0.3235
135.12,70.5,220.99,2.098,85.9,82.26,26.02,1,148,2.32,0.4745
217.14,55.0,163.23,1.408,83.39,75.23,26.11,0,21,1.62,0.562
222.64,63.17,154.84,1.678,81.23,72.12,24.42,0,36,1.56,0.5744
222.66,46.38,151.57,1.641,82.21,57.3,27.64,0,38,1.57,0.6585
177.93,70.91,233.53,2.009,87.02,66.99,28.23,1,57,2.18,0.4972
226.32,52.61,194.52,1.63,82.38,37.0,25.46,0,40,1.51,0.5736
139.71,54.54,284.46,1.965,88.11,64.15,26.51,1,51,1.91,0.4119
125.73,61.78,256.49,2.082,83.69,74.59,30.56,1,53,2.02,0.7146
226.48,58.14,180.49,1.549,81.23,33.42,27.53,0,25,1.5,0.6903
200.72,51.97,182.16,1.405,92.36,46.29,24.54,0,21,1.83,0.2355
201.91,58.78,175.72,1.591,84.4,36.07,23.69,0,28,1.64,0.4569
156.27,69.8,266.46,2.096,86.32,44.31,31.92,1,52,1.62,0.6475
143.61,63.08,271.9,2.059,82.17,72.49,30.55,1,138,1.76,0.7807
159.02,53.57,224.86,2.218,87.75,48.26,21.86,1,103,2.12,0.3211
199.97,55.63,173.68,1.57,79.35,67.93,26.34,0,42,1.6,0.7082
217.2,64.53,172.85,1.581,82.84,72.53,26.91,0,16,1.56,0.6086
148.58,58.34,244.86,1.972,76.86,74.92,32.91,1,122,2.09,1.1581
160.84,69.37,298.29,1.907,73.11,78.04,31.22,1,106,1.59,1.2233
243.03,42.45,185.97,1.543,82.86,62.87,26.17,0,26,1.6,0.582
167.46,79.52,292.84,1.875,76.09,45.44,30.43,1,57,1.68,1.0398
121.34,79.07,274.12,1.725,82.11,38.28,31.47,1,70,1.59,0.8255
127.46,77.41,273.15,1.93,84.43,57.7,32.89,1,64,1.71,0.7784
171.17,63.06,290.08,2.003,75.29,35.7,28.98,1,87,1.64,0.9887
170.03,55.0,286.54,2.076,93.52,80.09,25.04,1,125,2.07,0.2058
143.33,67.53,247.63,1.931,81.82,54.34,27.82,1,57,1.95,0.68
239.35,52.34,162.18,1.532,78.72,78.01,26.56,0,15,1.61,0.7393
180.78,40.02,181.43,1.724,86.18,69.01,27.9,0,39,1.59,0.5194
174.69,50.08,257.12,1.84,82.09,77.15,25.76,1,81,1.97,0.5935
189.19,40.32,201.29,1.58,84.47,78.62,25.13,0,23,1.78,0.4958
237.63,40.18,191.55,1.715,80.81,32.93,27.41,0,41,1.49,0.7008
234.5,55.29,173.06,1.515,75.79,69.89,30.7,0,22,1.61,1.0692
214.99,64.34,196.07,1.416,87.52,42.46,26.22,0,25,1.82,0.425
173.64,74.93,248.41,2.205,78.6,84.41,30.52,1,144,2.02,0.9355
128.95,70.25,250.37,2.096,72.57,72.81,30.83,1,95,1.73,1.2204
190.94,44.92,150.27,1.7,82.91,30.21,30.38,0,17,1.47,0.7411
193.3,55.65,202.86,1.589,80.77,81.01,23.01,0,15,1.63,0.5406
223.87,60.57,159.93,1.677,77.71,46.08,26.69,0,33,1.67,0.7804
153.09,53.68,260.6,1.701,88.33,52.92,27.93,1,53,1.92,0.4393
123.57,70.16,299.46,1.948,76.85,63.68,27.41,1,52,1.68,0.8454
221.52,42.89,172.8,1.714,71.53,80.4,27.09,0,26,1.62,1.0204
142.99,55.51,276.59,1.832,84.09,81.0,29.47,1,70,1.71,0.6548
139.22,76.36,232.92,1.96,78.64,60.99,30.38,1,93,1.95,0.9263
179.5,65.79,248.8,2.038,81.31,47.42,27.89,1,80,1.99,0.702
155.42,54.32,290.65,1.906,84.05,45.36,24.31,1,124,1.91,0.4849
243.67,45.87,190.27,1.601,85.27,50.04,25.98,0,11,1.84,0.4946
151.58,65.6,296.43,2.046,78.0,39.93,28.6,1,56,1.67,0.8611
186.83,41.14,173.93,1.636,92.2,66.84,25.2,0,17,1.89,0.25
165.12,61.98,288.94,1.952,75.59,59.03,27.25,1,74,1.62,0.8831
159.43,73.54,222.83,1.901,83.06,72.54,29.63,1,132,1.99,0.7037
179.86,66.66,254.73,2.048,84.49,35.18,29.14,1,143,1.97,0.6263
147.59,58.46,276.02,2.041,77.96,51.99,28.6,1,128,1.74,0.8626
218.33,60.9,196.72,1.635,76.41,43.19,28.85,0,7,1.64,0.9368
249.42,47.81,174.2,1.614,88.49,59.44,26.77,0,39,1.76,0.4049
142.56,57.58,233.86,2.041,78.03,55.75,27.23,1,60,1.97,0.7939
147.43,60.64,290.86,2.105,78.84,54.73,28.47,1,118,1.73,0.822
189.26,56.1,174.06,1.637,83.22,47.36,31.91,0,33,1.58,0.7938
222.53,53.81,153.07,1.612,84.24,69.98,26.04,0,44,1.54,0.531
230.94,45.73,165.16,1.537,72.68,56.49,28.71,0,25,1.61,1.0761
149.17,79.29,275.92,2.166,90.14,41.12,29.0,1,142,1.89,0.395
120.09,73.5,256.08,1.865,79.4,60.11,28.28,1,147,2.04,0.7915
223.46,46.91,194.37,1.576,83.15,62.82,24.82,0,8,1.62,0.5281
217.74,58.83,177.09,1.539,89.31,31.18,21.63,0,14,1.8,0.2763
135.46,72.45,266.68,1.781,85.65,41.21,27.75,1,129,1.65,0.5346
169.22,56.98,236.89,2.042,91.47,43.33,28.71,1,116,2.2,0.336
210.46,42.96,198.77,1.576,75.03,43.64,26.85,0,27,1.63,0.8825
159.46,71.3,237.83,2.004,85.99,43.14,28.49,1,126,2.03,0.5449
239.45,45.97,151.88,1.579,87.84,44.94,25.97,0,40,1.81,0.408
231.41,54.31,204.62,1.69,82.9,44.45,26.57,0,36,1.51,0.5945
166.92,71.1,223.54,2.106,85.91,78.62,28.36,1,73,1.9,0.5439
125.32,76.42,233.06,1.868,89.64,47.58,25.04,1,139,2.15,0.329
124.79,52.25,253.95,2.212,74.2,49.24,29.32,1,68,2.02,1.0527
138.41,63.38,230.48,1.971,92.81,44.64,26.05,1,130,2.11,0.2424
122.16,68.22,230.67,2.071,74.61,83.22,27.89,1,46,2.03,0.9536
232.28,41.03,199.95,1.622,78.17,59.45,26.28,0,11,1.58,0.746
220.83,58.63,163.57,1.613,82.28,63.58,26.57,0,15,1.58,0.616
192.26,64.52,190.71,1.667,92.99,70.45,26.82,0,24,1.9,0.2473
203.83,59.46,157.09,1.758,79.66,48.35,29.22,0,7,1.69,0.8252
149.15,79.69,261.0,2.093,78.85,83.28,31.66,1,80,1.67,0.9865
140.08,51.82,267.69,1.971,88.45,38.38,29.13,1,81,1.84,0.4661
204.02,42.95,198.53,1.59,84.13,55.18,24.29,0,14,1.8,0.4819
216.04,53.98,189.34,1.532,76.28,38.0,28.14,0,43,1.54,0.9039
160.41,60.76,276.03,2.086,76.51,73.47,32.12,1,107,1.68,1.1245
231.94,56.52,173.09,1.671,91.26,35.9,25.66,0,37,1.63,0.2879
172.49,59.19,290.23,1.959,83.57,60.46,26.98,1,148,1.7,0.5851
162.27,70.23,229.49,2.159,92.86,35.76,26.99,1,132,2.14,0.2544
161.25,76.42,272.18,2.129,86.63,54.9,27.29,1,59,1.89,0.4849
204.22,49.07,204.88,1.819,81.49,45.42,25.32,0,41,1.64,0.5976
184.03,57.85,183.17,1.505,83.26,79.68,27.22,0,23,1.66,0.6046
168.75,58.88,257.15,1.988,79.81,32.92,26.03,1,67,1.96,0.6799
133.98,70.02,259.29,1.976,80.15,65.75,26.68,1,146,2.02,0.6945
231.88,63.54,165.51,1.912,95.0,68.24,22.25,0,32,1.73,0.1342
128.72,77.8,279.41,2.001,87.7,78.89,27.66,1,117,1.8,0.4558
246.41,62.83,158.16,1.752,88.94,78.28,25.41,0,39,1.83,0.359
166.53,64.1,223.56,2.124,76.22,83.74,31.29,1,139,2.04,1.0861
237.16,64.44,193.43,1.59,93.29,43.97,24.51,0,34,1.8,0.2064
146.94,66.1,286.39,2.007,87.91,45.12,27.88,1,131,1.91,0.4538
200.94,61.73,182.96,1.663,94.08,51.85,25.37,0,14,1.8,0.1917
221.69,44.67,170.58,1.751,92.38,59.57,26.99,0,8,1.8,0.2715
249.86,51.16,198.92,1.579,77.1,50.19,25.56,0,43,1.62,0.75
216.23,41.1,170.63,1.539,77.0,70.72,27.72,0,20,1.65,0.8553
167.08,58.42,275.59,2.112,77.6,30.47,27.65,1,116,1.61,0.8296
134.39,50.19,260.19,1.862,78.74,30.97,26.71,1,127,1.6,0.7452
235.71,60.27,183.53,1.63,88.5,69.38,22.9,0,27,1.79,0.3211
210.52,53.25,167.63,1.727,84.82,78.57,22.05,0,33,1.81,0.4026
178.12,50.53,242.49,2.052,94.82,72.71,25.61,1,92,2.1,0.1701
133.94,60.61,250.87,1.932,89.4,36.44,30.69,1,71,2.15,0.4679
125.62,61.38,254.51,1.88,82.87,81.42,27.33,1,114,1.99,0.6227
247.16,59.05,209.0,1.742,91.19,58.71,28.99,0,24,1.76,0.3527
232.29,52.13,190.15,1.579,88.88,70.83,28.96,0,41,1.87,0.4444
130.18,62.17,281.99,1.892,79.62,41.06,28.47,1,100,1.69,0.7917
197.16,64.12,204.76,1.737,76.83,60.18,22.91,0,35,1.55,0.6474
144.84,57.94,290.89,2.096,80.86,48.15,28.39,1,131,1.74,0.7401
184.66,50.46,182.92,1.474,81.51,83.61,25.3,0,12,1.58,0.5963
131.74,73.0,283.1,2.302,82.53,56.08,28.89,1,117,1.68,0.6954
204.88,62.56,206.52,1.535,85.35,71.56,25.1,0,24,1.84,0.4669
168.61,79.12,236.49,2.094,83.57,63.18,26.94,1,79,2.05,0.5837
238.24,53.77,192.83,1.838,86.96,35.19,25.73,0,39,1.63,0.4314
175.77,79.7,287.54,2.107,73.22,59.86,31.36,1,108,1.5,1.228
204.79,46.01,193.1,1.631,85.33,59.71,26.92,0,32,1.53,0.5206
167.33,50.21,299.24,1.828,78.29,69.36,30.02,1,62,1.68,0.9222
146.27,73.03,269.33,2.245,81.64,47.7,29.84,1,126,1.66,0.7719
150.63,55.35,259.18,2.104,83.83,77.34,31.62,1,124,2.05,0.7525
175.95,51.57,243.59,1.83,79.59,64.24,24.21,1,84,1.95,0.6167
142.7,77.72,220.88,2.185,79.12,32.16,29.97,1,146,1.93,0.8844
122.52,73.75,268.84,2.007,79.31,68.88,30.66,1,76,1.69,0.9117
214.39,40.11,161.83,1.567,82.55,79.88,24.87,0,31,1.52,0.5485
154.39,73.31,261.35,1.931,88.1,67.57,26.55,1,103,1.86,0.4132
208.76,60.93,170.96,1.621,84.37,50.9,21.69,0,7,1.74,0.4055
234.7,53.41,158.9,1.697,78.37,62.49,29.28,0,16,1.56,0.8805
181.03,60.19,175.3,1.541,78.89,39.43,27.84,0,40,1.45,0.7905
226.23,61.33,200.03,1.615,91.81,63.07,23.5,0,11,1.78,0.2371
174.2,72.87,274.4,2.406,77.67,57.55,30.4,1,47,1.75,0.9694
126.59,70.66,236.79,2.057,82.01,31.44,30.88,1,124,1.86,0.8027
170.58,69.41,293.99,2.116,93.39,47.7,26.66,1,67,1.84,0.231
238.87,56.32,194.71,1.485,84.78,40.52,24.83,0,27,1.77,0.4773
190.15,49.18,153.18,1.437,93.29,51.49,21.97,0,12,1.78,0.1771
218.82,59.37,154.77,1.776,92.64,43.3,25.8,0,17,1.76,0.2445
227.5,62.6,191.1,1.741,89.2,75.88,26.04,0,26,1.74,0.3639
196.07,47.06,172.22,1.806,82.28,68.37,27.93,0,26,1.64,0.6671
215.86,64.12,193.45,1.59,89.38,70.71,23.7,0,27,1.83,0.3112
243.8,55.57,174.27,1.751,79.95,49.85,23.46,0,30,1.6,0.5792
132.26,65.98,229.95,1.693,78.62,30.19,27.76,1,104,1.98,0.7969
171.32,52.87,262.93,2.065,78.29,42.05,29.09,1,133,1.82,0.8742
122.7,68.58,233.63,2.124,95.0,71.54,25.18,1,56,2.27,0.1601
141.36,78.32,255.15,1.917,79.15,63.16,26.99,1,57,1.89,0.7429
157.88,71.68,294.19,2.127,79.05,59.62,27.01,1,63,1.72,0.7474
186.34,44.3,158.51,1.578,76.47,45.43,28.68,0,16,1.56,0.9252
172.08,79.13,282.57,1.99,86.48,34.17,26.46,1,46,1.78,0.467
173.71,59.21,248.31,1.969,83.62,73.17,27.33,1,106,1.92,0.5954
198.16,64.08,181.46,1.79,89.36,32.13,26.2,0,29,1.71,0.3619
211.79,54.59,187.94,1.545,85.1,33.25,28.62,0,29,1.59,0.5839
166.79,79.72,223.2,1.931,75.11,46.22,28.32,1,118,2.0,0.9585
242.35,53.65,189.91,1.497,80.31,61.51,25.72,0,37,1.65,0.651
138.69,70.9,249.01,1.956,90.33,84.57,26.66,1,137,2.22,0.338
174.71,60.86,232.3,2.023,80.17,34.99,29.24,1,121,1.94,0.8054
216.89,40.05,200.44,1.677,86.58,56.02,29.84,0,44,1.49,0.5642
186.29,63.33,206.59,1.51,84.52,63.1,24.7,0,11,1.82,0.4817
212.43,45.87,207.97,1.645,77.9,75.27,27.51,0,24,1.64,0.8118
237.54,57.21,176.45,1.673,82.29,67.93,26.33,0,14,1.69,0.607
193.59,52.88,179.27,1.488,76.55,74.43,29.02,0,41,1.53,0.9404
141.36,72.85,222.4,2.008,77.93,58.74,29.71,1,102,2.08,0.921
203.06,47.07,180.51,1.59,85.08,53.87,26.03,0,18,1.58,0.5024
207.22,63.22,159.04,1.609,87.82,64.03,24.71,0,28,1.81,0.3792
201.44,62.8,190.29,1.536,74.26,79.55,28.1,0,12,1.65,0.9786
133.86,79.16,243.84,1.984,82.81,60.3,27.34,1,125,2.05,0.6252
197.56,46.46,164.14,1.604,79.55,63.31,27.79,0,8,1.51,0.7636
227.76,42.56,162.48,1.824,82.39,48.59,24.3,0,11,1.61,0.535
131.83,69.94,222.98,2.005,79.3,62.79,32.08,1,117,1.95,0.9887
165.03,73.53,278.47,2.161,81.79,64.53,25.5,1,125,1.7,0.5943
217.54,47.7,203.45,1.77,89.4,71.44,27.79,0,11,1.77,0.3958
123.8,67.65,264.06,1.842,88.3,61.47,27.93,1,145,1.82,0.4405
197.4,51.38,189.04,1.565,92.71,40.87,23.0,0,23,1.75,0.2048
216.51,58.65,169.19,1.77,82.72,62.01,24.78,0,33,1.63,0.5403
181.65,62.29,168.96,1.622,77.63,46.38,27.84,0,37,1.62,0.8377
210.22,54.63,209.9,1.586,83.76,34.8,26.83,0,16,1.44,0.5733
176.75,79.82,294.05,2.09,83.17,75.4,26.2,1,92,1.67,0.5725
192.74,49.1,162.15,1.728,79.88,33.63,27.31,0,24,1.51,0.7305
197.96,52.41,185.36,1.596,79.51,64.74,24.57,0,19,1.61,0.6326
179.55,70.23,289.27,1.967,77.98,84.37,32.57,1,68,1.73,1.0812
138.14,75.7,287.49,1.716,82.14,34.82,25.93,1,90,1.61,0.5979
204.35,50.61,192.08,1.606,91.26,42.11,21.87,0,10,1.83,0.2293
133.89,77.49,299.34,1.954,84.68,71.84,29.05,1,57,1.7,0.6154
204.77,63.1,174.55,1.479,88.36,35.33,27.38,0,27,1.72,0.4243
143.18,50.4,298.94,1.975,74.19,75.8,30.01,1,91,1.78,1.0958
177.69,77.01,239.68,1.95,84.64,30.01,27.62,1,78,1.98,0.5679
145.97,78.4,255.23,2.02,83.15,78.95,23.02,1,67,2.2,0.474
246.49,42.88,190.27,1.567,73.53,33.68,30.96,0,7,1.44,1.1865
240.03,53.07,162.27,1.654,83.88,80.71,23.86,0,12,1.87,0.477
235.58,63.99,179.4,1.621,87.61,77.55,28.04,0,7,1.68,0.4694
246.61,49.04,165.59,1.753,81.79,59.68,26.5,0,25,1.63,0.6304
196.15,47.37,168.77,1.536,94.26,72.79,23.41,0,33,1.82,0.1653
142.93,60.74,220.6,2.214,82.78,34.12,30.52,1,64,1.9,0.7527
242.1,45.53,153.87,1.728,80.18,37.43,28.17,0,20,1.52,0.7566
223.69,53.9,150.72,1.778,90.53,50.31,25.3,0,40,1.73,0.3054
144.07,59.5,241.75,2.03,82.51,59.56,30.25,1,72,1.95,0.7528
187.02,54.49,160.12,1.566,81.99,77.75,23.17,0,9,1.54,0.5112
154.37,66.73,232.37,1.935,86.72,59.85,33.41,1,67,1.94,0.6835
248.42,50.46,196.44,1.81,84.7,66.59,26.77,0,39,1.56,0.5382
206.57,49.57,176.81,1.732,83.7,67.39,26.55,0,11,1.59,0.566
231.77,46.14,178.2,1.479,80.66,78.27,25.07,0,41,1.65,0.6152
182.13,48.27,188.66,1.717,88.09,72.72,28.12,0,23,1.9,0.4533
162.86,53.19,225.99,1.901,85.76,83.74,27.02,1,84,1.96,0.5083
245.42,46.19,150.21,1.639,85.25,31.1,28.22,0,32,1.5,0.5647
206.79,59.57,201.4,1.699,81.33,41.43,26.25,0,13,1.6,0.6369
181.49,57.73,209.31,1.775,86.74,81.17,27.71,0,13,1.76,0.4928
181.95,46.73,157.31,1.629,89.01,73.57,25.61,0,21,1.78,0.361
152.85,52.26,299.31,1.984,78.24,44.7,28.79,1,76,1.78,0.8611
230.58,40.0,150.14,1.605,78.03,83.58,24.87,0,26,1.66,0.6906
166.05,68.65,284.48,2.128,87.26,77.84,25.72,1,107,1.97,0.4212
178.03,67.74,271.72,2.095,75.46,33.56,26.85,1,106,1.63,0.8673
141.65,51.24,237.67,1.998,82.03,74.62,29.14,1,91,2.04,0.7257
146.1,63.81,242.73,1.776,79.04,73.15,29.14,1,131,2.02,0.8464
188.44,64.05,176.75,1.308,89.52,42.16,26.75,0,9,1.88,0.3682
201.11,57.25,176.32,1.627,80.15,66.81,28.2,0,23,1.45,0.7591
234.6,61.44,177.96,1.458,86.98,83.36,28.95,0,28,1.55,0.52
157.06,58.48,221.8,1.937,78.07,67.17,29.84,1,98,1.93,0.922
123.84,62.98,290.75,1.973,85.91,74.76,29.54,1,66,1.67,0.5823
213.67,40.29,184.07,1.849,92.2,35.47,28.45,0,36,1.7,0.3026
131.23,77.68,256.88,2.015,76.87,70.01,28.1,1,74,1.99,0.8794
215.68,47.51,177.9,1.686,83.88,41.26,27.87,0,39,1.56,0.6047
142.6,64.33,234.23,2.061,94.62,33.95,29.59,1,98,2.11,0.223
207.91,49.86,193.42,1.309,83.18,60.36,27.39,0,13,1.62,0.6135
124.67,65.87,255.11,1.952,81.67,71.28,29.05,1,103,2.03,0.7364
140.68,76.06,272.53,1.854,84.3,60.07,30.16,1,106,1.74,0.6723
239.69,53.39,167.3,1.807,82.73,81.24,27.75,0,8,1.57,0.6434
214.86,64.89,209.21,1.382,74.68,68.26,26.98,0,14,1.65,0.9017
204.8,51.1,174.92,1.55,88.44,36.47,27.47,0,21,1.7,0.4237
218.1,53.78,154.07,1.569,75.43,81.4,24.5,0,9,1.64,0.7554
189.33,52.56,174.67,1.482,78.64,38.41,29.75,0,26,1.47,0.8934
178.96,78.52,220.98,2.012,88.69,71.7,27.61,1,104,2.29,0.4179
147.23,57.98,242.51,1.995,79.0,38.17,29.68,1,132,1.93,0.8748
222.35,44.26,163.56,1.62,77.32,84.92,29.68,0,29,1.61,0.9448
229.82,58.85,152.16,1.66,89.07,48.27,25.36,0,14,1.74,0.3537
133.29,52.59,264.15,2.028,74.3,57.28,32.16,1,103,1.55,1.2331
171.7,57.81,256.93,2.046,76.09,55.68,28.11,1,129,1.95,0.9096
208.85,56.1,170.9,1.733,84.24,35.6,27.37,0,11,1.61,0.5742
163.53,67.85,227.04,1.802,79.34,57.17,30.27,1,125,2.04,0.8903
185.23,41.76,166.2,1.684,76.46,38.22,27.58,0,32,1.43,0.8683
184.03,58.26,151.89,1.475,86.28,74.11,27.11,0,22,1.81,0.4923
188.74,57.15,196.84,1.523,87.77,82.71,24.5,0,29,1.9,0.376
211.4,56.0,202.14,1.615,80.92,74.44,27.54,0,23,1.6,0.7021
194.79,46.7,179.54,1.649,80.64,53.71,28.23,0,34,1.58,0.7417
136.48,75.48,283.37,2.063,83.72,30.13,29.03,1,52,1.62,0.6533
177.17,62.47,242.14,1.887,87.16,32.02,29.22,1,91,1.86,0.5209
165.9,63.31,273.46,2.196,78.1,57.23,31.09,1,125,1.77,0.9889
219.02,64.68,205.44,1.55,86.08,67.37,27.44,0,21,1.56,0.5093
208.87,58.66,201.93,1.514,88.58,75.07,24.16,0,7,1.82,0.344
158.95,54.7,291.26,1.847,88.58,62.97,25.91,1,106,1.96,0.3818
185.18,63.4,166.65,1.436,84.98,83.81,25.24,0,15,1.8,0.4826
196.54,42.28,151.97,1.432,80.78,57.16,24.62,0,23,1.66,0.5952
184.04,42.19,209.99,1.638,82.32,63.0,25.4,0,21,1.59,0.5735
137.5,52.92,225.0,2.073,81.42,42.66,30.89,1,136,1.94,0.8295
235.7,44.45,170.32,1.496,91.24,48.68,28.17,0,43,1.84,0.3344
203.78,62.93,151.16,1.463,81.81,67.57,25.86,0,12,1.62,0.6064
177.64,61.21,262.56,1.975,87.33,63.09,26.88,1,69,1.85,0.4486
237.13,47.66,209.21,1.612,79.96,50.33,28.78,0,25,1.6,0.7926
195.58,62.22,192.42,1.632,85.71,36.16,24.83,0,29,1.65,0.4481
188.34,41.07,155.02,1.484,91.33,48.84,26.38,0,36,1.8,0.298
215.08,53.72,174.14,1.58,86.67,32.43,27.39,0,7,1.81,0.4862
143.81,69.6,286.34,2.188,75.91,61.94,28.21,1,68,1.75,0.9218
221.98,61.38,204.73,1.457,78.82,47.77,28.69,0,28,1.63,0.8333
229.97,48.9,169.82,1.597,89.07,50.89,27.46,0,7,1.81,0.4003
160.86,56.58,226.39,2.06,82.41,61.63,28.67,1,140,2.05,0.6913
125.69,57.19,280.08,1.884,76.45,61.97,28.12,1,69,1.7,0.8964
157.9,74.01,290.16,2.073,79.24,62.36,26.86,1,123,1.61,0.7341
233.14,54.92,190.77,1.439,87.43,57.04,26.21,0,32,1.73,0.4278
241.09,40.82,200.61,1.676,86.89,56.85,28.43,0,34,1.57,0.5081
164.26,59.21,260.55,2.005,80.84,75.17,29.72,1,89,1.68,0.8
121.52,57.96,269.64,1.83,95.0,55.72,24.93,1,71,1.9,0.1577
197.74,51.11,187.17,1.683,83.28,59.48,31.48,0,20,1.66,0.7719
187.28,44.23,197.78,1.492,82.93,84.35,25.95,0,15,1.62,0.5721
202.57,63.87,187.69,1.582,80.14,39.96,25.86,0,20,1.51,0.6621
126.42,73.66,277.76,2.076,73.81,69.95,32.02,1,78,1.44,1.2467
248.16,59.96,182.57,1.484,83.4,56.03,28.64,0,36,1.59,0.6512
207.96,44.84,203.08,1.537,83.92,75.68,23.49,0,38,1.77,0.4653
195.4,50.58,202.08,1.735,95.0,52.22,22.57,0,12,1.75,0.1369
136.31,77.78,229.24,1.752,88.7,46.66,29.04,1,126,2.05,0.4537
148.4,65.06,291.87,2.17,86.21,41.43,27.17,1,115,1.84,0.4966
193.48,52.91,156.31,1.424,78.52,77.97,25.65,0,24,1.69,0.7072
123.1,65.75,278.22,1.916,81.79,69.51,24.83,1,124,1.76,0.571
120.96,59.49,247.43,2.034,86.17,34.23,30.68,1,101,1.86,0.6101
249.82,52.04,158.46,1.672,83.4,69.24,23.65,0,34,1.78,0.485
216.59,45.22,208.36,1.636,89.14,31.93,26.64,0,18,1.83,0.3791
218.1,64.7,171.24,1.606,84.47,39.99,28.23,0,40,1.62,0.5949
158.8,58.68,296.17,1.948,81.25,62.6,29.45,1,130,1.71,0.7708
173.05,61.68,293.29,2.187,78.01,55.49,28.86,1,144,1.74,0.8737
136.64,77.6,271.58,2.093,82.85,76.23,26.87,1,88,1.71,0.6068
169.92,66.99,233.26,2.141,83.8,63.43,27.39,1,136,1.98,0.5909
198.56,54.2,175.76,1.549,86.62,83.07,28.94,0,20,1.61,0.5341
122.03,73.99,298.73,1.721,77.87,77.04,28.01,1,56,1.73,0.837
200.37,40.97,198.55,1.722,82.98,48.71,25.79,0,25,1.65,0.5651
210.55,52.4,153.73,1.643,83.68,75.88,26.72,0,40,1.62,0.5724
163.9,65.3,263.86,2.022,83.46,77.85,30.39,1,140,1.72,0.7177
137.23,57.14,227.37,1.932,74.43,83.33,31.7,1,58,1.94,1.1953
193.02,49.46,179.75,1.558,74.31,30.69,29.57,0,35,1.46,1.0634
161.07,56.34,263.02,1.928,85.59,78.11,28.09,1,138,1.61,0.5475
142.37,52.92,297.05,2.005,69.96,33.84,33.28,1,83,1.42,1.535
208.46,47.49,197.76,1.464,87.6,59.05,29.25,0,34,1.57,0.5039
130.88,79.92,293.0,2.092,84.38,52.81,24.82,1,83,1.89,0.4895
229.63,46.17,168.36,1.844,76.57,80.59,25.77,0,25,1.6,0.7769
193.44,55.27,183.23,1.528,79.71,52.28,28.21,0,12,1.62,0.7764
219.4,62.4,177.96,1.409,84.93,62.78,27.18,0,8,1.5,0.543
163.57,70.0,259.27,1.988,80.66,68.05,26.86,1,110,2.02,0.6839
132.08,54.69,252.29,2.038,83.61,31.05,26.65,1,95,1.88,0.5725
222.0,51.33,173.83,1.654,85.5,62.5,28.55,0,35,1.64,0.5659
231.77,53.1,178.61,1.792,77.88,58.49,31.78,0,18,1.58,1.0388
143.91,76.43,226.45,2.098,75.55,62.67,30.29,1,48,1.97,1.0548
231.2,60.31,195.31,1.383,82.07,34.17,26.6,0,31,1.56,0.6244
143.97,65.21,256.96,1.852,90.16,33.06,27.13,1,73,2.05,0.3535
170.14,51.53,296.28,2.049,93.82,39.76,24.56,1,115,1.77,0.1907
196.96,60.5,183.95,1.546,69.25,77.82,31.28,0,24,1.35,1.4036
156.43,68.87,275.69,2.182,84.79,49.61,31.3,1,91,1.68,0.6951
213.64,61.13,176.76,1.488,85.39,53.87,25.95,0,21,1.88,0.4897
142.78,54.16,290.19,2.115,87.06,51.46,27.84,1,107,1.84,0.4846
120.57,55.0,263.12,1.922,78.2,69.29,29.5,1,90,1.69,0.8988
156.16,64.1,293.7,2.031,70.09,44.27,31.74,1,78,1.54,1.4014
231.24,51.56,151.36,1.501,87.47,33.76,25.51,0,39,1.69,0.4091
157.8,60.68,274.65,2.067,78.53,50.8,26.97,1,58,1.72,0.7641
239.82,40.68,192.97,1.729,79.42,70.03,23.48,0,10,1.57,0.5952
223.3,45.23,205.84,1.63,76.73,80.32,26.87,0,19,1.59,0.8233
222.66,62.04,187.93,1.829,85.84,32.8,27.41,0,32,1.49,0.5171
136.0,73.23,225.38,1.914,83.84,74.58,27.06,1,91,1.99,0.5782
197.42,45.67,199.44,1.612,88.95,33.64,24.96,0,38,1.76,0.3492
159.25,71.11,271.95,2.102,86.29,48.19,27.28,1,46,1.87,0.4969
137.38,64.25,239.5,1.886,81.84,31.23,26.17,1,77,1.92,0.6166
232.56,54.0,205.99,1.607,85.7,80.13,23.83,0,7,1.85,0.4224
177.01,51.62,256.72,2.08,76.2,68.87,31.94,1,64,2.03,1.1278
224.37,45.7,176.51,1.712,79.81,50.3,29.6,0,31,1.59,0.8372
170.59,57.32,234.77,2.137,73.59,50.76,32.31,1,97,1.87,1.2779
135.69,70.1,262.72,1.896,82.73,65.19,29.69,1,84,1.71,0.7198
237.56,46.14,192.51,1.635,88.78,34.93,26.77,0,27,1.74,0.3947
131.04,66.2,242.88,1.842,75.15,37.98,31.41,1,86,1.87,1.1427
228.68,41.78,156.46,1.513,90.66,76.6,25.83,0,27,1.83,0.3108
235.12,49.61,208.99,1.579,84.78,41.13,25.88,0,9,1.63,0.508
132.77,58.35,292.05,2.137,83.14,69.97,28.41,1,67,1.66,0.6527
202.63,44.0,166.95,1.663,74.68,42.42,27.03,0,41,1.67,0.9043
180.95,61.52,182.91,1.605,74.69,34.85,26.42,0,28,1.56,0.8721
235.8,49.65,161.06,1.654,83.03,79.5,27.99,0,29,1.57,0.6411
143.09,54.15,270.08,2.063,85.15,79.59,29.23,1,101,1.63,0.6028
205.01,62.49,171.18,1.644,80.59,63.29,26.17,0,40,1.59,0.659
203.52,44.87,166.17,1.531,93.57,55.41,24.76,0,29,1.8,0.2008
135.48,52.62,242.98,1.885,86.71,60.4,27.19,1,111,2.17,0.4791
140.33,79.59,233.48,1.973,76.09,52.45,29.86,1,83,1.98,1.0064
234.03,60.47,166.72,1.505,85.86,71.64,24.21,0,21,1.84,0.4273
207.48,62.14,168.79,1.675,95.0,71.5,26.67,0,21,1.88,0.1748
226.42,55.6,152.39,1.783,77.02,75.04,26.97,0,32,1.64,0.8179
230.45,40.88,152.96,1.668,87.58,58.76,25.06,0,9,1.86,0.3948
200.78,52.03,193.07,1.383,83.09,74.07,25.32,0,23,1.6,0.546
128.51,74.96,221.02,1.924,87.35,38.56,26.32,1,138,2.02,0.4333
141.23,65.15,252.47,2.002,90.1,31.66,26.38,1,66,2.07,0.3403
139.27,69.61,238.61,1.828,79.45,65.64,29.02,1,74,1.96,0.8241
225.37,56.85,172.11,1.604,90.86,35.8,24.71,0,22,1.75,0.2846
145.68,69.15,239.33,2.056,95.0,60.29,24.38,1,149,2.09,0.1526
237.25,64.2,202.38,1.769,79.77,69.66,31.18,0,30,1.61,0.9182
156.15,61.2,271.08,2.218,86.85,52.39,27.3,1,57,1.89,0.4772
128.46,51.52,292.98,1.857,79.28,32.41,28.08,1,47,1.62,0.7869
248.22,42.82,184.31,1.586,85.05,78.79,25.05,0,43,1.75,0.475
140.75,63.78,233.2,1.988,82.65,32.38,26.63,1,147,1.96,0.6053
239.93,58.93,199.14,1.514,89.91,79.76,23.97,0,25,1.81,0.3005
138.03,56.19,234.5,2.012,87.81,32.89,28.57,1,78,2.04,0.4763
242.0,43.41,187.77,1.59,84.67,70.43,24.75,0,8,1.75,0.4784
185.25,52.76,157.31,1.674,91.69,80.87,26.09,0,14,1.78,0.2808
157.2,68.42,223.79,2.163,88.53,79.88,29.58,1,56,2.23,0.4751
199.61,48.79,165.79,1.616,86.4,79.14,28.14,0,17,1.56,0.5183
157.75,72.96,228.4,1.941,79.42,78.57,28.33,1,53,2.03,0.793
182.66,62.14,157.54,1.477,79.6,58.07,27.6,0,44,1.6,0.7533
178.92,79.15,247.11,2.245,75.87,60.67,30.64,1,91,2.07,1.062
130.23,73.16,281.55,2.109,85.78,64.08,29.41,1,49,1.67,0.5832
208.75,56.5,186.02,1.648,77.33,79.28,26.8,0,18,1.6,0.7988
237.22,53.78,168.29,1.58,88.41,76.1,24.98,0,44,1.84,0.3667
228.67,47.77,197.53,1.793,77.87,73.06,26.92,0,22,1.56,0.7853
180.42,49.44,181.26,1.581,85.01,67.16,29.56,0,30,1.55,0.6202
208.21,47.89,188.28,1.395,85.14,64.01,24.94,0,23,1.74,0.4691
134.81,55.97,286.54,2.032,90.53,80.74,26.26,1,117,1.93,0.3233
130.09,78.33,299.11,1.853,89.71,40.6,26.11,1,98,1.83,0.3481
160.44,61.58,255.52,2.032,90.41,40.6,26.96,1,50,2.21,0.3411
145.25,70.73,249.65,2.161,87.22,84.04,30.65,1,80,1.97,0.5628
152.27,73.64,276.16,1.799,85.69,60.42,25.03,1,68,1.87,0.4541
122.84,75.29,224.65,1.892,75.27,56.59,29.37,1,67,1.91,1.012
248.37,45.54,156.78,1.704,75.02,76.78,30.24,0,43,1.59,1.0746
130.23,75.09,246.8,1.94,69.11,76.74,31.06,1,111,1.76,1.3925
141.61,70.03,278.36,2.05,76.07,39.71,28.9,1,81,1.59,0.953
124.31,62.11,229.32,2.05,84.85,39.55,25.54,1,112,2.09,0.4956
233.78,46.58,183.42,1.707,78.89,73.74,28.68,0,31,1.69,0.8301
240.72,57.37,169.82,1.522,83.78,73.21,25.36,0,37,1.55,0.5249
203.86,50.25,194.81,1.294,86.03,42.39,26.59,0,42,1.83,0.4862
160.62,58.9,256.56,2.048,80.69,76.28,28.1,1,128,1.98,0.7342
218.43,59.88,172.21,1.412,78.91,56.4,25.53,0,26,1.63,0.6895
199.49,45.28,186.05,1.712,83.47,55.85,26.41,0,34,1.59,0.5693
150.43,51.57,237.58,1.995,79.98,84.21,25.58,1,118,2.09,0.6564
217.7,57.94,186.45,1.564,81.07,58.56,27.87,0,44,1.6,0.7101
190.78,53.76,162.69,1.683,89.3,37.54,27.68,0,17,1.71,0.397
236.76,53.93,170.22,1.391,82.69,45.41,26.06,0,24,1.66,0.5839
152.89,55.93,272.65,1.976,92.08,48.35,26.97,1,101,1.88,0.2819
138.89,67.31,286.88,2.054,88.33,82.72,29.25,1,105,1.95,0.4743
203.96,45.97,168.72,1.63,83.41,44.52,23.54,0,33,1.86,0.4815
132.37,61.04,263.25,1.941,74.49,53.67,30.5,1,142,1.67,1.1138
213.3,60.72,164.48,1.543,79.98,71.23,30.28,0,41,1.64,0.8632
179.98,75.42,294.22,2.185,88.43,45.08,27.6,1,122,1.85,0.4273
139.34,75.57,275.92,2.11,81.82,68.59,25.81,1,87,1.71,0.6043
170.54,67.33,296.72,1.92,91.3,41.41,23.05,1,93,1.87,0.2452
232.75,45.82,200.98,1.762,88.39,43.34,27.95,0,20,1.8,0.4376
179.76,73.36,282.01,2.091,75.78,84.25,30.95,1,67,1.73,1.085
140.56,78.6,291.25,2.059,79.27,50.29,27.61,1,113,1.76,0.766
207.45,50.46,152.03,1.663,88.87,70.13,24.66,0,14,1.68,0.3455
133.73,50.86,265.01,1.862,81.31,76.2,29.94,1,140,1.66,0.7903
209.51,41.28,208.67,1.781,83.04,49.08,23.37,0,14,1.87,0.4872
162.29,77.87,285.87,2.114,77.47,49.64,31.42,1,108,1.7,1.0366
242.65,54.75,159.51,1.629,81.73,72.52,28.24,0,35,1.6,0.7003
132.43,62.78,249.31,2.029,77.87,63.39,24.23,1,111,2.05,0.6695
220.5,42.76,167.41,1.589,90.24,49.9,23.43,0,35,1.68,0.2814
196.8,48.8,174.55,1.532,78.41,71.23,29.66,0,41,1.55,0.8984
235.82,60.31,154.64,1.664,70.83,77.5,25.28,0,16,1.65,0.9396
234.19,44.37,156.65,1.505,81.49,42.93,28.77,0,7,1.52,0.7317
200.74,62.07,162.99,1.618,80.22,31.34,26.19,0,11,1.5,0.6724
227.71,43.04,182.91,1.612,92.39,45.08,26.18,0,9,1.7,0.2585
164.89,64.01,246.52,2.046,79.15,67.1,28.25,1,92,1.97,0.7997
219.38,51.94,186.37,1.713,79.75,80.34,24.73,0,33,1.66,0.6312
222.04,63.63,185.03,1.648,85.95,77.47,26.76,0,35,1.71,0.4939
124.58,70.53,240.78,2.083,80.9,42.22,25.89,1,121,1.98,0.6379
185.73,56.46,198.13,1.367,82.13,78.46,23.86,0,24,1.64,0.5288
142.98,51.19,295.87,2.055,83.09,74.59,29.95,1,107,1.66,0.7154
140.31,53.91,276.37,2.009,75.64,70.39,29.62,1,50,1.72,1.0113
126.82,67.44,234.16,2.045,74.04,67.85,29.08,1,52,2.09,1.0447
172.93,66.09,285.58,1.937,88.63,74.39,30.55,1,89,1.94,0.4979
156.93,78.28,282.97,2.138,85.46,77.4,27.7,1,82,1.71,0.5401
197.59,57.38,203.0,1.63,80.75,75.05,28.25,0,35,1.68,0.7383
188.5,64.12,164.38,1.511,81.9,36.7,28.43,0,24,1.51,0.7015
182.47,42.99,182.96,1.532,86.73,69.72,25.89,0,9,1.79,0.4432
139.06,75.49,275.49,2.108,85.2,76.27,30.18,1,48,1.65,0.6345
249.19,45.6,183.2,1.59,76.35,40.21,30.41,0,24,1.64,1.0273
156.62,69.6,225.6,1.999,84.6,41.76,27.47,1,124,2.1,0.5644
149.58,66.95,230.92,1.976,81.38,73.23,26.21,1,147,1.89,0.6337
170.28,53.22,267.77,2.121,78.92,48.92,30.71,1,120,1.66,0.9315
222.13,58.66,168.42,1.658,82.35,51.98,28.83,0,29,1.6,0.7001
248.91,56.92,165.49,1.458,83.66,50.74,26.45,0,26,1.56,0.564
134.38,60.85,281.35,1.883,88.95,41.71,24.7,1,80,1.94,0.3438
176.71,70.21,253.34,2.001,84.6,81.63,28.15,1,53,2.03,0.5872
249.83,48.0,161.34,1.523,78.05,74.32,24.35,0,32,1.62,0.6689
221.2,48.61,198.2,1.341,78.07,43.78,25.15,0,39,1.69,0.7009
164.72,75.74,256.41,1.911,81.22,35.83,27.14,1,113,1.92,0.6751
124.56,64.9,275.59,1.967,91.68,50.49,27.74,1,81,1.87,0.3098
124.06,65.0,221.06,1.952,75.91,52.84,30.37,1,123,1.94,1.044
129.19,70.22,220.75,2.086,84.6,30.39,24.29,1,89,2.12,0.4676
128.85,53.42,264.79,1.732,75.65,78.79,32.41,1,109,1.64,1.1849
202.34,43.23,160.05,1.507,81.42,76.82,25.9,0,15,1.64,0.6209
199.84,60.58,199.04,1.695,85.19,76.76,25.78,0,43,1.78,0.4914
240.26,60.61,178.22,1.52,91.65,74.32,25.4,0,43,1.7,0.2709
209.52,49.72,183.98,1.455,87.9,70.32,24.31,0,17,1.85,0.3678
142.1,67.45,244.92,1.918,79.15,64.9,27.04,1,100,2.03,0.7451
124.18,53.1,226.25,2.054,95.0,82.82,28.23,1,59,2.24,0.1915
155.46,67.2,290.46,1.97,79.54,69.15,31.5,1,46,1.62,0.9457
196.09,64.55,165.33,1.513,77.92,64.66,29.66,0,11,1.67,0.9188
164.59,73.68,238.44,2.058,88.02,73.39,29.49,1,129,2.29,0.4936
168.17,51.45,278.45,2.045,80.67,43.54,27.2,1,59,1.65,0.6973
152.64,63.99,235.96,1.848,89.2,83.19,29.57,1,96,2.22,0.4471
128.98,77.68,239.22,2.011,74.18,31.05,32.19,1,137,1.68,1.2409
216.45,46.33,206.37,1.444,89.03,65.66,28.47,0,22,1.78,0.4261
237.16,40.59,175.91,1.74,84.43,34.24,26.75,0,12,1.51,0.547
239.6,52.81,205.05,1.748,90.96,76.93,25.55,0,35,1.77,0.2959
196.48,49.43,202.96,1.565,95.0,83.22,23.89,0,31,1.79,0.1482
221.97,46.53,159.96,1.728,79.6,52.47,24.71,0,29,1.7,0.6351
137.84,58.32,221.65,1.909,86.03,77.14,30.95,1,93,1.94,0.6258
174.33,78.79,291.66,1.983,72.62,48.46,30.93,1,72,1.52,1.2252
123.22,70.86,266.4,1.93,76.87,38.77,28.22,1,149,1.71,0.8856
125.01,61.97,248.11,1.997,76.56,45.22,29.91,1,117,2.0,0.9895
194.57,54.73,168.78,1.608,83.7,46.6,29.24,0,43,1.64,0.662
131.44,57.06,240.86,2.0,83.84,64.69,26.47,1,101,1.96,0.5585
192.63,45.35,191.43,1.589,82.87,73.79,26.44,0,44,1.56,0.591
193.72,57.93,155.06,1.615,84.54,41.29,26.33,0,30,1.53,0.5299
243.55,47.83,192.63,1.751,83.22,34.85,30.26,0,23,1.5,0.7227
245.18,44.08,205.57,1.359,86.05,42.19,27.54,0,15,1.69,0.5133
183.63,54.44,195.81,1.831,89.71,46.31,25.84,0,14,1.83,0.3426
221.55,45.37,161.5,1.558,95.0,45.39,23.65,0,36,1.81,0.1461
219.5,46.77,155.25,1.591,82.83,42.1,27.29,0,13,1.58,0.6227
163.47,56.31,289.3,2.16,79.76,55.63,27.93,1,53,1.68,0.7619
224.22,58.5,207.38,1.673,87.85,77.08,25.24,0,29,1.76,0.3904
246.32,58.49,199.14,1.664,77.4,35.52,27.08,0,15,1.46,0.8096
191.92,52.06,183.76,1.749,80.91,77.41,25.77,0,25,1.63,0.633
137.77,61.3,272.14,1.98,86.47,57.34,28.92,1,75,1.82,0.5395
182.34,59.69,192.83,1.71,87.51,66.33,21.52,0,20,1.84,0.3207
205.47,44.83,198.78,1.449,78.01,74.85,26.06,0,34,1.57,0.7418
203.63,43.81,206.1,1.65,74.46,46.74,28.44,0,41,1.56,0.9904
210.16,56.62,186.73,1.667,85.03,82.48,25.24,0,13,1.76,0.481
215.23,50.24,180.87,1.738,89.26,34.61,26.61,0,12,1.81,0.3742
233.05,57.75,187.15,1.685,90.65,59.02,24.99,0,36,1.85,0.296
207.45,46.42,206.6,1.625,83.56,44.01,27.22,0,43,1.62,0.5937
203.14,48.12,187.69,1.562,94.08,52.44,26.07,0,22,1.86,0.1998
237.88,62.42,165.46,1.561,84.82,54.69,24.62,0,7,1.84,0.4701
178.98,62.57,231.87,1.962,81.86,80.3,27.72,1,111,1.89,0.6746
160.01,61.09,287.61,1.844,68.56,54.29,29.0,1,124,1.45,1.2594
202.03,42.67,184.02,1.809,82.5,68.39,25.29,0,41,1.66,0.564
237.76,44.47,180.16,1.72,87.01,82.35,27.5,0,11,1.91,0.4769
150.93,59.02,228.27,2.031,89.25,57.2,28.97,1,63,2.27,0.4299
202.81,50.61,189.66,1.698,78.34,52.46,27.78,0,36,1.6,0.8083
211.38,64.72,153.4,1.69,89.01,83.51,23.11,0,41,1.83,0.3108
126.26,58.72,230.9,1.881,87.59,75.52,27.93,1,75,2.15,0.4672
192.59,55.82,174.45,1.676,84.73,81.69,25.36,0,12,1.82,0.4942
209.74,61.53,206.45,1.752,72.88,51.85,25.78,0,22,1.61,0.8998
232.82,54.85,208.25,1.519,80.14,68.3,31.78,0,14,1.6,0.9326
122.54,68.92,242.83,1.816,84.31,43.73,29.99,1,66,2.03,0.6654
248.55,44.34,208.13,1.461,79.61,77.62,25.73,0,37,1.61,0.6745
161.6,51.24,276.17,1.988,79.35,81.32,29.87,1,53,1.56,0.8697
169.55,55.06,246.14,1.854,81.48,44.73,22.5,1,51,1.97,0.5048
232.96,50.44,154.5,1.579,73.22,35.77,23.81,0,36,1.47,0.79
217.84,60.65,158.7,1.521,90.59,41.04,24.49,0,19,1.79,0.2892
202.94,43.23,201.87,1.6,84.23,64.81,25.84,0,32,1.62,0.5251
194.39,43.23,203.63,1.539,89.09,44.97,29.33,0,8,1.82,0.4454
199.63,45.61,181.96,1.596,86.54,65.12,28.05,0,30,1.59,0.5103
179.33,50.35,288.28,2.072,80.17,49.26,28.39,1,144,1.69,0.7668
156.15,60.95,297.82,1.885,84.14,80.43,25.49,1,102,1.58,0.5173
162.56,72.83,280.25,2.034,84.05,54.89,29.2,1,72,1.75,0.6463
187.53,47.55,162.66,1.498,88.23,57.37,26.78,0,22,1.81,0.4143
147.0,52.33,262.31,1.999,82.91,49.14,29.12,1,89,1.69,0.6893
128.21,68.92,227.79,1.99,85.78,34.02,30.28,1,114,1.89,0.6131
160.14,50.3,273.36,2.043,78.2,57.15,30.91,1,149,1.63,0.9744
231.79,52.32,155.58,1.622,77.78,72.59,27.49,0,31,1.7,0.8153
161.83,52.01,239.65,2.149,77.82,82.42,32.61,1,88,1.97,1.0915
194.93,57.51,188.7,1.597,83.34,34.21,27.98,0,23,1.42,0.629
203.73,52.26,163.85,1.525,77.81,73.86,26.32,0,24,1.59,0.7601
215.92,45.97,195.35,1.712,78.91,44.69,24.34,0,13,1.6,0.6423
130.13,53.11,281.76,2.04,82.68,75.25,30.06,1,147,1.76,0.7374
178.96,55.27,295.15,2.106,78.28,48.81,30.21,1,99,1.69,0.9328
213.11,51.5,180.14,1.586,81.18,36.29,28.32,0,33,1.49,0.7247
211.02,42.05,195.5,1.443,82.18,63.66,26.13,0,10,1.56,0.6036
214.88,40.45,161.49,1.869,93.43,79.16,24.08,0,18,1.73,0.197
210.4,48.2,177.77,1.528,89.86,39.99,26.61,0,28,1.63,0.3533
217.89,43.76,157.24,1.461,77.26,31.2,26.73,0,40,1.53,0.798
242.16,62.65,168.41,1.686,80.65,78.61,26.87,0,32,1.62,0.6846
126.1,61.75,294.23,1.887,86.71,68.38,27.82,1,142,1.95,0.4971
230.58,49.86,180.3,1.553,84.83,74.48,28.54,0,25,1.59,0.5917
221.82,57.8,158.47,1.615,84.51,33.29,25.31,0,37,1.78,0.4998
225.01,60.39,172.99,1.583,79.07,78.98,25.27,0,20,1.55,0.6738
170.51,52.75,293.56,1.956,79.47,53.05,27.35,1,116,1.68,0.7471
134.13,55.26,279.41,2.191,81.97,79.37,25.5,1,141,1.69,0.5884
143.63,75.5,246.14,1.987,84.79,33.57,26.77,1,54,1.89,0.535
182.35,50.47,155.7,1.492,92.74,78.66,25.87,0,23,1.76,0.2422
173.93,59.16,263.26,2.117,76.96,67.04,30.12,1,118,1.65,0.9844
187.36,48.72,194.68,1.513,75.88,60.48,29.43,0,44,1.48,0.9904
146.83,61.48,288.85,1.987,78.98,33.4,31.09,1,73,1.68,0.9492
169.08,50.31,286.81,1.891,83.38,67.86,32.54,1,68,1.7,0.8147
122.93,50.78,237.18,2.025,78.12,62.88,24.6,1,57,1.98,0.6768
125.19,51.63,254.09,2.005,91.55,69.95,25.79,1,87,2.16,0.2805
121.3,67.82,269.11,1.997,82.58,69.42,26.73,1,54,1.7,0.6113
197.95,56.49,191.55,1.618,82.02,54.41,24.23,0,11,1.59,0.544
151.54,54.32,246.77,2.098,74.44,41.26,27.84,1,121,2.09,0.9572
223.13,43.65,204.15,1.684,88.24,80.54,25.33,0,15,1.78,0.3799
237.05,64.1,172.84,1.475,83.19,80.91,26.06,0,11,1.58,0.5671
211.66,40.35,181.12,1.519,87.1,41.66,23.62,0,26,1.84,0.3762
206.55,57.03,194.54,1.711,77.42,64.69,28.42,0,35,1.63,0.8746
248.15,62.0,152.85,1.506,80.02,41.16,28.76,0,12,1.54,0.7893
188.17,40.63,153.27,1.659,84.72,77.37,22.61,0,10,1.83,0.4193
214.06,58.13,162.7,1.701,81.39,35.4,28.46,0,42,1.56,0.7225
130.06,65.25,239.25,1.803,78.99,84.46,27.96,1,102,2.07,0.7923
186.87,55.99,150.39,1.551,74.44,63.6,28.21,0,23,1.54,0.978
198.77,50.37,187.38,1.698,95.0,31.26,26.36,0,21,1.7,0.1717
122.18,78.5,272.88,1.982,77.27,78.5,26.01,1,58,1.65,0.7645
241.39,53.85,207.43,1.551,84.89,67.65,26.13,0,25,1.64,0.5118
132.91,72.81,220.78,2.1,75.11,68.35,26.14,1,58,2.01,0.8436
120.56,56.98,298.37,2.132,73.55,45.13,26.63,1,142,1.76,0.9228
137.76,61.21,222.37,1.919,84.93,48.52,25.62,1,72,2.23,0.4953
148.64,52.68,220.91,2.212,83.03,80.29,28.16,1,85,1.95,0.6475
229.06,41.97,187.49,1.386,88.67,64.92,27.93,0,37,1.8,0.4265
128.13,74.13,276.7,1.819,82.05,30.93,30.49,1,128,1.56,0.7833
186.42,40.39,204.51,1.545,83.85,48.01,25.44,0,19,1.55,0.5252
203.17,50.53,160.7,1.56,77.18,62.92,28.41,0,40,1.57,0.8834
160.53,61.19,273.75,1.965,90.92,38.14,26.75,1,62,1.81,0.319
247.08,61.39,197.8,1.536,86.07,35.41,28.97,0,34,1.45,0.557
128.26,72.87,288.84,1.913,74.25,33.27,30.02,1,47,1.61,1.0938
149.97,73.61,258.47,1.974,81.76,64.68,28.81,1,57,1.93,0.7227
173.43,75.08,242.25,1.929,79.39,47.63,32.03,1,142,1.9,0.9816
148.12,67.52,286.0,2.082,79.21,50.55,29.51,1,73,1.79,0.8576
246.22,51.87,200.67,1.604,90.05,33.3,23.67,0,19,1.68,0.2911
210.37,56.03,166.93,1.573,88.74,70.59,25.47,0,42,1.79,0.3668
176.64,69.65,291.88,1.991,79.56,72.17,29.99,1,137,1.68,0.8668
245.37,42.04,180.6,1.734,79.74,75.62,29.28,0,15,1.63,0.8248
138.78,79.12,238.14,1.942,90.25,65.84,27.49,1,76,2.21,0.3577
137.72,79.05,290.29,1.847,85.82,72.53,29.27,1,72,1.74,0.5769
173.71,77.16,249.92,1.883,81.53,61.75,29.25,1,104,2.01,0.7506
186.14,45.36,165.39,1.572,76.3,57.04,25.61,0,38,1.6,0.7785
203.71,53.48,150.8,1.658,85.89,44.29,25.92,0,41,1.85,0.4721
190.5,52.57,203.91,1.706,87.35,32.94,26.27,0,12,1.68,0.4321
222.31,51.89,158.1,1.798,69.73,46.05,26.67,0,12,1.6,1.0585
122.39,71.13,271.83,2.089,82.65,67.6,29.01,1,54,1.69,0.6954
180.3,42.77,170.8,1.494,82.37,80.98,25.61,0,34,1.67,0.5791
248.3,44.57,166.66,1.576,82.3,44.09,26.78,0,7,1.62,0.623
204.47,42.43,206.46,1.34,79.19,66.84,26.41,0,22,1.6,0.7166
168.93,63.41,285.75,1.963,81.26,56.3,28.33,1,146,1.59,0.7221
153.34,75.96,282.22,1.927,89.83,64.52,27.37,1,92,1.92,0.3705
191.12,46.13,195.58,1.322,81.68,30.09,26.21,0,21,1.54,0.6235
249.94,45.27,170.46,1.853,88.78,36.75,26.17,0,16,1.75,0.381
200.66,58.39,183.82,1.555,79.56,41.94,26.56,0,18,1.59,0.7102
208.39,60.46,166.21,1.347,87.31,79.14,26.65,0,43,1.83,0.4432
156.1,51.22,221.61,1.967,82.4,32.23,27.9,1,91,1.92,0.6614
160.49,63.83,298.54,2.198,80.95,61.33,31.46,1,63,1.6,0.8785
205.81,61.1,164.6,1.829,85.79,81.08,24.16,0,19,1.86,0.4281
242.88,55.6,203.99,1.607,88.16,65.86,25.06,0,36,1.79,0.3764
131.0,75.42,220.99,2.012,71.67,56.64,25.55,1,136,2.01,0.9273
195.95,57.84,179.7,1.747,78.42,51.23,24.42,0,41,1.57,0.6603
161.18,76.52,256.16,1.982,80.86,64.33,31.92,1,124,2.03,0.906
244.57,54.66,204.59,1.655,72.11,56.42,27.97,0,35,1.62,1.0524
214.75,64.82,207.14,1.701,84.74,68.8,22.35,0,36,1.72,0.4122
231.35,47.54,183.76,1.471,83.8,63.98,26.03,0,28,1.57,0.5455
247.98,63.26,176.55,1.784,75.65,61.21,30.79,0,23,1.67,1.0809
176.94,72.83,272.49,1.894,77.15,82.62,29.88,1,73,1.74,0.9629
187.17,53.51,166.08,1.524,88.58,75.96,22.54,0,28,1.78,0.312
197.12,51.5,184.47,1.612,91.4,63.49,23.5,0,13,1.78,0.249
221.66,59.58,157.69,1.713,77.24,59.63,28.3,0,17,1.56,0.8755
199.29,41.53,205.15,1.681,78.75,69.82,28.75,0,22,1.56,0.839
247.03,55.68,160.56,1.594,80.92,74.22,25.47,0,42,1.61,0.6215
208.37,59.02,194.73,1.634,70.31,46.24,27.87,0,28,1.68,1.1138
179.92,52.52,236.33,2.129,83.01,66.68,28.0,1,86,1.98,0.6422
229.11,42.63,163.56,1.601,85.11,37.43,30.07,0,9,1.5,0.6343
216.7,46.12,183.47,1.503,89.18,53.67,26.01,0,41,1.76,0.3639
157.43,65.78,270.2,1.928,74.09,81.61,32.28,1,108,1.5,1.2516
185.36,62.39,193.6,1.709,78.87,47.95,24.86,0,44,1.62,0.6638
121.28,71.29,230.65,1.903,79.48,38.48,31.26,1,55,1.99,0.9356
240.73,54.01,169.83,1.412,88.26,38.04,25.98,0,40,1.76,0.3942
168.66,64.05,289.33,1.963,86.18,51.66,24.55,1,81,1.96,0.4262
149.02,57.0,254.6,1.991,82.83,42.38,29.02,1,130,1.98,0.6886
128.76,60.01,264.79,2.103,88.06,53.48,27.94,1,117,1.85,0.4497
147.91,75.41,294.55,1.825,80.35,69.54,26.06,1,92,1.7,0.6629
245.92,64.62,197.52,1.642,80.57,78.85,28.7,0,23,1.57,0.7649
133.42,68.82,281.11,2.138,90.04,36.06,28.48,1,92,1.78,0.3871
231.0,44.8,174.08,1.502,82.55,72.26,26.63,0,34,1.61,0.6088
208.75,54.44,167.25,1.61,75.68,35.69,28.31,0,44,1.53,0.936
215.16,41.66,157.28,1.342,80.17,50.87,26.64,0,28,1.66,0.6922
238.55,46.17,175.22,1.705,75.26,84.81,30.62,0,40,1.63,1.0876
185.84,44.31,151.02,1.695,88.02,33.78,23.62,0,7,1.71,0.3494
135.26,69.82,263.34,1.998,80.2,31.26,25.35,1,124,1.56,0.6404
195.02,56.97,193.5,1.441,85.23,48.35,26.25,0,38,1.66,0.5039
171.74,58.42,225.35,2.08,78.57,82.31,28.05,1,99,2.04,0.8124
141.44,70.53,253.3,1.971,71.55,31.1,28.15,1,135,1.88,1.0848
181.91,45.32,166.88,1.266,85.23,42.25,26.45,0,22,1.64,0.5098
221.57,49.11,179.65,1.693,86.95,63.17,23.66,0,16,1.81,0.3815
199.84,48.25,160.22,1.74,84.72,42.86,28.19,0,41,1.66,0.584
226.86,45.9,157.01,1.761,78.93,32.96,28.01,0,30,1.49,0.7969
189.91,64.83,177.14,1.447,83.25,32.88,22.62,0,16,1.69,0.4599
231.51,49.68,184.84,1.37,85.66,60.75,26.49,0,18,1.72,0.4962
225.19,63.51,199.21,1.551,94.11,60.9,23.32,0,39,1.78,0.1687
126.79,56.14,267.6,2.062,86.64,68.86,23.25,1,127,1.98,0.3811
147.85,66.78,277.63,1.887,85.62,37.25,26.66,1,62,1.73,0.5026
199.83,42.98,163.28,1.409,80.59,57.49,28.12,0,16,1.62,0.7388
162.33,77.6,228.93,2.087,73.9,63.05,28.76,1,97,1.98,1.0311
225.88,40.8,182.23,1.559,90.8,42.23,23.93,0,38,1.79,0.2734
222.2,64.11,177.05,1.675,86.61,60.1,28.26,0,32,1.6,0.5138
127.88,53.54,276.08,2.002,85.82,68.95,28.04,1,84,1.68,0.5372
188.59,46.18,192.13,1.58,82.15,84.5,27.16,0,15,1.64,0.6424
220.93,55.44,190.9,1.592,88.1,62.8,24.87,0,33,1.73,0.3741
173.37,55.26,221.11,1.957,87.58,77.37,27.09,1,50,2.2,0.4452
154.77,51.86,275.51,1.945,92.09,75.85,26.12,1,138,1.99,0.2678
138.77,71.36,292.73,1.868,86.04,81.71,29.34,1,109,1.75,0.5703
129.8,71.68,283.8,2.058,81.04,69.77,29.76,1,81,1.8,0.7935
140.73,55.31,269.8,2.15,76.83,41.72,26.8,1,84,1.69,0.8164
212.85,44.42,153.21,1.54,83.88,46.4,27.11,0,36,1.57,0.5785
232.72,41.54,153.05,1.824,85.72,73.16,25.62,0,15,1.82,0.4693
235.3,49.19,190.12,1.645,86.87,58.65,26.86,0,17,1.76,0.4643
214.93,52.65,161.17,1.631,89.63,43.82,27.38,0,29,1.77,0.378
186.71,59.14,205.41,1.679,83.35,66.12,26.3,0,23,1.59,0.5697
206.7,52.53,200.54,1.717,95.0,79.86,22.89,0,38,1.86,0.1395
167.36,64.96,251.26,1.945,72.56,49.67,29.05,1,78,2.05,1.1023
134.72,58.94,223.57,2.067,83.88,62.79,28.58,1,46,2.03,0.6302
151.43,76.52,248.99,2.126,79.13,61.98,27.09,1,130,2.01,0.748
232.28,43.97,155.54,1.554,76.43,36.98,23.93,0,15,1.59,0.7004
131.79,73.91,245.95,2.001,81.85,34.96,27.38,1,79,1.92,0.6617
243.85,58.98,177.13,1.508,75.48,78.92,27.48,0,31,1.55,0.8991
179.62,57.61,232.34,1.941,79.38,81.34,30.35,1,112,2.01,0.8926
216.02,40.77,205.03,1.558,85.87,79.73,24.23,0,39,1.75,0.4275
153.14,76.24,234.93,1.891,86.24,51.82,29.84,1,143,1.97,0.5785
244.94,61.38,187.72,1.592,73.77,45.82,29.11,0,18,1.67,1.0574
172.62,51.38,264.99,2.04,87.07,81.82,27.75,1,140,1.92,0.4817
171.88,76.72,236.18,2.051,84.62,78.55,25.96,1,149,2.01,0.5158
189.32,54.59,160.81,1.503,87.88,75.09,27.52,0,20,1.81,0.4455
235.43,58.93,191.05,1.527,82.96,48.38,24.87,0,15,1.6,0.5356
129.09,69.3,296.1,2.102,76.36,65.13,27.2,1,106,1.59,0.8528
181.63,53.19,151.18,1.527,75.13,71.27,29.21,0,18,1.64,1.0084
159.18,60.6,256.57,2.099,74.27,61.69,29.74,1,88,2.03,1.0756
143.15,54.3,299.99,1.912,84.77,63.11,27.91,1,134,1.71,0.5727
206.04,64.24,155.94,1.645,95.0,71.62,21.26,0,40,1.77,0.1264
240.77,62.81,163.53,1.69,83.49,72.18,23.54,0,18,1.89,0.4792
231.4,51.14,173.04,1.282,89.21,43.2,23.82,0,32,1.78,0.3185
137.58,64.53,277.03,2.104,77.56,51.49,24.81,1,80,1.66,0.7028
228.08,58.2,201.62,1.756,85.14,72.97,25.85,0,41,1.81,0.4951
193.46,46.39,206.76,1.563,89.41,44.38,23.81,0,19,1.84,0.3124
209.58,44.21,157.23,1.641,76.92,80.36,25.94,0,25,1.62,0.7731
125.2,59.82,285.23,1.899,80.1,76.14,29.32,1,112,1.73,0.812
168.1,68.97,223.27,2.044,85.39,79.25,28.54,1,140,2.06,0.5699
174.68,77.48,243.76,2.295,67.22,46.35,28.46,1,57,1.81,1.2726
236.59,54.29,159.45,1.336,90.56,35.78,26.24,0,7,1.77,0.3218
134.96,69.13,288.37,1.94,84.7,35.53,27.3,1,77,1.63,0.5552
159.13,71.11,282.43,2.096,84.59,60.57,29.44,1,69,1.7,0.6331
177.26,77.63,272.51,2.151,82.53,46.81,25.45,1,96,1.68,0.5684
137.98,74.36,284.38,1.834,72.06,44.49,29.8,1,145,1.77,1.172
182.18,51.66,192.59,1.523,87.7,42.23,24.97,0,9,1.83,0.3889
242.36,46.37,160.94,1.53,84.07,60.92,25.58,0,34,1.58,0.5223
177.39,54.42,238.74,1.922,80.11,60.15,30.61,1,57,1.98,0.8739
197.46,63.29,172.64,1.586,88.48,53.23,27.17,0,27,1.75,0.4148
178.42,59.03,239.34,1.829,86.81,37.61,27.22,1,69,2.19,0.4764
146.46,62.96,223.19,1.969,93.15,81.08,26.62,1,134,2.22,0.2388
243.99,47.88,206.68,1.488,86.4,53.54,24.3,0,18,1.87,0.4132
147.52,54.47,259.43,1.992,80.44,36.8,26.23,1,90,2.01,0.6665
233.42,50.14,161.95,1.515,85.42,32.04,23.49,0,38,1.79,0.4219
211.95,63.79,182.17,1.58,87.54,38.39,24.49,0,16,1.68,0.3829
163.36,59.67,234.33,1.876,83.13,46.34,32.72,1,63,2.15,0.8353
157.18,62.61,299.42,2.114,72.87,64.66,30.32,1,96,1.74,1.1724
198.87,63.79,206.11,1.561,84.95,83.4,25.1,0,35,1.74,0.4796
186.99,51.9,200.18,1.602,91.47,44.96,26.75,0,33,1.81,0.2997
176.89,59.82,294.91,1.983,79.48,73.44,29.79,1,138,1.71,0.8602
120.59,55.38,263.4,2.001,85.64,80.13,29.46,1,74,1.72,0.5907
155.27,68.55,227.36,2.0,85.46,51.54,27.23,1,131,2.02,0.5254
237.42,44.69,173.16,1.697,87.35,43.93,27.7,0,16,1.83,0.4699
243.1,64.5,196.21,1.566,81.78,57.01,24.08,0,10,1.57,0.5463
187.44,44.39,209.37,1.514,78.17,79.32,28.12,0,13,1.62,0.8309
173.7,50.86,239.12,2.005,82.6,30.6,27.78,1,113,1.88,0.6493
193.81,47.72,178.79,1.526,76.86,56.76,25.53,0,9,1.61,0.7565
231.58,50.83,191.99,1.591,81.35,71.67,27.56,0,30,1.59,0.6871
177.88,73.64,235.81,1.874,82.87,63.06,28.77,1,67,1.98,0.6771
180.6,64.13,179.29,1.726,92.51,57.35,26.58,0,36,1.84,0.2605
168.92,62.39,295.85,1.906,84.11,60.45,28.23,1,107,1.73,0.6087
125.18,73.88,249.36,2.144,87.28,64.06,25.94,1,46,2.22,0.4261
134.34,79.8,225.12,1.993,87.99,67.51,28.14,1,119,2.18,0.4577
244.3,60.61,184.54,1.703,82.12,49.59,22.84,0,9,1.83,0.4975
205.18,53.56,195.67,1.508,81.72,58.46,27.73,0,21,1.6,0.6802
138.19,77.29,225.31,1.764,91.66,45.05,31.08,1,76,2.18,0.3764
125.6,60.14,291.34,1.802,81.24,84.12,28.74,1,126,1.75,0.7402
138.67,50.34,299.85,2.3,89.96,40.3,25.69,1,121,1.94,0.3314
231.61,48.65,172.04,1.528,87.94,38.29,27.09,0,28,1.55,0.4323
172.64,64.71,279.58,2.132,74.43,44.79,28.53,1,147,1.59,0.9968
174.77,73.57,225.26,1.844,82.74,80.6,29.24,1,93,2.08,0.701
142.73,74.37,249.58,2.021,83.33,66.24,27.68,1,148,1.94,0.6185
142.35,61.93,228.7,2.042,84.45,55.08,27.44,1,118,1.93,0.5689
144.4,66.24,224.43,2.34,79.25,80.9,27.2,1,96,1.99,0.7485
142.55,66.2,267.1,1.962,76.31,79.51,28.45,1,126,1.71,0.9192
230.84,42.7,191.83,1.515,81.68,52.09,26.04,0,17,1.58,0.6173
182.74,42.36,196.18,1.642,85.69,61.0,23.69,0,12,1.65,0.4191
217.17,57.92,167.28,1.489,88.85,79.8,27.3,0,35,1.81,0.4046
219.57,47.88,192.26,1.649,90.36,47.57,29.14,0,23,1.89,0.3893
185.52,56.46,186.35,1.594,90.44,52.41,26.72,0,34,1.73,0.3353
215.05,53.63,177.4,1.51,89.58,73.62,24.69,0,44,1.88,0.324
229.97,64.65,172.7,1.659,76.9,68.43,28.42,0,25,1.59,0.8947
183.73,62.23,169.9,1.613,80.41,32.68,27.83,0,18,1.59,0.7332
147.16,67.34,230.28,2.091,80.4,36.46,31.28,1,105,1.93,0.8947
136.66,62.3,254.87,2.198,78.8,76.54,28.37,1,84,1.97,0.8188
238.33,46.55,153.54,1.54,84.74,31.64,28.49,0,39,1.53,0.5935
179.45,50.64,284.52,1.951,86.77,80.6,27.04,1,109,1.97,0.4728
238.33,54.63,201.61,1.439,86.45,44.95,26.37,0,7,1.73,0.4655
186.62,59.73,200.77,1.663,89.42,62.91,25.78,0,41,1.81,0.351
208.27,51.25,199.08,1.523,76.92,61.05,28.95,0,41,1.65,0.9218
193.96,42.58,163.28,1.641,90.49,51.79,24.08,0,37,1.78,0.2851
129.99,57.93,298.8,2.14,77.2,31.73,29.8,1,96,1.53,0.9564
136.97,57.73,225.25,1.918,74.65,40.59,31.27,1,128,2.1,1.1565
181.78,59.55,195.59,1.543,84.39,63.82,28.63,0,18,1.51,0.612
180.67,57.51,150.11,1.722,90.19,54.55,25.98,0,24,1.78,0.3294
200.39,42.21,177.57,1.685,83.81,52.76,29.04,0,34,1.6,0.65
190.03,55.53,150.64,1.672,82.87,35.37,27.48,0,19,1.6,0.6282
224.12,61.85,166.84,1.553,87.4,49.09,24.05,0,36,1.69,0.3771
226.47,57.43,176.15,1.428,81.77,58.95,29.35,0,23,1.6,0.7451
176.97,64.17,225.7,1.915,74.22,34.27,30.72,1,85,1.87,1.1399
179.41,54.6,242.25,1.879,75.45,33.67,28.71,1,56,1.87,0.967
226.12,62.18,171.75,1.67,84.63,57.04,24.98,0,21,1.88,0.4863
128.51,73.91,272.12,2.034,85.01,60.87,25.43,1,73,1.85,0.4871
205.13,61.38,199.04,1.528,83.44,44.17,26.79,0,22,1.54,0.5832
215.92,59.57,167.98,1.549,88.3,47.92,25.09,0,26,1.74,0.3726
214.94,60.41,186.9,1.657,79.53,73.83,29.88,0,31,1.61,0.8626
139.0,63.82,287.43,1.962,83.11,77.81,30.23,1,60,1.7,0.7262
139.61,69.09,241.74,1.93,79.46,47.89,30.36,1,77,1.99,0.8897
175.06,76.38,292.98,2.237,91.53,49.56,27.88,1,126,1.87,0.3179
187.62,45.14,201.14,1.534,84.68,75.67,25.8,0,31,1.67,0.5089
131.64,58.3,232.39,2.08,95.0,83.56,22.1,1,81,2.1,0.133
238.32,44.75,163.46,1.647,86.07,47.63,25.76,0,39,1.86,0.4616
162.04,55.26,270.23,1.817,82.59,73.38,26.49,1,54,1.63,0.6024
199.28,52.54,187.51,1.519,77.14,56.38,28.74,0,44,1.65,0.902
231.14,40.71,193.2,1.698,75.93,44.51,27.07,0,34,1.64,0.8617
172.8,64.45,252.4,1.984,76.32,67.5,29.14,1,52,2.03,0.9562
127.26,70.97,278.82,1.824,76.67,55.44,29.37,1,141,1.7,0.9547
194.1,58.71,197.94,1.647,85.59,44.75,26.54,0,30,1.58,0.5001
163.53,70.07,281.72,1.93,81.1,35.9,26.41,1,89,1.61,0.6509
227.45,45.67,199.89,1.652,83.54,77.68,27.66,0,38,1.66,0.61
146.9,63.17,226.4,2.323,87.48,78.33,29.37,1,61,1.98,0.5123
121.03,76.92,243.42,2.046,82.66,34.12,27.11,1,111,1.87,0.6222
123.63,70.76,295.19,2.073,95.0,66.49,25.04,1,119,1.9,0.1588
127.14,60.82,237.87,1.97,74.05,38.94,30.64,1,49,1.89,1.1421
195.6,40.9,198.32,1.466,81.42,65.55,28.14,0,35,1.59,0.7081
249.21,45.83,160.33,1.723,82.67,79.92,24.6,0,20,1.68,0.536
145.56,73.75,226.9,1.927,86.16,44.31,28.91,1,82,1.96,0.5515
222.05,59.32,194.43,1.572,73.38,49.14,25.47,0,31,1.66,0.8672
226.0,54.24,181.96,1.815,78.28,73.73,24.45,0,43,1.65,0.6658
209.33,46.77,190.9,1.559,82.61,70.45,27.06,0,24,1.53,0.6222
213.25,50.13,167.57,1.746,95.0,52.48,21.15,0,10,1.76,0.1255
150.68,53.93,261.25,2.046,82.43,76.67,29.11,1,63,1.7,0.7083
225.17,63.83,151.75,1.534,77.21,80.63,26.15,0,39,1.6,0.7729
152.13,61.11,254.08,2.041,75.5,54.9,28.91,1,132,1.97,0.9763
188.98,41.64,206.67,1.514,92.68,32.17,25.76,0,25,1.75,0.2426
180.51,44.16,162.68,1.709,83.39,58.02,23.34,0,39,1.81,0.4763
188.75,54.53,158.85,1.75,80.41,70.68,24.86,0,21,1.6,0.6154
246.93,45.81,151.09,1.606,90.33,42.1,27.28,0,29,1.86,0.3505
233.49,63.36,163.88,1.761,87.66,35.47,27.66,0,35,1.66,0.4573
178.33,57.51,278.69,2.019,85.74,45.69,31.26,1,112,1.67,0.6502
182.5,46.83,164.47,1.71,76.82,30.64,28.81,0,36,1.48,0.9184
143.0,75.21,238.21,2.354,71.9,69.35,31.09,1,102,1.73,1.2689
183.1,59.99,194.97,1.897,85.66,38.03,25.01,0,19,1.7,0.4545
234.74,50.6,154.86,1.578,85.83,69.8,25.94,0,34,1.83,0.4746
160.81,59.28,224.01,2.035,82.67,42.9,29.62,1,109,1.94,0.7194
186.7,47.17,181.24,1.474,91.24,84.56,26.28,0,18,1.75,0.2994
219.76,43.57,157.93,1.696,72.98,59.25,28.72,0,19,1.6,1.0649
199.61,56.88,194.37,1.647,86.71,32.27,27.87,0,9,1.72,0.4986
226.17,51.26,155.16,1.507,75.64,72.5,29.3,0,35,1.59,0.9928
120.43,55.46,293.71,2.142,85.79,52.55,28.88,1,54,1.68,0.5653
229.35,43.44,158.95,1.568,78.85,63.4,29.19,0,18,1.67,0.8565
133.68,76.64,262.82,1.937,80.13,82.32,25.89,1,133,1.67,0.6636
161.0,61.8,299.52,2.048,75.62,58.45,32.03,1,133,1.78,1.1612
212.57,47.1,174.68,1.544,76.46,74.24,26.46,0,22,1.57,0.8131
170.54,67.57,294.2,1.996,82.06,46.65,28.49,1,56,1.73,0.6977
220.49,44.58,162.96,1.81,77.13,69.3,29.45,0,34,1.57,0.9402
143.58,51.92,243.16,1.926,86.27,35.46,27.95,1,70,1.88,0.5175
239.02,58.62,191.82,1.681,86.46,79.13,26.94,0,23,1.77,0.4811
158.64,76.13,255.13,1.93,91.63,40.99,27.01,1,54,2.24,0.2986
191.96,46.76,197.68,1.483,85.72,46.61,26.23,0,13,1.88,0.4866
187.15,43.05,188.69,1.59,88.63,82.7,23.86,0,42,1.81,0.3364
140.07,58.82,268.29,2.322,89.68,38.54,27.58,1,74,1.75,0.3807
173.05,73.09,232.53,2.094,78.67,43.99,28.55,1,91,2.03,0.8324
183.85,41.88,161.87,1.655,75.92,61.91,26.82,0,7,1.67,0.8495
210.97,42.87,164.38,1.537,82.57,83.94,28.81,0,30,1.64,0.6906
130.06,57.67,253.71,1.954,75.8,68.03,27.32,1,135,1.93,0.8791
125.31,78.55,271.85,1.822,93.19,36.28,29.53,1,149,1.77,0.2813
132.14,71.89,292.47,2.215,86.72,71.15,31.18,1,133,1.66,0.6028
126.16,54.01,289.59,2.032,94.09,53.44,26.92,1,124,1.9,0.2097
151.26,52.79,265.35,2.022,82.42,84.58,28.21,1,51,1.73,0.6727
179.29,75.28,259.03,2.024,83.69,64.58,29.51,1,74,2.06,0.6728
201.73,51.61,200.42,1.851,81.84,59.26,25.96,0,17,1.62,0.609
202.3,44.44,150.53,1.636,90.84,60.65,23.41,0,12,1.88,0.2638
143.16,55.88,270.03,1.977,74.67,65.29,29.72,1,119,1.79,1.0576
140.38,64.41,221.85,2.216,66.99,70.25,30.88,1,149,1.87,1.4729
223.15,59.03,202.35,1.584,77.12,34.31,29.36,0,38,1.47,0.9357
245.61,58.6,178.16,1.397,76.84,37.19,25.98,0,26,1.53,0.7776
121.14,55.08,296.38,1.817,89.85,46.53,27.82,1,53,1.93,0.3797
213.08,42.97,203.24,1.577,92.24,56.29,27.04,0,28,1.89,0.2773
194.94,47.02,203.41,1.635,77.02,47.11,26.07,0,35,1.76,0.7757
232.88,52.63,157.71,1.699,92.23,41.76,24.14,0,43,1.78,0.2338
189.85,61.74,178.51,1.49,85.76,80.88,29.44,0,19,1.61,0.5851
214.38,64.21,209.62,1.573,76.92,31.79,25.26,0,21,1.51,0.7425
209.49,55.94,158.94,1.503,85.01,81.63,22.82,0,41,1.86,0.4166
226.08,48.77,184.45,1.734,78.36,79.9,29.16,0,31,1.6,0.8749
137.89,62.23,251.5,2.154,88.83,67.61,24.9,1,138,2.24,0.3517
246.26,48.41,173.27,1.835,78.6,31.79,25.28,0,18,1.5,0.6893
128.08,72.73,237.21,2.042,82.52,42.39,27.2,1,118,1.93,0.6306
164.56,51.73,226.28,2.224,78.66,83.85,28.23,1,88,2.0,0.8175
236.81,46.67,195.53,1.517,88.34,79.83,23.92,0,10,1.81,0.3463
173.01,66.54,271.02,2.026,79.8,83.05,29.57,1,124,1.72,0.8362
211.71,50.5,181.74,1.473,79.33,84.79,28.33,0,37,1.66,0.7965
130.3,58.27,248.53,2.069,80.58,33.51,28.72,1,83,1.88,0.7654
222.13,59.72,208.24,1.634,93.94,61.4,26.38,0,30,1.75,0.2083
130.6,53.86,237.63,1.706,81.9,75.88,26.13,1,71,2.08,0.6131
154.06,79.22,223.24,2.133,78.24,47.58,26.73,1,146,1.98,0.7636
212.62,42.19,179.24,1.703,86.23,53.96,26.88,0,25,1.81,0.4875
218.0,52.33,159.79,1.533,84.35,45.61,24.93,0,42,1.81,0.4937
177.09,59.34,220.24,2.034,76.26,32.09,26.85,1,127,1.83,0.839
170.63,65.27,223.51,1.821,91.69,34.0,29.96,1,118,2.18,0.3518
225.29,46.66,170.42,1.508,80.16,31.18,28.43,0,25,1.52,0.7689
178.45,72.09,253.62,2.2,79.02,59.0,29.55,1,141,2.04,0.8675
223.29,47.84,163.49,1.461,80.5,64.01,30.89,0,42,1.67,0.8706
125.83,51.16,234.23,2.001,91.23,46.92,27.69,1,62,2.2,0.3256
228.39,62.49,181.42,1.432,75.25,75.44,26.5,0,43,1.64,0.8569
142.85,78.32,295.11,2.041,83.92,78.84,27.73,1,98,1.71,0.5983
180.97,61.91,194.57,1.668,89.83,37.69,31.23,0,29,1.75,0.4629
212.71,40.82,169.96,1.687,86.88,32.86,23.62,0,44,1.69,0.3826
232.0,47.86,190.32,1.656,77.88,47.57,26.05,0,26,1.68,0.7458
214.93,58.17,202.95,1.771,84.84,69.21,21.74,0,10,1.75,0.3945
234.57,45.54,155.16,1.534,84.34,57.91,26.89,0,44,1.67,0.5547
211.56,44.96,209.34,1.473,89.65,56.84,27.23,0,11,1.88,0.374
128.21,65.37,262.45,1.93,82.08,38.38,26.36,1,118,1.62,0.6153
200.5,55.4,153.2,1.438,88.96,49.33,25.19,0,32,1.8,0.3537
186.45,64.73,168.84,1.609,80.16,82.74,22.4,0,7,1.67,0.5375
210.1,43.37,203.17,1.583,75.76,48.73,27.25,0,21,1.65,0.877
217.92,48.9,185.77,1.657,78.62,62.53,29.41,0,22,1.56,0.8769
204.44,47.78,167.23,1.406,91.9,33.21,25.32,0,29,1.73,0.2615
196.96,62.0,206.43,1.598,83.2,33.51,27.38,0,28,1.49,0.6125
227.04,46.38,197.24,1.746,87.92,53.33,23.36,0,11,1.83,0.3468
206.4,48.84,194.13,1.669,84.22,63.23,27.41,0,11,1.64,0.5763
224.2,43.57,203.31,1.373,89.9,50.48,25.71,0,12,1.77,0.3337
144.34,70.87,296.62,1.999,78.07,39.85,29.31,1,97,1.54,0.8943
233.27,45.94,167.2,1.512,88.46,70.48,24.98,0,16,1.78,0.3651
206.27,41.71,185.03,1.602,80.2,37.7,25.71,0,42,1.57,0.6542
175.04,54.9,283.72,1.954,91.86,66.74,28.39,1,66,1.91,0.3147
211.48,49.79,160.85,1.809,82.01,82.62,23.88,0,29,1.67,0.533
136.35,75.18,290.21,2.01,77.85,55.88,28.04,1,62,1.79,0.8392
241.51,43.34,159.54,1.638,86.47,41.02,26.42,0,43,1.81,0.4662
164.22,62.97,281.59,1.995,81.52,76.31,29.31,1,70,1.73,0.7536
129.25,78.43,273.39,2.057,83.55,57.8,28.43,1,119,1.75,0.6375
191.73,42.48,200.26,1.574,86.32,80.78,24.79,0,11,1.7,0.428
121.58,50.1,258.81,2.093,82.27,69.63,21.97,1,64,2.17,0.4679
219.5,63.82,159.08,1.553,93.48,53.68,24.54,0,35,1.8,0.2009
225.98,42.13,192.33,1.765,84.88,63.96,30.1,0,17,1.66,0.6452
167.36,69.87,277.31,2.06,86.37,39.35,31.02,1,55,1.53,0.613
130.35,59.69,253.7,1.982,79.34,51.3,28.36,1,143,2.04,0.7975
245.64,49.45,163.64,1.701,83.74,62.66,28.71,0,9,1.58,0.6405
225.64,47.35,165.04,1.659,84.28,62.45,26.9,0,9,1.63,0.5572
191.1,56.93,193.84,1.699,88.83,62.3,27.01,0,7,1.79,0.3985
220.58,57.57,169.16,1.61,90.07,70.89,25.81,0,18,1.79,0.3301
125.72,77.92,282.7,1.971,82.29,35.81,29.09,1,123,1.58,0.7131
240.95,60.76,151.35,1.616,75.45,34.05,27.18,0,38,1.49,0.8846
204.52,46.71,204.49,1.54,93.53,38.14,25.41,0,28,1.77,0.21
209.61,57.17,195.16,1.718,83.16,73.58,30.13,0,18,1.55,0.7199
221.91,43.37,178.37,1.776,82.89,33.57,23.96,0,12,1.44,0.5093
216.71,52.77,206.58,1.669,82.92,42.39,29.57,0,44,1.55,0.707
159.48,64.68,273.61,2.17,73.26,44.01,29.65,1,121,1.68,1.112
130.62,54.58,283.64,2.135,88.01,65.6,27.51,1,121,1.9,0.4404
152.62,67.1,255.83,1.968,76.24,52.09,26.56,1,113,2.01,0.8255
188.52,44.87,168.87,1.7,83.68,40.94,25.24,0,38,1.6,0.5244
157.69,63.93,238.19,1.846,80.01,54.72,31.91,1,98,1.97,0.9457
123.0,68.74,293.89,2.022,88.29,67.7,27.12,1,64,2.0,0.4204
179.33,76.08,244.14,1.858,82.18,73.23,28.72,1,46,2.04,0.7023
201.62,58.71,154.88,1.587,88.49,36.81,24.65,0,38,1.67,0.3571
229.21,44.35,171.46,1.427,85.77,69.31,23.99,0,40,1.8,0.4244
225.56,42.65,195.6,1.731,83.88,30.25,26.07,0,13,1.56,0.5441
186.37,45.99,156.03,1.553,83.38,69.84,27.27,0,19,1.58,0.602
220.41,47.85,190.33,1.709,81.44,66.36,27.91,0,12,1.59,0.6979
190.31,53.7,203.39,1.591,74.78,55.78,26.98,0,15,1.58,0.8981
197.66,62.03,160.75,1.379,81.01,37.53,25.17,0,10,1.56,0.6077
172.37,69.29,230.96,1.942,85.7,72.05,25.58,1,115,2.23,0.4689
187.65,52.97,153.08,1.536,82.18,33.95,26.75,0,34,1.47,0.6261
249.56,40.12,190.01,1.598,81.19,79.26,28.37,0,27,1.71,0.7265
173.05,53.58,286.66,2.181,81.82,72.54,26.74,1,141,1.66,0.6384
149.22,59.51,224.58,2.201,77.5,70.75,28.54,1,137,2.0,0.8776
146.33,74.97,230.25,1.972,80.11,71.49,27.7,1,146,2.07,0.7388
144.44,64.17,244.23,1.849,82.5,33.72,26.07,1,109,1.9,0.5907
210.01,44.82,151.2,1.511,84.67,84.45,25.4,0,34,1.79,0.4973
151.56,56.88,281.03,2.058,85.78,77.22,26.32,1,104,1.93,0.4871
247.03,53.62,172.37,1.587,82.26,57.94,27.04,0,43,1.61,0.634
192.1,42.22,177.66,1.411,77.21,69.57,27.93,0,22,1.56,0.8579
213.56,56.01,182.19,1.54,76.75,70.66,26.4,0,27,1.64,0.8002
184.2,59.18,182.08,1.757,95.0,75.64,26.53,0,16,1.76,0.1734
223.45,47.16,162.22,1.635,77.74,44.05,26.79,0,20,1.54,0.7839
138.0,73.78,282.89,2.006,77.05,50.46,30.95,1,119,1.72,1.0281
165.2,64.25,274.93,1.953,89.98,73.98,22.34,1,91,1.86,0.2705
126.13,60.18,236.72,1.945,84.26,72.29,27.83,1,129,2.01,0.5891
182.61,62.79,178.71,1.665,87.51,58.74,25.11,0,36,1.83,0.3983
168.07,52.74,288.73,2.017,80.77,51.79,27.24,1,97,1.72,0.6953
130.99,75.98,290.6,2.093,79.55,83.26,32.38,1,127,1.86,0.9934
225.98,49.98,183.1,1.666,84.38,52.83,26.02,0,7,1.68,0.5257
178.21,64.32,230.7,2.002,81.22,72.02,27.47,1,144,2.04,0.6883
197.59,40.03,170.95,1.646,83.94,52.7,27.54,0,27,1.63,0.591
230.53,56.26,189.11,1.529,90.87,47.04,24.34,0,8,1.85,0.278
139.24,63.57,254.35,1.994,82.99,65.25,27.11,1,96,2.01,0.6104
215.78,45.26,179.45,1.761,81.54,74.42,28.75,0,37,1.6,0.7288
244.07,58.06,197.16,1.601,91.02,83.98,24.24,0,24,1.81,0.2718
163.41,76.69,270.15,1.974,89.54,38.19,25.3,1,102,1.78,0.3373
166.64,73.9,283.06,2.025,88.57,78.19,29.83,1,91,2.01,0.4803
184.57,56.5,188.93,1.46,75.13,58.83,26.21,0,35,1.56,0.8464
188.88,63.26,188.38,1.627,92.17,35.93,22.06,0,10,1.76,0.2078
188.35,41.86,203.58,1.804,89.18,73.69,23.7,0,9,1.85,0.3171
150.97,67.44,278.09,1.903,76.4,48.23,29.63,1,65,1.74,0.9803
192.61,58.24,172.11,1.632,87.0,77.75,24.17,0,9,1.81,0.3919
242.77,56.69,154.98,1.597,89.65,38.68,25.67,0,14,1.66,0.3412
136.42,79.96,285.76,1.994,76.47,69.11,29.87,1,142,1.73,0.991
206.86,44.08,200.63,1.592,83.23,46.54,29.42,0,41,1.63,0.6882
224.17,59.61,174.35,1.686,88.53,44.15,25.92,0,18,1.93,0.3837
234.54,63.91,171.41,1.468,76.36,32.76,28.65,0,30,1.54,0.928
167.74,69.51,294.83,2.083,81.05,56.5,28.6,1,134,1.72,0.7417
191.33,64.08,154.54,1.608,82.57,51.53,29.37,0,25,1.61,0.7133
210.36,55.12,167.63,1.388,79.16,33.39,27.07,0,42,1.49,0.7461
164.15,55.45,261.8,2.046,76.29,42.47,29.79,1,86,1.72,0.994
234.65,57.26,181.12,1.614,82.15,56.8,27.42,0,24,1.64,0.6523
196.14,62.72,178.59,1.495,85.77,74.45,28.6,0,40,1.57,0.557
192.25,44.04,162.52,1.619,87.01,81.12,26.34,0,31,1.79,0.4455
244.44,60.39,182.45,1.442,76.2,58.34,29.99,0,13,1.57,1.0093
183.08,44.92,205.55,1.518,85.36,52.18,28.22,0,17,1.63,0.5605
231.43,40.69,151.63,1.604,78.45,82.51,27.64,0,44,1.67,0.7977
183.25,52.94,190.82,1.398,73.64,82.96,28.67,0,25,1.47,1.0359
238.65,47.96,187.48,1.462,81.21,40.47,27.17,0,41,1.59,0.6766
161.16,73.4,239.61,1.88,90.04,59.23,25.64,1,50,2.3,0.3277
124.66,74.4,244.56,2.01,82.29,75.15,31.65,1,131,2.05,0.8256
159.74,76.77,220.69,2.053,83.22,75.22,26.97,1,82,2.03,0.5972
174.05,77.03,249.65,1.893,78.72,67.67,29.66,1,76,1.95,0.8855
200.89,64.98,166.07,1.486,82.1,55.93,26.05,0,8,1.65,0.6035
133.0,53.69,277.97,2.017,83.38,52.2,27.4,1,56,1.71,0.6066
226.55,46.37,181.17,1.613,75.1,74.35,30.07,0,43,1.65,1.0608
175.58,78.38,276.36,1.916,82.15,42.41,26.23,1,144,1.82,0.6082
125.48,59.23,243.49,2.219,75.93,53.56,33.88,1,67,1.74,1.2718
144.84,50.26,230.55,2.022,73.24,61.18,30.56,1,131,2.08,1.1724
175.16,59.68,230.56,1.98,78.04,75.75,28.08,1,82,1.99,0.8339
132.17,61.49,236.26,1.954,85.43,50.56,26.8,1,72,2.07,0.5134
226.5,44.21,205.24,1.721,82.78,60.18,27.52,0,16,1.58,0.6329
233.57,51.05,163.85,1.665,80.65,45.35,28.12,0,28,1.56,0.7365
125.99,56.38,266.32,1.791,73.43,76.03,32.8,1,50,1.55,1.3216
196.76,61.63,210.0,1.517,86.25,73.2,32.37,0,17,1.53,0.6676
139.58,54.64,247.44,1.946,77.39,75.11,28.8,1,142,1.97,0.8953
136.93,72.78,224.22,1.999,83.14,33.16,28.46,1,125,1.87,0.6546
237.58,42.5,158.63,1.675,81.92,56.78,25.71,0,44,1.57,0.5974
149.02,69.88,231.05,1.872,82.25,37.47,28.26,1,139,1.94,0.6812
148.92,52.22,247.89,1.99,84.37,67.06,28.24,1,73,2.04,0.5991
125.29,58.6,250.36,2.204,73.27,47.13,30.42,1,74,2.0,1.1618
168.14,62.74,281.77,2.003,80.61,72.6,29.84,1,61,1.67,0.8152
207.28,62.91,167.73,1.517,91.32,33.58,24.59,0,21,1.7,0.2683
169.25,66.9,250.64,1.84,95.0,58.23,21.83,1,108,2.14,0.1308
169.48,51.36,275.67,1.942,80.61,36.8,29.16,1,117,1.54,0.7839
237.84,57.99,171.78,1.471,84.18,60.68,26.14,0,11,1.57,0.5362
183.42,40.76,195.68,1.553,93.1,63.4,28.29,0,33,1.73,0.2653
174.67,78.03,245.02,2.065,84.61,55.42,31.74,1,145,2.01,0.7211
225.02,52.49,173.16,1.604,81.04,45.38,25.97,0,33,1.64,0.6362
126.44,64.64,258.67,1.942,79.27,31.78,27.92,1,127,1.91,0.7799
162.1,52.17,253.94,1.785,87.82,66.42,27.18,1,128,2.15,0.4389
224.2,63.28,173.82,1.7,82.89,77.87,21.73,0,41,1.78,0.445
121.67,64.92,287.13,1.958,87.1,70.35,28.71,1,118,1.75,0.5081
151.55,62.31,230.66,2.013,80.1,79.12,32.3,1,71,2.07,0.9624
223.33,50.99,173.14,1.491,82.52,81.12,30.63,0,33,1.55,0.7689
181.24,54.08,197.43,1.551,82.08,54.73,26.82,0,31,1.63,0.6322
224.43,62.9,189.93,1.53,79.03,68.39,28.14,0,40,1.57,0.7991
226.58,62.3,187.89,1.44,91.31,51.86,26.11,0,33,1.87,0.294
123.82,67.17,230.2,1.891,84.06,80.57,24.68,1,105,2.27,0.4954
221.87,46.43,151.75,1.598,78.59,60.96,29.83,0,27,1.48,0.8996
142.3,54.32,236.1,2.036,81.59,71.38,28.35,1,64,1.96,0.7102
198.25,45.07,202.95,1.518,83.87,30.8,27.33,0,31,1.53,0.5863
212.41,64.13,150.97,1.456,74.65,61.66,30.77,0,10,1.49,1.124
154.65,69.69,271.88,1.957,81.08,70.81,26.21,1,60,1.78,0.6439
146.15,68.2,247.07,2.094,78.75,44.14,28.52,1,115,2.03,0.8279
224.09,42.21,153.05,1.487,89.01,30.79,25.24,0,17,1.63,0.3531
182.47,50.19,175.06,1.602,79.28,70.9,26.44,0,34,1.66,0.7148
185.45,55.87,188.64,1.521,74.81,48.59,26.57,0,9,1.66,0.8757
185.69,57.24,205.14,1.735,77.81,53.58,22.06,0,24,1.63,0.5888
128.27,67.95,250.7,1.939,73.57,60.91,29.53,1,48,2.03,1.0916
204.52,54.83,201.4,1.679,92.43,36.06,24.31,0,21,1.75,0.2301
195.93,46.28,157.29,1.722,82.25,35.7,28.14,0,14,1.45,0.6764
232.31,62.23,162.63,1.785,84.59,82.85,28.24,0,20,1.61,0.5907
131.37,59.46,237.82,1.838,84.67,48.64,28.35,1,73,1.96,0.5914
154.21,64.47,228.97,1.832,82.82,44.05,27.74,1,78,2.06,0.6396
210.17,60.66,164.11,1.74,83.57,32.63,26.17,0,16,1.5,0.5579
140.71,68.54,234.69,2.12,87.23,39.57,28.32,1,143,1.99,0.4918
220.98,55.93,171.76,1.526,84.36,53.7,26.52,0,11,1.53,0.5421
203.65,47.05,178.12,1.212,90.54,48.81,26.62,0,28,1.8,0.3298
147.68,65.14,289.46,2.01,85.83,53.35,27.53,1,110,1.67,0.5211
145.03,62.73,265.43,1.818,81.01,68.72,26.0,1,116,1.67,0.6383
136.05,58.88,259.81,1.901,78.91,65.3,29.01,1,83,1.96,0.8453
173.5,77.59,283.02,2.022,79.51,57.12,27.06,1,73,1.66,0.7331
240.54,63.24,167.38,1.638,91.78,74.82,24.24,0,27,1.82,0.2488
144.18,53.66,288.56,2.19,76.65,77.15,32.03,1,147,1.74,1.1121
225.24,45.35,179.41,1.555,78.42,62.49,27.87,0,7,1.61,0.8096
146.8,57.9,230.91,1.883,86.52,36.47,25.09,1,46,2.13,0.4293
234.99,47.52,199.0,1.71,83.98,52.34,25.59,0,44,1.6,0.5256
128.56,74.97,256.86,2.045,80.2,64.9,31.97,1,145,1.92,0.9399
187.78,49.79,197.16,1.556,94.19,33.46,25.29,0,37,1.77,0.1873
236.67,40.3,180.36,1.604,88.58,31.09,26.1,0,29,1.77,0.3862
177.45,54.36,291.26,1.955,83.08,82.16,27.29,1,142,1.73,0.6136
237.42,53.31,171.8,1.683,73.84,70.15,29.58,0,8,1.54,1.0835
193.33,59.34,208.33,1.803,78.32,38.42,29.64,0,37,1.43,0.9011
199.01,46.45,179.04,1.513,87.71,54.48,25.94,0,8,1.76,0.4117
200.7,58.67,193.18,1.651,75.58,40.65,28.96,0,36,1.71,0.9759
215.57,54.18,178.63,1.416,95.0,30.57,24.6,0,31,1.72,0.1547
189.37,50.6,172.29,1.471,85.35,51.54,24.69,0,25,1.8,0.4556
166.39,52.36,257.11,2.068,83.11,65.66,27.37,1,106,2.01,0.6154
192.75,52.35,200.9,1.592,77.31,82.48,29.85,0,43,1.58,0.9545
161.91,54.54,284.46,1.867,84.19,72.34,28.66,1,62,1.7,0.621
125.97,51.87,296.2,2.001,77.17,42.66,27.26,1,128,1.7,0.8265
239.84,47.54,180.47,1.705,95.0,48.49,24.68,0,11,1.77,0.1554
163.9,64.02,232.09,1.826,88.01,58.63,28.97,1,148,2.14,0.4794
219.61,58.97,197.01,1.81,89.25,40.52,25.75,0,29,1.81,0.356
146.83,62.76,259.45,2.069,73.18,75.81,30.41,1,147,1.96,1.165
185.97,62.5,197.87,1.671,83.88,39.24,27.38,0,7,1.55,0.5877
229.36,52.16,187.07,1.6,92.28,45.95,23.63,0,15,1.82,0.2253
170.8,74.61,289.98,2.21,85.38,61.77,27.87,1,121,1.69,0.5485
171.65,51.24,272.38,2.115,73.74,36.78,31.95,1,146,1.36,1.2451
157.17,61.27,284.99,1.956,77.32,64.35,29.92,1,113,1.73,0.9579
240.19,47.98,165.15,1.691,81.07,81.93,26.86,0,12,1.64,0.6694
141.54,68.16,297.46,1.912,77.07,68.03,30.46,1,140,1.68,0.9989
197.48,64.16,172.55,1.566,93.96,74.7,23.54,0,18,1.82,0.1753
189.42,42.78,191.25,1.776,74.05,54.12,26.5,0,30,1.56,0.8984
235.83,42.63,180.85,1.647,87.91,50.09,25.41,0,23,1.81,0.3924
136.92,61.72,276.95,2.079,76.47,48.07,27.3,1,102,1.66,0.8538
190.89,48.0,179.94,1.74,75.54,66.33,30.17,0,37,1.58,1.048
223.62,49.96,195.39,1.666,75.16,58.52,24.76,0,43,1.64,0.7757
141.2,67.77,280.31,1.903,76.65,55.98,31.22,1,138,1.76,1.0622
183.14,53.73,188.88,1.799,89.85,35.54,28.0,0,7,1.63,0.3837
187.47,54.58,161.94,1.662,86.05,67.04,25.31,0,20,1.79,0.4501
180.02,58.78,158.14,1.67,80.35,69.9,23.51,0,17,1.63,0.5693
127.4,67.55,269.09,2.007,86.94,40.79,28.5,1,111,1.65,0.5082
219.36,55.48,173.35,1.733,90.12,71.78,26.15,0,26,1.78,0.3351
194.69,42.79,195.66,1.83,84.95,78.37,25.63,0,8,1.83,0.4949
138.91,76.53,222.52,1.955,93.11,39.6,27.29,1,85,2.07,0.2499
146.63,76.06,229.79,2.128,87.18,54.86,27.14,1,72,2.13,0.4608
215.13,56.26,188.04,1.604,89.14,78.19,24.2,0,38,1.78,0.328
171.76,70.92,259.4,1.76,81.01,56.8,24.97,1,65,1.99,0.6005
159.34,54.6,254.91,1.832,87.85,74.84,25.32,1,77,2.28,0.3923
126.01,63.78,263.66,2.051,82.9,41.87,28.54,1,99,1.82,0.667
247.93,54.15,159.26,1.721,84.58,33.52,28.36,0,32,1.52,0.5952
169.92,74.52,249.26,2.073,77.75,33.27,29.26,1,103,1.9,0.9047
189.17,45.25,170.04,1.692,85.33,83.48,25.34,0,42,1.74,0.4742
208.43,55.73,177.66,1.911,80.03,39.06,25.98,0,29,1.43,0.6705
203.05,59.27,205.75,1.663,74.06,77.57,25.23,0,36,1.66,0.833
194.99,62.13,195.67,1.568,89.66,47.37,25.37,0,29,1.73,0.3348
245.34,58.42,154.46,1.585,72.77,32.2,30.24,0,29,1.53,1.1714
172.81,66.94,269.82,2.196,83.43,43.25,27.34,1,69,1.82,0.6027
193.94,56.83,168.62,1.448,80.92,57.8,31.38,0,31,1.55,0.8759
204.65,52.13,180.51,1.749,84.5,35.87,27.37,0,26,1.4,0.5647
233.36,45.67,194.58,1.602,82.07,80.72,26.68,0,44,1.62,0.6274
194.6,62.06,179.77,1.5,84.15,79.49,27.45,0,39,1.66,0.5802
126.11,55.46,270.03,1.826,88.73,38.2,23.48,1,100,1.75,0.3259
228.99,54.86,181.8,1.778,89.11,70.54,24.51,0,44,1.85,0.335
225.78,64.75,151.45,1.497,94.33,55.34,24.26,0,7,1.86,0.1718
229.45,64.63,170.9,1.607,86.18,84.02,24.99,0,39,1.82,0.4375
229.47,54.66,178.68,1.483,83.91,33.05,26.56,0,44,1.48,0.559
247.54,40.85,188.68,1.836,82.22,55.91,23.05,0,30,1.64,0.501
156.13,61.0,241.85,2.012,85.15,45.7,27.26,1,113,1.97,0.5376
171.31,62.36,223.91,1.838,89.79,69.95,23.38,1,62,2.2,0.2935
181.53,47.21,205.93,1.549,82.42,36.11,26.8,0,44,1.48,0.6195
142.7,74.49,241.5,2.167,82.54,64.55,30.76,1,140,2.01,0.7738
179.63,56.55,252.61,1.883,81.16,82.14,27.64,1,75,2.01,0.6973
159.78,74.93,263.0,1.957,85.15,54.96,28.56,1,108,1.7,0.5799
187.06,52.89,202.95,1.742,89.7,54.98,24.85,0,24,1.79,0.3234
239.2,46.38,158.61,1.641,84.82,57.26,30.19,0,32,1.63,0.6511
225.26,63.72,189.33,1.454,80.76,52.86,30.37,0,39,1.56,0.8339
169.28,73.25,257.06,2.027,73.41,54.61,32.1,1,63,1.76,1.2715
151.17,56.57,241.16,1.982,79.13,55.48,28.12,1,66,2.06,0.7944
240.34,49.6,164.01,1.606,84.77,84.89,28.56,0,22,1.65,0.5947
226.28,58.03,183.83,1.714,93.92,36.4,28.69,0,39,1.67,0.2392
155.41,68.49,269.96,2.029,84.55,45.69,23.61,1,62,1.86,0.4503
157.76,70.77,285.46,1.989,83.46,41.59,29.24,1,126,1.67,0.6718
140.58,69.73,261.46,1.983,78.17,59.93,29.5,1,134,1.61,0.9
145.72,59.48,223.67,2.129,73.66,30.15,32.19,1,99,1.75,1.2659
203.0,43.62,200.43,1.514,79.07,80.66,27.83,0,44,1.62,0.7833
170.36,73.09,243.54,1.74,70.63,59.21,29.4,1,69,1.76,1.2039
165.77,65.31,293.16,1.973,90.32,79.28,26.61,1,60,1.94,0.3373
197.64,64.98,192.9,1.645,74.92,48.97,23.81,0,33,1.64,0.7399
187.07,42.36,176.33,1.55,83.95,38.25,24.7,0,8,1.7,0.4994
121.6,78.4,224.54,1.937,76.35,40.58,28.07,1,59,2.02,0.8976
181.84,46.79,168.75,1.556,80.55,55.89,25.03,0,21,1.62,0.6172
133.46,57.06,272.72,1.997,88.14,32.21,29.16,1,137,1.8,0.4795
167.96,57.88,239.97,1.844,84.09,73.0,27.13,1,134,2.0,0.5716
174.28,79.44,262.68,2.079,76.86,73.49,28.68,1,137,1.72,0.9099
189.26,40.22,199.72,1.281,80.78,68.61,26.41,0,7,1.61,0.6619
243.16,56.3,188.79,1.665,81.13,79.3,25.04,0,11,1.58,0.5992
162.36,69.49,227.48,2.038,81.47,60.22,28.68,1,125,1.97,0.7286
244.69,52.94,167.1,1.66,84.19,56.36,26.86,0,21,1.68,0.5591
174.78,60.07,223.81,1.769,89.82,59.1,30.17,1,85,2.18,0.4362
123.43,64.28,225.6,2.035,72.51,40.01,28.23,1,107,1.94,1.0531
201.58,48.6,150.29,1.535,80.23,58.18,30.11,0,12,1.66,0.8442
214.08,45.75,152.44,1.792,83.21,59.8,25.23,0,29,1.6,0.5392
222.51,47.75,196.07,1.643,88.56,72.05,26.31,0,11,1.8,0.3917
244.85,50.99,155.02,1.459,83.6,49.14,28.52,0,28,1.6,0.6389
138.5,52.37,266.07,1.797,80.78,35.07,32.97,1,71,1.66,0.9652
171.23,66.55,253.8,1.926,85.38,62.86,26.49,1,72,1.95,0.5059
147.17,65.13,265.1,2.097,77.74,73.34,27.89,1,75,1.75,0.836
179.9,51.72,220.46,2.138,88.67,83.33,27.65,1,98,2.22,0.4196
240.39,51.17,205.59,1.622,88.61,34.96,25.42,0,29,1.75,0.3699
126.57,61.46,262.59,2.01,87.08,71.05,27.77,1,48,1.88,0.4819
138.11,54.02,256.13,1.96,87.62,62.77,29.11,1,119,2.33,0.4991
121.53,64.34,295.33,1.997,87.32,30.84,24.74,1,141,1.79,0.3955
166.94,68.27,278.43,2.146,87.2,69.5,30.78,1,114,1.7,0.5679
181.9,58.25,179.21,1.558,83.83,31.44,28.39,0,10,1.45,0.6252
164.94,66.39,294.89,2.079,83.22,73.19,25.77,1,71,1.69,0.5564
236.94,49.16,167.1,1.537,82.86,69.67,27.34,0,34,1.56,0.6234
186.57,42.64,194.75,1.722,84.37,67.84,25.57,0,33,1.71,0.5122
249.97,64.69,196.44,1.669,81.71,36.6,25.77,0,29,1.41,0.6065
177.07,62.58,296.42,2.117,84.9,80.55,34.18,1,122,1.58,0.8113
144.87,77.72,263.43,2.226,82.26,79.44,29.7,1,139,1.67,0.7399
178.2,56.08,273.78,1.69,85.9,79.51,24.52,1,56,1.92,0.434
157.61,62.4,236.98,2.09,85.16,49.82,26.98,1,75,2.07,0.5285
144.95,71.97,231.23,2.056,95.0,57.07,28.38,1,66,2.21,0.1932
168.17,71.16,226.35,2.054,75.69,36.32,29.06,1,49,1.88,0.9772
214.22,56.9,177.7,1.629,77.01,32.81,29.18,0,35,1.5,0.9305
210.99,55.97,165.42,1.629,77.98,33.23,25.13,0,12,1.54,0.703
195.12,61.13,187.32,1.64,80.39,61.28,28.83,0,43,1.54,0.7778
143.43,59.67,296.41,2.109,85.26,47.68,26.07,1,76,1.95,0.4975
128.16,54.49,278.67,2.099,79.01,61.88,29.07,1,51,1.61,0.8442
200.21,60.73,156.33,1.597,82.91,62.6,24.32,0,33,1.59,0.5198
194.94,63.45,185.53,1.578,79.75,79.89,31.62,0,41,1.6,0.9424
160.55,70.65,268.92,2.002,78.2,78.53,29.76,1,87,1.63,0.9123
226.97,61.96,195.48,1.55,85.26,69.52,26.44,0,12,1.6,0.5085
173.77,53.48,270.67,2.214,86.01,75.02,30.07,1,72,1.68,0.596
144.65,77.34,274.48,1.848,84.62,30.17,29.18,1,134,1.61,0.6225
182.58,47.88,164.14,1.69,87.28,30.85,27.36,0,13,1.71,0.4632
207.56,42.73,164.14,1.689,90.37,55.22,25.07,0,13,1.82,0.3063
170.44,72.09,250.66,1.936,84.25,65.95,27.41,1,110,1.97,0.5752
150.67,79.8,268.2,2.036,80.91,73.67,28.66,1,59,1.71,0.7498
222.15,41.31,196.93,1.752,79.75,54.6,26.54,0,7,1.66,0.7027
144.82,62.43,279.48,1.96,79.3,81.71,29.16,1,96,1.74,0.8369
207.77,62.62,166.03,1.757,81.15,74.82,26.37,0,35,1.62,0.6476
185.2,59.1,200.84,1.734,89.24,35.65,24.35,0,44,1.65,0.3279
146.08,56.99,294.63,1.915,84.56,54.21,27.42,1,126,1.57,0.5642
132.57,57.23,289.59,1.867,81.02,84.72,33.29,1,107,1.6,0.9704
193.0,62.19,170.79,1.62,77.4,52.55,26.99,0,29,1.63,0.8053
155.31,53.34,235.47,1.851,87.21,51.24,30.5,1,86,1.96,0.5584
171.87,55.33,278.57,1.651,80.46,46.17,27.67,1,77,1.64,0.7245
208.45,42.59,177.59,1.541,77.28,56.76,27.46,0,22,1.57,0.8322
212.44,60.23,183.21,1.861,78.85,70.14,29.39,0,12,1.59,0.8665
147.61,67.33,289.51,1.946,95.0,32.61,27.24,1,86,1.8,0.1808
205.85,54.52,165.0,1.646,82.48,75.96,25.64,0,30,1.56,0.5765
218.34,58.15,189.85,1.684,84.37,80.47,23.9,0,33,1.85,0.4636
201.24,61.01,197.44,1.595,83.46,72.96,25.64,0,31,1.59,0.5443
151.14,69.75,247.7,1.96,79.54,80.36,30.24,1,144,1.99,0.8802
169.12,75.45,261.65,2.147,76.38,35.22,30.23,1,103,1.55,1.0155
122.11,61.97,254.73,2.005,81.66,54.76,29.51,1,49,2.1,0.7566
230.61,40.4,153.54,1.589,92.26,33.91,22.91,0,9,1.69,0.2163
159.81,71.2,280.7,2.096,83.33,76.03,28.6,1,48,1.73,0.6525
127.84,51.75,268.4,1.876,75.15,82.39,29.77,1,111,1.71,1.0406
134.16,60.53,297.58,1.848,83.0,46.38,25.31,1,81,1.76,0.5485
152.13,71.89,279.05,1.805,80.73,59.45,26.69,1,68,1.66,0.6746
226.9,58.95,157.61,1.668,82.65,46.37,27.91,0,8,1.63,0.6524
137.24,51.6,279.48,1.98,85.98,50.84,31.3,1,80,1.68,0.6407
207.02,53.89,203.91,1.699,80.8,56.21,28.84,0,12,1.61,0.762
223.74,42.78,170.43,1.606,85.85,73.49,23.57,0,19,1.78,0.4114
182.02,59.41,208.94,1.435,93.74,38.08,25.16,0,41,1.8,0.2002
210.59,58.95,207.56,1.557,89.83,38.64,24.5,0,19,1.69,0.3127
221.92,47.69,197.12,1.708,89.68,41.1,22.99,0,18,1.72,0.2898
170.77,55.71,277.74,1.969,88.9,32.92,31.55,1,115,1.59,0.5145
241.39,45.49,174.63,1.742,82.85,65.39,30.11,0,26,1.61,0.7323
161.92,77.76,238.22,1.946,73.57,40.44,26.67,1,125,2.01,0.9242
215.5,58.68,207.26,1.686,87.64,54.06,26.69,0,40,1.74,0.4327
183.95,55.23,171.97,1.386,73.68,67.71,28.73,0,25,1.54,1.038
141.1,63.21,243.43,1.973,84.04,54.69,28.58,1,98,2.09,0.624
234.24,44.3,159.16,1.554,74.18,79.83,27.5,0,35,1.59,0.9479
188.63,41.26,192.62,1.432,81.93,72.3,25.82,0,25,1.59,0.601
169.17,62.0,245.7,2.133,81.66,45.02,26.68,1,117,2.1,0.6417
246.08,44.68,161.96,1.523,78.83,37.17,27.57,0,8,1.54,0.7804
237.67,42.51,198.83,1.511,82.95,79.19,25.34,0,7,1.6,0.5511
234.73,53.9,179.32,1.756,88.95,51.83,26.35,0,20,1.81,0.3792
175.25,75.99,257.12,2.019,77.52,51.04,29.35,1,58,2.1,0.9189
162.24,73.29,247.45,2.094,89.94,74.55,22.54,1,115,2.17,0.2749
158.21,78.32,288.32,1.796,76.5,30.51,29.08,1,144,1.64,0.9457
151.89,62.59,283.3,1.904,83.77,54.81,25.31,1,106,1.73,0.5237
211.1,56.21,180.87,1.85,81.83,69.29,30.32,0,36,1.6,0.7852
201.78,46.52,196.54,1.702,76.57,76.68,28.83,0,31,1.57,0.9293
149.14,71.98,293.09,1.871,76.6,78.69,27.04,1,88,1.72,0.8362
212.49,62.94,165.67,1.627,86.07,55.61,26.55,0,44,1.8,0.4837
184.22,47.9,201.09,1.481,88.69,76.62,27.14,0,7,1.84,0.4066
199.25,40.43,156.34,1.767,81.45,31.97,28.5,0,37,1.42,0.7219
196.0,62.48,156.84,1.328,78.55,46.8,29.62,0,41,1.76,0.8905
122.19,66.34,262.18,2.033,78.2,30.58,33.42,1,123,1.63,1.1227
225.32,41.27,164.67,1.631,86.3,39.1,23.87,0,40,1.72,0.4056
219.23,40.12,192.49,1.466,82.51,69.86,29.12,0,23,1.7,0.7055
215.47,60.41,150.54,1.567,71.51,30.24,25.95,0,15,1.47,0.9548
179.39,66.87,274.89,2.045,77.1,58.77,27.84,1,139,1.67,0.8576
232.84,62.86,186.56,1.387,81.68,52.77,23.99,0,14,1.58,0.5463
218.81,45.42,160.94,1.446,85.4,36.76,25.39,0,25,1.81,0.4733
123.14,60.32,281.76,1.981,82.63,67.71,28.67,1,69,1.7,0.6826
158.12,71.49,221.02,1.9,83.27,68.12,30.46,1,100,2.14,0.7288
249.67,46.52,169.83,1.544,84.98,69.95,26.46,0,12,1.57,0.5188
226.86,64.33,198.14,1.598,77.25,72.09,26.38,0,9,1.47,0.7821
245.28,45.78,199.13,1.491,89.83,47.32,27.68,0,37,1.72,0.3773
208.31,43.33,186.87,1.597,88.28,84.68,28.42,0,37,1.83,0.454
240.17,61.43,167.58,1.636,75.66,34.01,28.39,0,18,1.53,0.9411
243.64,42.95,177.7,1.693,83.38,65.62,28.65,0,14,1.62,0.6524
243.29,42.44,192.14,1.451,81.81,83.39,25.24,0,32,1.55,0.5845
238.16,48.09,154.16,1.525,84.88,42.34,25.9,0,32,1.54,0.5053
169.06,72.25,289.18,2.071,87.26,45.3,28.34,1,127,1.83,0.4912
126.56,66.24,268.83,1.822,90.84,61.68,30.34,1,141,1.88,0.3963
144.92,52.58,298.62,2.013,85.81,72.97,28.28,1,57,1.72,0.5452
233.71,53.52,187.48,1.603,84.41,48.09,27.3,0,19,1.66,0.5657
196.3,49.84,155.78,1.29,80.54,76.02,28.07,0,15,1.65,0.7386
171.68,74.07,267.83,1.941,86.48,43.26,24.37,1,111,1.91,0.4125
219.58,61.17,156.03,1.64,89.16,78.09,27.93,0,9,1.93,0.4081
222.27,58.1,201.69,1.575,83.85,43.91,26.03,0,29,1.6,0.5438
157.07,69.66,229.43,1.943,77.39,63.96,28.53,1,66,1.89,0.8814
130.43,57.97,261.37,2.019,73.39,49.68,28.9,1,115,1.63,1.0598
124.5,52.32,288.55,2.119,83.21,47.7,29.84,1,51,1.71,0.7059
220.73,53.24,187.47,1.665,82.45,49.47,29.21,0,15,1.53,0.7116
238.35,55.8,200.79,1.509,78.0,57.46,29.19,0,43,1.67,0.891
141.67,53.34,249.86,1.825,87.79,76.48,27.6,1,52,2.21,0.4509
194.69,41.33,165.94,1.662,81.02,71.76,27.08,0,15,1.67,0.6799
125.56,56.5,299.98,1.859,79.62,54.71,30.23,1,139,1.71,0.8762
153.62,64.27,276.87,1.937,83.05,45.52,27.08,1,118,1.58,0.6072
121.62,51.51,291.04,2.024,78.42,76.99,30.36,1,52,1.78,0.9347
212.71,53.87,158.4,1.738,85.39,77.86,25.88,0,17,1.8,0.4876
206.37,58.87,190.7,1.754,88.68,54.95,27.31,0,35,1.8,0.411
161.71,79.97,249.52,2.007,74.91,68.27,29.86,1,72,2.02,1.0561
168.62,61.57,220.96,1.939,85.73,50.31,26.9,1,144,1.99,0.5058
136.75,60.44,250.16,1.856,81.45,38.2,29.9,1,83,1.93,0.7826
211.88,62.42,177.95,1.835,84.32,47.68,26.61,0,44,1.61,0.5464
217.68,52.99,159.98,1.565,84.32,67.51,30.6,0,25,1.6,0.6886
134.48,62.96,220.35,2.081,81.05,72.32,29.66,1,85,1.93,0.7885
179.55,52.34,241.64,2.024,83.17,76.84,29.7,1,145,2.0,0.7019
121.24,78.66,289.3,1.941,83.14,30.97,31.05,1,122,1.59,0.7596
241.86,61.88,189.13,1.535,79.08,56.75,28.77,0,42,1.63,0.8269
166.8,73.14,225.19,1.834,82.37,45.07,29.58,1,95,2.04,0.7302
131.65,66.16,239.98,2.135,82.83,67.62,26.02,1,120,1.99,0.5778
161.9,51.84,286.2,1.986,76.34,43.49,33.89,1,77,1.48,1.2508
189.33,59.32,184.66,1.772,84.12,61.15,24.19,0,21,1.86,0.4793
220.58,54.52,157.7,1.546,85.42,69.16,27.15,0,30,1.64,0.5244
148.45,72.27,220.05,1.964,81.4,72.35,29.45,1,111,1.97,0.7647
235.92,55.9,151.09,1.464,86.58,44.82,25.44,0,22,1.72,0.4364
218.02,58.33,198.26,1.563,82.66,34.83,27.5,0,28,1.59,0.6366
133.09,57.16,246.9,1.851,73.99,42.03,28.33,1,50,2.04,1.0022
248.06,42.25,157.03,1.648,80.92,62.95,29.71,0,39,1.65,0.7962
158.99,68.25,289.95,2.013,83.58,32.22,26.93,1,83,1.54,0.583
207.64,45.8,207.79,1.777,87.69,38.74,23.36,0,13,1.74,0.3534
154.02,60.97,281.46,1.825,83.51,84.75,23.36,1,136,1.85,0.4735
144.98,79.61,223.91,2.146,72.44,51.03,32.32,1,107,1.85,1.3343
198.69,48.78,207.81,1.483,88.18,57.31,24.93,0,18,1.79,0.3729
236.96,40.44,158.41,1.641,80.9,30.61,28.03,0,39,1.43,0.7232
248.63,52.08,194.01,1.463,85.25,62.55,25.67,0,40,1.81,0.4862
234.17,64.92,189.4,1.624,81.41,47.89,27.42,0,27,1.63,0.6793
165.52,59.79,266.29,1.699,80.22,59.16,30.28,1,95,1.73,0.8529
140.26,72.86,233.18,1.92,76.29,58.94,32.18,1,67,2.0,1.1389
217.78,42.53,174.11,1.613,79.81,83.21,25.39,0,36,1.5,0.6546
212.4,44.33,187.47,1.811,86.0,44.75,26.52,0,9,1.87,0.4853
215.2,58.1,173.89,1.345,80.8,61.37,26.31,0,19,1.63,0.6573
125.66,57.29,286.07,2.0,80.66,50.99,30.74,1,147,1.7,0.8561
243.26,59.13,193.78,1.538,87.78,53.21,24.19,0,25,1.86,0.3688
159.5,56.76,242.23,1.77,76.79,33.06,30.87,1,81,1.83,1.035
143.12,64.28,269.12,1.865,73.63,67.86,30.94,1,98,1.68,1.1807
172.29,51.5,249.01,1.943,91.84,40.74,30.88,1,127,2.25,0.3641
199.91,55.19,169.24,1.656,80.43,55.77,27.15,0,32,1.71,0.7039
137.72,66.8,275.4,2.011,85.3,53.88,28.13,1,148,1.68,0.5599
237.83,50.75,193.75,1.443,95.0,55.75,23.05,0,33,1.71,0.1409
249.89,41.3,199.14,1.38,88.09,50.66,25.96,0,18,1.84,0.3994
167.98,74.13,234.35,2.05,77.19,43.33,32.01,1,131,2.07,1.0852
158.62,68.42,233.93,1.977,81.54,54.68,28.47,1,134,1.91,0.7171
234.63,40.37,165.11,1.793,78.25,32.54,27.87,0,22,1.49,0.8159
185.16,46.01,156.1,1.558,85.29,43.33,29.57,0,9,1.66,0.6089
217.8,47.9,195.71,1.737,85.41,73.17,27.7,0,40,1.67,0.5419
199.43,59.15,155.92,1.665,82.36,76.36,25.08,0,30,1.52,0.5615
244.05,48.08,208.93,1.699,78.23,69.34,26.73,0,29,1.59,0.764
211.59,45.98,202.51,1.652,76.62,64.79,26.97,0,36,1.57,0.8321
242.89,56.21,182.01,1.655,90.27,74.62,24.62,0,27,1.75,0.3013
141.81,79.73,242.9,1.725,81.77,37.03,29.26,1,85,1.91,0.7413
125.68,76.09,248.48,1.972,83.59,58.89,27.76,1,69,2.02,0.6117
147.21,68.25,277.14,1.92,76.75,36.4,29.59,1,128,1.69,0.9635
194.09,48.89,195.38,1.752,80.08,72.78,22.34,0,18,1.48,0.5377
144.45,64.12,280.77,1.88,85.27,58.63,30.05,1,91,1.73,0.6268
143.44,73.65,271.23,1.966,80.46,74.55,30.28,1,68,1.66,0.8425
169.22,69.4,248.89,2.096,85.8,73.95,29.15,1,129,1.94,0.5738
121.78,50.86,254.58,2.036,82.9,55.64,25.19,1,129,1.99,0.5479
137.74,78.46,276.29,2.02,82.73,57.33,26.2,1,52,1.71,0.5874
228.93,54.65,180.64,1.733,84.96,31.55,29.01,0,26,1.47,0.6028
208.49,44.09,161.31,1.631,85.87,58.79,28.1,0,41,1.59,0.5372
144.74,71.94,294.65,1.935,84.97,67.26,29.47,1,88,1.7,0.6186
173.33,62.36,277.42,1.844,77.05,42.85,32.19,1,117,1.72,1.103
131.94,56.21,299.14,2.058,83.49,84.26,30.1,1,147,1.76,0.7046
180.79,48.76,153.37,1.508,88.58,83.62,27.19,0,32,1.79,0.4117
222.89,61.94,171.96,1.571,80.89,45.56,28.99,0,13,1.6,0.765
244.39,57.69,162.35,1.729,82.49,69.21,24.94,0,44,1.6,0.5527
133.37,66.52,238.4,1.973,88.68,31.65,28.37,1,76,2.19,0.4372
123.56,70.51,246.7,1.947,80.17,66.62,26.73,1,146,2.02,0.6959
231.01,42.64,198.37,1.566,90.59,64.32,22.29,0,27,1.82,0.2532
184.95,63.95,187.01,1.57,83.11,75.22,26.78,0,12,1.6,0.5945
181.58,62.73,185.5,1.481,77.84,46.74,22.73,0,43,1.6,0.6125
150.6,70.9,252.16,2.201,85.05,78.29,31.22,1,116,1.9,0.6801
147.34,79.65,242.92,1.934,72.06,77.19,24.06,1,145,1.98,0.8367
155.05,70.67,233.56,2.094,70.76,66.83,29.79,1,90,1.83,1.2258
238.56,57.09,191.07,1.478,83.27,55.98,29.85,0,15,1.6,0.7038
125.43,64.32,251.62,2.066,84.5,64.01,28.48,1,109,1.99,0.6025
203.25,53.46,201.7,1.62,78.32,70.15,28.88,0,9,1.67,0.8624
175.61,66.27,290.62,2.003,81.28,83.64,29.96,1,124,1.72,0.7925
247.59,53.4,181.82,1.621,74.08,36.7,23.07,0,38,1.44,0.7313
195.15,46.09,185.09,1.65,82.31,47.22,31.92,0,12,1.52,0.8373
161.88,58.73,277.71,1.973,84.29,72.94,27.18,1,107,1.75,0.5661
120.87,56.62,232.42,1.979,80.22,52.5,30.06,1,106,1.96,0.8422
189.66,61.93,175.66,1.669,86.29,66.99,23.69,0,8,1.81,0.4015
156.35,65.71,252.48,1.863,87.55,37.32,24.9,1,99,2.14,0.392
180.94,62.33,157.68,1.444,83.73,69.0,26.25,0,38,1.61,0.555
202.73,49.75,161.42,1.621,74.09,67.07,26.71,0,13,1.68,0.9082
185.18,61.09,150.03,1.359,95.0,62.22,25.9,0,27,1.79,0.1671
236.26,52.81,202.17,1.398,88.51,72.09,27.77,0,23,1.82,0.4285
249.81,61.56,195.9,1.817,77.92,78.41,25.72,0,26,1.58,0.73
184.29,56.57,163.12,1.786,85.41,75.61,22.63,0,7,1.79,0.4008
210.29,52.72,150.14,1.532,82.74,37.02,26.2,0,38,1.54,0.5871
160.32,59.31,254.24,2.12,87.02,70.94,28.74,1,66,2.05,0.5122
189.38,64.22,174.75,1.724,72.22,54.74,27.21,0,26,1.52,1.0027
132.33,64.0,244.87,2.057,78.38,48.36,29.58,1,67,1.96,0.8955
207.56,49.53,174.17,1.591,74.55,78.38,26.83,0,12,1.61,0.8984
126.51,77.43,275.98,2.075,81.33,60.78,27.5,1,121,1.73,0.6854
207.71,59.49,155.75,1.696,83.0,57.57,24.6,0,16,1.54,0.5258
214.74,64.75,171.95,1.677,82.14,73.15,28.62,0,31,1.57,0.6999
197.19,46.97,206.04,1.414,81.41,60.43,25.63,0,30,1.63,0.6114
180.01,62.9,150.7,1.844,76.74,77.19,30.01,0,37,1.64,0.9875
242.95,43.13,173.45,1.888,87.41,35.66,25.77,0,35,1.72,0.4175
123.15,74.66,223.52,1.771,85.63,72.69,26.83,1,146,1.99,0.5073
177.54,71.03,260.58,2.061,86.23,39.01,26.69,1,149,1.75,0.4821
130.08,56.38,288.09,2.245,79.09,42.39,30.58,1,61,1.68,0.9172
160.11,63.36,220.36,2.12,79.15,39.87,28.33,1,95,1.95,0.8034
249.96,56.09,206.23,1.722,83.92,43.11,25.54,0,9,1.65,0.526
189.69,54.84,200.95,1.427,86.24,70.25,26.41,0,10,1.76,0.4739
209.68,62.97,173.91,1.695,70.35,66.04,29.18,0,27,1.48,1.2001
234.63,59.16,209.4,1.629,89.1,42.64,22.63,0,12,1.76,0.2994
182.25,53.51,194.1,1.694,85.15,44.86,26.55,0,8,1.61,0.5156
228.28,63.19,171.34,1.476,82.84,35.46,27.75,0,43,1.45,0.6393
185.63,54.82,155.62,1.471,82.56,52.79,26.89,0,26,1.68,0.6178
196.56,61.24,190.02,1.583,68.46,50.82,29.12,0,39,1.44,1.2722
120.66,58.21,278.81,1.954,75.77,38.02,32.81,1,143,1.41,1.2059
169.07,72.76,234.18,1.981,90.18,75.9,29.19,1,130,2.18,0.3977
192.63,41.69,182.98,1.542,82.65,76.89,27.68,0,8,1.71,0.6437
128.45,75.17,263.71,1.976,79.58,36.0,29.31,1,90,1.63,0.8327
140.86,73.06,248.63,1.92,82.69,44.65,27.66,1,127,2.1,0.6415
204.23,52.26,168.11,1.594,84.49,70.48,27.53,0,18,1.61,0.5704
208.4,51.5,204.2,1.429,88.12,77.85,25.19,0,22,1.81,0.3806
188.33,60.94,157.04,1.662,83.61,33.94,25.28,0,23,1.54,0.5279
125.24,61.02,263.94,2.031,85.78,79.63,26.49,1,139,1.91,0.492
166.89,78.93,256.7,1.849,88.27,33.39,30.68,1,133,1.91,0.5175
205.5,45.02,173.45,1.759,94.48,64.86,20.06,0,32,1.82,0.1296
192.01,46.29,155.01,1.501,94.64,31.21,27.29,0,7,1.74,0.1944
169.86,76.55,272.49,2.143,77.84,81.05,29.31,1,73,1.66,0.9037
234.5,42.92,172.55,1.64,95.0,49.45,23.14,0,37,1.8,0.1417
201.87,44.7,192.32,1.72,79.14,65.68,27.12,0,26,1.57,0.749
148.76,52.68,299.48,2.021,82.23,40.15,30.04,1,123,1.73,0.7557
154.14,76.38,265.38,2.068,83.39,47.67,30.86,1,120,1.7,0.7403
156.11,67.89,247.86,2.119,77.68,71.1,30.29,1,132,1.97,0.9629
178.07,64.11,282.31,2.229,82.91,83.51,27.82,1,121,1.77,0.6393
133.38,77.4,231.37,2.129,88.56,84.56,26.1,1,103,2.26,0.3868
201.43,48.69,193.7,1.654,78.86,74.53,27.87,0,9,1.66,0.793
123.43,53.99,261.96,1.838,90.72,76.6,27.92,1,113,1.97,0.3491
202.14,63.41,164.53,1.31,78.31,83.32,24.75,0,25,1.63,0.6769
152.94,69.1,299.28,1.984,93.77,32.22,26.03,1,85,1.83,0.2098
244.46,54.51,185.87,1.514,89.35,39.36,25.73,0,11,1.69,0.3523
141.87,58.4,257.84,1.919,83.28,32.9,26.41,1,52,1.97,0.5758
234.4,59.7,180.63,1.59,79.53,57.56,28.84,0,12,1.61,0.8124
207.69,63.79,166.78,1.68,82.51,82.72,24.95,0,42,1.57,0.5524
236.79,48.9,173.09,1.525,84.51,62.03,24.79,0,43,1.82,0.4846
215.94,50.95,163.13,1.707,84.13,60.55,25.69,0,19,1.58,0.5238
120.45,67.44,281.71,2.004,88.95,75.47,27.59,1,57,1.95,0.4078
135.15,73.68,231.09,2.005,90.3,81.09,30.05,1,101,2.24,0.4128
185.79,62.27,203.55,1.825,83.66,68.42,27.6,0,36,1.64,0.6034
221.84,56.68,161.51,1.621,81.83,79.25,23.82,0,43,1.53,0.5363
241.44,61.42,167.27,1.594,82.26,39.64,25.02,0,34,1.41,0.5626
185.58,42.13,201.18,1.663,82.94,57.69,26.27,0,16,1.61,0.5827
218.77,49.43,170.36,1.816,75.08,50.05,30.3,0,34,1.61,1.0757
151.07,52.66,296.71,1.994,76.13,48.29,28.31,1,124,1.77,0.9187
249.04,44.44,166.14,1.653,92.18,41.78,28.67,0,15,1.77,0.3073
230.7,55.76,176.53,1.587,85.09,79.17,26.58,0,30,1.55,0.5186
199.48,62.14,155.74,1.588,80.35,54.77,25.53,0,24,1.56,0.6424
228.97,55.82,209.53,1.541,88.18,59.16,26.01,0,10,1.75,0.3976
229.4,56.6,203.41,1.533,78.06,45.2,26.16,0,29,1.58,0.7445
147.07,53.15,262.89,2.204,77.44,82.96,27.31,1,132,1.64,0.8191
239.8,56.62,159.44,1.534,77.16,63.62,29.25,0,10,1.6,0.9282
186.12,51.36,208.16,1.415,91.28,30.04,27.22,0,19,1.7,0.3149
187.59,56.29,205.75,1.615,80.25,44.73,28.87,0,17,1.57,0.7852
224.84,48.15,176.14,1.722,73.18,84.96,24.57,0,17,1.55,0.8281
246.77,54.54,190.9,1.749,90.45,83.61,25.67,0,25,1.74,0.3148
161.17,59.56,291.52,1.857,79.56,59.95,29.35,1,125,1.58,0.8355
161.38,61.21,280.24,2.134,72.6,61.03,28.5,1,121,1.67,1.0662
154.34,61.75,262.0,2.247,79.67,79.59,29.17,1,47,1.68,0.8224
243.2,49.9,202.07,1.518,84.94,68.97,27.96,0,13,1.5,0.5679
243.69,49.36,178.59,1.579,87.35,81.27,24.64,0,39,1.87,0.3922
242.88,58.41,209.22,1.452,92.56,56.35,26.59,0,38,1.85,0.2589
162.75,79.49,247.82,2.222,73.78,83.67,32.73,1,50,1.79,1.2991
141.57,64.8,244.64,1.821,81.27,59.68,29.4,1,137,1.9,0.7678
181.71,55.8,179.5,1.552,76.33,65.47,30.74,0,40,1.66,1.0478
189.26,47.86,193.08,1.694,76.45,34.54,25.93,0,25,1.48,0.7883
189.4,59.58,151.56,1.518,91.72,63.64,22.45,0,42,1.72,0.225
120.33,65.01,233.74,1.881,83.27,72.23,29.5,1,92,1.94,0.6898
137.89,69.39,287.67,1.994,81.14,54.16,30.86,1,84,1.67,0.8406
244.38,58.69,188.59,1.887,85.93,57.63,26.34,0,12,1.75,0.4825
226.47,43.31,207.44,1.569,78.44,51.63,28.48,0,7,1.57,0.838
149.73,54.85,228.49,1.975,75.42,83.3,30.06,1,51,1.9,1.0465
235.54,58.97,191.69,1.466,83.3,56.21,27.1,0,21,1.67,0.5989
214.19,59.25,173.79,1.646,88.65,36.94,27.4,0,15,1.75,0.4143
189.95,59.77,183.79,1.706,91.88,31.59,26.29,0,35,1.66,0.2777
171.23,67.8,287.02,1.927,87.51,72.49,26.63,1,59,1.94,0.4357
203.71,61.66,195.58,1.664,86.46,60.12,23.54,0,36,1.78,0.393
228.92,58.07,201.41,1.528,84.75,30.15,26.78,0,10,1.5,0.5367
157.33,54.3,285.98,1.773,78.58,51.04,32.19,1,146,1.64,1.0295
215.0,57.72,208.79,1.655,77.06,80.27,28.13,0,26,1.63,0.8737
237.14,54.49,199.7,1.849,85.29,82.13,24.81,0,11,1.84,0.4607
190.97,42.73,157.48,1.456,80.11,32.95,23.01,0,15,1.51,0.5591
248.41,57.77,180.45,1.622,82.75,36.79,26.81,0,26,1.47,0.6082
172.19,71.61,276.48,2.157,88.38,30.27,30.33,1,49,1.5,0.5025
217.38,47.81,206.64,1.588,85.08,77.78,29.48,0,26,1.64,0.6144
244.12,58.4,172.81,1.429,81.32,33.9,23.96,0,26,1.49,0.5561
174.65,71.33,241.64,2.005,83.64,35.93,26.11,1,109,1.86,0.5535
170.9,68.15,236.14,2.179,80.42,42.52,25.45,1,75,1.97,0.6371
177.49,51.41,264.82,1.939,81.55,80.45,28.49,1,120,1.71,0.7175
230.71,42.92,203.08,1.628,91.18,67.85,23.92,0,27,1.74,0.2619
182.94,45.42,205.92,1.474,87.65,63.93,25.69,0,29,1.82,0.4076
148.16,65.08,286.98,1.988,91.85,73.16,31.19,1,69,1.89,0.3701
235.74,46.79,151.1,1.646,88.6,68.13,27.63,0,29,1.76,0.4217
174.64,75.11,291.61,2.015,83.6,71.03,27.68,1,58,1.66,0.6085
163.35,77.39,258.58,1.948,85.38,34.05,28.34,1,100,1.92,0.5637
136.9,78.19,265.13,2.053,80.73,62.44,28.61,1,137,1.58,0.7547
244.49,56.38,161.36,1.68,81.14,71.43,23.02,0,14,1.57,0.5305
223.2,63.17,159.13,1.688,88.19,61.11,28.71,0,33,1.83,0.4652
148.67,52.66,285.85,1.965,87.24,30.65,28.12,1,144,1.79,0.4857
203.54,59.98,167.96,1.525,82.81,41.61,26.09,0,38,1.66,0.5809
193.19,64.41,157.66,1.836,79.41,82.96,32.74,0,35,1.61,1.0207
164.74,63.67,282.07,2.017,89.26,68.76,27.16,1,92,1.87,0.3865
139.71,52.09,244.14,1.969,83.44,67.87,31.44,1,116,1.99,0.7628
199.62,49.09,158.31,1.423,76.44,66.31,26.39,0,35,1.61,0.8104
217.94,52.06,163.81,1.488,84.96,37.03,26.4,0,31,1.46,0.5176
229.55,61.05,185.53,1.523,82.52,30.22,26.82,0,42,1.53,0.6167
130.02,61.77,276.05,2.053,88.85,54.24,26.91,1,103,1.99,0.3954
125.9,59.99,277.18,1.957,86.39,54.44,29.18,1,76,1.64,0.5509
232.53,54.93,170.19,1.602,87.21,74.65,29.88,0,29,1.63,0.539
227.09,51.92,206.95,1.428,77.62,39.99,26.99,0,29,1.46,0.7975
128.94,76.48,258.46,2.169,78.07,45.13,28.34,1,99,1.97,0.8455
184.12,40.08,200.51,1.512,90.35,34.3,25.24,0,30,1.68,0.3101
225.24,59.11,191.74,1.628,78.38,51.99,29.07,0,22,1.57,0.8695
176.65,68.19,290.11,1.936,69.69,44.08,33.56,1,131,1.53,1.5732
190.23,48.24,178.17,1.562,85.81,44.46,27.06,0,29,1.6,0.5077
124.77,74.7,283.63,1.905,77.12,43.97,30.71,1,97,1.69,1.0111
191.16,41.31,188.07,1.636,94.39,42.73,24.51,0,37,1.82,0.1726
247.03,63.19,193.88,1.482,83.89,47.59,27.88,0,25,1.62,0.6047
134.34,52.38,289.71,2.038,82.45,59.52,28.73,1,142,1.7,0.6921
216.94,63.48,163.49,1.586,83.34,54.07,24.79,0,12,1.65,0.5212
154.99,57.08,255.12,2.076,87.98,33.49,30.53,1,88,1.9,0.5257
127.35,77.35,233.97,2.087,80.55,53.42,31.94,1,87,2.11,0.9217
230.8,56.85,166.11,1.562,82.74,76.55,25.24,0,35,1.55,0.5546
199.79,62.4,175.31,1.644,79.89,35.54,26.26,0,18,1.43,0.6864
221.23,50.95,167.46,1.546,83.26,81.94,26.53,0,44,1.61,0.5806
190.04,57.28,155.47,1.758,82.21,46.97,22.67,0,19,1.85,0.4899
208.31,64.48,162.48,1.557,91.44,30.8,23.56,0,34,1.68,0.2488
182.33,46.02,188.41,1.576,74.0,43.92,27.17,0,11,1.56,0.9363
195.16,60.51,163.39,1.544,84.28,33.83,25.03,0,23,1.7,0.4989
134.41,79.37,232.97,1.912,80.21,61.15,33.71,1,98,1.99,1.0358
150.99,55.03,243.27,2.244,81.87,47.4,30.38,1,122,1.99,0.7862
150.52,72.26,269.34,2.058,81.6,74.38,24.8,1,141,1.66,0.576
206.46,51.15,201.69,1.608,83.68,70.29,30.14,0,14,1.57,0.698
238.21,40.13,195.6,1.543,79.37,55.77,26.33,0,32,1.65,0.7071
121.78,68.91,225.1,2.134,79.41,60.83,31.09,1,139,2.06,0.9298
215.67,51.13,151.85,1.535,87.96,63.48,25.33,0,18,1.79,0.389
196.58,55.81,164.36,1.614,81.55,44.89,31.4,0,19,1.55,0.8479
161.34,59.09,264.62,2.264,82.33,37.67,24.22,1,107,1.55,0.5343
148.62,64.95,290.52,1.885,88.01,50.71,28.3,1,46,1.84,0.4612
228.22,47.33,198.77,1.665,83.39,35.22,27.27,0,31,1.54,0.6016
223.49,63.69,185.05,1.635,84.92,47.32,29.22,0,9,1.61,0.6118
178.95,53.71,228.56,2.063,92.48,60.39,25.18,1,93,2.19,0.2408
123.9,52.48,270.5,1.966,87.15,59.71,28.82,1,69,1.74,0.5094
161.03,62.06,255.34,1.929,88.65,36.63,27.17,1,68,2.12,0.4087
147.25,76.63,230.06,2.027,81.57,30.46,29.89,1,98,1.78,0.7771
169.33,75.66,264.41,1.945,87.57,34.89,26.55,1,80,1.76,0.4316
245.9,46.91,198.41,1.32,86.22,31.99,24.83,0,14,1.7,0.4321
201.55,60.62,152.68,1.501,80.7,52.03,23.06,0,14,1.69,0.5442
125.68,74.16,227.56,1.962,83.03,51.44,28.87,1,52,2.08,0.6747
169.34,58.34,298.31,1.871,83.45,43.29,28.15,1,69,1.59,0.6311
132.84,55.1,278.08,2.018,87.12,41.85,25.89,1,125,1.84,0.4301
203.06,42.24,156.84,1.509,80.42,51.8,29.37,0,32,1.61,0.8012
208.29,55.39,206.01,1.595,81.11,34.76,25.09,0,23,1.53,0.6016
148.76,68.68,295.85,2.26,85.56,41.79,28.03,1,149,1.67,0.5468
164.53,67.55,284.83,2.147,74.75,52.31,29.09,1,101,1.73,1.0167
133.12,67.95,272.75,2.071,88.6,35.22,29.1,1,67,1.77,0.4593
126.78,55.68,250.11,2.217,83.08,76.24,25.85,1,138,1.97,0.5637
158.76,73.76,254.75,1.991,79.01,67.18,33.02,1,65,1.94,1.057
179.03,63.01,256.4,1.993,85.58,51.07,27.46,1,146,1.93,0.5282
156.05,64.17,295.9,1.873,83.5,38.27,29.94,1,51,1.57,0.6977
161.46,79.91,280.81,2.153,73.28,40.68,30.19,1,76,1.76,1.1462
153.67,58.47,243.36,2.235,86.25,36.6,28.19,1,136,1.92,0.5255
203.54,43.46,178.38,1.709,87.07,38.8,24.39,0,14,1.71,0.3949
220.08,51.63,168.06,1.771,78.54,53.24,28.65,0,15,1.59,0.8424
152.65,76.41,284.97,1.672,80.91,43.51,25.38,1,107,1.72,0.6186
222.69,64.29,199.38,1.881,80.43,78.65,28.23,0,44,1.58,0.7497
216.64,64.75,156.62,1.587,77.18,82.85,26.47,0,39,1.56,0.7887
234.84,50.26,171.54,1.883,95.0,68.03,20.59,0,39,1.83,0.1213
182.02,43.72,169.13,1.808,92.24,74.48,25.22,0,17,1.77,0.2491
234.66,62.77,200.38,1.693,87.04,44.03,25.25,0,29,1.75,0.4167
216.46,59.84,196.71,1.559,84.29,66.58,24.54,0,31,1.82,0.4842
152.0,57.38,278.41,2.019,78.93,33.19,30.65,1,72,1.53,0.9279
247.58,49.13,189.87,1.371,88.19,82.81,25.66,0,16,1.82,0.3891
191.21,51.2,173.67,1.712,93.92,66.86,24.85,0,26,1.82,0.1909
217.89,62.55,184.28,1.293,82.7,47.43,24.38,0,22,1.54,0.5281
140.95,52.85,243.13,1.964,77.8,72.52,26.79,1,102,1.94,0.7818
216.92,60.17,182.13,1.785,89.37,30.87,28.74,0,40,1.77,0.4194
158.19,68.82,230.86,2.086,72.46,50.69,29.0,1,49,2.03,1.1032
172.38,64.44,272.27,1.816,76.96,79.26,28.33,1,148,1.72,0.8878
168.47,69.81,224.77,1.839,78.05,44.48,31.35,1,67,2.01,1.0059
224.41,45.67,197.76,1.528,75.24,66.74,27.18,0,20,1.64,0.8921
170.44,64.42,298.28,2.009,89.07,49.81,26.65,1,146,1.94,0.3818
186.35,53.99,181.94,1.705,93.41,51.58,20.41,0,14,1.76,0.158
158.23,77.44,267.79,2.072,77.63,71.03,30.0,1,96,1.69,0.9492
155.44,51.8,225.65,1.873,86.19,80.06,30.79,1,130,1.98,0.613
189.57,47.03,162.63,1.674,92.79,39.17,24.4,0,7,1.73,0.2204
227.43,42.2,202.56,1.687,84.83,45.23,24.56,0,39,1.81,0.4681
184.13,52.63,206.07,1.659,82.21,56.83,25.6,0,7,1.66,0.584
137.2,59.36,247.02,2.297,92.27,63.76,29.47,1,79,2.21,0.3181
239.27,51.31,203.12,1.687,86.85,55.73,26.95,0,10,1.8,0.4675
178.35,51.55,295.33,2.116,85.73,74.3,25.62,1,113,1.94,0.469
225.13,54.74,154.86,1.825,92.48,72.25,24.26,0,8,1.84,0.2279
133.63,52.89,289.6,2.102,81.87,52.29,30.16,1,142,1.76,0.7764
138.29,51.39,228.52,1.934,75.71,32.23,32.52,1,102,1.91,1.1893
122.16,64.44,238.68,2.149,81.42,40.7,29.42,1,121,2.1,0.7625
143.93,60.01,268.98,1.952,84.73,56.78,31.07,1,78,1.75,0.6888
228.64,57.33,162.79,1.482,76.95,81.01,22.88,0,31,1.7,0.6429
222.1,53.21,190.17,1.492,81.07,61.22,27.77,0,35,1.6,0.706
134.19,77.78,246.17,2.148,87.14,59.17,30.31,1,110,2.11,0.5554
243.17,59.96,162.19,1.674,81.91,69.82,25.59,0,28,1.64,0.5935
200.7,48.14,206.68,1.727,90.94,38.38,26.99,0,32,1.65,0.3228
180.65,54.2,207.21,1.675,89.87,38.08,27.45,0,32,1.65,0.3708
193.77,41.86,178.96,1.623,82.05,49.0,27.92,0,27,1.59,0.6753
187.67,58.61,160.14,1.638,78.69,84.72,28.86,0,27,1.58,0.8467
167.16,78.58,231.82,2.071,85.22,78.18,23.15,1,131,2.22,0.419
237.81,60.06,202.62,1.528,95.0,67.41,23.75,0,8,1.89,0.147
135.46,57.23,266.79,1.845,91.36,51.51,28.34,1,93,1.92,0.3331
191.83,58.95,157.67,1.542,78.98,60.51,32.39,0,18,1.55,1.0217
120.54,72.68,263.74,2.065,78.53,46.7,28.81,1,124,1.72,0.8506
215.3,48.64,174.92,1.522,79.97,67.09,31.24,0,23,1.58,0.9122
170.83,62.84,246.32,2.256,81.74,53.04,29.98,1,101,1.98,0.7739
166.1,72.72,245.25,2.053,80.3,36.61,23.32,1,132,1.89,0.5643
240.52,62.86,202.95,1.614,83.51,41.83,27.1,0,27,1.58,0.5914
165.73,67.14,296.55,1.927,89.07,63.48,27.83,1,136,1.84,0.4091
122.75,70.73,284.29,2.11,71.72,68.2,29.76,1,101,1.7,1.1835
126.34,51.14,280.76,1.855,85.01,35.28,29.58,1,149,1.69,0.6209
146.43,63.25,221.74,2.038,87.79,74.46,29.54,1,54,2.04,0.5046
226.03,43.84,151.38,1.548,81.93,75.34,25.3,0,35,1.54,0.5827
168.97,64.23,234.45,2.015,90.97,69.77,27.78,1,82,2.07,0.337
187.82,41.07,164.66,1.658,78.67,67.6,28.2,0,10,1.62,0.8157
226.26,49.48,181.99,1.463,87.49,42.75,24.68,0,34,1.83,0.3888
133.57,75.9,288.15,1.799,82.14,80.58,26.47,1,121,1.73,0.6172
205.63,47.38,168.95,1.488,83.95,44.77,24.46,0,44,1.81,0.4923
127.42,57.32,222.2,2.106,78.35,40.04,28.96,1,72,1.95,0.8652
137.26,50.89,293.13,2.045,85.43,65.12,28.4,1,69,1.78,0.5637
163.72,79.48,292.69,1.952,87.39,50.03,27.06,1,133,1.89,0.4512
134.48,57.08,256.47,2.236,84.21,81.32,25.52,1,94,1.97,0.5159
180.37,53.27,208.17,1.754,78.5,55.31,24.67,0,15,1.62,0.6678
229.91,54.23,160.48,1.725,85.44,39.0,26.75,0,32,1.47,0.5115
209.0,60.9,187.99,1.513,86.67,82.66,25.49,0,14,1.74,0.4347
193.53,52.32,154.96,1.724,80.44,58.35,28.86,0,25,1.58,0.7772
232.66,50.17,191.3,1.641,90.63,58.52,29.12,0,32,1.81,0.3779
236.75,55.37,155.69,1.513,74.28,51.22,28.23,0,16,1.67,0.9853
120.44,79.0,276.43,1.988,71.75,75.98,27.41,1,55,1.61,1.0317
175.34,70.95,230.86,1.875,78.1,45.82,28.6,1,133,2.02,0.8572
203.39,56.71,166.98,1.514,89.35,30.75,24.12,0,37,1.74,0.3201
176.32,63.6,251.89,1.863,76.28,57.35,28.83,1,52,2.02,0.9409
235.54,56.86,157.47,1.715,80.11,80.92,24.98,0,19,1.63,0.6293
218.22,52.01,162.14,1.591,87.21,45.03,27.83,0,43,1.87,0.4787
152.08,78.85,257.05,1.887,83.13,44.65,29.65,1,60,2.05,0.7016
150.34,52.97,266.96,2.062,84.71,70.6,27.42,1,96,1.68,0.5587
124.37,76.39,266.15,2.0,84.27,72.65,30.15,1,100,1.75,0.6732
222.78,64.81,162.9,1.726,80.15,53.96,28.03,0,9,1.61,0.7516
166.65,61.92,293.26,2.016,80.45,75.85,27.94,1,104,1.74,0.7364
173.48,60.36,287.93,1.828,84.74,39.46,29.78,1,146,1.54,0.6394
151.75,70.25,250.66,1.94,73.66,50.19,30.13,1,118,1.99,1.126
141.2,67.94,231.61,1.861,69.81,52.24,29.97,1,84,1.83,1.2788
123.6,53.27,267.35,2.068,79.1,47.2,29.15,1,92,1.69,0.8445
160.93,73.48,255.23,2.13,86.89,41.98,28.07,1,78,2.23,0.4976
136.71,63.19,238.04,1.815,82.06,48.6,29.68,1,78,2.07,0.7473
123.3,50.07,227.82,1.985,88.02,30.99,26.4,1,83,2.09,0.4123
159.95,62.44,254.89,2.138,73.44,68.68,26.64,1,141,2.04,0.9271
244.88,59.37,151.51,1.413,81.68,67.62,30.44,0,9,1.55,0.7972
120.72,52.07,270.03,1.948,84.78,54.76,28.88,1,114,1.74,0.6054
189.96,51.87,185.42,1.6,75.8,47.76,27.72,0,13,1.52,0.8999
242.39,47.55,190.22,1.728,86.93,53.88,27.64,0,36,1.81,0.4838
123.82,76.14,245.73,2.065,79.76,81.51,30.2,1,138,2.01,0.8687
171.96,54.0,263.1,2.09,95.0,63.2,28.33,1,105,1.99,0.1927
138.68,67.41,298.0,2.072,66.26,70.22,33.72,1,91,1.48,1.7669
215.64,58.93,200.46,1.555,91.06,42.62,25.87,0,37,1.7,0.2982
187.58,48.56,169.65,1.797,83.11,35.21,24.91,0,7,1.53,0.5322
217.64,41.28,209.17,1.519,76.01,34.58,26.0,0,33,1.45,0.8064
138.4,51.44,228.43,1.667,79.37,55.96,28.33,1,86,2.0,0.7949
144.37,59.46,254.77,1.784,83.89,69.42,27.78,1,88,1.97,0.6012
121.28,53.77,271.29,1.986,89.82,72.58,25.41,1,97,1.89,0.3304
159.76,64.67,262.25,1.96,91.54,69.62,27.3,1,93,1.79,0.307
141.95,77.22,222.33,1.936,89.15,80.2,28.29,1,57,2.11,0.4171
162.84,79.87,266.33,2.018,74.59,32.86,31.2,1,52,1.62,1.1546
211.16,47.48,203.21,1.744,89.16,77.04,26.66,0,39,1.79,0.3788
198.52,43.24,205.06,1.654,87.96,66.34,23.88,0,26,1.74,0.3567
167.57,50.46,244.98,2.078,80.11,39.65,26.79,1,51,1.87,0.7005
157.87,71.88,288.68,1.87,82.17,67.53,26.97,1,64,1.72,0.6346
208.8,56.94,188.86,1.538,83.41,58.15,22.83,0,23,1.79,0.4613
143.4,75.97,247.84,2.084,78.5,49.75,32.43,1,149,2.02,1.0474
242.19,48.09,187.35,1.613,79.75,43.64,26.78,0,39,1.56,0.7127
195.08,47.3,207.25,1.657,77.82,55.53,27.26,0,39,1.63,0.8029
165.67,64.2,283.12,2.074,85.24,43.15,27.4,1,145,1.69,0.5387
134.78,57.95,278.21,2.02,83.49,34.56,30.17,1,104,1.62,0.7074
171.76,58.66,280.21,2.19,79.55,76.54,30.02,1,137,1.71,0.8687
221.51,41.28,171.53,1.536,90.69,62.61,26.28,0,12,1.78,0.3182
223.84,53.74,179.67,1.502,82.68,50.0,26.13,0,9,1.58,0.5867
121.05,55.76,253.13,1.788,84.84,54.57,23.5,1,105,2.19,0.439
142.96,58.27,220.89,2.09,84.95,77.57,28.73,1,80,2.03,0.5935
194.89,42.83,205.45,1.532,83.66,47.59,25.75,0,44,1.69,0.5412
125.38,79.67,268.32,2.152,83.92,50.91,26.67,1,84,1.66,0.5623
246.82,48.59,197.96,1.63,74.42,72.13,22.75,0,30,1.65,0.7079
179.61,66.56,296.79,1.959,85.63,41.03,24.39,1,93,1.89,0.4389
162.99,70.79,264.93,1.873,69.57,66.26,32.0,1,116,1.49,1.4469
190.41,42.16,179.89,1.702,77.37,53.89,26.69,0,7,1.61,0.7923
245.53,55.09,195.92,1.594,77.38,57.51,26.05,0,42,1.58,0.7626
122.63,78.04,236.79,2.032,75.44,73.28,29.83,1,107,1.98,1.032
177.44,65.8,296.23,2.073,76.11,84.62,31.83,1,68,1.79,1.125
175.69,52.77,276.17,2.032,79.72,75.73,28.16,1,105,1.7,0.7737
160.94,61.91,265.41,1.898,86.24,38.83,27.31,1,73,1.82,0.4996
125.94,68.05,270.5,2.063,82.62,42.35,28.88,1,87,1.79,0.6914
132.47,60.58,287.23,2.098,69.8,52.55,31.32,1,145,1.59,1.3817
216.62,43.67,159.58,1.643,84.51,69.56,26.0,0,20,1.59,0.5207
182.1,40.59,162.88,1.676,86.01,58.02,25.64,0,19,1.76,0.4604
201.3,64.53,204.2,1.687,82.03,79.6,26.48,0,35,1.55,0.6214
204.22,47.49,169.76,1.552,85.39,32.68,24.23,0,7,1.64,0.442
152.71,65.36,297.31,1.948,81.09,44.22,30.4,1,104,1.68,0.821
219.08,64.33,152.77,1.867,90.7,42.06,22.91,0,36,1.74,0.2599
164.64,63.65,247.52,2.159,75.18,70.93,27.16,1,144,2.0,0.8933
131.33,58.79,230.83,1.994,82.05,55.56,26.92,1,95,1.96,0.637
169.49,78.02,258.58,2.082,89.22,30.83,28.69,1,47,2.08,0.4241
233.91,57.75,209.4,1.487,90.37,72.54,26.9,0,13,1.8,0.3413
181.37,59.08,164.11,1.528,90.71,49.9,23.39,0,7,1.78,0.2672
230.13,41.68,166.04,1.45,86.26,44.33,26.58,0,24,1.75,0.4779
187.14,50.32,194.98,1.634,94.48,40.05,23.65,0,41,1.82,0.1613
231.08,47.38,203.38,1.636,92.41,82.03,27.42,0,25,1.86,0.2773
145.36,63.9,276.46,2.13,80.56,81.81,29.22,1,62,1.76,0.7887
125.8,71.67,225.46,1.975,78.54,34.21,26.79,1,90,1.94,0.7557
161.95,65.54,220.64,2.128,80.99,42.8,27.95,1,98,1.99,0.7165
136.96,52.08,222.61,2.078,95.0,65.54,29.18,1,133,2.17,0.2024
195.64,47.63,192.01,1.895,75.91,66.87,26.38,0,28,1.64,0.8281
177.03,53.66,297.87,2.2,79.04,52.97,29.01,1,82,1.72,0.8401
164.12,58.89,281.71,2.179,73.45,61.27,29.98,1,59,1.74,1.1252
206.68,61.72,206.66,1.7,81.1,68.64,30.03,0,29,1.69,0.8033
126.34,71.85,225.74,1.893,77.12,82.28,27.08,1,86,2.0,0.8196
216.31,64.14,164.7,1.635,82.94,69.88,26.68,0,31,1.56,0.5969
135.19,79.14,220.26,2.27,74.95,36.06,25.33,1,89,1.87,0.8093
124.32,59.31,283.41,2.061,86.63,69.48,26.62,1,67,1.91,0.4662
241.37,61.51,159.5,1.501,87.06,33.72,29.51,0,12,1.47,0.5338
123.6,68.39,243.94,2.04,81.5,57.64,26.76,1,68,2.04,0.6504
171.4,64.86,247.52,1.881,83.54,58.98,25.87,1,89,2.04,0.5491
166.09,70.04,281.08,1.897,80.4,72.8,29.2,1,77,1.76,0.7942
211.55,46.83,170.49,1.65,85.01,30.64,25.99,0,39,1.56,0.5036
121.13,55.16,242.76,2.089,82.05,78.11,28.07,1,148,1.87,0.6813
195.38,59.42,152.83,1.504,86.63,66.51,27.45,0,13,1.76,0.4894
248.34,60.95,162.3,1.533,91.73,31.72,24.37,0,35,1.71,0.2523
202.3,43.52,176.66,1.429,77.74,38.8,28.54,0,11,1.44,0.8682
147.47,77.36,241.07,1.984,81.14,32.17,27.57,1,91,1.9,0.6952
155.12,70.54,227.35,1.766,87.35,72.13,27.39,1,84,2.16,0.4614
166.32,71.37,263.28,1.964,73.01,39.4,30.42,1,79,1.58,1.1731
142.64,78.38,234.76,2.01,72.61,32.51,27.82,1,126,1.98,1.0245
193.68,47.12,193.79,1.389,85.89,37.59,25.27,0,35,1.76,0.4542
245.33,57.16,198.78,1.479,88.56,60.78,23.8,0,35,1.8,0.3373
202.11,41.95,164.19,1.593,81.13,57.25,25.29,0,22,1.56,0.6082
228.45,50.24,163.78,1.576,80.81,43.54,26.44,0,10,1.62,0.662
237.33,52.17,155.28,1.582,81.97,81.86,24.14,0,7,1.49,0.5425
231.86,59.14,159.02,1.635,81.39,77.01,24.2,0,14,1.63,0.562
244.23,62.3,150.48,1.399,83.32,47.3,30.72,0,34,1.63,0.7375
240.5,48.43,185.39,1.685,79.3,56.1,24.78,0,7,1.54,0.6472
249.62,53.19,204.23,1.562,82.9,58.43,25.85,0,34,1.67,0.5697
192.78,56.19,158.97,1.528,79.78,71.59,25.77,0,9,1.57,0.6705
177.66,75.66,230.28,1.776,71.55,53.54,31.86,1,122,1.76,1.3421
132.91,73.07,291.07,1.968,84.68,60.06,30.19,1,53,1.71,0.6572
131.85,65.7,257.5,2.061,76.32,52.69,31.75,1,132,1.94,1.1101
217.42,47.41,197.89,1.617,85.14,71.96,25.89,0,17,1.76,0.4963
185.17,52.7,201.16,1.62,78.34,60.58,24.03,0,24,1.62,0.6475
161.86,61.93,269.95,1.959,77.83,75.53,28.84,1,132,1.68,0.8799
247.26,52.86,198.68,1.593,87.6,32.96,26.31,0,23,1.77,0.4245
208.39,57.08,171.05,1.467,93.47,79.74,29.96,0,13,1.72,0.2764
195.74,42.14,162.54,1.599,77.81,75.07,22.01,0,23,1.61,0.587
181.35,61.75,204.75,1.541,82.29,75.02,26.89,0,10,1.65,0.6274
196.61,54.84,194.06,1.465,82.26,37.72,30.34,0,42,1.54,0.7675
228.99,64.74,155.44,1.691,81.21,44.49,25.79,0,36,1.57,0.6238
171.85,53.27,225.59,1.811,86.57,83.91,27.98,1,97,2.09,0.5071
186.55,60.79,170.93,1.663,78.78,82.27,27.09,0,41,1.51,0.7606
218.73,59.8,167.9,1.67,85.43,42.46,25.38,0,18,1.8,0.4721
142.38,69.49,267.18,1.937,77.15,53.81,30.83,1,142,1.75,1.0167
199.35,48.38,184.12,1.724,90.36,38.58,25.82,0,22,1.76,0.3206
219.89,62.12,182.3,1.534,81.4,44.45,25.25,0,34,1.56,0.598
139.78,66.86,263.63,1.927,79.51,40.16,29.14,1,79,1.71,0.8274
238.64,50.03,207.59,1.456,87.55,34.45,27.42,0,41,1.74,0.4549
211.67,62.64,207.01,1.599,78.06,61.87,27.0,0,25,1.59,0.7822
232.35,42.33,150.25,1.485,82.54,43.24,28.12,0,35,1.54,0.6646
201.12,51.83,170.27,1.505,75.01,84.57,25.97,0,35,1.51,0.8385
170.65,67.71,244.55,1.992,76.17,58.35,28.77,1,70,1.97,0.9419
160.1,50.23,290.19,1.997,85.92,49.75,26.1,1,132,1.87,0.4761
205.12,46.61,203.19,1.751,78.69,80.22,26.5,0,27,1.56,0.7378
134.44,59.85,267.13,2.112,78.92,64.14,28.73,1,73,1.79,0.8313
199.81,57.71,200.38,1.666,87.02,36.99,25.5,0,25,1.73,0.4236
225.66,54.62,192.2,1.582,81.68,57.38,25.47,0,32,1.59,0.5968
169.13,75.14,249.73,1.952,84.49,54.26,30.14,1,64,1.99,0.6634
185.15,46.4,171.83,1.597,89.72,72.08,20.95,0,23,1.79,0.2549
200.12,60.82,165.97,1.533,86.15,68.16,26.14,0,43,1.83,0.4694
219.87,51.24,165.57,1.516,86.75,50.39,29.95,0,34,1.55,0.5606
202.3,64.68,183.72,1.591,85.03,55.82,26.74,0,42,1.55,0.5256
209.26,40.58,160.01,1.495,89.99,58.53,28.01,0,35,1.8,0.3786
130.17,63.92,253.76,1.902,88.35,53.24,26.35,1,58,2.06,0.3998
180.65,44.51,150.62,1.715,82.23,35.92,25.17,0,44,1.46,0.5686
199.35,53.89,186.8,1.434,94.15,79.8,22.02,0,9,1.84,0.1549
189.97,46.08,209.66,1.475,84.6,66.99,26.91,0,21,1.64,0.5462
139.55,50.0,291.26,2.153,80.75,55.83,27.52,1,62,1.62,0.7075
154.52,67.6,286.95,1.953,86.26,61.33,25.14,1,110,1.89,0.4389
130.24,76.01,297.11,2.165,86.32,41.72,29.71,1,88,1.63,0.5709
121.34,59.73,265.52,1.86,85.67,59.18,26.78,1,58,1.66,0.5044
154.27,78.03,274.06,2.009,90.73,71.03,28.76,1,137,1.87,0.3662
183.32,49.03,172.12,1.693,88.69,59.35,26.93,0,28,1.83,0.4016
196.87,50.86,154.89,1.491,87.1,56.44,25.57,0,40,1.85,0.4227
158.99,71.66,292.98,2.201,77.03,55.43,28.15,1,123,1.67,0.8759
173.85,60.36,241.69,1.953,81.07,71.89,28.37,1,59,1.92,0.7311
147.57,60.57,224.56,2.061,81.25,71.43,29.57,1,116,1.91,0.7762
206.24,56.65,161.4,1.519,87.58,71.25,26.01,0,13,1.86,0.4177
232.98,52.47,163.69,1.779,91.12,43.54,21.74,0,38,1.79,0.2311
200.65,59.7,207.44,1.636,83.29,63.98,27.84,0,28,1.59,0.6258
151.29,68.94,220.06,2.252,82.45,72.84,28.51,1,108,1.94,0.6833
198.03,52.64,179.93,1.741,90.11,60.9,23.33,0,27,1.85,0.2834
207.11,46.49,153.76,1.7,79.04,72.84,26.85,0,43,1.63,0.7407
128.93,78.08,287.55,1.885,91.42,76.99,27.28,1,54,1.88,0.311
213.51,53.05,188.01,1.61,73.55,39.56,26.35,0,16,1.45,0.9077
134.71,69.04,242.46,1.962,87.83,46.85,29.94,1,65,2.01,0.5146
215.96,46.82,161.59,1.603,81.6,63.07,28.53,0,24,1.51,0.7173
185.03,42.07,202.35,1.618,89.39,45.93,25.69,0,10,1.82,0.3502
210.81,40.7,192.13,1.492,88.14,81.78,23.53,0,41,1.78,0.344
155.91,76.83,247.18,1.981,83.54,40.68,28.55,1,70,2.01,0.6424
184.07,48.43,164.9,1.588,84.15,49.63,29.02,0,44,1.6,0.6356
184.19,64.09,195.26,1.479,86.59,84.69,27.73,0,42,1.84,0.499
162.98,68.46,228.42,2.096,79.67,40.4,29.09,1,117,2.05,0.8186
193.65,59.85,158.93,1.627,89.62,54.68,25.62,0,16,1.85,0.3412
131.48,51.22,235.71,2.098,77.82,47.26,26.95,1,139,2.0,0.7885
124.81,54.17,236.99,2.058,84.86,74.54,25.13,1,75,2.2,0.4833
200.11,64.24,167.65,1.394,88.61,46.73,25.64,0,16,1.77,0.3748
139.02,76.46,256.75,1.9,86.18,38.88,29.21,1,76,1.87,0.5603
206.25,55.77,208.56,1.798,87.28,81.32,25.03,0,15,1.82,0.4037
142.8,51.92,289.72,2.094,81.34,47.46,26.89,1,81,1.7,0.661
196.61,64.78,196.8,1.405,87.04,70.8,27.72,0,24,1.86,0.4819
160.3,76.68,266.93,2.056,79.94,45.98,26.91,1,106,1.69,0.7114
183.63,42.55,150.03,1.5,90.98,39.82,28.09,0,17,1.63,0.3427
171.8,79.88,285.47,1.748,81.95,74.13,27.91,1,79,1.71,0.6787
194.58,56.67,183.18,1.799,74.05,33.06,28.62,0,12,1.55,1.0169
194.08,56.44,167.13,1.609,76.83,48.26,27.44,0,39,1.63,0.8477
227.79,58.7,161.58,1.626,83.85,72.9,26.52,0,20,1.62,0.5598
237.81,42.72,152.98,1.449,86.11,58.17,24.54,0,35,1.85,0.4281
155.04,57.65,288.22,1.862,92.32,67.93,27.8,1,123,1.91,0.2869
225.2,53.78,186.01,1.409,75.43,33.67,29.86,0,11,1.42,1.0342
143.5,60.11,280.1,2.17,81.04,71.24,29.62,1,48,1.74,0.7871
169.63,68.12,282.09,1.803,79.7,39.46,25.0,1,129,1.61,0.6431
128.9,56.17,260.53,2.194,78.35,74.48,29.65,1,70,1.69,0.9003
209.01,54.06,167.36,1.482,94.15,61.03,24.19,0,24,1.74,0.1766
206.07,54.08,161.31,1.453,76.43,70.65,28.21,0,12,1.56,0.9019
150.25,62.38,293.29,1.993,87.75,41.71,25.21,1,101,1.81,0.3929
194.45,63.23,169.77,1.518,83.25,51.75,29.13,0,36,1.57,0.676
190.47,45.51,200.85,1.612,83.56,74.11,26.47,0,37,1.57,0.5682
132.23,70.79,222.52,1.895,86.67,80.09,26.03,1,47,2.19,0.4489
133.09,78.95,221.53,1.962,78.92,42.46,25.31,1,51,2.08,0.6802
165.52,73.69,295.11,1.909,90.3,73.64,28.31,1,145,1.95,0.3733
183.03,46.0,190.32,1.703,95.0,35.97,24.24,0,39,1.7,0.1514
123.61,58.18,250.2,2.062,82.91,53.42,27.58,1,110,1.96,0.6304
200.38,54.57,174.75,1.63,94.19,81.63,28.25,0,37,1.74,0.2228
197.16,57.53,156.02,1.726,81.0,81.98,27.23,0,39,1.65,0.6866
169.74,57.52,267.23,2.032,84.71,46.32,27.54,1,146,1.64,0.5627
230.67,60.92,203.49,1.621,91.45,40.61,25.78,0,17,1.74,0.2837
237.32,61.14,195.95,1.586,83.56,38.22,24.05,0,10,1.83,0.492
221.16,55.87,163.93,1.514,74.62,56.45,28.85,0,42,1.59,1.0079
166.84,59.02,273.76,1.914,74.73,35.06,27.46,1,64,1.7,0.9256
159.98,53.77,262.05,2.018,94.27,49.63,26.15,1,46,1.88,0.1943
143.51,58.34,246.04,2.122,78.68,30.94,29.09,1,140,1.96,0.8585
124.02,70.65,289.82,2.068,80.29,44.27,29.2,1,63,1.71,0.7987
224.67,63.83,177.08,1.668,75.42,79.52,29.47,0,41,1.57,1.0117
181.89,43.44,199.18,1.467,89.71,54.58,25.03,0,32,1.76,0.3265
226.37,64.47,170.65,1.663,82.26,34.06,23.7,0,32,1.39,0.5199
211.3,40.62,202.5,1.552,85.07,65.58,22.19,0,25,1.75,0.3993
248.08,53.05,198.72,1.621,85.2,82.56,26.44,0,43,1.63,0.5106
165.13,51.77,277.82,2.066,79.0,55.49,25.76,1,110,1.7,0.6959
191.99,59.76,165.52,1.461,85.33,64.34,23.64,0,8,1.77,0.4284
230.41,58.37,208.22,1.619,88.52,80.57,28.88,0,37,1.79,0.4567
213.99,53.23,182.92,1.628,84.59,53.05,27.83,0,24,1.65,0.5767
193.09,56.27,204.45,1.72,84.35,66.55,26.44,0,17,1.53,0.5399
168.09,75.99,221.71,1.938,79.73,54.24,32.05,1,99,2.02,0.9665
218.32,52.36,209.0,1.593,80.51,82.92,27.83,0,8,1.52,0.7294
182.13,54.89,198.96,1.62,95.0,57.71,24.85,0,38,1.66,0.157
175.67,70.12,289.26,1.938,74.98,78.71,31.62,1,141,1.67,1.1643
224.45,47.82,162.74,1.536,83.23,57.9,28.14,0,42,1.58,0.6391
190.09,53.08,175.84,1.531,83.51,66.76,27.29,0,14,1.58,0.598
204.43,40.21,155.86,1.585,88.39,51.24,26.84,0,42,1.79,0.4101
154.26,58.38,247.85,2.21,89.67,80.47,25.94,1,94,2.23,0.346
144.64,72.91,271.04,1.989,78.9,65.58,31.59,1,135,1.66,0.9802
124.79,64.14,268.64,2.059,84.93,31.1,26.69,1,66,1.53,0.5276
181.92,45.26,190.03,1.604,85.48,30.86,26.3,0,16,1.75,0.4968
125.94,68.27,247.45,1.963,67.58,67.19,31.73,1,67,1.86,1.5181
188.13,52.08,207.27,1.597,76.89,36.28,25.18,0,44,1.51,0.74
216.97,50.62,194.38,1.692,83.46,69.39,23.35,0,23,1.82,0.4746
223.41,50.63,204.42,1.594,82.74,47.71,24.39,0,44,1.65,0.5272
208.26,45.22,205.63,1.581,75.86,59.64,28.49,0,31,1.65,0.9388
200.21,63.68,195.05,1.572,86.94,39.59,27.01,0,23,1.64,0.4659
145.88,69.8,244.35,1.881,79.38,43.54,31.25,1,76,1.99,0.9396
144.67,55.69,280.73,2.125,81.02,54.03,28.23,1,78,1.62,0.7271
199.62,58.42,169.51,1.546,76.5,66.6,27.47,0,21,1.61,0.8612
182.74,44.3,190.3,1.776,84.96,38.57,24.8,0,30,1.73,0.4708
180.97,51.8,200.69,1.629,69.97,45.47,27.11,0,13,1.53,1.0776
204.74,64.72,160.51,1.769,84.15,41.38,25.04,0,44,1.63,0.5033
134.19,52.57,239.09,1.976,81.59,77.45,29.14,1,46,2.05,0.7434
198.79,43.18,172.51,1.512,86.01,65.64,25.23,0,16,1.87,0.4493
154.6,52.27,224.12,2.125,78.09,55.77,23.99,1,117,1.99,0.6534
191.41,51.71,150.71,1.533,84.86,82.08,26.4,0,18,1.62,0.5211
234.62,60.06,202.32,1.754,78.02,70.47,26.97,0,14,1.67,0.7823
227.25,62.9,158.15,1.669,85.44,81.27,20.0,0,28,1.74,0.3405
202.85,42.06,202.69,1.776,88.69,62.87,24.88,0,22,1.79,0.3557
218.26,47.85,186.04,1.483,94.43,37.59,25.72,0,40,1.64,0.1842
169.86,70.05,225.89,2.115,81.96,67.15,28.67,1,94,2.0,0.709
188.99,64.9,199.72,1.511,81.51,41.08,24.34,0,20,1.59,0.5631
147.67,69.31,262.14,1.712,79.48,49.03,32.19,1,89,1.67,0.9862
219.87,62.0,171.44,1.708,85.65,58.03,29.49,0,16,1.63,0.5913
241.62,50.65,158.33,1.599,89.12,38.66,23.87,0,30,1.66,0.3221
237.67,58.07,184.22,1.715,95.0,31.14,27.29,0,33,1.68,0.1813
132.75,59.87,227.63,2.011,79.23,47.99,27.44,1,116,2.06,0.7599
194.51,62.79,167.63,1.603,85.82,75.34,25.49,0,22,1.9,0.4625
134.68,52.35,268.8,2.18,91.01,30.85,26.93,1,100,1.87,0.3192
238.15,60.09,176.36,1.614,92.4,36.02,25.04,0,37,1.71,0.2413
142.06,66.12,240.92,1.943,76.72,74.38,23.36,1,131,2.04,0.6684
216.96,57.34,183.57,1.589,82.11,46.82,28.19,0,17,1.61,0.6837
140.71,79.28,286.09,2.019,89.51,81.6,28.23,1,74,1.8,0.4019
168.43,66.71,251.23,1.659,95.0,50.91,27.76,1,77,2.12,0.1864
173.82,76.67,266.03,2.059,84.93,73.82,28.98,1,99,1.69,0.603
245.04,53.75,181.23,1.763,81.1,44.23,27.29,0,14,1.7,0.6854
193.96,43.79,183.48,1.594,76.67,33.4,28.65,0,16,1.44,0.9158
180.78,44.6,172.01,1.55,95.0,78.49,24.79,0,12,1.84,0.1564
175.44,76.56,244.2,2.047,85.78,81.0,28.18,1,86,1.94,0.5432
182.13,48.57,205.99,1.809,78.14,68.95,27.91,0,41,1.65,0.822
172.15,57.29,258.41,2.056,80.79,72.35,28.55,1,88,2.03,0.7497
214.41,51.52,157.29,1.626,85.95,30.39,25.66,0,27,1.64,0.4629
224.93,43.5,199.81,1.553,88.34,71.46,24.3,0,11,1.81,0.3542
208.8,44.53,184.61,1.472,79.8,55.97,25.78,0,11,1.63,0.6702
125.46,69.14,242.98,2.003,77.7,54.9,29.7,1,54,2.01,0.93
161.74,69.2,288.5,2.005,74.3,59.7,27.71,1,123,1.76,0.9552
144.54,55.47,253.56,1.768,89.92,44.92,25.31,1,91,2.24,0.3253
228.69,50.46,185.53,1.513,81.78,68.3,26.68,0,40,1.69,0.6375
178.75,71.16,275.8,2.139,84.65,46.26,27.98,1,103,1.78,0.5795
174.07,60.5,261.02,1.969,86.88,60.72,30.81,1,124,1.72,0.5831
180.09,60.76,190.59,1.305,83.05,37.53,28.39,0,28,1.54,0.6554
167.33,74.98,224.65,2.192,78.09,67.13,32.05,1,139,1.99,1.0447
161.52,65.69,233.33,1.893,80.45,40.43,31.13,1,149,2.02,0.8848
159.3,68.54,281.79,1.944,83.07,39.37,27.5,1,76,1.63,0.6215
126.37,62.38,293.66,2.127,91.64,31.34,24.55,1,114,1.77,0.2578
237.93,47.85,185.69,1.511,87.11,36.7,24.38,0,32,1.78,0.3935
215.27,49.06,203.15,1.364,78.94,42.79,28.71,0,15,1.58,0.8296
164.87,65.95,222.73,2.026,89.79,42.23,25.49,1,56,2.22,0.333
191.29,49.02,185.04,1.696,89.92,48.02,26.37,0,7,1.79,0.3463
153.19,71.41,255.9,1.944,74.4,32.99,29.34,1,119,1.97,1.0458
146.86,68.62,278.87,1.985,89.2,81.44,28.85,1,145,1.83,0.4289
178.08,56.99,223.53,1.858,80.48,36.55,32.05,1,78,1.84,0.9308
147.85,76.31,282.5,1.881,80.6,68.61,31.46,1,106,1.67,0.8946
209.75,57.6,204.48,1.561,92.53,59.43,22.23,0,8,1.78,0.2003
236.8,52.06,209.26,1.678,79.45,60.4,28.02,0,24,1.6,0.7777
244.32,43.35,179.74,1.612,89.93,35.8,24.82,0,22,1.64,0.3156
222.03,46.62,161.74,1.722,79.3,43.38,29.24,0,23,1.61,0.8407
231.21,41.13,177.65,1.798,76.02,72.89,26.78,0,23,1.54,0.844
183.96,49.01,201.23,1.706,79.87,55.5,25.15,0,41,1.61,0.6434
138.01,72.78,237.58,1.809,85.34,55.14,27.77,1,81,2.06,0.5468
158.63,62.44,224.94,1.966,77.85,60.03,27.69,1,59,2.04,0.8223
214.77,54.51,152.84,1.705,90.54,53.86,27.78,0,30,1.78,0.353
221.55,58.31,180.59,1.586,91.45,74.34,24.44,0,43,1.77,0.2619
128.04,65.93,253.56,1.806,89.16,71.18,27.79,1,146,2.33,0.4048
193.87,56.96,155.15,1.534,84.28,47.44,26.49,0,24,1.63,0.5439
186.88,61.64,197.69,1.327,85.01,74.66,26.42,0,33,1.63,0.5165
228.35,61.85,167.02,1.567,76.33,58.52,28.0,0,22,1.65,0.8947
177.11,79.83,283.64,1.918,86.57,64.53,28.79,1,103,1.73,0.5315
239.53,43.83,156.09,1.557,84.95,77.64,27.17,0,34,1.63,0.542
147.7,73.15,277.46,2.142,85.03,56.18,28.12,1,60,1.72,0.5698
238.32,52.56,194.36,1.44,93.6,71.59,24.82,0,39,1.82,0.2006
229.05,48.97,173.31,1.514,81.96,64.54,25.02,0,15,1.59,0.5721
186.12,43.29,187.77,1.463,83.41,53.47,26.07,0,30,1.6,0.56
233.34,47.19,161.25,1.729,91.13,73.4,20.0,0,19,1.88,0.2074
137.91,62.94,279.1,2.136,75.12,35.78,30.79,1,90,1.64,1.1045
142.28,51.08,280.83,2.043,80.51,61.97,28.94,1,46,1.66,0.778
124.69,63.59,265.11,2.037,83.37,32.55,29.55,1,92,1.65,0.6876
131.88,64.39,273.24,1.856,79.91,38.59,28.84,1,79,1.6,0.7973
140.13,69.97,260.7,2.024,87.03,62.94,30.01,1,149,1.66,0.5506
167.75,65.49,279.27,1.865,77.42,46.92,25.03,1,53,1.72,0.7166
130.95,75.85,278.62,2.005,89.23,44.44,26.53,1,133,1.86,0.3735
181.38,64.21,196.83,1.559,85.33,82.57,28.3,0,23,1.56,0.5643
213.1,59.44,174.96,1.529,81.71,50.12,25.5,0,8,1.66,0.5969
233.8,58.15,170.32,1.603,78.05,61.06,27.59,0,37,1.54,0.8101
156.68,56.08,225.39,2.081,69.13,59.38,31.08,1,105,1.81,1.3932
237.43,50.19,209.76,1.813,80.03,33.41,26.11,0,22,1.54,0.6757
209.15,57.96,207.36,1.666,88.15,67.09,27.32,0,43,1.76,0.4305
137.12,62.35,296.28,2.273,81.31,58.21,28.78,1,91,1.76,0.7392
128.22,77.2,282.58,2.024,88.36,50.98,27.72,1,63,1.93,0.4329
129.36,68.46,232.12,2.214,78.69,33.63,28.57,1,55,2.07,0.8326
227.32,43.16,167.81,1.652,86.07,46.12,27.74,0,7,1.61,0.5186
160.39,64.62,234.6,2.029,76.07,78.63,30.94,1,116,2.09,1.0714
236.11,40.3,193.28,1.58,76.97,39.55,28.56,0,24,1.44,0.8993
223.13,51.55,207.35,1.636,85.65,42.06,23.68,0,32,1.76,0.42
190.98,53.07,202.47,1.652,79.52,41.29,27.39,0,17,1.66,0.7471
239.72,55.54,195.27,1.43,74.4,78.99,28.2,0,7,1.57,0.979
223.91,42.51,191.82,1.684,81.13,68.5,28.28,0,44,1.58,0.725
154.39,53.38,230.05,1.822,81.38,78.5,29.61,1,82,2.1,0.7726
234.19,55.33,191.05,1.684,91.17,80.26,25.19,0,28,1.84,0.2829
147.77,57.15,287.5,2.072,88.06,81.04,26.81,1,129,1.93,0.421
185.22,40.65,188.89,1.771,91.12,56.71,24.98,0,23,1.82,0.281
192.36,53.51,180.9,1.497,87.79,56.19,25.9,0,13,1.82,0.408
186.5,59.62,208.91,1.482,82.48,75.59,29.65,0,44,1.51,0.7286
197.04,41.73,180.6,1.733,77.59,48.26,26.4,0,13,1.61,0.7713
150.3,69.39,240.34,1.871,76.75,31.22,35.0,1,147,1.67,1.3073
243.48,48.16,165.85,1.459,88.21,48.24,24.74,0,44,1.85,0.3677
241.04,62.84,205.04,1.625,90.34,69.4,27.17,0,29,1.77,0.3479
230.3,44.65,207.74,1.594,89.48,36.8,23.83,0,14,1.67,0.3107
181.69,47.96,193.71,1.619,90.3,73.16,26.01,0,21,1.73,0.3263
162.17,58.36,242.64,2.065,74.97,74.85,30.41,1,104,2.03,1.0873
227.76,48.27,151.41,1.665,79.68,35.55,29.1,0,15,1.57,0.8187
160.23,65.32,264.33,1.991,83.82,35.38,28.7,1,123,1.56,0.637
126.17,51.78,256.12,2.006,87.88,40.93,28.25,1,131,2.17,0.4648
123.89,77.56,239.32,1.992,83.99,49.6,25.32,1,83,2.05,0.5169
163.48,73.03,265.23,2.004,77.6,59.3,32.76,1,100,1.7,1.1117
158.42,67.54,227.28,1.834,87.15,56.7,26.43,1,124,2.21,0.443
173.7,63.1,250.95,2.091,78.91,76.92,25.51,1,50,2.03,0.6887
151.18,78.8,237.94,2.126,90.31,37.82,28.03,1,50,2.09,0.3669
181.5,53.62,151.64,1.676,78.96,68.37,26.83,0,44,1.58,0.7427
190.55,47.13,205.1,1.667,74.03,60.19,26.53,0,12,1.55,0.9007
229.69,55.57,163.11,1.481,80.75,70.53,29.77,0,40,1.55,0.8061
122.21,58.42,233.51,1.83,88.37,48.81,30.69,1,79,1.91,0.5133
133.8,55.87,295.95,2.1,83.17,55.93,30.29,1,98,1.71,0.7261
213.42,47.03,159.49,1.603,90.31,31.57,23.27,0,27,1.71,0.2767
140.14,58.79,238.85,2.02,81.96,36.39,28.61,1,66,1.92,0.7065
234.17,59.43,169.74,1.626,82.59,50.62,26.83,0,11,1.64,0.6146
247.65,52.27,195.42,1.631,73.15,56.47,29.59,0,15,1.61,1.1127
176.16,73.33,265.67,2.078,69.42,34.72,29.76,1,105,1.33,1.2798
235.62,43.28,174.42,1.589,85.36,75.37,25.69,0,31,1.77,0.4832
228.63,58.35,189.91,1.371,90.21,82.03,26.5,0,23,1.75,0.3389
133.62,59.01,262.61,2.083,84.37,62.8,27.61,1,133,1.65,0.5775
153.6,65.4,272.12,2.069,85.33,32.94,28.09,1,80,1.63,0.5574
191.59,49.16,173.41,1.445,86.69,70.64,31.92,0,14,1.6,0.63
147.94,62.88,258.26,1.86,84.74,41.94,27.11,1,59,1.96,0.5476
236.23,56.04,188.95,1.706,82.66,70.35,26.92,0,12,1.64,0.6153
223.01,53.81,208.17,1.734,78.45,53.89,27.73,0,14,1.59,0.8019
210.72,41.01,150.27,1.28,92.48,32.94,27.92,0,30,1.66,0.2829
143.22,71.39,248.18,2.053,81.5,45.33,31.81,1,57,2.02,0.8702
202.9,60.73,175.99,1.574,80.07,53.49,25.24,0,33,1.67,0.6404
173.24,56.05,271.8,2.009,76.55,70.49,27.88,1,121,1.67,0.8802
123.56,79.85,281.5,2.016,87.51,37.32,29.17,1,139,1.55,0.5052
178.33,64.27,235.19,1.909,76.69,45.79,28.47,1,48,2.02,0.9055
187.61,61.9,155.84,1.678,90.36,34.59,29.34,0,11,1.71,0.3938
176.74,70.33,251.78,1.917,69.64,63.87,26.75,1,141,1.98,1.0667
205.75,56.39,197.36,1.69,89.45,56.08,27.96,0,39,1.77,0.3979
249.31,55.38,163.75,1.716,83.58,81.1,29.28,0,16,1.61,0.6685
240.33,49.3,184.14,1.495,84.2,70.73,26.54,0,11,1.54,0.5483
210.72,42.17,175.68,1.498,82.2,72.78,27.13,0,25,1.58,0.6395
172.92,53.83,251.24,2.014,93.64,39.04,25.9,1,60,2.07,0.2125
215.98,50.71,197.22,1.78,88.49,44.66,25.05,0,9,1.75,0.3657
191.7,52.03,193.87,1.529,79.04,58.22,26.61,0,34,1.61,0.7304
138.24,50.15,266.5,1.952,74.05,30.74,27.62,1,75,1.69,0.9594
195.83,50.36,172.36,1.639,86.26,77.86,24.59,0,22,1.72,0.4247
126.64,69.0,240.59,2.079,83.48,72.78,26.69,1,104,2.04,0.5784
245.62,51.55,180.95,1.663,78.58,33.19,23.69,0,14,1.5,0.6274
132.83,59.94,274.95,2.004,82.11,76.7,27.91,1,98,1.5,0.6727
160.02,53.79,281.7,1.963,76.68,30.25,31.05,1,123,1.58,1.0507
200.78,42.83,208.21,1.64,82.41,36.28,27.93,0,30,1.67,0.6622
184.85,47.98,150.93,1.216,89.13,33.05,24.45,0,7,1.6,0.3332
200.01,40.32,209.9,1.824,90.02,56.35,27.71,0,24,1.86,0.3709
154.41,52.13,275.59,1.978,86.03,73.12,28.9,1,106,1.72,0.5564
214.96,59.69,199.96,1.622,80.1,39.82,26.44,0,33,1.45,0.6865
229.58,45.87,170.1,1.852,80.82,72.43,31.7,0,12,1.62,0.8966
232.58,42.77,180.5,1.511,87.07,40.17,23.05,0,34,1.82,0.3644
184.17,63.73,197.82,1.88,75.74,84.48,27.89,0,29,1.6,0.9112
203.8,55.56,195.64,1.689,83.54,76.94,28.83,0,40,1.58,0.6529
128.03,76.58,292.69,2.054,88.56,70.55,31.36,1,119,1.68,0.5246
187.3,41.56,169.46,1.677,84.18,62.54,26.09,0,17,1.61,0.5346
205.37,55.3,189.77,1.499,76.2,43.34,25.92,0,7,1.63,0.7962
178.68,71.32,232.25,1.802,80.57,36.56,30.09,1,69,1.95,0.8287
178.68,52.03,223.44,1.858,76.09,55.32,28.16,1,51,1.99,0.9122
241.83,45.61,171.18,1.73,86.88,52.15,27.7,0,15,1.82,0.4873
211.84,63.23,203.68,1.488,84.4,67.1,28.58,0,32,1.54,0.6099
232.27,54.3,190.98,1.402,84.63,39.35,24.46,0,16,1.61,0.4714
148.76,64.41,244.41,1.99,85.7,60.92,22.38,1,65,2.18,0.3869
242.65,46.25,153.44,1.669,84.28,68.13,24.62,0,15,1.74,0.4868
159.62,61.05,223.19,2.005,79.63,46.44,31.01,1,80,2.0,0.9157
140.05,53.18,257.65,2.073,80.69,72.9,25.5,1,80,2.02,0.6302
187.45,63.06,154.23,1.739,76.52,53.75,26.72,0,42,1.6,0.8235
201.68,41.22,186.74,1.669,84.65,38.94,31.71,0,21,1.47,0.718
218.67,64.77,169.38,1.582,81.37,40.71,26.89,0,30,1.56,0.6599
249.16,45.2,170.31,1.535,84.38,45.34,26.62,0,8,1.64,0.5446
235.54,50.22,178.75,1.692,84.89,38.7,26.71,0,10,1.55,0.5296
162.28,60.47,221.87,2.033,87.49,60.96,24.02,1,91,2.2,0.3737
147.66,74.93,252.78,1.897,77.91,82.2,26.35,1,50,1.96,0.758
126.97,66.0,280.17,2.156,71.54,79.28,30.65,1,84,1.54,1.2533
130.93,54.77,296.37,2.031,78.02,47.81,29.49,1,124,1.64,0.9057
231.55,53.57,153.3,1.678,87.06,77.56,24.91,0,11,1.75,0.4077
219.85,49.95,191.84,1.553,81.68,82.47,24.65,0,10,1.63,0.5683
226.84,58.44,207.55,1.736,82.69,46.18,25.6,0,28,1.52,0.5682
142.04,59.43,236.62,1.81,87.53,79.79,34.01,1,66,1.94,0.6637
125.61,50.16,253.05,2.201,72.57,84.86,28.55,1,83,2.06,1.0705
169.2,59.49,271.66,1.767,79.98,73.87,26.38,1,81,1.62,0.6882
228.2,50.9,163.97,1.435,93.71,51.46,25.86,0,11,1.78,0.2097
239.53,59.78,163.3,1.63,83.17,63.47,26.79,0,13,1.69,0.5927
134.85,55.97,282.17,1.936,75.14,50.03,32.04,1,68,1.73,1.1847
248.59,63.4,155.84,1.561,90.99,84.78,24.83,0,10,1.75,0.2825
147.5,59.47,266.72,1.936,84.14,33.73,26.27,1,129,1.62,0.5417
173.11,74.77,263.34,1.906,80.56,79.12,28.0,1,83,1.72,0.7348
131.3,61.97,266.58,2.038,82.62,34.1,28.71,1,92,1.54,0.6846
245.12,59.74,153.72,1.594,80.65,32.32,26.18,0,8,1.53,0.6574
199.98,62.02,198.24,1.706,79.56,81.7,25.39,0,25,1.67,0.6627
212.96,44.37,153.71,1.61,82.31,77.7,27.36,0,23,1.68,0.6442
193.11,62.9,156.39,1.55,75.49,49.89,29.95,0,23,1.62,1.037
216.49,62.85,169.52,1.693,80.75,82.66,29.78,0,30,1.64,0.8065
169.47,56.19,270.87,1.78,83.18,77.4,28.99,1,113,1.65,0.6734
155.43,55.64,221.0,1.69,83.28,79.61,31.64,1,123,2.09,0.779
236.76,51.12,159.91,1.409,89.61,62.73,26.14,0,20,1.76,0.3522
243.79,54.1,156.73,1.559,81.34,82.71,26.81,0,29,1.57,0.6579
185.11,48.0,201.56,1.647,86.86,74.53,25.7,0,29,1.78,0.4339
232.95,43.99,171.79,1.279,85.9,81.7,26.74,0,16,1.77,0.4951
150.07,60.64,299.68,1.999,84.71,45.48,27.15,1,97,1.64,0.55
192.27,40.03,179.22,1.557,82.29,59.27,25.34,0,23,1.59,0.5725
222.08,54.49,152.21,1.616,80.12,77.72,24.71,0,33,1.68,0.619
229.39,61.62,186.02,1.371,86.97,61.89,25.6,0,17,1.77,0.4277
169.38,78.96,231.68,2.314,70.81,74.06,31.28,1,84,1.77,1.3324
121.63,74.0,221.96,2.004,77.68,83.52,31.65,1,115,2.07,1.0405
243.61,54.69,186.85,1.454,69.35,74.25,28.21,0,42,1.5,1.1728
231.15,46.17,198.55,1.616,77.86,47.34,25.51,0,22,1.64,0.7229
162.03,72.53,288.87,2.179,76.19,36.53,29.91,1,68,1.59,1.0051
162.82,59.65,228.06,1.846,88.41,45.0,27.3,1,55,2.22,0.4206
181.95,54.54,207.71,1.421,84.99,66.45,28.83,0,28,1.62,0.5954
146.52,61.22,259.29,1.986,78.76,30.6,28.86,1,81,1.97,0.8439
169.09,58.68,249.42,1.996,88.4,40.43,25.27,1,116,2.14,0.3734
176.04,78.76,276.25,2.085,85.38,47.98,29.51,1,48,1.63,0.6031
133.77,56.3,259.6,2.177,83.22,78.14,26.08,1,117,2.02,0.5667
154.75,72.76,221.61,2.094,73.07,32.81,30.57,1,122,1.84,1.1806
200.92,54.67,195.42,1.433,81.27,32.75,27.99,0,7,1.54,0.7076
165.14,59.1,292.12,1.871,81.68,60.35,28.15,1,58,1.72,0.6986
199.01,42.26,185.33,1.504,77.97,39.78,25.96,0,28,1.52,0.7388
121.12,54.29,283.84,2.093,82.7,43.32,29.59,1,93,1.67,0.717
194.53,59.98,186.82,1.673,86.53,40.13,24.85,0,21,1.8,0.4229
166.39,79.04,274.16,2.151,86.08,61.99,26.27,1,48,1.89,0.4754
163.37,71.97,233.52,2.067,84.43,33.06,27.18,1,108,1.98,0.561
181.13,62.19,152.68,1.525,87.8,81.7,25.95,0,34,1.79,0.4089
145.85,52.48,282.93,1.976,80.24,36.77,29.29,1,47,1.57,0.8049
212.98,48.12,201.93,1.425,84.77,82.34,26.37,0,31,1.65,0.5233
166.25,59.92,234.66,2.075,82.17,72.8,25.93,1,104,1.95,0.5969
220.95,52.31,166.07,1.525,79.54,75.54,27.82,0,39,1.69,0.7653
208.57,63.55,151.69,1.747,91.05,39.5,25.71,0,29,1.62,0.2957
174.49,66.9,271.0,2.072,67.36,66.83,33.25,1,56,1.59,1.665
246.67,64.0,154.37,1.833,85.4,74.94,29.43,0,22,1.6,0.5995
153.82,53.97,277.15,2.05,75.16,60.69,32.49,1,115,1.48,1.2142
235.12,48.64,161.3,1.648,79.77,60.31,26.64,0,11,1.69,0.7062
232.71,59.53,165.9,1.578,86.13,38.77,25.2,0,17,1.69,0.4446
244.53,59.59,191.98,1.554,76.79,52.78,25.85,0,18,1.55,0.7733
150.74,59.93,233.33,1.969,75.42,38.28,31.12,1,108,1.9,1.1118
237.91,61.49,162.41,1.72,79.96,83.51,25.88,0,24,1.63,0.6689
243.39,57.56,177.94,1.438,81.89,67.67,27.22,0,20,1.6,0.6541
207.49,55.9,209.49,1.608,78.65,32.66,27.58,0,39,1.49,0.7875
201.97,51.47,205.9,1.4,93.46,56.22,24.5,0,27,1.78,0.2011
151.59,72.34,258.91,2.045,94.42,65.09,24.51,1,80,2.23,0.1717
146.14,67.21,242.5,1.945,70.32,35.26,30.08,1,93,1.64,1.2651
206.65,55.51,164.53,1.66,87.97,66.57,24.73,0,31,1.82,0.375
172.94,54.72,220.74,1.911,86.12,39.75,28.52,1,132,1.98,0.5408
201.31,43.69,177.6,1.569,85.38,52.43,27.59,0,26,1.67,0.5396
158.55,67.48,225.97,2.076,75.31,64.41,32.11,1,140,2.07,1.1813
156.45,50.71,231.63,2.015,81.63,50.08,27.39,1,98,1.96,0.6701
155.07,76.07,270.08,2.185,77.05,50.95,29.67,1,110,1.78,0.9555
237.8,42.64,194.18,1.542,82.71,76.4,25.21,0,39,1.59,0.5546
130.89,62.5,265.88,1.932,76.18,47.01,28.08,1,46,1.72,0.9046
237.02,46.57,185.56,1.748,84.91,66.04,24.46,0,39,1.8,0.4629
151.45,76.3,283.06,1.956,73.69,76.7,29.22,1,122,1.67,1.0674
220.28,42.94,190.31,1.55,81.19,38.4,28.12,0,43,1.51,0.716
145.92,63.5,220.23,2.046,74.63,32.53,29.59,1,115,1.94,1.0514
132.24,67.56,281.35,1.98,85.12,75.4,26.01,1,75,1.73,0.5005
125.28,61.41,243.2,1.963,78.06,60.31,28.93,1,115,2.02,0.8753
195.12,42.61,184.57,1.517,81.68,75.52,30.31,0,18,1.56,0.7913
145.4,60.73,234.8,2.163,86.8,41.72,29.01,1,144,1.99,0.5291
199.8,55.23,181.1,1.582,93.22,75.79,24.7,0,40,1.81,0.211
160.47,59.45,228.75,1.933,71.73,35.24,25.7,1,83,1.82,0.9336
187.7,51.86,170.22,1.564,80.12,78.58,25.79,0,19,1.63,0.66
232.21,46.75,191.2,1.643,83.2,75.24,25.32,0,28,1.62,0.5424
198.34,56.59,174.75,1.775,85.36,61.2,27.15,0,41,1.67,0.5266
225.79,49.28,166.82,1.58,76.45,63.46,25.34,0,25,1.58,0.7613
228.94,45.47,186.95,1.496,78.02,49.02,27.3,0,43,1.6,0.7976
204.16,50.22,194.42,1.83,86.68,41.09,23.86,0,29,1.8,0.3941
213.24,59.08,165.28,1.616,84.5,55.05,26.02,0,38,1.63,0.5216
139.12,60.19,228.47,1.987,85.77,66.16,26.24,1,61,2.18,0.4852
158.68,62.05,221.24,2.009,83.73,84.92,28.87,1,72,2.06,0.6468
202.4,60.8,207.91,1.451,85.09,74.95,26.78,0,18,1.59,0.5248
192.83,62.04,162.83,1.595,83.76,53.89,27.45,0,36,1.61,0.5945
205.59,50.83,189.25,1.691,81.82,70.88,28.84,0,16,1.56,0.7215
226.87,49.37,204.4,1.746,89.95,35.94,23.19,0,30,1.64,0.2856
147.15,67.52,243.86,1.957,70.41,52.83,28.77,1,46,1.99,1.1696
157.57,72.97,253.32,2.023,90.84,53.37,27.09,1,73,2.16,0.3283
241.72,57.28,190.01,1.749,72.33,84.94,26.83,0,10,1.55,0.9767
200.18,59.56,151.89,1.605,76.35,51.51,28.62,0,34,1.6,0.9267
211.86,49.94,171.61,1.686,84.67,34.58,24.11,0,9,1.63,0.4605
135.56,62.66,228.69,2.051,86.74,33.7,26.8,1,140,2.08,0.4672
142.68,51.07,267.94,1.92,67.56,68.41,27.73,1,102,1.5,1.2071
203.6,55.93,160.79,1.49,84.5,45.9,25.4,0,23,1.65,0.5028
211.11,46.72,194.22,1.727,85.22,77.79,29.16,0,43,1.59,0.5975
140.9,52.25,257.1,1.679,87.19,56.56,28.09,1,103,2.22,0.4868
158.11,61.2,260.28,1.92,80.84,48.17,25.75,1,65,1.64,0.6346
213.64,44.37,152.95,1.433,83.02,71.75,25.53,0,37,1.54,0.5551
243.32,52.71,193.13,1.727,83.25,52.96,23.52,0,18,1.84,0.4856
236.16,51.49,182.29,1.764,83.71,70.56,24.25,0,35,1.76,0.4934
165.74,65.42,249.05,1.913,73.76,69.28,31.76,1,136,1.75,1.2308
202.74,46.3,188.87,1.932,81.32,69.78,24.15,0,32,1.55,0.5624
204.71,45.37,204.33,1.765,83.82,77.14,28.73,0,39,1.58,0.6381
174.62,73.4,267.07,2.024,86.01,76.66,24.61,1,100,1.93,0.433
249.93,57.55,160.15,1.78,85.95,66.55,26.67,0,26,1.69,0.4913
163.24,77.32,262.3,1.923,85.32,82.63,25.83,1,109,2.03,0.4885
213.9,43.08,179.48,1.567,85.78,31.14,28.05,0,7,1.5,0.5391
180.71,45.6,205.54,1.656,86.63,81.17,28.07,0,35,1.56,0.5074
176.13,66.38,238.41,1.917,72.81,38.15,28.86,1,58,1.89,1.0804
207.26,61.43,202.31,1.446,78.36,41.64,27.63,0,7,1.55,0.8005
138.09,52.53,295.0,1.887,77.25,74.96,32.33,1,118,1.71,1.102
222.47,60.8,193.78,1.576,82.56,52.02,27.58,0,15,1.56,0.6433
213.66,41.08,173.01,1.656,80.91,53.39,25.82,0,29,1.61,0.6349
121.85,68.21,297.04,1.959,85.71,44.37,29.28,1,55,1.68,0.5817
181.62,62.48,162.87,1.403,94.04,42.34,25.95,0,40,1.83,0.1998
124.41,64.88,298.66,2.056,83.29,35.84,27.93,1,69,1.69,0.6291
208.69,50.41,200.54,1.753,85.31,40.82,25.12,0,28,1.76,0.4687
229.97,53.42,193.01,1.521,87.06,61.17,27.44,0,29,1.8,0.4734
227.27,45.82,199.29,1.8,71.96,68.86,29.12,0,7,1.63,1.131
180.72,52.92,159.48,1.704,81.68,70.64,28.84,0,20,1.66,0.7271
163.52,60.85,279.24,1.874,87.77,50.36,27.36,1,46,1.92,0.4453
138.16,78.47,274.37,1.922,83.74,80.71,22.83,1,50,1.86,0.4521
191.69,63.5,189.09,1.562,78.09,48.08,25.86,0,14,1.54,0.7304
230.99,52.1,184.96,1.578,81.64,36.11,27.7,0,38,1.51,0.682
174.17,58.19,224.33,1.707,78.88,81.99,31.46,1,146,2.03,0.974
129.8,66.95,248.62,1.91,76.57,59.74,29.32,1,147,2.03,0.956
197.29,50.42,157.97,1.534,93.57,83.43,27.13,0,33,1.83,0.231
220.62,41.05,182.36,1.827,83.93,51.65,23.53,0,13,1.74,0.4662
230.44,58.0,194.89,1.627,76.79,71.66,27.72,0,9,1.57,0.8631
164.93,73.65,240.24,1.904,82.62,36.05,27.12,1,63,1.89,0.624
222.21,41.23,163.44,1.547,88.5,76.97,26.15,0,14,1.81,0.39
237.74,40.52,191.79,1.651,81.29,39.39,29.22,0,7,1.51,0.759
138.24,58.29,288.22,1.955,82.03,33.78,30.99,1,58,1.62,0.8069
229.75,46.3,160.2,1.53,77.76,35.38,28.2,0,32,1.4,0.8505
202.62,51.2,203.36,1.534,95.0,60.66,22.06,0,35,1.73,0.1327
188.59,63.76,159.65,1.658,82.1,46.05,31.34,0,14,1.6,0.8199
218.2,51.69,170.65,1.434,86.2,82.85,29.49,0,44,1.61,0.5686
195.84,41.97,175.71,1.47,85.99,76.9,25.93,0,14,1.79,0.469
237.5,53.8,178.57,1.489,91.32,74.18,22.56,0,14,1.82,0.2374
183.0,42.2,171.68,1.468,78.77,74.53,27.08,0,31,1.63,0.7605
157.64,58.68,269.26,1.901,81.11,78.99,26.6,1,122,1.64,0.6578
156.68,53.88,260.27,2.108,86.06,77.59,31.31,1,107,1.61,0.6374
136.89,72.65,243.5,2.124,92.0,81.05,25.89,1,118,2.18,0.2672
231.09,56.97,171.46,1.633,79.61,81.39,24.62,0,44,1.63,0.6314
198.15,52.72,180.18,1.626,82.88,46.41,28.74,0,30,1.61,0.6755
238.92,45.56,152.02,1.52,80.05,42.08,28.11,0,39,1.59,0.7589
246.72,52.95,205.6,1.35,78.41,65.37,28.45,0,41,1.66,0.8377
214.93,41.72,163.4,1.617,85.06,36.78,26.52,0,35,1.61,0.5178
130.7,58.28,252.28,2.036,86.26,41.61,29.94,1,95,2.04,0.581
216.74,53.07,196.66,1.519,84.15,72.51,28.46,0,17,1.68,0.6154
184.86,45.71,199.64,1.471,82.54,65.71,25.96,0,22,1.52,0.5855
202.83,56.5,159.94,1.447,88.73,65.8,23.72,0,39,1.81,0.3307
127.87,58.01,235.17,2.02,78.02,82.29,30.75,1,86,1.97,0.9735
249.22,52.12,155.02,1.61,81.93,66.72,30.7,0,35,1.63,0.798
162.39,68.95,263.25,2.143,90.06,53.69,27.14,1,89,1.84,0.3573
224.51,50.75,179.19,1.503,69.38,45.42,30.82,0,8,1.4,1.3616
125.22,56.19,233.26,1.965,83.8,48.62,30.76,1,82,1.97,0.7179
127.07,56.48,288.93,2.002,76.67,45.28,25.7,1,111,1.74,0.7704
194.73,63.96,169.87,1.534,90.93,31.92,25.24,0,13,1.68,0.2915
234.97,47.1,156.87,1.701,77.52,44.39,29.77,0,37,1.52,0.9413
187.76,63.47,177.66,1.749,78.97,75.95,24.94,0,36,1.62,0.6638
242.66,55.17,164.11,1.467,85.8,70.05,27.97,0,12,1.64,0.5358
167.87,62.06,299.15,1.945,86.56,64.2,25.29,1,116,1.86,0.4332
161.2,53.66,242.54,2.159,78.09,79.62,27.13,1,84,2.03,0.7871
179.15,68.89,262.31,2.039,74.64,44.53,29.55,1,149,1.71,1.0486
128.27,60.56,233.85,2.014,82.6,61.77,26.62,1,131,2.0,0.6067
240.16,53.54,173.62,1.641,78.36,31.72,25.69,0,15,1.39,0.7142
188.54,54.98,171.49,1.679,76.3,79.06,28.77,0,29,1.66,0.9368
121.14,78.1,244.58,2.047,82.8,54.63,28.09,1,81,2.02,0.6536
218.08,43.64,206.3,1.626,77.66,39.78,27.79,0,29,1.51,0.8342
138.24,55.79,242.65,2.001,84.43,43.16,28.0,1,143,2.02,0.5885
195.55,64.44,163.26,1.762,92.02,76.65,25.48,0,17,1.81,0.2601
220.31,59.68,169.96,1.568,82.76,35.98,26.66,0,19,1.57,0.6025
134.75,77.54,259.75,2.0,80.94,80.89,30.24,1,144,2.06,0.8199
189.84,56.08,182.24,1.786,95.0,50.54,24.52,0,8,1.78,0.1539
139.22,51.04,272.86,2.039,78.19,43.81,25.97,1,76,1.84,0.7318
156.93,60.89,280.36,1.992,86.77,48.25,29.65,1,78,1.74,0.5502
178.3,77.56,280.88,2.076,88.94,52.49,26.57,1,50,2.0,0.3845
153.49,65.0,296.44,2.027,88.66,60.15,25.68,1,88,1.91,0.374
151.96,71.8,280.45,1.911,88.45,62.27,28.34,1,56,1.91,0.4453
122.12,58.08,285.9,2.029,85.04,54.63,26.51,1,77,1.64,0.5182
208.42,46.72,199.24,1.503,77.33,54.55,30.28,0,31,1.51,0.9775
196.26,42.3,152.79,1.819,88.69,45.69,26.98,0,9,1.8,0.4028
174.37,75.05,258.25,2.029,91.28,51.11,24.31,1,51,2.18,0.2651
239.34,47.3,203.09,1.487,88.78,55.69,26.94,0,33,1.82,0.3986
202.85,51.27,151.66,1.553,84.51,62.87,25.8,0,39,1.57,0.5146
227.68,46.6,197.65,1.691,79.48,37.19,27.15,0,24,1.54,0.7381
179.7,68.26,247.25,1.869,81.91,72.02,29.5,1,86,2.05,0.7458
138.3,74.72,262.65,2.326,87.04,67.43,27.97,1,72,1.99,0.489
207.8,48.37,171.29,1.425,88.82,46.43,26.45,0,43,1.92,0.3859
127.08,78.55,261.33,2.111,77.13,55.26,31.36,1,121,1.74,1.0487
155.83,65.94,293.3,1.942,87.99,82.08,23.43,1,58,2.0,0.3463
125.35,78.56,252.48,1.903,72.86,31.13,31.22,1,140,1.72,1.2346
165.96,72.94,237.81,2.065,87.85,74.62,27.3,1,80,2.21,0.4409
175.15,54.57,247.75,1.946,78.09,58.14,28.33,1,70,1.95,0.8442
239.15,40.22,167.8,1.791,89.08,64.03,24.83,0,39,1.8,0.3424
126.47,60.61,295.34,1.832,73.05,67.65,31.89,1,81,1.48,1.2735
199.82,58.82,153.58,1.667,85.07,55.08,30.66,0,12,1.55,0.6579
125.83,63.18,242.99,1.967,83.44,40.55,28.53,1,100,1.92,0.6455
154.32,68.12,251.03,2.036,76.9,80.03,29.66,1,81,2.0,0.9612
180.46,43.65,151.8,1.662,87.42,70.71,26.16,0,35,1.74,0.4269
236.53,43.93,189.35,1.392,79.41,60.78,27.93,0,17,1.59,0.7751
172.32,79.27,231.03,2.028,85.89,54.67,28.17,1,57,2.04,0.5387
215.7,60.73,150.65,1.731,81.25,57.46,27.64,0,21,1.56,0.694
136.59,75.53,297.12,2.056,74.86,75.29,26.71,1,71,1.64,0.8812
203.95,47.38,192.22,1.556,76.04,30.69,29.5,0,29,1.43,0.9878
213.42,63.32,202.28,1.43,82.06,77.59,25.87,0,18,1.57,0.5984
143.76,55.2,228.33,2.061,89.37,32.57,27.75,1,51,2.07,0.396
134.28,70.38,281.28,2.225,84.22,63.88,30.87,1,134,1.63,0.7037
176.23,69.85,227.47,2.079,91.94,48.32,26.3,1,53,2.25,0.2758
222.95,51.26,162.91,1.739,92.12,67.3,26.27,0,22,1.83,0.2691
159.24,59.62,269.29,2.112,75.36,34.7,32.74,1,62,1.32,1.2215
163.92,53.27,254.76,1.953,82.21,60.59,27.05,1,83,1.95,0.6361
166.39,75.94,273.33,2.011,82.39,77.04,25.62,1,122,1.74,0.5788
164.15,59.95,297.87,2.104,81.94,57.21,24.67,1,86,1.63,0.561
137.35,56.98,224.22,1.81,70.51,34.64,30.87,1,60,1.65,1.3151
209.87,59.37,177.84,1.678,79.76,32.06,30.74,0,27,1.49,0.8959
192.99,42.81,150.54,1.751,75.46,64.17,28.46,0,21,1.56,0.9527
155.84,58.91,291.72,1.994,81.99,33.82,28.15,1,119,1.7,0.6867
189.05,64.77,172.15,1.698,95.0,33.92,25.37,0,20,1.72,0.1619
135.5,58.32,257.25,1.933,79.66,53.4,28.11,1,146,2.01,0.7738
221.13,60.01,198.84,1.605,86.34,41.52,24.6,0,8,1.8,0.4225
137.4,61.54,236.65,1.967,86.12,41.23,28.79,1,124,2.04,0.5493
146.28,73.24,221.1,2.055,81.15,56.45,30.84,1,80,2.01,0.8392
201.56,58.2,178.43,1.587,87.17,45.44,24.22,0,17,1.78,0.3879
211.5,40.21,178.78,1.399,81.73,42.06,26.62,0,17,1.52,0.637
199.9,42.56,188.71,1.514,85.42,58.29,23.25,0,39,1.77,0.4159
153.22,77.95,265.54,2.233,76.39,46.0,29.23,1,50,1.68,0.9584
175.14,70.6,253.77,2.068,85.07,34.41,29.62,1,104,1.92,0.6198
189.27,62.72,169.61,1.348,72.24,67.55,29.5,0,9,1.65,1.1445
139.4,60.05,290.75,2.145,86.38,62.21,28.87,1,111,1.7,0.5415
230.78,46.44,175.8,1.462,75.22,41.67,28.07,0,39,1.6,0.9405
196.6,49.85,190.61,1.707,89.05,62.02,25.85,0,32,1.74,0.3648
174.62,59.7,283.99,2.155,78.39,82.56,30.38,1,102,1.66,0.9371
214.96,63.18,207.55,1.612,80.29,82.61,23.39,0,20,1.51,0.5669
236.19,42.91,160.47,1.48,89.07,59.26,23.69,0,35,1.77,0.3201
199.51,59.45,164.92,1.514,88.44,35.39,26.33,0,8,1.72,0.3962
199.35,54.46,204.34,1.676,77.4,55.2,31.01,0,14,1.63,1.0159
238.37,54.64,150.33,1.464,87.62,31.48,26.1,0,33,1.67,0.4186
190.35,59.49,209.48,1.53,72.55,52.84,26.13,0,14,1.65,0.9298
127.44,65.92,247.63,2.062,71.81,80.02,32.32,1,61,1.87,1.3648
246.85,53.28,157.23,1.522,88.41,55.71,28.39,0,17,1.84,0.4481
238.89,47.98,164.41,1.77,80.82,60.28,28.41,0,36,1.66,0.7425
184.33,42.36,176.32,1.475,72.92,38.69,28.08,0,27,1.45,1.0284
202.39,42.63,181.11,1.205,81.29,30.86,25.24,0,27,1.43,0.6012
155.44,75.64,240.65,1.907,76.38,84.64,29.45,1,114,2.05,0.971
151.13,69.83,279.65,2.037,81.11,48.6,28.4,1,106,1.77,0.7308
249.02,42.65,151.91,1.704,81.65,45.36,26.67,0,20,1.68,0.6417
166.85,76.8,287.39,1.951,82.19,61.42,29.12,1,79,1.62,0.7184
131.88,54.36,259.08,1.967,78.37,70.99,31.98,1,119,2.0,1.0273
163.68,61.97,260.34,1.996,88.18,43.83,29.02,1,131,1.84,0.474
196.36,55.66,195.84,1.809,86.65,58.83,25.52,0,18,1.79,0.4362
193.14,64.64,161.41,1.645,86.91,48.29,25.42,0,18,1.84,0.4251
180.78,40.77,153.88,1.541,88.64,56.45,27.43,0,8,1.82,0.4154
134.15,54.67,267.55,2.246,80.64,38.87,27.68,1,87,1.53,0.7183
242.96,40.66,199.33,1.601,77.86,58.06,25.92,0,10,1.59,0.7407
129.45,67.07,268.15,1.751,88.19,32.6,28.16,1,90,1.77,0.4506
188.94,49.65,182.77,1.434,86.11,76.2,24.52,0,40,1.85,0.4276
194.3,55.28,167.64,1.667,84.16,64.52,26.71,0,43,1.56,0.5552
179.6,52.82,289.08,1.787,74.39,81.78,33.27,1,88,1.51,1.3079
234.64,43.98,190.07,1.66,83.27,62.99,23.49,0,8,1.78,0.4841
222.83,58.09,166.83,1.506,86.09,40.02,28.49,0,41,1.69,0.541
133.25,76.22,268.22,2.141,86.64,56.62,28.65,1,140,1.73,0.5244
144.52,70.65,284.27,2.02,82.45,66.56,32.19,1,111,1.69,0.8435
127.44,56.03,280.55,1.804,81.07,50.58,33.78,1,90,1.68,0.9947
165.75,55.85,299.46,2.11,83.64,60.4,29.67,1,49,1.7,0.6811
139.87,76.44,248.07,2.164,84.47,38.95,26.32,1,46,2.01,0.532
165.12,53.4,229.97,1.847,82.06,72.74,27.29,1,105,2.03,0.6506
216.35,43.68,180.18,1.504,88.0,80.02,28.4,0,27,1.82,0.4643
200.7,50.88,151.16,1.66,80.57,47.32,27.85,0,20,1.63,0.7281
217.79,48.44,186.47,1.682,86.61,73.63,25.26,0,33,1.83,0.4308
220.17,49.71,182.02,1.882,81.06,35.06,24.91,0,27,1.53,0.5968
155.69,78.36,284.2,2.107,78.54,43.57,28.52,1,131,1.73,0.8361
177.18,75.84,280.3,2.288,81.93,55.4,27.1,1,80,1.65,0.648
158.82,75.95,236.27,2.002,77.04,51.25,29.38,1,53,1.94,0.9401
216.14,44.64,153.4,1.646,85.59,64.08,28.77,0,18,1.63,0.5696
152.43,53.21,230.78,1.932,73.09,60.96,30.74,1,105,2.02,1.1912
235.27,51.23,151.08,1.537,81.74,34.8,29.17,0,39,1.47,0.7387
120.39,54.36,248.09,2.018,80.47,37.24,30.77,1,52,1.87,0.866
130.01,65.47,290.92,1.93,73.53,32.84,27.68,1,110,1.63,0.9821
198.59,64.73,199.08,1.292,82.4,82.39,25.44,0,21,1.63,0.5723
180.76,51.99,177.9,1.52,83.53,65.49,28.06,0,16,1.53,0.6247
190.84,55.64,188.82,1.729,88.42,77.06,23.58,0,8,1.8,0.3369
179.49,76.91,277.08,2.009,81.66,59.77,27.57,1,120,1.69,0.6761
125.41,79.05,267.93,2.009,82.84,40.66,31.16,1,141,1.69,0.778
152.74,62.3,299.01,1.908,82.24,64.46,27.45,1,138,1.65,0.6501
188.31,56.57,193.16,1.64,82.93,57.79,27.38,0,25,1.57,0.6223
201.72,56.22,161.6,1.799,85.85,52.45,25.46,0,24,1.78,0.4607
167.61,61.3,278.26,2.168,87.38,50.45,27.51,1,53,1.81,0.4636
175.06,79.58,240.6,2.044,78.17,65.75,28.84,1,90,2.05,0.8664
194.96,60.19,166.72,1.498,81.4,63.98,26.29,0,37,1.6,0.636
216.35,47.24,198.69,1.812,81.19,38.34,25.52,0,36,1.47,0.6146
141.75,70.98,239.07,2.127,77.74,74.89,31.22,1,102,1.95,1.0126
210.09,55.22,191.48,1.422,86.04,64.99,31.77,0,18,1.61,0.6552
221.85,48.84,205.43,1.389,84.44,59.47,28.81,0,23,1.52,0.6165
184.34,54.86,159.37,1.429,75.9,71.19,28.83,0,33,1.64,0.9559
207.91,56.14,166.16,1.541,79.86,38.45,27.37,0,27,1.54,0.7338
120.6,60.14,255.75,2.108,83.64,80.58,28.59,1,101,1.97,0.64
150.48,56.76,256.85,2.105,76.79,44.88,29.08,1,77,1.89,0.934
163.59,75.52,290.32,2.041,81.1,44.45,25.3,1,139,1.67,0.6095
221.2,63.6,191.82,1.583,91.24,74.82,25.54,0,9,1.78,0.2865
224.15,50.27,166.25,1.885,83.96,48.37,22.75,0,30,1.79,0.4439
191.12,61.51,167.16,1.604,90.51,75.69,24.19,0,38,1.89,0.2864
200.0,45.51,184.22,1.59,93.49,48.04,22.54,0,43,1.82,0.1779
125.43,76.34,272.52,1.939,81.85,60.29,24.43,1,109,1.78,0.5557
217.84,54.33,171.89,1.865,77.73,42.7,28.14,0,41,1.64,0.8487
212.27,48.12,153.48,1.687,80.28,70.23,28.71,0,29,1.62,0.7768
203.12,64.61,207.15,1.476,77.46,39.18,27.33,0,22,1.51,0.8193
235.02,42.61,169.04,1.462,85.99,79.47,24.57,0,42,1.7,0.4326
186.58,41.18,201.0,1.398,86.1,50.44,22.64,0,15,1.7,0.3821
248.24,41.13,181.8,1.588,88.62,55.94,22.99,0,24,1.84,0.3195
127.89,76.43,225.65,1.82,89.16,31.32,28.13,1,82,2.1,0.4129
234.11,54.48,161.61,1.46,89.34,83.67,24.72,0,44,1.85,0.3321
205.78,52.64,191.7,1.728,86.38,74.72,26.18,0,43,1.72,0.4627
168.0,57.72,234.15,2.107,68.57,54.59,32.34,1,47,1.82,1.5234
132.07,72.98,225.0,2.179,84.19,80.61,28.36,1,87,2.02,0.6102
137.45,77.88,292.13,1.824,93.74,81.21,24.86,1,113,1.87,0.1967
125.83,52.17,223.86,1.88,65.84,59.32,29.56,1,135,1.75,1.4133
249.52,58.64,173.63,1.525,85.04,42.86,28.78,0,30,1.55,0.5917
248.99,59.5,198.38,1.797,84.98,56.79,24.14,0,39,1.76,0.452
193.29,59.43,178.13,1.608,78.65,47.86,27.34,0,25,1.58,0.7765
159.18,58.29,259.49,2.219,85.9,54.64,28.45,1,76,1.97,0.5471
166.97,55.65,256.0,2.075,89.71,80.13,29.27,1,124,2.22,0.4187
190.81,52.45,172.39,1.587,85.93,45.5,28.27,0,9,1.59,0.5403
191.74,50.37,190.11,1.669,80.21,76.14,28.26,0,24,1.54,0.7594
135.4,79.31,244.02,1.792,78.11,81.44,27.41,1,110,2.03,0.7994
211.69,55.28,153.38,1.353,84.7,74.28,26.14,0,35,1.54,0.5186
154.99,78.91,291.52,2.031,84.35,59.0,30.57,1,47,1.68,0.6861
140.49,59.0,298.3,2.002,79.96,61.02,28.45,1,54,1.65,0.7776
171.44,75.63,254.67,2.232,77.99,75.08,31.18,1,126,1.97,0.999
179.31,56.36,256.46,1.835,95.0,32.45,29.46,1,125,2.07,0.2057
140.6,74.79,231.53,2.045,87.25,70.48,28.5,1,111,2.18,0.4962
211.85,63.82,186.89,1.683,92.16,59.09,23.44,0,28,1.79,0.2262
159.45,55.87,244.27,2.041,73.59,51.84,29.56,1,144,2.0,1.0926
131.67,78.04,299.55,2.132,79.13,72.18,27.59,1,104,1.75,0.7702
184.92,62.39,175.74,1.524,82.94,44.64,27.71,0,23,1.55,0.634
242.28,62.08,192.71,1.7,81.56,79.25,23.27,0,19,1.46,0.5266
193.91,40.99,161.21,1.667,91.03,67.87,27.19,0,41,1.75,0.3234
232.98,56.74,201.05,1.74,91.84,63.56,25.24,0,31,1.85,0.2622
142.02,76.12,257.95,1.939,77.03,58.77,30.9,1,108,2.03,1.0261
147.33,67.6,297.88,1.858,91.0,41.7,28.25,1,104,1.86,0.3452
200.39,62.84,201.29,1.525,84.47,63.93,25.57,0,39,1.58,0.5089
228.75,52.47,151.16,1.472,94.64,69.87,28.67,0,20,1.7,0.2106
123.27,67.25,223.45,1.932,81.72,30.64,29.45,1,91,1.86,0.7515
200.04,63.04,170.02,1.56,85.4,50.15,27.76,0,28,1.56,0.5442
196.96,64.35,191.92,1.491,87.65,75.79,29.83,0,10,1.64,0.5189
161.26,68.91,230.3,2.001,89.38,64.77,27.23,1,131,2.19,0.3838
193.66,63.07,166.88,1.459,87.21,63.84,25.38,0,7,1.75,0.4144
224.79,42.07,171.39,1.591,82.1,42.57,27.43,0,16,1.53,0.6545
186.61,48.43,180.57,1.541,87.2,64.76,25.41,0,42,1.84,0.4155
223.41,59.06,184.96,1.585,80.48,73.24,25.49,0,8,1.59,0.6366
164.9,59.89,278.21,2.047,80.02,52.1,31.37,1,60,1.65,0.9167
187.97,58.15,209.54,1.55,76.44,40.02,28.35,0,31,1.65,0.9089
225.44,40.98,194.22,1.507,75.44,34.25,25.73,0,29,1.54,0.8125
149.99,61.29,275.85,1.921,84.61,57.81,25.72,1,79,1.67,0.5088
179.64,75.26,247.38,2.123,84.43,67.61,32.65,1,139,1.94,0.7679
204.74,42.04,176.12,1.753,87.49,38.95,27.37,0,19,1.77,0.4558
214.45,41.96,201.62,1.538,84.61,53.18,24.98,0,40,1.83,0.4869
121.82,67.49,256.6,1.981,90.75,61.28,28.32,1,134,2.19,0.3562
247.03,56.03,161.27,1.395,79.22,38.57,28.26,0,21,1.44,0.7974
226.59,48.79,152.77,1.578,72.64,44.84,28.08,0,26,1.62,1.039
130.25,74.18,277.25,1.826,69.69,63.46,29.89,1,79,1.45,1.278
121.54,72.14,238.67,1.941,77.73,69.88,26.51,1,118,2.03,0.7715
135.6,51.06,274.79,2.129,87.55,64.98,26.71,1,61,1.92,0.4364
174.95,71.93,259.68,1.82,77.39,69.25,29.93,1,146,1.96,0.9555
160.09,71.6,227.36,1.892,87.54,61.98,24.74,1,95,2.22,0.3886
231.34,46.53,163.97,1.492,93.24,75.97,24.99,0,29,1.78,0.214
146.77,54.51,289.54,1.8,70.5,75.47,35.0,1,87,1.55,1.6587
218.64,48.65,154.49,1.704,87.02,73.79,25.41,0,36,1.77,0.4213
196.86,57.87,180.54,1.633,84.07,61.65,29.03,0,11,1.63,0.6392
132.26,74.65,224.39,2.217,78.71,84.68,27.21,1,114,2.13,0.7685
129.08,55.54,230.42,1.881,87.61,32.15,29.62,1,132,1.86,0.5144
190.15,61.45,169.23,1.387,83.06,40.76,25.56,0,19,1.53,0.5548
140.03,54.86,272.46,2.113,77.7,74.49,30.98,1,144,1.7,1.0007
227.9,61.14,154.91,1.557,91.33,75.45,29.7,0,13,1.82,0.3616
238.16,49.09,172.57,1.544,83.51,75.03,29.56,0,35,1.56,0.6822
203.28,44.37,164.25,1.777,86.91,78.0,28.01,0,31,1.79,0.4951
173.35,71.49,253.05,2.02,88.16,53.24,29.02,1,75,2.16,0.4748
152.04,79.71,280.46,2.109,78.11,81.25,29.04,1,120,1.62,0.8789
242.35,51.96,187.87,1.525,89.36,41.5,27.09,0,36,1.81,0.3814
175.34,53.91,277.98,1.913,79.91,81.53,27.87,1,62,1.7,0.7537
181.88,54.12,174.8,1.556,80.67,60.62,26.78,0,11,1.55,0.6803
170.3,66.15,263.63,2.08,81.35,39.01,27.55,1,133,1.56,0.6867
234.88,52.85,184.91,1.606,82.93,70.48,23.85,0,36,1.58,0.5048
181.26,45.62,207.99,1.656,86.76,46.27,27.61,0,29,1.79,0.4892
124.73,53.98,257.29,1.688,80.85,42.13,31.09,1,92,1.93,0.8647
221.19,61.71,154.14,1.374,79.97,39.46,27.86,0,30,1.47,0.751
206.51,41.4,165.87,1.342,85.32,31.62,28.39,0,27,1.56,0.5676
131.5,61.28,292.47,1.954,82.19,72.06,26.6,1,146,1.73,0.6202
143.33,74.87,262.19,1.832,81.73,56.76,26.81,1,82,1.68,0.6442
227.37,50.59,200.08,1.803,84.02,83.83,26.36,0,36,1.65,0.5487
216.2,53.32,179.58,1.597,85.8,54.16,26.68,0,44,1.79,0.4969
197.39,40.5,164.77,1.626,85.41,76.38,26.72,0,28,1.58,0.5117
222.46,52.89,207.01,1.469,80.04,83.25,28.5,0,8,1.61,0.7767
231.58,49.84,157.5,1.465,86.73,31.24,27.79,0,29,1.71,0.4955
152.72,52.84,278.76,2.186,79.51,35.79,29.86,1,73,1.67,0.8624
122.42,72.19,269.84,2.214,77.02,49.13,30.23,1,97,1.65,0.988
184.51,57.12,154.61,1.65,76.17,77.86,26.66,0,36,1.63,0.8328
249.16,51.84,195.1,1.356,94.42,76.09,20.0,0,33,1.79,0.1305
223.67,45.4,168.77,1.549,81.49,50.17,28.97,0,40,1.53,0.7402
246.25,61.18,193.79,1.638,85.68,40.99,25.42,0,17,1.82,0.4651
140.41,69.36,235.12,1.973,86.87,74.13,28.73,1,82,1.98,0.5178
203.94,48.91,164.25,1.346,81.98,62.83,25.7,0,43,1.66,0.5951
189.38,62.9,181.1,1.822,77.58,31.74,25.61,0,12,1.46,0.7364
161.12,78.83,265.91,1.9,76.35,74.23,35.0,1,82,1.47,1.3298
241.62,62.45,202.28,1.439,88.0,82.63,23.38,0,26,1.8,0.345
167.39,58.94,276.5,1.996,80.25,32.31,28.81,1,58,1.51,0.7825
193.06,61.72,169.01,1.742,90.4,45.72,27.19,0,44,1.85,0.3461
176.62,63.74,233.78,2.062,67.61,75.07,30.51,1,113,1.86,1.415
124.2,66.98,230.65,1.842,87.37,62.16,28.58,1,101,2.23,0.4938
148.57,67.16,243.58,1.822,85.55,84.41,28.79,1,149,2.01,0.5718
175.17,71.06,292.32,1.737,87.11,80.35,25.19,1,75,1.93,0.413
201.36,46.02,168.35,1.565,67.88,39.8,25.49,0,38,1.51,1.0476
208.17,52.23,178.04,1.543,89.64,67.07,26.98,0,23,1.84,0.3689
133.75,54.31,236.23,2.062,75.84,65.93,29.48,1,65,2.09,0.9949
154.72,50.79,259.49,1.918,76.89,36.1,31.19,1,144,1.89,1.0495
209.62,54.32,180.95,1.717,83.19,34.92,26.06,0,16,1.49,0.5671
244.38,46.13,166.69,1.679,88.09,61.32,23.83,0,23,1.79,0.3518
224.93,47.31,197.57,1.513,89.82,52.16,23.2,0,8,1.74,0.2895
207.91,64.52,194.39,1.647,86.37,60.0,28.43,0,8,1.6,0.5282
198.45,55.39,164.05,1.759,86.75,43.14,27.59,0,35,1.72,0.489
160.97,51.57,295.07,1.885,83.44,60.62,28.14,1,96,1.76,0.6311
181.14,52.5,197.32,1.574,84.07,51.09,28.34,0,36,1.66,0.6142
202.88,42.46,171.46,1.572,79.06,78.81,25.54,0,18,1.56,0.685
132.33,73.83,290.85,1.957,77.87,46.83,28.75,1,74,1.65,0.8737
156.58,59.32,229.99,2.096,88.92,77.9,25.61,1,136,2.24,0.3639
160.44,64.34,266.87,2.106,87.2,51.45,27.21,1,140,1.82,0.462
124.21,76.76,268.95,2.049,84.23,61.8,29.88,1,96,1.65,0.6645
238.34,54.15,198.18,1.643,81.07,45.75,26.51,0,24,1.55,0.6558
171.68,73.46,221.8,1.933,86.07,74.5,28.87,1,133,2.02,0.5538
197.38,63.6,177.49,1.64,81.52,76.4,22.41,0,31,1.62,0.5009
193.43,47.34,159.38,1.446,90.08,74.5,25.34,0,31,1.81,0.3207
155.64,68.17,235.72,2.297,77.95,65.19,31.38,1,145,1.99,1.0122
120.75,62.32,242.99,2.162,88.56,46.76,30.4,1,115,2.23,0.4967
222.14,42.39,150.84,1.715,74.4,65.01,28.33,0,31,1.6,0.9864
224.65,44.47,179.28,1.649,94.24,82.77,24.53,0,30,1.87,0.1774
246.8,50.42,174.55,1.649,78.93,65.66,29.73,0,19,1.65,0.8803
196.14,58.45,166.52,1.397,83.49,82.6,24.57,0,8,1.56,0.5098
180.41,46.81,209.4,1.449,84.24,46.75,26.93,0,40,1.58,0.5596
121.7,58.05,240.88,1.864,79.9,76.53,26.79,1,104,1.99,0.7079
215.55,63.22,197.33,1.607,83.6,69.52,26.15,0,30,1.55,0.5562
163.33,66.2,233.59,1.966,82.15,75.06,24.07,1,48,2.05,0.5349
153.27,75.23,241.73,2.097,78.35,69.09,28.49,1,49,2.04,0.842
127.63,65.77,265.98,1.884,85.86,56.42,26.74,1,142,1.88,0.4965
156.84,73.16,297.17,2.123,72.14,67.76,34.28,1,65,1.52,1.5052
199.22,51.4,151.05,1.502,80.53,81.26,25.7,0,18,1.57,0.643
195.57,45.85,158.53,1.55,70.71,52.96,33.25,0,19,1.44,1.4941
134.77,65.72,251.17,2.107,82.44,82.35,25.05,1,59,1.99,0.5579
135.49,63.48,221.94,2.061,89.46,32.72,27.33,1,58,2.0,0.3831
178.07,53.35,220.2,1.85,77.43,30.78,28.71,1,106,1.83,0.889
248.51,55.11,168.71,1.728,83.38,57.16,22.74,0,12,1.86,0.4596
139.1,53.93,259.21,2.011,83.66,76.67,27.57,1,90,1.99,0.6023
220.22,58.31,199.37,1.343,81.59,43.63,26.73,0,29,1.61,0.6461
129.7,53.79,242.88,1.899,93.45,68.14,27.99,1,69,2.19,0.2474
131.81,50.2,248.53,1.951,77.36,60.08,32.58,1,139,1.92,1.1123
204.92,60.67,205.88,1.46,84.91,45.99,26.96,0,11,1.54,0.5367
125.26,58.13,254.75,2.161,85.62,45.72,29.55,1,149,2.05,0.5946
247.13,52.11,155.22,1.555,87.79,34.03,27.04,0,41,1.75,0.4364
222.6,46.52,208.79,1.655,85.75,59.49,25.46,0,40,1.73,0.4639
194.91,45.04,166.25,1.625,79.75,54.76,29.94,0,25,1.66,0.8563
170.92,65.1,297.5,2.085,92.61,45.92,27.79,1,101,1.87,0.2759
168.16,61.02,234.51,2.201,81.02,83.37,28.87,1,122,2.01,0.7546
126.06,64.85,242.05,2.081,77.35,75.02,31.04,1,122,2.0,1.0199
195.93,40.33,209.57,1.809,80.77,58.87,26.11,0,18,1.63,0.6506
163.31,74.68,235.19,2.084,73.69,58.69,27.97,1,116,2.04,0.9928
162.95,50.89,252.09,2.016,84.44,40.65,30.19,1,120,1.98,0.6675
241.65,40.35,182.9,1.639,73.26,65.7,25.0,0,12,1.65,0.8471
130.17,57.32,270.98,1.685,81.75,82.45,28.57,1,46,1.77,0.7131
186.05,41.57,181.23,1.545,85.28,79.41,23.55,0,29,1.82,0.4275
170.65,62.15,271.52,1.983,93.41,34.66,28.1,1,137,1.75,0.2506
218.92,56.73,202.61,1.653,75.45,32.92,25.44,0,14,1.52,0.7983
249.5,62.67,168.51,1.597,79.84,82.87,25.72,0,15,1.57,0.6665
190.15,50.23,183.09,1.64,84.99,40.99,24.25,0,9,1.78,0.4547
171.59,63.5,299.03,1.841,83.73,60.27,25.32,1,67,1.65,0.5253
210.68,40.73,174.57,1.41,76.47,34.11,31.42,0,8,1.57,1.0826
219.43,59.44,159.83,1.458,81.84,76.38,28.06,0,40,1.59,0.6888
140.82,77.72,227.69,2.189,77.19,36.48,26.68,1,90,1.97,0.7981
144.94,75.41,276.05,1.848,83.59,65.41,28.55,1,134,1.74,0.6404
209.71,62.06,194.93,1.505,72.61,33.11,25.87,0,33,1.46,0.9136
201.99,59.65,168.79,1.613,81.05,38.62,29.25,0,33,1.46,0.7701
244.07,60.52,205.55,1.409,79.2,58.17,28.11,0,44,1.59,0.7913
182.94,54.04,176.72,1.495,94.03,32.51,20.61,0,23,1.7,0.145
176.19,65.5,249.39,2.081,91.42,40.76,27.62,1,108,2.18,0.3172
176.06,63.82,295.3,1.947,80.04,37.49,28.67,1,138,1.65,0.7844
172.76,51.7,230.93,2.202,86.46,32.23,31.11,1,57,1.9,0.6121
187.81,40.13,194.56,1.396,83.91,83.4,24.45,0,20,1.81,0.4932
133.27,75.12,282.5,1.959,78.33,54.76,27.04,1,52,1.65,0.7744
122.97,73.8,252.11,1.947,89.79,77.24,29.38,1,133,2.11,0.418
125.96,59.15,257.25,1.999,81.07,49.7,32.26,1,100,2.04,0.9134
139.44,58.69,294.71,1.853,80.06,32.34,30.52,1,50,1.55,0.8716
150.23,67.2,267.19,1.93,84.2,68.26,29.7,1,92,1.69,0.659
179.6,75.39,272.81,2.095,81.78,32.13,30.1,1,142,1.6,0.7775
200.38,50.78,164.15,1.568,81.72,60.4,28.26,0,11,1.61,0.7015
151.48,58.07,273.64,1.872,73.09,37.65,30.87,1,149,1.38,1.2
237.82,62.1,167.08,1.85,78.74,66.89,30.45,0,11,1.56,0.9256
130.84,71.72,256.82,2.006,82.85,79.1,30.85,1,115,1.97,0.7639
204.35,48.75,154.03,1.674,83.37,82.57,26.13,0,29,1.51,0.5633
151.74,62.22,261.9,2.092,89.34,59.03,25.2,1,131,1.92,0.3417
136.58,55.62,298.95,1.992,83.46,59.3,28.85,1,95,1.73,0.6568
232.61,47.44,182.42,1.505,80.12,32.11,25.54,0,29,1.52,0.6503
202.88,63.51,151.18,1.624,78.35,72.34,25.06,0,41,1.61,0.6883
149.02,76.33,267.09,1.916,79.43,82.59,30.32,1,58,1.75,0.8889
154.81,70.1,252.99,2.045,82.92,54.1,24.4,1,95,2.06,0.522
230.15,48.77,168.28,1.58,83.9,73.65,28.1,0,7,1.65,0.6121
191.53,43.59,165.61,1.724,82.62,73.86,23.65,0,12,1.6,0.5078
171.89,75.93,223.74,1.863,82.01,73.21,24.9,1,80,1.99,0.5665
209.82,56.16,204.3,1.686,90.07,71.73,25.22,0,33,1.8,0.3187
242.26,50.61,185.21,1.674,84.87,41.83,25.97,0,11,1.57,0.5077
220.13,57.29,186.61,1.571,81.76,71.33,24.69,0,33,1.61,0.5672
247.58,58.67,203.75,1.688,78.88,37.94,31.9,0,12,1.5,0.9985
187.23,59.58,204.65,1.65,90.11,69.19,26.98,0,31,1.84,0.3522
212.21,52.56,199.7,1.68,86.65,30.19,24.8,0,11,1.77,0.4179
209.34,59.79,196.41,1.672,85.06,80.54,28.23,0,21,1.61,0.5723
222.01,40.64,202.63,1.606,78.5,75.51,28.04,0,44,1.63,0.8146
236.84,57.01,202.56,1.528,89.12,67.56,26.12,0,23,1.8,0.3683
238.9,45.89,172.12,1.527,93.73,35.2,28.18,0,23,1.74,0.2395
226.91,46.76,208.4,1.574,81.18,75.37,24.85,0,39,1.64,0.5909
167.75,64.12,224.8,2.101,77.64,78.13,26.62,1,134,2.07,0.7796
246.43,44.81,172.21,1.676,88.15,67.84,22.48,0,42,1.7,0.3226
206.86,64.8,176.52,1.721,90.41,83.67,23.85,0,9,1.83,0.2836
238.29,50.38,191.23,1.733,79.94,35.11,30.12,0,31,1.49,0.857
244.51,63.19,171.67,1.574,75.43,68.98,29.78,0,41,1.62,1.0294
166.0,54.78,263.84,2.235,80.19,58.86,29.74,1,62,1.72,0.8281
179.3,61.31,220.8,1.988,81.84,38.01,31.83,1,131,1.86,0.8552
173.06,62.52,298.93,1.941,84.48,66.21,23.31,1,132,1.82,0.4443
171.86,71.93,281.36,2.04,82.35,73.97,31.31,1,74,1.72,0.807
134.85,56.47,248.91,2.058,87.56,39.06,28.62,1,109,2.08,0.4875
193.75,50.55,201.48,1.511,85.08,73.64,26.25,0,40,1.63,0.509
212.03,60.29,164.37,1.581,83.9,35.11,26.07,0,44,1.49,0.5434
241.1,50.79,200.6,1.546,85.74,62.53,28.79,0,43,1.64,0.5643
186.02,54.31,167.78,1.617,79.1,73.92,26.8,0,7,1.62,0.7365
182.13,48.03,206.03,1.696,77.59,38.03,27.92,0,37,1.43,0.8431
126.5,78.37,237.55,1.968,78.53,61.43,30.71,1,138,2.0,0.9487
203.17,56.37,154.18,1.669,80.49,53.37,27.28,0,44,1.6,0.7071
134.75,54.36,295.79,1.833,78.21,63.4,28.08,1,52,1.68,0.8275
154.36,64.56,254.17,2.107,92.19,53.33,27.18,1,79,2.23,0.2814
186.06,55.35,206.65,1.546,94.24,43.8,26.8,0,43,1.76,0.203
180.25,63.58,199.44,1.543,82.19,43.96,26.16,0,13,1.68,0.6044
242.89,43.32,154.92,1.648,83.95,77.56,26.67,0,41,1.53,0.5613
195.25,59.98,176.71,1.654,82.74,38.6,26.47,0,8,1.43,0.5965
209.83,53.57,154.4,1.587,84.54,36.77,31.67,0,39,1.53,0.7215
248.03,53.14,169.79,1.493,92.57,35.34,23.84,0,30,1.81,0.2196
237.87,64.04,171.09,1.542,78.35,34.08,22.52,0,16,1.47,0.5908
187.56,55.15,185.98,1.611,85.43,30.8,27.16,0,15,1.52,0.5244
137.04,52.56,254.39,2.059,75.35,38.82,28.47,1,78,1.95,0.9576
170.76,59.06,253.5,1.901,91.79,40.6,27.22,1,128,2.19,0.2965
178.87,56.88,253.65,1.923,87.94,44.83,24.18,1,106,2.17,0.3638
233.26,57.36,185.23,1.632,77.22,36.82,29.07,0,29,1.56,0.9162
212.02,63.08,160.29,1.59,85.16,35.18,23.49,0,18,1.72,0.4294
167.39,62.16,296.33,2.018,79.48,59.78,29.53,1,66,1.73,0.8475
212.54,44.96,174.22,1.286,85.5,69.53,27.36,0,34,1.54,0.528
225.35,47.92,206.97,1.565,87.47,64.66,28.04,0,33,1.82,0.4747
143.65,61.65,264.68,2.102,74.61,60.62,30.17,1,76,1.75,1.0879
175.0,57.71,252.61,1.926,91.31,54.23,28.21,1,126,2.22,0.3325
184.55,44.85,193.17,1.658,91.78,64.87,26.39,0,30,1.83,0.2827
247.57,45.75,200.33,1.455,80.88,79.6,24.72,0,9,1.68,0.5957
190.63,58.97,198.03,1.412,85.03,64.51,25.37,0,10,1.83,0.4848
200.61,58.26,165.77,1.65,93.27,33.35,25.31,0,36,1.76,0.2172
233.73,60.98,175.02,1.593,88.64,61.37,27.81,0,27,1.84,0.4247
208.68,63.32,177.13,1.56,81.5,58.83,27.01,0,28,1.57,0.66
192.7,47.71,173.3,1.702,90.1,54.86,23.85,0,34,1.81,0.2928
138.89,57.36,290.77,1.963,95.0,61.28,26.59,1,137,1.93,0.174
142.59,70.15,249.96,1.924,82.29,66.99,28.59,1,108,1.89,0.6928
139.76,79.24,293.37,1.911,76.57,32.05,30.85,1,149,1.61,1.0437
244.33,46.8,167.61,1.486,83.49,56.41,27.64,0,11,1.66,0.6111
199.93,46.74,158.5,1.656,84.19,74.95,27.27,0,20,1.55,0.5727
226.29,57.61,157.73,1.563,78.1,59.19,29.75,0,20,1.55,0.916
187.86,63.21,166.62,1.737,85.43,33.73,26.97,0,22,1.52,0.5186
207.46,60.61,195.73,1.246,78.07,72.63,25.73,0,10,1.54,0.7255
149.43,51.03,282.15,2.111,79.76,81.77,27.12,1,119,1.76,0.7267
175.93,50.57,243.04,2.043,85.21,76.85,28.98,1,121,1.97,0.5918
221.28,57.94,170.34,1.589,79.27,49.94,21.62,0,29,1.63,0.5355
190.74,60.03,199.75,1.445,88.5,59.42,26.13,0,15,1.75,0.3895
121.34,54.27,272.72,1.801,70.97,62.52,29.41,1,58,1.8,1.1907
216.63,56.92,155.59,1.69,77.45,69.37,23.77,0,17,1.71,0.6636
227.25,41.18,170.72,1.629,82.83,66.63,24.64,0,34,1.66,0.5324
187.94,56.49,176.9,1.627,83.63,40.95,28.12,0,25,1.57,0.6231
148.34,59.25,245.97,1.988,87.37,76.37,29.73,1,135,2.0,0.5277
174.46,72.57,295.89,2.102,80.5,76.71,30.32,1,59,1.6,0.8427
188.4,55.18,181.88,1.53,81.87,52.24,27.11,0,40,1.67,0.6506
150.85,51.98,259.74,1.96,83.71,37.2,29.66,1,134,1.91,0.6778
161.72,55.78,293.49,1.979,75.66,63.47,30.54,1,148,1.7,1.0652
186.35,42.34,177.07,1.574,84.12,49.65,26.75,0,36,1.55,0.5579
235.85,46.91,205.42,1.76,80.28,70.78,23.58,0,41,1.65,0.5738
214.69,56.4,173.57,1.449,81.13,47.36,29.76,0,21,1.63,0.7897
125.54,55.04,259.77,1.765,77.88,44.46,32.19,1,111,2.0,1.0631
246.54,48.65,170.24,1.426,80.69,77.72,25.32,0,15,1.62,0.6235
156.56,77.69,268.71,2.082,83.92,63.87,27.11,1,47,1.8,0.577
191.69,54.48,185.92,1.588,83.73,34.73,27.29,0,35,1.45,0.59
157.84,66.52,296.42,1.808,87.4,67.91,28.87,1,98,1.64,0.5009
196.73,47.77,195.51,1.612,72.79,71.4,29.65,0,10,1.56,1.1316
140.26,62.92,220.96,1.961,83.49,42.94,26.26,1,100,2.06,0.5636
133.32,63.1,291.43,2.067,77.34,83.22,29.29,1,90,1.71,0.923
173.58,61.38,223.08,2.095,86.65,50.51,28.0,1,82,1.96,0.5046
161.52,50.86,246.6,2.302,85.06,81.73,29.12,1,72,2.03,0.6026
234.41,54.43,162.21,1.458,85.89,46.15,26.84,0,16,1.78,0.4984
144.49,63.7,275.29,1.776,79.49,63.51,27.21,1,97,1.71,0.7403
194.39,47.52,193.0,1.671,88.15,58.47,26.42,0,34,1.82,0.4083
188.11,55.41,158.75,1.718,75.58,84.57,26.97,0,41,1.57,0.8691
217.97,48.39,200.57,1.447,72.88,52.46,28.83,0,41,1.51,1.0757
193.92,52.83,160.83,1.447,76.15,39.86,27.75,0,36,1.51,0.8885
185.95,62.73,197.96,1.641,83.79,75.83,26.16,0,27,1.59,0.5501
139.23,77.14,244.46,2.206,86.98,32.31,26.55,1,93,2.07,0.4521
202.88,48.4,194.51,1.495,73.03,78.67,21.77,0,19,1.61,0.7031
179.46,73.6,245.74,2.01,91.44,36.08,25.19,1,90,2.13,0.2742
201.99,47.97,172.73,1.372,87.38,61.46,23.09,0,12,1.69,0.3565
248.51,41.95,158.61,1.576,76.94,69.24,25.25,0,26,1.61,0.7414
233.1,44.52,166.24,1.586,84.23,48.5,26.42,0,11,1.59,0.5434
136.91,59.03,292.64,2.176,88.79,76.46,26.86,1,80,1.88,0.3964
176.09,75.69,253.26,1.915,84.02,62.65,29.42,1,100,2.03,0.6558
121.56,73.63,227.18,2.082,86.22,51.73,29.75,1,142,1.91,0.5764
133.05,69.35,235.72,1.907,73.05,47.89,30.69,1,82,1.85,1.1895
214.85,43.43,155.68,1.611,82.62,36.16,25.34,0,21,1.42,0.5618
213.84,56.87,156.54,1.849,78.5,65.22,27.09,0,14,1.64,0.7706
157.75,59.16,225.12,2.215,94.47,50.02,24.02,1,47,2.18,0.1652
199.0,41.24,188.7,1.835,86.68,47.63,26.69,0,31,1.79,0.4663
246.23,60.62,204.56,1.648,95.0,82.25,25.4,0,29,1.89,0.1622
202.23,48.14,199.56,1.575,82.23,45.0,25.48,0,11,1.62,0.5792
151.46,69.57,287.51,2.034,80.03,78.21,26.49,1,146,1.75,0.691
153.72,50.97,250.34,2.056,80.62,83.62,29.07,1,69,2.0,0.7794
240.01,59.06,207.69,1.647,91.62,75.25,25.3,0,31,1.69,0.2702
221.06,57.09,168.3,1.515,83.38,31.07,24.76,0,7,1.49,0.519
134.75,54.65,221.87,1.91,80.44,77.77,30.75,1,142,1.96,0.8663
165.87,63.31,252.13,1.928,80.53,41.74,30.5,1,62,1.96,0.8501
237.63,43.2,152.84,1.728,82.35,49.43,28.16,0,32,1.62,0.6734
131.9,62.64,226.67,2.141,80.68,84.54,26.17,1,103,1.89,0.656
192.4,47.96,151.48,1.982,86.17,52.27,22.94,0,21,1.77,0.3871
190.38,42.17,193.79,1.651,83.71,66.02,25.43,0,41,1.58,0.5294
149.61,52.37,287.54,1.905,83.11,47.09,27.05,1,108,1.73,0.604
139.63,75.14,255.13,1.943,84.51,50.32,30.79,1,108,2.1,0.6876
219.06,51.09,167.4,1.581,93.6,62.87,25.23,0,20,1.69,0.2055
140.8,62.5,225.8,2.181,76.84,82.16,29.39,1,85,2.0,0.9488
179.65,75.99,254.5,2.088,82.4,45.54,25.71,1,120,1.98,0.5815
141.45,55.58,268.03,1.838,75.41,43.61,31.07,1,111,1.71,1.1091
157.62,57.94,283.77,1.993,88.37,31.45,22.3,1,146,1.93,0.3132
173.3,54.11,224.12,1.823,77.51,41.12,30.33,1,137,1.93,0.9725
193.52,64.77,173.47,1.671,84.89,44.43,26.45,0,12,1.57,0.5216
225.65,57.97,152.15,1.515,88.25,33.46,27.52,0,41,1.76,0.4319
218.26,52.85,195.7,1.527,72.45,61.0,24.91,0,32,1.62,0.8681
248.73,54.48,159.77,1.375,83.59,36.97,29.3,0,21,1.54,0.6688
168.45,69.56,242.0,2.091,79.43,58.11,28.64,1,117,1.98,0.807
208.92,40.61,191.96,1.745,88.31,40.39,23.88,0,32,1.85,0.3463
223.15,42.01,171.99,1.517,78.83,81.46,26.88,0,39,1.64,0.7495
188.21,56.23,187.96,1.581,91.16,46.89,24.8,0,31,1.82,0.2767
207.05,49.11,195.85,1.542,87.02,35.11,27.83,0,23,1.8,0.4858
231.37,41.39,161.05,1.574,82.51,75.99,30.92,0,26,1.61,0.7822
172.16,56.61,286.22,1.902,85.53,52.11,28.82,1,137,1.72,0.5736
213.91,43.26,194.03,1.468,79.32,75.11,27.16,0,14,1.58,0.7443
163.27,68.43,231.75,2.164,77.12,47.19,30.31,1,76,2.02,0.9882
144.99,61.37,292.52,1.683,85.33,57.5,28.81,1,110,1.71,0.5812
199.12,43.59,167.17,1.66,81.41,54.49,24.73,0,25,1.63,0.5795
237.43,55.65,205.98,1.634,92.0,60.68,25.25,0,15,1.82,0.2572
222.81,53.05,171.45,1.798,84.01,52.09,24.3,0,14,1.82,0.4858
150.88,62.15,243.4,1.972,84.06,57.32,28.83,1,59,1.98,0.6323
136.63,78.73,294.78,1.955,94.05,67.36,26.61,1,89,1.93,0.2073
196.27,51.68,160.83,1.503,80.08,52.81,26.55,0,10,1.61,0.6917
242.23,59.47,157.65,1.643,85.55,67.64,24.77,0,33,1.78,0.4515
124.88,51.07,249.25,1.915,87.23,69.29,28.38,1,84,2.16,0.4935
220.24,49.91,170.85,1.465,89.76,71.19,25.0,0,19,1.84,0.3244
212.64,63.95,200.48,1.512,85.9,55.9,22.18,0,38,1.84,0.3769
137.72,53.0,235.04,1.886,77.89,30.21,30.03,1,72,1.89,0.9398
177.18,50.04,230.84,1.879,82.88,71.44,26.06,1,87,1.94,0.5775
151.22,67.26,222.57,2.01,88.57,80.0,29.07,1,56,2.27,0.4597
130.95,59.05,238.15,1.977,77.85,65.89,31.4,1,132,2.07,1.018
126.47,50.53,228.28,2.066,81.1,58.85,29.76,1,77,2.12,0.791
229.13,41.16,159.75,1.618,78.99,60.78,29.3,0,10,1.51,0.8563
142.51,67.53,230.99,1.856,84.11,65.24,29.91,1,98,1.99,0.6708
131.55,55.14,236.19,1.745,81.73,84.92,29.5,1,49,1.96,0.7533
121.84,75.96,253.28,1.873,75.34,33.41,30.16,1,64,1.81,1.056
192.22,58.82,195.06,1.692,76.04,31.17,29.58,0,39,1.5,0.9924
185.44,59.89,160.41,1.689,74.84,83.03,25.18,0,19,1.61,0.8056
228.97,50.29,157.84,1.718,80.56,54.23,25.31,0,24,1.6,0.6273
240.56,64.62,205.66,1.701,86.76,63.68,27.46,0,38,1.72,0.4849
236.52,56.97,191.33,1.73,91.31,71.44,25.35,0,39,1.83,0.2811
178.7,74.09,279.35,2.049,85.97,70.82,27.73,1,128,1.64,0.522
173.31,59.29,275.55,2.216,86.6,65.6,26.31,1,100,1.95,0.4588
186.58,60.94,201.11,1.635,79.03,55.95,30.93,0,20,1.65,0.9383
132.56,52.48,264.79,2.24,85.33,61.68,28.94,1,107,1.72,0.5856
239.84,45.91,186.66,1.525,85.66,70.13,25.86,0,43,1.78,0.4781
247.32,57.16,190.06,1.522,92.73,76.79,26.44,0,24,1.81,0.2508
196.9,58.67,174.01,1.577,79.71,37.0,30.33,0,25,1.47,0.8773
233.35,47.63,204.67,1.596,92.75,45.29,23.85,0,43,1.83,0.2144
220.17,51.88,153.04,1.561,84.45,51.87,30.47,0,9,1.67,0.6778
182.23,42.44,199.09,1.665,85.96,66.6,28.01,0,13,1.66,0.531
218.0,44.33,183.23,1.588,72.84,51.76,27.33,0,13,1.6,0.9873
146.74,54.83,229.35,1.927,86.42,43.14,28.58,1,72,2.07,0.5309
199.33,54.0,209.21,1.552,81.98,31.82,27.64,0,12,1.52,0.667
133.51,50.02,249.28,2.146,80.81,76.34,27.19,1,89,1.88,0.6919
179.2,63.17,236.61,2.038,76.07,53.04,26.68,1,116,2.07,0.8373
148.51,52.61,294.79,1.799,80.32,48.11,30.17,1,97,1.71,0.8432
151.96,66.57,272.22,2.181,82.46,59.2,28.01,1,102,1.72,0.6634
238.59,41.49,195.66,1.652,78.13,36.76,25.39,0,7,1.48,0.7091
209.21,62.12,208.09,1.677,78.06,51.85,24.52,0,7,1.67,0.6754
135.32,63.83,228.29,2.111,83.76,71.35,29.08,1,53,1.96,0.6535
217.19,58.43,162.84,1.718,87.04,70.49,27.57,0,43,1.86,0.4777
136.54,57.43,251.18,1.89,80.25,72.45,31.33,1,55,1.95,0.9041
120.17,72.97,223.64,1.872,87.36,55.71,28.77,1,110,2.21,0.4996
154.21,61.13,286.04,2.288,81.82,50.29,28.05,1,117,1.77,0.6892
143.25,72.48,244.21,1.916,80.73,75.73,29.45,1,90,2.07,0.7922
173.92,67.37,250.9,2.045,76.8,39.53,29.02,1,84,1.94,0.9304
122.44,76.08,297.95,2.196,72.53,69.88,30.19,1,91,1.76,1.1783
229.18,48.33,189.91,1.547,93.4,78.84,25.97,0,7,1.85,0.2215
173.15,55.57,277.71,1.957,86.09,45.74,30.08,1,62,1.68,0.5929
195.7,51.17,176.83,1.711,77.24,40.88,25.89,0,40,1.63,0.7601
222.3,40.09,153.35,1.626,82.54,58.19,28.6,0,33,1.61,0.6834
130.73,79.17,289.29,2.059,81.67,41.9,28.15,1,144,1.75,0.6989
206.79,46.39,205.3,1.59,83.36,77.89,25.3,0,32,1.66,0.5366
187.47,60.76,179.78,1.537,80.54,43.44,27.69,0,17,1.6,0.7224
189.4,60.41,205.71,1.56,85.55,47.27,26.51,0,9,1.6,0.5006
160.08,70.13,298.61,2.143,86.88,78.86,27.46,1,113,1.95,0.4805
232.48,51.85,203.18,1.565,85.23,41.31,26.98,0,42,1.59,0.526
174.28,65.97,270.17,2.051,80.58,78.66,29.24,1,54,1.76,0.7888
237.99,48.86,207.7,1.484,83.64,41.54,25.64,0,41,1.61,0.5383
168.79,60.42,254.93,2.245,89.53,80.15,25.17,1,112,2.17,0.335
130.24,58.97,240.69,2.038,83.27,47.47,29.5,1,134,1.98,0.6898
240.77,42.93,204.03,1.641,81.69,43.54,29.08,0,39,1.46,0.7368
238.72,52.68,190.18,1.711,84.61,56.25,25.23,0,19,1.8,0.4942
206.09,53.42,159.72,1.542,83.34,50.31,28.76,0,34,1.63,0.6581
160.7,55.19,287.07,2.143,80.37,41.1,27.54,1,136,1.83,0.7224
152.87,63.72,259.97,1.818,87.69,48.61,26.58,1,73,2.17,0.4282
161.89,63.82,252.28,1.926,73.94,69.23,31.31,1,103,1.98,1.1916
217.15,61.14,187.09,1.504,83.42,75.75,24.47,0,34,1.57,0.5089
166.59,65.07,243.17,1.774,86.34,75.14,26.91,1,69,2.16,0.4845
134.36,63.89,275.12,1.937,74.79,71.62,30.06,1,104,1.73,1.0734
145.73,56.95,228.46,1.994,76.72,30.3,25.46,1,82,1.88,0.7579
129.1,75.57,229.06,1.869,80.93,53.46,29.88,1,149,1.96,0.8036
222.7,51.01,177.27,1.452,73.35,39.29,28.52,0,11,1.52,1.0383
228.69,63.99,209.51,1.605,77.96,34.04,25.61,0,30,1.53,0.724
161.48,64.28,232.4,1.99,84.37,70.47,29.9,1,143,1.97,0.6594
162.57,55.58,269.95,1.968,79.1,73.64,30.41,1,60,1.75,0.9079
138.53,60.63,255.06,1.848,84.89,74.8,32.26,1,61,2.08,0.7291
237.81,51.08,180.13,1.553,75.14,78.97,29.27,0,14,1.64,1.0115
188.55,53.16,157.8,1.52,80.9,62.45,29.03,0,31,1.63,0.7664
223.55,47.34,209.39,1.61,84.37,84.9,27.92,0,17,1.49,0.5881
241.79,62.61,175.51,1.533,76.65,56.6,27.78,0,18,1.56,0.8714
156.18,53.88,250.41,1.995,85.47,78.59,30.21,1,102,1.93,0.624
165.01,70.28,270.47,1.843,86.39,36.21,26.29,1,92,1.85,0.4654
235.9,50.83,161.49,1.432,74.44,38.19,27.79,0,41,1.55,0.9544
215.26,41.78,163.33,1.667,84.04,62.47,25.86,0,44,1.62,0.5321
201.62,57.08,161.55,1.692,88.03,36.83,23.78,0,27,1.69,0.3525
208.38,49.36,173.07,1.553,81.93,34.14,25.13,0,24,1.49,0.5769
139.42,50.47,265.05,2.003,72.25,40.78,30.94,1,82,1.69,1.2424
159.24,71.95,273.44,1.946,82.47,73.31,29.36,1,83,1.74,0.7169
220.57,43.63,192.86,1.732,91.24,81.01,30.35,0,26,1.8,0.3792
127.56,64.29,253.52,1.976,82.06,48.34,26.12,1,107,2.02,0.6073
153.66,53.06,259.84,1.94,87.64,83.61,30.78,1,106,1.94,0.5484
173.86,56.21,280.73,2.116,73.92,74.53,33.13,1,119,1.53,1.3215
201.18,52.85,164.56,1.507,85.29,42.44,25.88,0,22,1.79,0.491
149.63,64.4,255.77,2.019,84.14,62.24,30.24,1,53,2.03,0.6823
215.06,45.9,161.18,1.474,84.94,84.0,25.02,0,20,1.75,0.4776
216.16,59.2,157.95,1.68,81.21,76.68,27.55,0,13,1.69,0.6919
182.54,40.47,187.95,1.698,87.27,49.98,26.52,0,44,1.76,0.4412
246.96,59.47,187.48,1.445,91.41,46.85,28.39,0,35,1.78,0.3321
192.2,53.17,159.4,1.427,84.83,75.06,26.86,0,29,1.54,0.5364
217.68,63.41,171.15,1.635,81.7,60.2,25.8,0,40,1.56,0.6079
207.7,64.93,153.98,1.833,78.83,38.99,30.8,0,23,1.49,0.9403
128.97,60.06,282.58,2.106,93.18,48.03,29.91,1,108,1.9,0.2879
166.33,71.19,266.43,1.975,81.52,66.4,29.61,1,100,1.69,0.7667
226.35,51.88,194.39,1.497,81.4,38.42,25.7,0,8,1.53,0.6142
170.57,74.59,231.75,1.854,75.79,68.43,28.87,1,147,2.12,0.9625
126.34,67.93,255.98,2.086,76.45,69.05,24.35,1,137,1.99,0.7176
131.89,55.07,267.76,2.111,84.41,44.89,27.68,1,77,1.67,0.5784
211.03,60.14,193.6,1.524,91.16,51.89,21.79,0,42,1.87,0.2307
163.27,64.77,244.64,1.97,81.17,81.45,27.05,1,118,1.95,0.6733
168.36,78.56,220.09,2.006,80.59,71.2,29.82,1,88,2.08,0.8151
179.38,77.13,297.95,2.218,77.7,73.33,26.61,1,124,1.61,0.7771
188.81,62.7,204.29,1.608,83.51,58.39,27.39,0,8,1.65,0.6015
206.43,43.47,179.17,1.482,89.16,41.72,23.06,0,16,1.75,0.3056
138.65,67.66,253.76,1.861,79.76,62.52,27.85,1,106,1.95,0.7584
185.09,62.96,181.19,1.491,91.36,72.47,27.32,0,18,1.82,0.3139
222.27,40.99,157.35,1.752,78.73,30.21,27.32,0,9,1.55,0.7727
249.51,56.4,181.11,1.662,82.88,36.26,28.93,0,10,1.53,0.683
166.26,78.64,263.79,1.959,85.88,56.09,28.73,1,60,1.67,0.5568
125.57,78.54,236.0,1.649,81.75,54.05,28.18,1,138,2.04,0.6971
198.64,51.7,194.87,1.498,82.68,84.03,26.53,0,37,1.56,0.6007
121.92,69.06,247.87,2.041,73.72,35.07,29.59,1,55,1.89,1.0891
238.35,44.12,182.76,1.642,94.5,47.8,21.99,0,17,1.77,0.1453
171.69,72.26,295.72,2.041,83.51,74.83,25.72,1,98,1.69,0.5452
125.19,51.57,226.53,1.838,84.43,63.68,28.62,1,103,1.97,0.6101
151.06,56.62,274.23,2.021,87.05,60.89,26.45,1,147,1.91,0.447
129.56,50.18,292.66,1.883,84.59,70.77,21.97,1,130,1.83,0.4067
238.37,63.02,198.58,1.6,81.53,32.2,27.76,0,24,1.53,0.6885
169.94,75.51,238.97,1.908,87.1,82.11,30.08,1,126,1.97,0.5499
232.9,45.75,159.8,1.728,77.06,40.52,27.61,0,19,1.55,0.8476
172.5,70.03,243.56,2.04,93.69,34.5,27.16,1,102,2.15,0.2271
164.19,72.35,280.72,1.983,77.28,48.64,29.44,1,108,1.79,0.9335
131.09,57.88,247.05,2.166,77.35,68.63,26.95,1,49,2.03,0.8052
204.87,49.95,188.86,1.555,84.69,42.73,26.08,0,20,1.61,0.5171
149.81,72.1,288.7,1.83,94.71,32.74,26.47,1,149,1.78,0.1828
188.54,60.07,205.15,1.727,77.04,33.16,23.23,0,41,1.43,0.6541
229.39,52.82,206.13,1.63,79.46,44.11,30.37,0,13,1.63,0.8902
133.62,72.23,234.1,1.962,81.79,37.44,31.21,1,79,1.82,0.8279
183.05,50.95,192.18,1.523,83.99,50.48,26.31,0,25,1.62,0.5481
148.96,52.93,273.76,2.061,84.73,39.52,27.42,1,123,1.51,0.558
188.65,57.98,152.79,1.698,80.85,48.94,25.63,0,8,1.61,0.6298
210.14,56.13,207.47,1.508,78.76,54.45,28.6,0,20,1.66,0.8313
154.54,68.88,263.76,2.068,78.4,70.84,31.51,1,115,1.72,0.9989
236.48,47.61,169.47,1.63,77.38,42.51,27.19,0,39,1.66,0.8155
213.17,58.34,190.19,1.5,84.12,56.13,25.73,0,18,1.67,0.5253
177.88,78.94,262.83,2.0,79.8,74.84,28.62,1,60,1.7,0.7915
230.19,41.18,202.25,1.534,76.65,84.25,31.67,0,36,1.69,1.0897
139.53,53.29,242.65,2.149,80.78,60.65,31.46,1,65,1.99,0.8863
204.72,56.09,199.09,1.522,73.44,53.78,27.73,0,8,1.55,0.9883
122.71,60.59,274.23,2.181,79.13,64.73,30.25,1,82,1.65,0.8983
125.0,72.51,241.76,2.016,92.05,56.75,30.04,1,83,2.25,0.3381
124.6,74.02,284.49,1.791,74.13,39.06,31.05,1,66,1.59,1.1655
190.07,64.36,156.66,1.339,94.59,55.27,21.48,0,18,1.78,0.1386
173.76,69.86,241.91,1.975,84.81,83.85,25.52,1,55,2.24,0.4963
153.33,75.88,264.81,2.16,78.7,65.22,28.65,1,145,1.62,0.8361
156.21,59.7,247.91,2.148,76.87,45.59,26.7,1,99,2.13,0.8103
226.8,45.32,198.19,1.62,83.95,82.09,26.94,0,24,1.54,0.5702
121.12,50.82,284.48,1.912,90.54,51.37,26.92,1,131,1.93,0.3357
121.3,53.3,299.32,1.95,74.98,51.46,33.97,1,87,1.53,1.3287
219.41,52.61,195.94,1.625,85.01,63.91,24.54,0,44,1.79,0.462
205.75,63.02,184.74,1.73,91.4,61.29,23.51,0,25,1.86,0.2492
179.99,58.98,271.37,2.068,85.97,45.97,25.81,1,69,1.94,0.4663
223.45,41.41,170.88,1.716,74.54,55.69,27.89,0,23,1.59,0.9562
160.48,69.53,258.41,2.077,83.97,48.29,26.7,1,89,2.03,0.5615
176.94,79.76,238.86,2.113,86.56,70.58,31.66,1,68,1.89,0.6269
141.74,77.03,226.74,1.729,81.0,36.74,29.24,1,87,1.88,0.7717
223.9,53.27,195.58,1.493,70.45,71.26,25.93,0,44,1.63,0.9892
207.59,64.4,152.01,1.467,83.45,38.86,28.88,0,27,1.47,0.6584
138.3,78.11,260.76,1.856,82.03,46.83,27.2,1,137,1.7,0.6482
188.2,51.19,209.15,1.601,74.12,48.33,26.92,0,33,1.59,0.9184
169.26,76.54,235.37,1.826,74.71,84.47,27.11,1,65,1.91,0.9075
201.03,64.27,195.04,1.487,86.8,62.44,28.42,0,36,1.65,0.5113
249.82,60.45,166.48,1.588,78.82,72.77,27.79,0,34,1.61,0.7909
208.41,44.22,188.5,1.408,80.34,60.55,25.13,0,26,1.54,0.6276
194.86,60.08,179.92,1.542,85.86,84.07,23.84,0,44,1.89,0.4179
145.37,51.64,274.52,2.077,82.16,39.76,24.57,1,52,1.61,0.5508
197.1,57.27,176.15,1.453,81.42,63.27,29.53,0,24,1.61,0.7674
214.59,56.43,181.86,1.696,80.57,73.86,28.79,0,35,1.6,0.7689
213.78,51.02,209.3,1.503,79.65,64.57,24.28,0,42,1.7,0.6175
211.75,56.04,169.76,1.633,83.2,79.33,24.16,0,33,1.65,0.5061
235.73,58.44,162.99,1.467,83.57,63.04,29.05,0,7,1.56,0.66
134.03,53.55,269.46,2.054,85.0,75.45,25.24,1,75,1.8,0.482
243.3,46.43,181.46,1.564,82.32,39.67,27.52,0,11,1.53,0.6498
235.39,44.85,155.14,1.656,94.45,44.41,25.27,0,12,1.79,0.1787
203.32,61.03,198.36,1.535,84.39,54.42,29.73,0,42,1.58,0.6522
142.43,79.38,220.67,2.067,86.9,76.84,27.62,1,103,2.19,0.4843
199.57,51.27,174.79,1.702,80.76,53.46,28.79,0,38,1.51,0.7614
203.28,60.65,189.53,1.614,84.42,64.51,26.87,0,37,1.61,0.5513
159.26,51.27,285.94,1.942,77.15,51.77,31.33,1,91,1.69,1.046
137.4,57.81,283.0,1.972,86.68,74.31,27.46,1,139,1.88,0.4879
244.01,41.92,160.41,1.448,87.06,41.02,22.09,0,14,1.8,0.344
186.91,52.73,170.73,1.624,85.16,62.66,26.06,0,33,1.68,0.5006
133.03,66.44,277.5,2.075,85.26,61.78,25.6,1,135,1.88,0.4839
187.65,45.19,202.85,1.788,85.58,52.18,24.25,0,20,1.86,0.4368
130.24,59.77,233.5,2.157,95.0,68.78,29.33,1,57,2.21,0.2041
123.4,68.55,269.71,1.883,75.05,31.57,32.36,1,95,1.47,1.2107
223.06,59.86,209.11,1.625,79.26,76.28,27.63,0,40,1.6,0.7672
195.91,52.34,183.01,1.584,87.37,49.14,26.22,0,44,1.76,0.4301
241.02,52.32,157.09,1.746,79.27,73.62,28.06,0,33,1.71,0.7863
156.92,58.4,242.13,1.915,81.02,46.78,27.8,1,46,2.05,0.7091
232.76,45.71,152.17,1.705,78.86,40.33,25.79,0,37,1.67,0.7018
239.33,63.08,200.96,1.482,83.14,51.42,29.8,0,9,1.63,0.7072
149.42,71.87,295.59,1.987,84.04,73.86,28.87,1,141,1.7,0.6345
163.98,62.55,261.57,1.894,79.88,68.69,28.94,1,100,1.75,0.8032
206.18,43.72,156.37,1.364,83.07,52.06,31.11,0,33,1.63,0.7654
166.7,74.28,222.36,1.891,71.41,81.58,29.78,1,119,1.97,1.1979
219.02,62.6,165.37,1.569,78.68,52.48,28.09,0,43,1.62,0.8101
242.26,64.89,183.11,1.771,79.8,49.29,29.83,0,9,1.58,0.8488
221.58,49.04,154.51,1.47,78.37,37.96,25.85,0,12,1.44,0.7207
244.37,43.85,186.89,1.527,73.36,33.87,28.22,0,9,1.5,1.0199
204.98,47.86,190.32,1.427,83.88,49.24,24.54,0,19,1.77,0.4968
228.66,48.18,208.18,1.739,88.36,35.06,25.13,0,17,1.81,0.3716
124.29,67.24,239.22,1.945,88.2,55.44,28.57,1,79,2.15,0.4611
151.33,60.6,247.8,1.959,76.07,77.3,31.88,1,123,1.98,1.1301
121.16,62.58,236.05,1.958,81.99,56.19,32.42,1,129,1.97,0.8769
195.52,57.53,171.82,1.366,84.01,56.43,29.64,0,18,1.64,0.6646
190.05,46.28,185.14,1.424,89.86,43.94,26.37,0,29,1.81,0.3484
248.5,59.61,174.2,1.486,79.75,39.15,28.89,0,37,1.6,0.806
131.77,59.65,285.18,2.074,73.28,42.23,28.03,1,109,1.78,1.0118
141.68,63.76,298.58,1.7,80.49,61.24,30.4,1,140,1.71,0.847
209.76,63.19,167.8,1.665,78.21,62.55,26.91,0,12,1.55,0.7728
205.2,59.57,172.83,1.641,79.23,42.11,27.39,0,31,1.62,0.7576
234.74,54.88,172.03,1.382,81.38,51.94,27.35,0,37,1.61,0.6776
232.17,62.65,202.22,1.562,84.84,61.28,23.29,0,36,1.73,0.4334
243.37,55.01,160.22,1.74,86.38,71.83,24.25,0,21,1.79,0.4125
159.42,53.62,260.09,1.872,84.64,47.59,29.31,1,138,1.71,0.6264
152.43,65.61,269.6,1.934,81.39,44.92,26.97,1,100,1.7,0.6623
242.46,62.07,150.92,1.931,84.13,70.18,28.16,0,23,1.55,0.6055
249.57,43.07,206.87,1.639,82.16,58.26,28.24,0,20,1.6,0.6838
144.94,63.55,297.89,1.969,83.61,77.12,31.74,1,70,1.69,0.7679
230.25,53.44,175.07,1.543,84.73,41.61,24.26,0,33,1.82,0.4628
190.03,53.87,189.18,1.645,80.77,72.4,29.26,0,43,1.55,0.7819
181.62,56.3,209.46,1.682,78.11,38.91,30.57,0,39,1.56,0.9596
237.77,52.64,183.3,1.341,82.57,62.16,26.79,0,26,1.62,0.6138
238.87,46.42,155.81,1.332,78.81,45.6,27.52,0,31,1.53,0.7789
151.91,79.79,276.02,1.88,78.8,35.56,26.98,1,111,1.61,0.755
199.59,56.44,158.05,1.582,86.57,63.92,27.56,0,43,1.8,0.4948
224.79,61.45,165.44,1.609,78.45,57.87,26.26,0,11,1.6,0.7356
141.32,78.4,260.62,1.796,81.94,56.73,26.63,1,95,1.63,0.6301
211.55,55.93,165.36,1.575,87.1,62.59,28.31,0,16,1.78,0.4965
158.83,66.67,287.36,1.991,78.67,50.48,30.08,1,79,1.67,0.9092
158.69,61.37,226.61,1.898,84.19,66.86,30.51,1,83,1.98,0.6907
196.39,60.31,195.58,1.536,80.88,37.2,26.29,0,20,1.55,0.6538
160.76,52.42,258.14,1.913,75.73,69.32,29.46,1,84,1.97,0.9983
205.27,54.87,175.17,1.656,72.81,61.89,29.68,0,35,1.71,1.1327
131.5,79.56,260.68,2.001,91.36,56.76,25.22,1,87,2.02,0.2773
219.52,53.35,164.94,1.463,80.56,37.02,23.61,0,12,1.52,0.5666
144.49,74.03,236.44,2.115,87.07,45.3,26.85,1,147,2.14,0.457
165.77,57.25,257.79,1.836,75.82,46.24,29.65,1,140,1.94,1.0056
195.44,57.12,207.32,1.394,89.04,42.86,27.83,0,38,1.82,0.4102
233.64,48.39,181.99,1.571,94.32,82.48,26.91,0,32,1.79,0.2014
153.51,51.32,249.91,1.97,72.72,80.36,29.27,1,83,1.96,1.1099
150.04,63.9,222.0,2.009,78.76,60.04,25.91,1,54,2.0,0.7102
215.23,51.85,209.77,1.458,89.09,41.31,24.75,0,20,1.74,0.3405
144.5,66.63,225.79,2.107,85.65,80.11,27.13,1,74,2.12,0.5155
183.14,60.96,192.21,1.806,88.35,71.22,25.59,0,10,1.83,0.3822
200.41,52.09,168.82,1.597,82.88,32.13,24.16,0,18,1.58,0.5158
236.66,48.08,178.29,1.638,94.18,56.99,25.84,0,41,1.85,0.1938
216.42,52.2,161.04,1.346,82.25,63.27,28.72,0,29,1.64,0.6996
171.82,60.64,273.86,1.948,80.16,33.66,23.62,1,136,1.56,0.5786
199.74,48.67,170.67,1.516,81.22,32.74,27.79,0,9,1.37,0.7012
122.04,71.76,264.86,1.897,74.21,55.49,30.31,1,138,1.75,1.1139
193.96,54.07,162.79,1.521,90.66,30.11,27.55,0,19,1.7,0.3439
237.92,47.35,174.21,1.533,81.79,32.58,24.9,0,25,1.61,0.5734
227.36,45.23,178.27,1.425,86.67,39.08,25.88,0,34,1.68,0.4449
213.0,43.51,159.99,1.542,80.95,80.05,26.88,0,44,1.6,0.6744
244.09,48.82,154.18,1.475,80.07,72.15,27.06,0,15,1.58,0.7131
207.43,41.21,169.02,1.695,73.52,54.77,27.14,0,23,1.67,0.9519
158.89,79.09,242.71,2.04,86.23,56.36,26.95,1,93,2.08,0.4895
226.3,44.4,189.16,1.64,90.83,67.73,25.75,0,14,1.82,0.3037
220.13,49.43,175.52,1.717,73.39,56.09,32.82,0,43,1.37,1.3251
203.47,46.73,180.02,1.501,74.29,33.52,28.31,0,18,1.5,0.9895
146.06,66.51,279.41,2.032,85.31,70.63,29.12,1,46,1.78,0.5925
173.87,61.46,260.85,2.128,72.87,33.18,29.33,1,100,1.55,1.1076
200.38,55.83,155.42,1.492,90.56,56.74,25.6,0,34,1.75,0.3099
229.72,53.56,174.3,1.356,79.36,77.39,26.24,0,31,1.69,0.7037
225.6,56.73,162.26,1.517,77.61,36.46,27.09,0,33,1.48,0.8025
142.28,62.43,256.52,2.115,85.69,68.86,25.61,1,136,2.17,0.47
207.85,43.07,195.48,1.486,81.28,32.55,23.36,0,21,1.47,0.5375
205.55,42.37,184.77,1.544,81.26,84.62,25.23,0,41,1.52,0.6018
199.84,42.45,163.31,1.506,85.05,67.51,26.91,0,39,1.68,0.5302
186.0,46.51,162.47,1.577,71.94,83.29,26.02,0,29,1.67,0.9443
198.77,53.3,152.22,1.474,89.2,66.75,29.46,0,33,1.71,0.4442
167.03,75.7,255.9,1.822,85.77,43.33,24.39,1,105,2.18,0.4347
218.34,63.38,175.97,1.547,78.54,80.95,25.0,0,14,1.52,0.6798
152.1,68.23,257.31,1.968,78.73,64.47,26.32,1,107,2.04,0.7286
207.7,64.29,195.86,1.734,88.37,61.68,26.76,0,10,1.83,0.4088
246.13,41.06,173.19,1.608,85.06,53.6,28.27,0,11,1.55,0.5737
157.22,64.18,239.47,1.859,89.73,45.65,27.45,1,103,2.18,0.3759
248.94,60.09,188.4,1.512,81.49,59.15,25.11,0,24,1.67,0.5902
132.92,66.32,226.5,2.086,88.04,50.13,23.27,1,75,2.19,0.3415
223.17,53.2,204.48,1.549,86.27,76.97,25.96,0,14,1.77,0.4604
221.89,59.7,150.95,1.469,90.64,31.58,22.59,0,35,1.75,0.2565
152.9,68.93,263.49,2.01,86.29,59.16,29.83,1,103,1.7,0.5761
230.57,41.9,193.33,1.505,78.48,76.01,28.26,0,33,1.66,0.8258
161.64,53.08,273.72,2.057,81.39,31.52,28.38,1,98,1.65,0.7192
215.49,62.87,209.19,1.644,79.48,45.53,27.74,0,10,1.63,0.764
122.61,52.72,243.1,1.862,81.41,32.83,28.7,1,55,1.86,0.7318
211.08,42.5,161.01,1.814,88.32,62.73,25.19,0,22,1.87,0.3742
216.67,63.26,185.29,1.585,73.1,47.42,29.04,0,31,1.6,1.08
155.19,54.7,235.06,1.68,84.06,82.79,32.2,1,67,2.0,0.7665
121.17,62.06,231.13,2.046,79.1,63.9,25.23,1,108,1.92,0.6712
132.63,60.63,245.47,1.688,78.89,60.9,30.08,1,106,1.97,0.8998
123.71,69.34,288.91,2.125,88.27,80.45,28.28,1,91,1.85,0.4507
154.14,55.48,222.95,2.007,79.73,42.3,32.68,1,82,2.03,1.0015
180.97,53.36,170.09,1.582,87.68,60.92,23.91,0,8,1.85,0.3656
243.83,64.93,170.76,1.59,79.88,59.85,24.12,0,29,1.59,0.6047
199.24,61.97,164.87,1.66,77.39,34.52,27.66,0,8,1.51,0.8379
242.16,47.75,158.09,1.532,88.47,81.26,26.37,0,16,1.8,0.3961
193.79,49.66,152.07,1.589,81.52,68.51,25.59,0,15,1.69,0.6063
210.78,49.7,209.26,1.604,79.35,78.85,28.53,0,35,1.48,0.805
232.46,58.35,189.62,1.244,88.13,84.04,26.87,0,32,1.75,0.42
166.98,50.64,242.92,2.061,78.43,56.38,26.47,1,118,1.99,0.7455
209.11,43.69,153.9,1.681,83.59,74.2,28.06,0,35,1.62,0.6225
227.5,58.68,150.89,1.644,84.54,61.77,25.75,0,10,1.58,0.512
218.43,51.45,186.02,1.636,80.81,83.74,29.64,0,27,1.52,0.7976
169.38,66.31,235.41,2.181,79.53,43.6,28.2,1,103,2.03,0.7828
164.53,59.44,274.28,1.985,77.84,30.76,29.74,1,85,1.68,0.9263
162.27,76.37,240.93,1.989,76.78,40.23,28.14,1,52,1.92,0.8849
228.58,52.23,173.07,1.512,88.54,37.04,23.75,0,42,1.72,0.3369
180.22,56.83,159.17,1.36,80.93,54.03,25.81,0,39,1.66,0.6339
218.41,52.63,195.23,1.645,86.44,34.26,28.78,0,10,1.52,0.5363
208.07,56.21,162.91,1.524,80.44,42.11,28.81,0,10,1.65,0.7749
201.22,61.69,169.46,1.359,78.67,35.29,26.16,0,39,1.48,0.7238
216.1,55.34,190.28,1.581,83.78,56.77,25.03,0,20,1.56,0.5147
225.17,56.49,150.01,1.577,79.88,44.67,28.41,0,15,1.67,0.7789
138.28,72.35,223.36,1.962,87.53,55.91,27.8,1,104,2.22,0.4659
160.66,64.04,283.56,2.006,80.11,34.89,28.39,1,115,1.61,0.7691
230.2,44.3,153.1,1.402,84.44,58.43,24.09,0,13,1.81,0.4668
213.53,48.39,185.5,1.709,90.3,37.15,26.95,0,34,1.63,0.3448
207.45,57.33,174.51,1.642,85.06,35.46,27.76,0,11,1.47,0.5569
182.28,50.64,154.71,1.739,92.5,47.05,25.9,0,19,1.81,0.2506
122.38,60.95,260.7,1.923,86.52,78.09,30.3,1,59,1.79,0.5819
239.39,58.98,186.74,1.641,80.49,73.37,25.08,0,26,1.55,0.621
129.63,55.82,223.63,1.766,88.43,82.75,26.69,1,52,2.16,0.4051
212.31,56.97,198.81,1.49,92.04,55.31,25.65,0,33,1.83,0.2621
172.39,74.29,255.16,1.825,87.72,47.18,30.49,1,77,1.88,0.5359
199.19,49.42,190.62,1.621,89.09,83.4,25.95,0,40,1.79,0.3657
169.82,53.47,258.51,1.857,88.27,51.0,26.74,1,91,2.14,0.4119
222.97,44.32,160.13,1.537,85.4,30.5,22.87,0,24,1.81,0.407
167.66,52.14,226.28,1.989,78.46,75.11,27.62,1,128,2.04,0.7964
222.42,49.79,170.4,1.541,80.27,39.31,28.3,0,44,1.45,0.7589
218.28,50.94,192.82,1.432,73.06,69.49,29.01,0,27,1.6,1.0798
160.63,78.09,255.62,2.187,93.72,30.83,22.77,1,55,2.05,0.174
149.49,72.13,265.69,2.004,80.21,36.1,28.74,1,89,1.55,0.7809
161.23,66.99,226.48,2.188,91.74,56.6,24.68,1,69,2.14,0.2567
175.39,70.03,242.72,1.866,70.86,33.73,33.87,1,104,1.66,1.5388
164.03,65.98,223.17,1.945,88.19,78.87,27.47,1,107,2.22,0.4328
245.34,46.93,181.12,1.6,80.46,71.24,27.3,0,16,1.66,0.709
183.8,41.98,165.68,1.774,80.85,48.05,22.47,0,26,1.55,0.521
190.68,63.64,182.81,1.788,93.35,62.86,24.77,0,20,1.75,0.2078
135.82,69.03,289.61,1.938,89.21,69.35,26.47,1,94,2.01,0.3729
222.98,42.12,150.06,1.502,83.83,71.55,27.47,0,36,1.61,0.5926
180.57,54.35,171.8,1.589,82.44,51.76,28.03,0,22,1.58,0.6649
141.52,67.68,265.55,2.134,80.2,79.43,32.78,1,64,1.66,0.9837
137.86,63.78,226.69,2.006,82.71,81.8,28.62,1,127,1.97,0.6775
213.93,52.3,151.7,1.628,79.54,40.76,26.67,0,12,1.6,0.7155
209.64,46.03,165.5,1.733,80.36,80.12,27.87,0,39,1.66,0.7368
216.36,46.98,209.13,1.713,92.89,69.2,27.13,0,25,1.74,0.2554
191.33,58.41,165.71,1.718,95.0,78.85,26.63,0,11,1.79,0.1744
187.61,59.51,196.63,1.675,91.95,53.36,25.96,0,13,1.89,0.27
171.29,65.69,247.89,2.162,85.8,66.37,26.76,1,141,2.12,0.4992
151.31,59.24,236.54,1.854,79.29,42.95,29.47,1,117,2.06,0.8524
138.68,74.62,275.73,2.27,77.52,71.31,28.87,1,141,1.8,0.8937
213.61,61.12,207.98,1.727,79.3,62.0,27.26,0,44,1.6,0.7494
145.46,75.97,227.19,1.981,75.77,56.45,32.19,1,131,2.07,1.1645
219.15,41.42,191.42,1.733,93.93,68.1,27.03,0,11,1.7,0.2168
201.49,53.4,180.73,1.558,93.85,60.38,25.2,0,40,1.79,0.1972
131.19,77.73,260.73,2.057,81.52,72.09,33.01,1,71,1.75,0.9301
242.77,47.08,171.42,1.671,81.31,77.21,23.77,0,20,1.53,0.55
221.99,42.18,170.77,1.703,90.06,74.03,24.34,0,23,1.87,0.3027
143.19,64.18,278.61,1.945,81.26,46.91,27.83,1,76,1.83,0.7014
212.48,60.75,162.68,1.706,71.96,83.69,27.53,0,33,1.56,1.0312
179.22,65.92,267.28,1.947,85.9,65.74,25.6,1,104,1.94,0.4629
220.91,61.91,175.92,1.688,80.13,47.79,25.73,0,31,1.65,0.6573
147.76,77.25,251.75,1.998,77.27,32.34,29.1,1,63,1.98,0.9158
242.31,48.14,150.25,1.381,83.27,84.35,25.53,0,8,1.54,0.5469
201.39,61.78,166.26,1.512,79.46,62.95,28.39,0,28,1.57,0.7942
163.61,77.79,222.83,2.102,84.07,42.51,25.84,1,102,2.03,0.5304
186.16,61.22,195.63,1.564,83.27,57.01,26.46,0,23,1.6,0.5778
230.43,51.73,184.17,1.746,75.25,51.86,25.41,0,43,1.69,0.8034
229.28,52.52,173.09,1.454,93.68,82.33,23.8,0,8,1.78,0.1863
229.01,47.28,189.91,1.684,76.18,57.1,29.34,0,32,1.58,0.9731
244.1,49.69,189.95,1.594,77.82,56.66,27.68,0,39,1.62,0.8229
204.43,54.19,164.88,1.57,83.28,73.7,25.09,0,7,1.62,0.5325
174.27,75.51,280.73,1.859,81.11,51.5,28.72,1,100,1.69,0.7445
223.36,55.0,198.19,1.625,91.07,40.81,26.36,0,31,1.75,0.3066
248.56,43.68,181.79,1.479,85.51,72.26,25.93,0,19,1.81,0.4851
201.86,40.17,160.59,1.524,85.7,80.06,27.37,0,42,1.62,0.521
246.94,61.27,165.72,1.583,86.36,32.51,25.02,0,18,1.66,0.4326
150.93,57.48,281.74,1.956,83.07,77.29,28.44,1,142,1.64,0.6565
233.48,47.87,189.2,1.723,84.98,54.08,26.74,0,29,1.62,0.5274
127.49,56.37,278.04,1.689,71.9,45.9,28.82,1,108,1.85,1.1139
237.18,63.63,177.9,1.579,81.2,32.15,27.84,0,19,1.56,0.704
171.05,71.61,292.27,1.956,89.47,41.3,26.5,1,109,1.89,0.3646
185.47,44.35,192.03,1.599,95.0,48.31,24.99,0,41,1.79,0.1583
126.94,72.96,242.17,1.935,72.89,33.89,31.77,1,98,1.71,1.2724
132.79,50.6,271.29,2.123,85.3,40.38,27.01,1,85,1.67,0.5244
222.21,62.67,161.8,1.569,81.07,70.53,26.2,0,28,1.62,0.6439
243.43,64.97,168.54,1.616,95.0,67.78,25.17,0,34,1.73,0.16
212.73,52.79,199.77,1.707,76.51,72.34,26.92,0,10,1.58,0.8336
135.71,72.83,237.83,2.006,85.79,39.09,27.59,1,113,1.97,0.5244
194.67,41.17,156.55,1.448,79.5,32.37,23.29,0,13,1.54,0.5861
180.57,47.15,185.2,1.549,85.32,55.77,22.87,0,17,1.84,0.4092
150.15,70.81,254.16,1.985,79.14,48.85,31.32,1,79,2.06,0.9544
237.09,64.39,203.09,1.402,88.75,72.72,26.77,0,41,1.78,0.3957
150.26,59.99,236.17,1.915,78.16,59.64,26.62,1,132,1.93,0.7615
177.06,57.05,296.23,1.992,84.95,81.21,28.74,1,118,1.71,0.5939
125.99,53.59,292.22,2.241,80.61,33.37,29.98,1,69,1.62,0.8218
167.92,58.85,225.29,2.045,80.21,50.0,31.84,1,53,2.09,0.9325
221.14,45.63,159.25,1.619,87.94,52.29,27.06,0,32,1.77,0.4315
247.34,58.25,156.69,1.803,78.76,36.92,24.81,0,9,1.49,0.6653
187.25,58.63,160.9,1.671,87.62,62.07,26.59,0,19,1.86,0.4309
188.51,51.8,198.2,1.687,83.26,32.21,23.77,0,40,1.75,0.4927
162.97,77.6,220.41,1.951,89.17,69.2,26.46,1,79,2.13,0.3741
166.55,64.88,261.96,1.848,83.14,32.06,28.92,1,70,1.66,0.6722
197.54,62.84,205.33,1.631,85.79,78.04,22.96,0,20,1.89,0.3983
236.92,58.89,173.51,1.819,81.24,33.58,25.9,0,7,1.48,0.6269
165.42,67.97,247.38,2.182,85.71,55.1,28.78,1,142,2.06,0.5652
244.8,60.17,188.39,1.679,90.55,38.55,25.83,0,17,1.73,0.3145
194.07,43.33,202.08,1.518,81.48,37.32,25.95,0,9,1.46,0.6207
185.69,43.27,208.58,1.414,80.19,69.67,24.05,0,19,1.54,0.5929
165.58,72.89,293.08,1.901,84.72,72.58,29.16,1,127,1.72,0.6177
169.02,76.02,248.38,2.026,75.62,70.66,27.37,1,148,2.06,0.8883
140.23,51.78,245.12,1.943,77.61,52.22,25.96,1,135,1.98,0.7508
168.09,59.54,270.08,2.12,78.28,84.49,26.56,1,81,1.64,0.7546
214.36,42.6,187.89,1.421,79.81,48.7,28.46,0,31,1.49,0.7838
226.24,61.58,160.39,1.585,77.66,43.49,25.73,0,31,1.61,0.739
163.02,63.46,241.85,1.908,69.42,84.81,31.54,1,63,1.76,1.4166
181.95,52.06,202.76,1.719,77.2,83.75,27.36,0,40,1.56,0.8302
125.58,61.53,274.35,2.065,83.37,62.55,30.38,1,139,1.79,0.7211
154.47,56.65,293.79,1.9,76.81,41.5,27.04,1,134,1.74,0.8287
174.52,58.73,266.65,2.103,81.3,43.12,27.22,1,61,1.73,0.6754
122.13,55.47,220.8,1.805,92.5,58.65,27.48,1,121,2.2,0.275
169.59,55.94,241.11,1.786,80.21,72.69,30.05,1,59,2.03,0.8421
150.39,56.51,296.18,1.894,81.66,34.26,30.61,1,92,1.62,0.8058
220.46,55.29,196.56,1.362,80.6,67.82,24.63,0,19,1.58,0.6011
217.36,63.26,203.46,1.586,95.0,35.67,24.35,0,40,1.7,0.1524
194.58,58.48,183.77,1.59,82.97,76.43,24.25,0,40,1.66,0.5158
166.13,50.68,297.16,1.951,79.58,59.27,29.75,1,148,1.72,0.8541
233.13,47.7,193.68,1.665,89.28,84.43,27.56,0,43,1.92,0.3949
130.56,77.16,276.08,1.913,83.48,71.41,25.67,1,145,1.76,0.5446
197.08,63.67,186.7,1.444,85.79,57.35,24.38,0,21,1.8,0.4338
134.55,79.6,246.96,1.904,82.56,37.76,26.15,1,61,1.91,0.5915
231.52,40.97,155.41,1.454,82.49,59.83,26.27,0,14,1.6,0.598
129.22,78.88,249.35,1.927,84.15,36.29,28.0,1,86,1.97,0.5991
241.08,56.08,165.98,1.672,88.17,79.78,24.55,0,17,1.74,0.3648
228.18,47.38,203.69,1.389,80.15,42.65,26.82,0,7,1.59,0.7003
204.2,64.81,206.7,1.559,80.58,77.6,25.65,0,38,1.64,0.6394
172.52,79.6,263.81,2.115,82.95,46.71,23.89,1,107,1.73,0.5054
230.87,45.42,205.43,1.729,75.32,42.2,27.97,0,21,1.68,0.9313
194.81,52.1,182.81,1.518,78.47,46.73,23.42,0,9,1.58,0.6204
136.99,52.55,280.9,2.266,84.67,68.92,27.01,1,65,1.62,0.5469
120.58,60.93,263.44,1.874,83.92,58.89,31.41,1,100,1.73,0.7394
137.07,52.59,234.48,1.973,87.91,35.91,26.61,1,96,2.11,0.4213
222.58,50.25,177.27,1.46,73.22,37.54,24.86,0,14,1.52,0.8413
218.23,55.65,150.96,1.652,82.83,50.82,26.05,0,22,1.58,0.5789
153.99,61.66,275.43,2.336,80.2,48.62,24.21,1,118,1.73,0.5983
208.71,58.92,187.66,1.821,84.64,76.85,26.19,0,29,1.59,0.5221
122.79,54.51,269.62,2.102,80.55,61.47,27.62,1,79,1.73,0.7191
234.6,51.85,194.22,1.527,83.44,40.27,30.03,0,24,1.59,0.7039
225.77,63.89,187.34,1.58,84.47,31.56,25.48,0,9,1.58,0.5062
209.86,54.48,177.46,1.734,77.26,35.63,23.07,0,14,1.41,0.6416
248.21,57.38,192.59,1.69,77.33,68.52,28.15,0,11,1.51,0.8644
187.55,63.11,209.58,1.61,80.65,76.59,29.87,0,33,1.63,0.8149
194.48,56.66,164.78,1.617,83.39,73.04,27.29,0,11,1.53,0.6024
153.08,62.6,262.53,2.127,74.86,73.44,28.45,1,80,1.71,0.9755
196.0,40.62,200.57,1.756,76.19,44.35,26.25,0,23,1.58,0.8123
120.18,64.03,249.83,1.82,77.88,84.4,33.23,1,64,2.07,1.1271
162.66,55.53,297.02,2.027,75.99,34.75,27.21,1,50,1.6,0.8666
153.9,56.48,241.78,2.069,77.47,75.16,24.1,1,70,1.97,0.6763
200.53,48.49,183.13,1.536,81.96,35.32,25.9,0,22,1.58,0.6028
155.65,53.74,284.33,2.153,76.79,44.71,31.41,1,71,1.73,1.0673
179.57,71.63,235.76,1.965,77.55,57.25,28.4,1,96,1.94,0.8686
171.23,73.76,297.85,2.157,77.97,32.93,28.9,1,111,1.5,0.8774
177.22,61.83,263.73,1.956,85.46,51.68,24.56,1,106,1.97,0.4487
139.66,70.67,293.16,2.031,79.74,49.26,26.84,1,60,1.72,0.7156
128.96,61.67,273.11,2.028,82.79,65.59,27.85,1,90,1.74,0.6449
201.74,43.06,177.62,1.8,80.62,69.49,27.75,0,31,1.66,0.722
167.17,61.92,247.65,2.089,83.48,34.98,27.62,1,103,1.93,0.6108
211.97,43.45,192.32,1.545,89.82,32.09,24.52,0,20,1.72,0.3134
165.88,51.23,222.38,1.967,87.6,72.67,26.77,1,118,2.19,0.4362
210.7,42.34,202.23,1.567,89.23,59.04,27.45,0,20,1.82,0.3942
193.86,54.73,178.87,1.602,88.12,59.41,26.19,0,33,1.78,0.4038
150.11,75.8,244.55,1.887,81.83,83.94,29.85,1,59,2.07,0.7644
175.87,53.08,227.7,1.99,81.46,54.08,26.52,1,119,2.04,0.6426
