Timestamp,Suhu_Udara,Kelembapan_Udara,Kelembapan_Tanah,EC_Tangki,N,P,K,Status_Pompa,Fase
2025-12-01 00:00:00,25.41,83.49,58.0,1.6,162.43,62.17,237.73,0,0
2025-12-01 01:00:00,24.47,85.0,57.86,1.6,163.18,60.81,238.9,0,0
2025-12-01 02:00:00,24.91,81.16,57.58,1.6,159.42,60.18,233.82,0,0
2025-12-01 03:00:00,25.53,83.8,57.81,1.6,156.31,60.91,231.24,0,0
2025-12-01 04:00:00,23.89,82.6,57.16,1.6,158.13,63.27,231.03,0,0
2025-12-01 05:00:00,24.05,85.0,56.73,1.6,157.42,61.45,231.6,0,0
2025-12-01 06:00:00,26.13,85.0,64.98,1.6,155.95,61.29,233.92,1,0
2025-12-01 07:00:00,26.09,85.0,64.81,1.6,158.6,61.68,234.08,0,0
2025-12-01 08:00:00,25.83,80.3,64.5,1.6,159.44,61.14,234.26,0,0
2025-12-01 09:00:00,27.64,85.0,64.53,1.6,161.24,61.93,234.89,0,0
2025-12-01 10:00:00,27.58,85.0,63.73,1.6,161.09,61.15,234.26,0,0
2025-12-01 11:00:00,28.27,83.12,63.11,1.6,166.07,61.31,234.51,0,0
2025-12-01 12:00:00,29.36,85.0,70.43,1.6,164.94,60.86,237.35,1,0
2025-12-01 13:00:00,27.58,85.0,69.26,1.6,168.08,62.0,237.02,0,0
2025-12-01 14:00:00,27.69,83.34,68.58,1.6,167.84,61.39,236.85,0,0
2025-12-01 15:00:00,28.57,85.0,76.25,1.6,164.75,61.09,236.67,1,0
2025-12-01 16:00:00,27.89,83.48,75.82,1.6,165.63,61.97,239.83,0,0
2025-12-01 17:00:00,28.72,83.94,75.41,1.6,166.17,61.04,236.82,0,0
2025-12-01 18:00:00,27.18,83.34,74.72,1.6,164.23,61.13,241.17,0,0
2025-12-01 19:00:00,26.23,81.72,74.31,1.6,162.6,59.52,237.92,0,0
2025-12-01 20:00:00,28.29,85.0,74.47,1.6,162.66,58.62,236.14,0,0
2025-12-01 21:00:00,26.23,85.0,74.11,1.6,163.38,59.06,237.94,0,0
2025-12-01 22:00:00,25.96,85.0,73.99,1.6,159.0,58.26,240.37,0,0
2025-12-01 23:00:00,24.12,85.0,73.84,1.6,161.13,57.88,236.59,0,0
2025-12-02 00:00:00,24.47,85.0,74.07,1.6,160.4,58.45,233.78,0,0
2025-12-02 01:00:00,24.7,83.81,74.15,1.6,158.18,58.03,234.54,0,0
2025-12-02 02:00:00,23.29,85.0,73.56,1.6,160.15,58.89,240.42,0,0
2025-12-02 03:00:00,24.49,82.01,73.0,1.6,160.3,59.18,243.27,0,0
2025-12-02 04:00:00,23.56,83.02,72.97,1.6,162.68,59.66,242.23,0,0
2025-12-02 05:00:00,23.99,82.87,72.75,1.6,163.56,60.84,235.82,0,0
2025-12-02 06:00:00,24.17,85.0,80.4,1.6,163.62,61.17,235.99,1,0
2025-12-02 07:00:00,27.07,85.0,80.5,1.6,163.4,62.58,236.84,0,0
2025-12-02 08:00:00,26.24,85.0,79.98,1.6,164.33,63.38,235.79,0,0
2025-12-02 09:00:00,26.2,85.0,79.41,1.6,163.61,62.87,233.63,0,0
2025-12-02 10:00:00,28.74,82.92,79.05,1.6,162.13,64.0,234.09,0,0
2025-12-02 11:00:00,27.59,85.0,78.35,1.6,163.34,64.18,231.78,0,0
2025-12-02 12:00:00,29.33,84.53,86.23,1.6,163.15,63.76,236.63,1,0
2025-12-02 13:00:00,27.54,85.0,85.4,1.6,163.29,63.96,240.34,0,0
2025-12-02 14:00:00,28.05,84.55,85.01,1.6,165.31,64.9,241.71,0,0
2025-12-02 15:00:00,29.25,83.96,92.0,1.6,165.1,65.22,241.6,1,0
2025-12-02 16:00:00,29.47,85.0,90.99,1.6,165.12,66.77,239.62,0,0
2025-12-02 17:00:00,28.59,85.0,90.29,1.6,164.04,67.6,239.34,0,0
2025-12-02 18:00:00,27.9,83.38,90.04,1.6,164.85,67.9,243.22,0,0
2025-12-02 19:00:00,27.23,84.73,90.18,1.6,165.49,66.8,244.98,0,0
2025-12-02 20:00:00,25.64,82.56,89.92,1.6,167.09,66.5,244.99,0,0
2025-12-02 21:00:00,25.78,80.3,89.49,1.6,165.96,66.43,246.8,0,0
2025-12-02 22:00:00,25.48,85.0,89.57,1.6,165.1,66.92,247.58,0,0
2025-12-02 23:00:00,26.35,85.0,89.71,1.6,166.52,67.35,247.94,0,0
2025-12-03 00:00:00,25.27,85.0,89.16,1.6,166.91,67.34,249.74,0,0
2025-12-03 01:00:00,23.01,80.69,88.59,1.6,165.21,67.29,250.3,0,0
2025-12-03 02:00:00,24.62,84.22,88.45,1.6,167.55,67.78,251.68,0,0
2025-12-03 03:00:00,23.81,80.3,88.44,1.6,164.39,66.83,251.25,0,0
2025-12-03 04:00:00,23.49,85.0,88.14,1.6,165.83,68.21,249.8,0,0
2025-12-03 05:00:00,24.81,82.6,88.14,1.6,163.52,66.18,247.69,0,0
2025-12-03 06:00:00,25.64,85.0,92.0,1.6,166.97,67.37,245.39,1,0
2025-12-03 07:00:00,26.24,85.0,91.16,1.6,164.11,67.17,240.86,0,0
2025-12-03 08:00:00,25.49,82.94,90.46,1.6,166.22,67.91,238.28,0,0
2025-12-03 09:00:00,26.87,82.39,89.89,1.6,166.02,68.06,235.77,0,0
2025-12-03 10:00:00,28.3,85.0,89.22,1.6,165.32,68.19,234.46,0,0
2025-12-03 11:00:00,29.57,82.97,88.27,1.6,165.64,68.51,238.39,0,0
2025-12-03 12:00:00,28.71,85.0,92.0,1.6,166.76,69.04,237.83,1,0
2025-12-03 13:00:00,29.13,83.74,91.25,1.6,165.06,68.53,238.29,0,0
2025-12-03 14:00:00,28.25,80.88,90.93,1.6,163.59,69.27,238.81,0,0
2025-12-03 15:00:00,28.0,80.3,92.0,1.6,164.81,68.07,242.59,1,0
2025-12-03 16:00:00,29.53,85.0,91.76,1.6,161.75,67.89,240.77,0,0
2025-12-03 17:00:00,29.66,83.6,90.91,1.6,160.83,68.46,239.93,0,0
2025-12-03 18:00:00,27.94,83.63,89.98,1.6,166.47,69.16,239.41,0,0
2025-12-03 19:00:00,28.41,85.0,89.91,1.6,164.67,69.36,242.03,0,0
2025-12-03 20:00:00,27.3,85.0,89.89,1.6,166.74,68.79,245.04,0,0
2025-12-03 21:00:00,25.85,84.31,89.8,1.6,165.62,69.39,245.73,0,0
2025-12-03 22:00:00,26.22,84.18,88.98,1.6,166.51,68.57,248.27,0,0
2025-12-03 23:00:00,26.78,85.0,88.51,1.6,167.63,69.95,248.05,0,0
2025-12-04 00:00:00,24.93,81.98,88.3,1.6,169.56,69.63,246.97,0,0
2025-12-04 01:00:00,26.0,85.0,88.23,1.6,169.01,68.02,249.32,0,0
2025-12-04 02:00:00,21.97,85.0,88.26,1.6,172.43,66.76,249.82,0,0
2025-12-04 03:00:00,24.9,85.0,88.1,1.6,171.07,66.66,247.24,0,0
2025-12-04 04:00:00,24.18,80.74,87.99,1.6,171.25,66.64,249.12,0,0
2025-12-04 05:00:00,23.99,83.32,87.81,1.6,171.44,68.28,247.9,0,0
2025-12-04 06:00:00,24.79,83.04,92.0,1.6,169.17,67.15,246.42,1,0
2025-12-04 07:00:00,23.61,85.0,91.89,1.6,168.49,67.04,248.08,0,0
2025-12-04 08:00:00,26.05,85.0,91.33,1.6,168.64,65.93,247.21,0,0
2025-12-04 09:00:00,27.47,85.0,90.67,1.6,167.71,65.37,247.57,0,0
2025-12-04 10:00:00,29.33,83.76,90.09,1.6,172.0,66.78,248.6,0,0
2025-12-04 11:00:00,28.23,83.73,89.65,1.6,170.21,65.62,245.96,0,0
2025-12-04 12:00:00,28.42,85.0,92.0,1.6,172.12,66.04,246.37,1,0
2025-12-04 13:00:00,28.85,85.0,91.52,1.6,173.38,66.27,249.18,0,0
2025-12-04 14:00:00,30.07,85.0,91.32,1.6,173.02,66.12,246.08,0,0
2025-12-04 15:00:00,29.37,85.0,92.0,1.6,171.14,66.46,246.65,1,0
2025-12-04 16:00:00,28.33,82.27,91.21,1.6,169.51,65.29,243.99,0,0
2025-12-04 17:00:00,28.9,81.9,90.88,1.6,168.4,66.68,246.1,0,0
2025-12-04 18:00:00,28.09,81.44,89.88,1.6,165.05,68.27,248.07,0,0
2025-12-04 19:00:00,28.38,85.0,89.34,1.6,163.24,68.12,246.53,0,0
2025-12-04 20:00:00,26.34,85.0,89.23,1.6,160.64,70.12,251.48,0,0
2025-12-04 21:00:00,26.13,85.0,89.18,1.6,163.24,69.52,253.42,0,0
2025-12-04 22:00:00,25.54,85.0,88.6,1.6,164.42,69.65,254.27,0,0
2025-12-04 23:00:00,24.08,85.0,88.28,1.6,165.86,70.71,254.93,0,0
2025-12-05 00:00:00,25.23,83.69,87.89,1.6,166.89,70.04,256.4,0,0
2025-12-05 01:00:00,24.83,82.44,87.53,1.6,167.11,68.55,252.84,0,0
2025-12-05 02:00:00,24.33,85.0,87.61,1.6,169.66,66.91,252.43,0,0
2025-12-05 03:00:00,23.95,85.0,87.62,1.6,168.37,68.61,252.52,0,0
2025-12-05 04:00:00,22.83,85.0,87.41,1.6,168.43,67.94,250.64,0,0
2025-12-05 05:00:00,23.88,85.0,87.04,1.6,169.64,67.59,251.02,0,0
2025-12-05 06:00:00,24.4,85.0,92.0,1.6,167.07,66.43,253.3,1,0
2025-12-05 07:00:00,24.68,85.0,92.0,1.6,172.56,67.15,251.33,0,0
2025-12-05 08:00:00,26.1,85.0,91.6,1.6,172.31,66.29,250.38,0,0
2025-12-05 09:00:00,27.52,85.0,90.8,1.6,172.28,65.72,247.56,0,0
2025-12-05 10:00:00,29.7,85.0,90.42,1.6,174.25,65.88,242.46,0,0
2025-12-05 11:00:00,28.85,85.0,89.8,1.6,175.52,64.8,244.04,0,0
2025-12-05 12:00:00,29.37,83.79,92.0,1.6,175.17,64.56,243.52,1,0
2025-12-05 13:00:00,29.23,85.0,91.53,1.6,175.0,65.74,243.21,0,0
2025-12-05 14:00:00,27.52,81.73,90.72,1.6,171.89,66.02,240.34,0,0
2025-12-05 15:00:00,29.05,85.0,92.0,1.6,170.61,66.01,239.6,1,0
2025-12-05 16:00:00,28.86,82.19,91.44,1.6,171.32,66.09,242.12,0,0
2025-12-05 17:00:00,30.66,85.0,90.68,1.6,171.87,65.61,241.76,0,0
2025-12-05 18:00:00,27.83,82.99,90.3,1.6,173.79,67.3,241.5,0,0
2025-12-05 19:00:00,27.77,85.0,90.64,1.6,173.22,66.41,241.69,0,0
2025-12-05 20:00:00,26.94,84.81,90.21,1.6,170.4,66.47,238.27,0,0
2025-12-05 21:00:00,25.38,81.4,89.5,1.6,172.08,66.44,239.66,0,0
2025-12-05 22:00:00,26.93,85.0,88.69,1.6,174.38,67.21,236.29,0,0
2025-12-05 23:00:00,26.08,83.68,88.43,1.6,175.63,68.05,233.88,0,0
2025-12-06 00:00:00,25.67,85.0,88.02,1.6,174.91,67.84,231.31,0,0
2025-12-06 01:00:00,23.78,84.98,87.88,1.6,176.39,67.93,231.06,0,0
2025-12-06 02:00:00,25.59,85.0,87.71,1.6,182.11,68.04,230.37,0,0
2025-12-06 03:00:00,22.9,82.89,87.03,1.6,181.63,65.82,230.6,0,0
2025-12-06 04:00:00,24.63,83.7,86.28,1.6,178.6,64.27,228.56,0,0
2025-12-06 05:00:00,26.23,83.98,86.16,1.6,177.0,63.66,231.4,0,0
2025-12-06 06:00:00,23.82,85.0,92.0,1.6,177.65,63.1,233.66,1,0
2025-12-06 07:00:00,24.89,85.0,91.67,1.6,174.25,61.99,233.29,0,0
2025-12-06 08:00:00,26.34,83.15,90.59,1.6,174.19,62.67,232.18,0,0
2025-12-06 09:00:00,26.7,85.0,90.15,1.6,174.51,62.65,230.88,0,0
2025-12-06 10:00:00,26.6,80.3,89.95,1.6,176.89,62.44,230.31,0,0
2025-12-06 11:00:00,28.75,82.2,89.44,1.6,178.77,61.29,227.04,0,0
2025-12-06 12:00:00,28.19,82.7,92.0,1.6,179.78,61.27,225.04,1,0
2025-12-06 13:00:00,29.73,81.82,91.41,1.6,175.29,58.93,227.69,0,0
2025-12-06 14:00:00,28.42,81.32,90.41,1.6,176.54,58.88,228.81,0,0
2025-12-06 15:00:00,30.47,85.0,92.0,1.6,177.35,59.03,233.2,1,0
2025-12-06 16:00:00,28.1,84.35,91.43,1.6,177.31,59.33,232.54,0,0
2025-12-06 17:00:00,28.15,85.0,90.31,1.6,173.71,58.01,231.76,0,0
2025-12-06 18:00:00,28.73,85.0,89.63,1.6,171.96,58.33,230.91,0,0
2025-12-06 19:00:00,26.4,85.0,89.56,1.6,169.58,57.5,230.31,0,0
2025-12-06 20:00:00,27.18,85.0,89.24,1.6,165.77,56.91,228.9,0,0
2025-12-06 21:00:00,27.6,84.76,88.95,1.6,165.74,57.7,229.88,0,0
2025-12-06 22:00:00,24.45,82.32,88.38,1.6,164.27,59.65,230.21,0,0
2025-12-06 23:00:00,25.57,85.0,88.34,1.6,169.03,59.76,229.17,0,0
2025-12-07 00:00:00,25.19,83.67,87.93,1.6,168.56,59.09,232.59,0,0
2025-12-07 01:00:00,25.3,82.92,87.08,1.6,170.75,59.35,237.45,0,0
2025-12-07 02:00:00,23.21,84.6,86.77,1.6,167.69,60.28,240.25,0,0
2025-12-07 03:00:00,22.97,82.99,86.86,1.6,166.63,60.89,241.38,0,0
2025-12-07 04:00:00,24.57,84.08,86.54,1.6,166.74,63.39,242.97,0,0
2025-12-07 05:00:00,24.52,85.0,86.85,1.6,165.04,62.7,247.21,0,0
2025-12-07 06:00:00,24.93,85.0,92.0,1.6,164.27,62.91,248.5,1,0
2025-12-07 07:00:00,25.71,82.97,91.89,1.6,163.91,64.28,246.36,0,0
2025-12-07 08:00:00,25.64,83.84,91.28,1.6,163.53,65.55,246.77,0,0
2025-12-07 09:00:00,27.36,85.0,90.67,1.6,166.93,63.68,247.75,0,0
2025-12-07 10:00:00,28.26,85.0,90.0,1.6,167.53,63.63,244.63,0,0
2025-12-07 11:00:00,28.05,85.0,89.32,1.6,168.3,64.92,243.43,0,0
2025-12-07 12:00:00,30.82,85.0,92.0,1.6,169.14,67.43,245.76,1,0
2025-12-07 13:00:00,29.73,85.0,91.12,1.6,170.07,67.9,240.67,0,0
2025-12-07 14:00:00,28.17,81.75,90.2,1.6,169.72,67.39,237.26,0,0
2025-12-07 15:00:00,29.67,85.0,92.0,1.6,168.96,66.32,236.7,1,0
2025-12-07 16:00:00,27.93,84.7,92.0,1.6,169.1,68.19,237.5,0,0
2025-12-07 17:00:00,29.15,83.62,91.56,1.6,171.02,68.66,233.98,0,0
2025-12-07 18:00:00,29.04,85.0,91.06,1.6,172.8,67.7,233.72,0,0
2025-12-07 19:00:00,26.76,85.0,90.53,1.6,172.06,67.34,236.66,0,0
2025-12-07 20:00:00,27.84,85.0,90.5,1.6,173.16,67.46,236.75,0,0
2025-12-07 21:00:00,26.8,82.98,90.25,1.6,172.48,67.79,239.01,0,0
2025-12-07 22:00:00,26.64,85.0,90.11,1.6,172.24,66.81,237.33,0,0
2025-12-07 23:00:00,27.11,83.55,89.6,1.6,171.1,66.11,235.19,0,0
2025-12-08 00:00:00,24.74,85.0,89.44,1.6,170.53,64.5,237.3,0,0
2025-12-08 01:00:00,23.92,84.31,89.11,1.6,172.72,65.36,238.11,0,0
2025-12-08 02:00:00,23.52,84.51,88.68,1.6,172.58,64.95,234.99,0,0
2025-12-08 03:00:00,23.42,85.0,88.7,1.6,172.52,65.28,232.99,0,0
2025-12-08 04:00:00,24.03,82.71,88.03,1.6,169.61,66.46,237.0,0,0
2025-12-08 05:00:00,24.56,85.0,87.99,1.6,168.87,66.53,234.59,0,0
2025-12-08 06:00:00,24.96,80.97,92.0,1.6,168.28,66.29,236.95,1,0
2025-12-08 07:00:00,26.14,83.64,91.53,1.6,166.66,66.34,235.65,0,0
2025-12-08 08:00:00,26.26,85.0,90.7,1.6,166.63,66.26,235.61,0,0
2025-12-08 09:00:00,28.46,85.0,90.04,1.6,165.79,67.26,236.32,0,0
2025-12-08 10:00:00,27.76,84.63,89.54,1.6,165.91,67.38,231.0,0,0
2025-12-08 11:00:00,31.14,84.7,88.88,1.6,166.09,66.73,227.54,0,0
2025-12-08 12:00:00,29.71,85.0,92.0,1.6,164.33,67.53,228.13,1,0
2025-12-08 13:00:00,28.53,84.29,91.94,1.6,163.63,68.47,226.67,0,0
2025-12-08 14:00:00,28.28,85.0,91.19,1.6,163.83,67.07,229.57,0,0
2025-12-08 15:00:00,29.51,85.0,92.0,1.6,166.01,68.3,225.83,1,0
2025-12-08 16:00:00,28.6,85.0,91.65,1.6,166.43,68.44,227.7,0,0
2025-12-08 17:00:00,29.08,82.71,91.56,1.6,165.18,68.5,224.63,0,0
2025-12-08 18:00:00,28.43,84.68,91.09,1.6,165.89,69.21,224.26,0,0
2025-12-08 19:00:00,27.44,84.21,90.55,1.6,168.93,68.48,222.14,0,0
2025-12-08 20:00:00,26.21,82.68,90.3,1.6,170.42,69.15,227.54,0,0
2025-12-08 21:00:00,25.06,85.0,89.76,1.6,171.19,68.59,224.56,0,0
2025-12-08 22:00:00,25.49,83.75,89.74,1.6,172.25,67.07,224.78,0,0
2025-12-08 23:00:00,26.17,85.0,89.13,1.6,174.55,66.02,220.97,0,0
2025-12-09 00:00:00,25.15,82.61,88.83,1.6,176.11,66.41,225.67,0,0
2025-12-09 01:00:00,23.48,85.0,88.32,1.6,176.68,65.43,227.14,0,0
2025-12-09 02:00:00,24.48,83.02,88.16,1.6,178.14,66.77,227.88,0,0
2025-12-09 03:00:00,24.5,85.0,87.84,1.6,175.67,67.7,231.92,0,0
2025-12-09 04:00:00,23.3,85.0,87.69,1.6,172.53,68.73,232.44,0,0
2025-12-09 05:00:00,24.4,83.74,87.49,1.6,172.52,68.64,233.12,0,0
2025-12-09 06:00:00,24.76,85.0,92.0,1.6,172.34,68.67,233.54,1,0
2025-12-09 07:00:00,24.37,82.25,91.98,1.6,171.07,67.4,235.03,0,0
2025-12-09 08:00:00,26.57,85.0,91.39,1.6,172.31,68.13,233.79,0,0
2025-12-09 09:00:00,27.66,84.91,90.5,1.6,168.66,68.29,233.32,0,0
2025-12-09 10:00:00,28.97,83.54,90.58,1.6,167.56,68.61,235.43,0,0
2025-12-09 11:00:00,29.64,84.17,90.12,1.6,166.58,69.93,236.1,0,0
2025-12-09 12:00:00,27.9,85.0,92.0,1.6,163.57,69.15,235.76,1,0
2025-12-09 13:00:00,28.46,83.51,91.83,1.6,166.32,68.82,232.22,0,0
2025-12-09 14:00:00,29.71,83.15,91.78,1.6,163.82,68.91,236.1,0,0
2025-12-09 15:00:00,29.54,84.32,92.0,1.6,162.81,67.86,234.39,1,0
2025-12-09 16:00:00,29.27,82.23,91.51,1.6,164.53,67.52,236.89,0,0
2025-12-09 17:00:00,31.9,85.0,90.59,1.6,165.71,67.79,237.24,0,0
2025-12-09 18:00:00,28.51,83.6,89.96,1.6,163.69,67.33,233.89,0,0
2025-12-09 19:00:00,28.53,85.0,89.68,1.6,164.97,68.35,237.08,0,0
2025-12-09 20:00:00,27.83,85.0,89.52,1.6,165.49,66.8,237.61,0,0
2025-12-09 21:00:00,27.01,82.74,89.41,1.6,169.67,67.66,240.82,0,0
2025-12-09 22:00:00,25.61,84.92,89.37,1.6,170.21,68.09,240.07,0,0
2025-12-09 23:00:00,26.08,85.0,89.23,1.6,169.75,67.39,241.58,0,0
2025-12-10 00:00:00,24.26,84.55,88.66,1.6,168.02,66.4,236.84,0,0
2025-12-10 01:00:00,24.38,85.0,88.18,1.6,166.56,64.4,235.5,0,0
2025-12-10 02:00:00,23.89,85.0,87.81,1.6,165.01,63.61,232.29,0,0
2025-12-10 03:00:00,24.23,85.0,87.52,1.6,167.48,64.5,231.49,0,0
2025-12-10 04:00:00,26.18,83.99,87.62,1.6,167.41,64.38,232.85,0,0
2025-12-10 05:00:00,22.58,82.62,87.07,1.6,168.33,65.35,231.44,0,0
2025-12-10 06:00:00,25.33,83.63,92.0,1.6,170.92,64.69,233.78,1,0
2025-12-10 07:00:00,23.95,85.0,92.0,1.6,166.44,65.25,231.7,0,0
2025-12-10 08:00:00,25.82,85.0,91.33,1.6,168.69,64.51,234.08,0,0
2025-12-10 09:00:00,28.13,80.3,90.88,1.6,168.64,63.56,237.4,0,0
2025-12-10 10:00:00,28.06,84.83,90.25,1.6,169.28,63.42,239.81,0,0
2025-12-10 11:00:00,27.72,85.0,89.74,1.6,167.61,62.78,238.71,0,0
2025-12-10 12:00:00,28.5,84.2,92.0,1.6,166.15,61.37,233.21,1,0
2025-12-10 13:00:00,29.91,85.0,91.6,1.6,166.98,61.22,234.76,0,0
2025-12-10 14:00:00,28.59,85.0,90.54,1.6,171.2,61.34,234.46,0,0
2025-12-10 15:00:00,29.27,85.0,92.0,1.6,172.75,62.5,232.04,1,0
2025-12-10 16:00:00,28.84,84.34,91.49,1.6,174.72,63.33,230.79,0,0
2025-12-10 17:00:00,27.85,85.0,91.07,1.6,173.99,64.39,234.59,0,0
2025-12-10 18:00:00,29.93,85.0,90.91,1.6,172.55,64.96,231.77,0,0
2025-12-10 19:00:00,28.07,85.0,90.58,1.6,170.84,65.17,233.1,0,0
2025-12-10 20:00:00,25.15,82.49,90.82,1.6,169.73,63.97,233.74,0,0
2025-12-10 21:00:00,26.6,84.35,90.41,1.6,165.84,64.05,232.91,0,0
2025-12-10 22:00:00,25.3,84.17,90.6,1.6,164.51,64.52,234.63,0,0
2025-12-10 23:00:00,26.17,85.0,90.63,1.6,163.52,65.76,238.72,0,0
2025-12-11 00:00:00,24.25,85.0,90.15,1.6,163.26,66.27,237.8,0,0
2025-12-11 01:00:00,24.49,83.14,90.04,1.6,163.57,67.25,237.05,0,0
2025-12-11 02:00:00,24.78,85.0,89.82,1.6,164.28,66.17,238.5,0,0
2025-12-11 03:00:00,24.94,80.55,89.8,1.6,164.28,65.75,240.62,0,0
2025-12-11 04:00:00,23.02,85.0,89.53,1.6,163.26,66.02,240.02,0,0
2025-12-11 05:00:00,23.96,83.87,89.23,1.6,159.8,66.95,239.01,0,0
2025-12-11 06:00:00,24.28,85.0,92.0,1.6,158.97,66.67,233.26,1,0
2025-12-11 07:00:00,24.81,84.27,91.76,1.6,157.46,66.45,231.41,0,0
2025-12-11 08:00:00,27.84,85.0,91.42,1.6,158.6,66.94,228.74,0,0
2025-12-11 09:00:00,27.52,80.3,90.77,1.6,160.49,65.78,230.76,0,0
2025-12-11 10:00:00,26.87,84.81,90.69,1.6,162.36,67.11,230.36,0,0
2025-12-11 11:00:00,29.52,84.59,89.88,1.6,163.83,66.17,229.89,0,0
2025-12-11 12:00:00,31.05,83.81,92.0,1.6,163.64,64.31,230.12,1,0
2025-12-11 13:00:00,30.23,85.0,91.85,1.6,162.75,64.25,228.19,0,0
2025-12-11 14:00:00,27.88,82.85,91.13,1.6,161.5,65.71,232.41,0,0
2025-12-11 15:00:00,28.64,85.0,92.0,1.6,158.92,66.13,235.79,1,0
2025-12-11 16:00:00,29.94,85.0,91.67,1.6,160.95,66.68,239.79,0,0
2025-12-11 17:00:00,27.8,85.0,91.03,1.6,160.8,66.58,241.26,0,0
2025-12-11 18:00:00,28.4,83.38,89.89,1.6,158.72,66.31,240.88,0,0
2025-12-11 19:00:00,28.2,83.26,89.67,1.6,157.49,64.79,244.62,0,0
2025-12-11 20:00:00,26.14,85.0,89.49,1.6,156.23,62.67,242.44,0,0
2025-12-11 21:00:00,26.37,85.0,89.63,1.6,156.66,62.83,239.89,0,0
2025-12-11 22:00:00,22.98,81.53,89.91,1.6,158.91,63.98,238.14,0,0
2025-12-11 23:00:00,24.48,83.76,89.5,1.6,158.53,64.23,239.29,0,0
2025-12-12 00:00:00,24.73,85.0,89.53,1.6,154.73,64.73,237.17,0,0
2025-12-12 01:00:00,23.47,85.0,89.56,1.6,154.8,66.07,236.67,0,0
2025-12-12 02:00:00,25.79,83.5,89.67,1.6,154.93,66.24,232.58,0,0
2025-12-12 03:00:00,22.87,80.3,89.62,1.6,154.93,66.01,233.91,0,0
2025-12-12 04:00:00,23.7,85.0,88.83,1.6,154.2,65.15,230.17,0,0
2025-12-12 05:00:00,24.37,82.31,88.58,1.6,155.02,66.87,228.08,0,0
2025-12-12 06:00:00,26.01,80.54,92.0,1.6,155.54,67.2,231.47,1,0
2025-12-12 07:00:00,24.11,80.3,91.73,1.6,155.88,66.2,234.6,0,0
2025-12-12 08:00:00,27.3,85.0,91.44,1.6,156.98,65.02,235.55,0,0
2025-12-12 09:00:00,27.16,85.0,90.95,1.6,156.53,66.05,236.21,0,0
2025-12-12 10:00:00,27.12,84.35,90.71,1.6,155.99,65.0,234.83,0,0
2025-12-12 11:00:00,29.11,85.0,90.22,1.6,158.84,66.58,232.9,0,0
2025-12-12 12:00:00,29.32,85.0,92.0,1.6,160.09,63.96,232.1,1,0
2025-12-12 13:00:00,28.76,85.0,90.65,1.6,161.78,65.18,228.46,0,0
2025-12-12 14:00:00,29.31,81.74,90.1,1.6,164.11,65.52,229.42,0,0
2025-12-12 15:00:00,28.73,84.73,92.0,1.6,165.09,65.52,229.82,1,0
2025-12-12 16:00:00,28.91,81.26,91.11,1.6,166.76,65.26,227.75,0,0
2025-12-12 17:00:00,29.04,84.33,90.0,1.6,163.85,66.86,232.03,0,0
2025-12-12 18:00:00,29.43,84.3,89.19,1.6,164.26,67.36,233.7,0,0
2025-12-12 19:00:00,26.39,85.0,88.92,1.6,163.96,66.38,235.49,0,0
2025-12-12 20:00:00,28.89,84.99,88.9,1.6,167.02,64.7,234.25,0,0
2025-12-12 21:00:00,24.67,85.0,88.75,1.6,168.61,64.78,234.28,0,0
2025-12-12 22:00:00,25.76,85.0,89.02,1.6,167.33,64.7,235.89,0,0
2025-12-12 23:00:00,25.93,85.0,88.5,1.6,167.91,63.25,236.22,0,0
2025-12-13 00:00:00,25.21,84.27,88.56,1.6,168.1,63.16,240.17,0,0
2025-12-13 01:00:00,24.04,82.91,88.37,1.6,168.79,62.61,239.4,0,0
2025-12-13 02:00:00,24.14,85.0,88.37,1.6,166.8,62.6,237.92,0,0
2025-12-13 03:00:00,23.71,83.23,88.04,1.6,167.38,63.24,239.36,0,0
2025-12-13 04:00:00,23.57,85.0,88.15,1.6,166.87,64.54,235.98,0,0
2025-12-13 05:00:00,25.02,84.37,88.04,1.6,167.31,65.28,238.24,0,0
2025-12-13 06:00:00,25.03,83.73,92.0,1.6,165.91,64.54,234.83,1,0
2025-12-13 07:00:00,24.78,83.91,91.79,1.6,164.82,64.79,236.43,0,0
2025-12-13 08:00:00,27.06,85.0,91.13,1.6,166.94,64.76,234.74,0,0
2025-12-13 09:00:00,27.43,84.54,90.7,1.6,164.97,63.48,235.94,0,0
2025-12-13 10:00:00,28.73,83.44,89.75,1.6,163.21,63.8,238.17,0,0
2025-12-13 11:00:00,29.26,85.0,89.14,1.6,163.19,65.41,238.39,0,0
2025-12-13 12:00:00,28.4,82.92,92.0,1.6,161.87,65.34,235.22,1,0
2025-12-13 13:00:00,28.8,84.88,91.42,1.6,160.41,63.81,232.97,0,0
2025-12-13 14:00:00,29.92,85.0,91.22,1.6,160.78,63.78,231.25,0,0
2025-12-13 15:00:00,29.62,81.22,92.0,1.6,158.24,62.63,226.7,1,0
2025-12-13 16:00:00,28.78,85.0,91.4,1.6,156.7,63.39,229.93,0,0
2025-12-13 17:00:00,28.55,82.51,90.87,1.6,160.72,63.82,230.46,0,0
2025-12-13 18:00:00,29.15,85.0,90.37,1.6,161.72,63.61,227.85,0,0
2025-12-13 19:00:00,26.97,82.75,90.28,1.6,160.51,63.27,231.85,0,0
2025-12-13 20:00:00,27.46,85.0,89.51,1.6,161.44,63.04,230.25,0,0
2025-12-13 21:00:00,26.25,85.0,89.21,1.6,162.61,63.01,231.11,0,0
2025-12-13 22:00:00,25.7,85.0,88.56,1.6,164.49,62.29,229.25,0,0
2025-12-13 23:00:00,26.39,85.0,88.73,1.6,164.28,61.03,224.49,0,0
2025-12-14 00:00:00,25.7,84.46,88.51,1.6,166.07,62.08,221.6,0,0
2025-12-14 01:00:00,25.33,83.71,88.24,1.6,162.36,61.74,221.15,0,0
2025-12-14 02:00:00,25.5,85.0,88.3,1.6,160.56,61.89,224.09,0,0
2025-12-14 03:00:00,24.18,83.46,88.22,1.6,161.03,62.15,225.5,0,0
2025-12-14 04:00:00,24.71,82.72,87.68,1.6,161.79,62.44,226.33,0,0
2025-12-14 05:00:00,23.98,85.0,87.45,1.6,160.27,61.37,221.74,0,0
2025-12-14 06:00:00,25.0,83.23,92.0,1.6,160.93,59.88,225.57,1,0
2025-12-14 07:00:00,25.28,82.86,91.27,1.6,159.97,59.41,226.6,0,0
2025-12-14 08:00:00,26.34,81.74,90.48,1.6,159.67,59.85,226.73,0,0
2025-12-14 09:00:00,27.69,83.82,89.84,1.6,161.73,59.26,229.97,0,0
2025-12-14 10:00:00,27.26,84.67,89.22,1.6,163.5,59.02,233.34,0,0
2025-12-14 11:00:00,30.57,85.0,88.17,1.6,161.76,61.02,236.31,0,0
2025-12-14 12:00:00,28.24,85.0,92.0,1.6,159.99,59.39,235.63,1,0
2025-12-14 13:00:00,28.21,85.0,91.38,1.6,159.45,58.79,233.09,0,0
2025-12-14 14:00:00,30.29,84.38,90.78,1.6,159.62,60.59,235.65,0,0
2025-12-14 15:00:00,29.79,84.37,92.0,1.6,158.65,60.6,232.21,1,0
2025-12-14 16:00:00,29.37,85.0,91.16,1.6,160.78,60.0,237.22,0,0
2025-12-14 17:00:00,29.01,85.0,90.71,1.6,161.57,61.11,237.18,0,0
2025-12-14 18:00:00,27.99,85.0,90.01,1.6,162.44,61.19,234.41,0,0
2025-12-14 19:00:00,26.7,83.84,89.53,1.6,160.27,60.9,231.36,0,0
2025-12-14 20:00:00,27.04,82.71,89.49,1.6,162.56,61.11,228.35,0,0
2025-12-14 21:00:00,25.82,81.73,89.72,1.6,157.58,60.54,229.04,0,0
2025-12-14 22:00:00,26.77,85.0,89.73,1.6,159.38,59.67,229.32,0,0
2025-12-14 23:00:00,25.27,85.0,89.8,1.6,161.28,59.64,226.51,0,0
2025-12-15 00:00:00,24.22,85.0,89.44,1.6,160.65,58.8,226.05,0,0
2025-12-15 01:00:00,24.31,84.7,88.75,1.6,163.12,58.9,223.07,0,0
2025-12-15 02:00:00,24.7,85.0,88.99,1.6,163.08,59.32,225.14,0,0
2025-12-15 03:00:00,23.65,83.93,89.41,1.6,163.27,60.16,225.5,0,0
2025-12-15 04:00:00,23.36,85.0,89.67,1.6,163.95,61.23,225.03,0,0
2025-12-15 05:00:00,24.48,84.91,89.36,1.6,169.73,60.89,222.31,0,0
2025-12-15 06:00:00,24.93,83.64,92.0,1.6,171.96,61.38,222.19,1,0
2025-12-15 07:00:00,24.94,85.0,91.47,1.6,172.94,61.84,221.79,0,0
2025-12-15 08:00:00,25.82,85.0,90.39,1.6,170.98,62.14,223.25,0,0
2025-12-15 09:00:00,27.36,85.0,89.78,1.6,171.0,61.7,224.25,0,0
2025-12-15 10:00:00,26.7,85.0,89.68,1.6,169.3,60.79,226.77,0,0
2025-12-15 11:00:00,27.42,84.74,89.05,1.6,170.6,61.27,225.97,0,0
2025-12-15 12:00:00,28.5,85.0,92.0,1.6,170.63,59.76,221.77,1,0
2025-12-15 13:00:00,29.11,85.0,91.82,1.6,168.38,59.59,224.91,0,0
2025-12-15 14:00:00,29.52,85.0,91.09,1.6,168.39,57.36,223.08,0,0
2025-12-15 15:00:00,30.4,85.0,92.0,1.6,166.73,56.3,220.9,1,0
2025-12-15 16:00:00,29.58,85.0,92.0,1.6,166.93,55.68,221.5,0,0
2025-12-15 17:00:00,28.3,85.0,91.37,1.6,165.31,56.85,222.93,0,0
2025-12-15 18:00:00,27.98,84.91,90.6,1.6,165.35,57.63,222.21,0,0
2025-12-15 19:00:00,26.6,84.2,90.6,1.6,166.68,57.26,221.5,0,0
2025-12-15 20:00:00,26.96,84.71,90.29,1.6,166.52,58.06,221.2,0,0
2025-12-15 21:00:00,26.17,80.3,89.73,1.6,165.76,58.98,225.43,0,0
2025-12-15 22:00:00,26.19,85.0,89.9,1.6,166.09,58.92,225.9,0,0
2025-12-15 23:00:00,24.66,83.88,90.06,1.6,167.3,57.77,223.94,0,0
2025-12-16 00:00:00,25.43,85.0,89.9,1.6,165.22,57.71,222.1,0,0
2025-12-16 01:00:00,25.98,85.0,89.31,1.6,165.68,57.75,222.11,0,0
2025-12-16 02:00:00,24.23,82.38,88.74,1.6,168.02,56.77,223.35,0,0
2025-12-16 03:00:00,24.52,84.89,88.56,1.6,168.93,57.25,225.14,0,0
2025-12-16 04:00:00,24.72,82.7,88.21,1.6,168.88,57.65,225.95,0,0
2025-12-16 05:00:00,23.9,85.0,87.9,1.6,169.88,58.18,224.3,0,0
2025-12-16 06:00:00,24.91,85.0,92.0,1.6,170.5,58.55,223.77,1,0
2025-12-16 07:00:00,25.41,85.0,92.0,1.6,171.63,59.31,226.17,0,0
2025-12-16 08:00:00,26.34,83.18,91.83,1.6,167.72,59.23,223.74,0,0
2025-12-16 09:00:00,26.46,84.96,90.96,1.6,164.82,59.49,223.14,0,0
2025-12-16 10:00:00,28.02,81.85,90.27,1.6,166.64,59.21,225.23,0,0
2025-12-16 11:00:00,29.14,85.0,89.9,1.6,163.86,58.77,227.91,0,0
2025-12-16 12:00:00,30.45,85.0,92.0,1.6,164.63,60.07,227.78,1,0
2025-12-16 13:00:00,30.16,85.0,91.86,1.6,164.01,58.29,227.11,0,0
2025-12-16 14:00:00,31.18,84.81,91.37,1.6,162.26,59.19,224.2,0,0
2025-12-16 15:00:00,28.38,85.0,92.0,1.6,163.0,58.71,226.05,1,0
2025-12-16 16:00:00,29.59,85.0,91.56,1.6,163.44,58.14,229.8,0,0
2025-12-16 17:00:00,28.6,84.21,91.29,1.6,167.3,58.49,236.47,0,0
2025-12-16 18:00:00,29.97,85.0,90.59,1.6,166.08,57.25,237.36,0,0
2025-12-16 19:00:00,26.78,82.48,90.38,1.6,168.63,56.66,237.12,0,0
2025-12-16 20:00:00,26.22,82.98,90.44,1.6,169.12,56.06,234.71,0,0
2025-12-16 21:00:00,25.89,85.0,90.72,1.6,167.77,56.03,230.03,0,0
2025-12-16 22:00:00,23.99,85.0,90.73,1.6,169.09,55.49,230.72,0,0
2025-12-16 23:00:00,24.93,84.39,90.5,1.6,169.95,57.13,236.81,0,0
2025-12-17 00:00:00,24.28,84.45,90.71,1.6,169.81,58.89,239.9,0,0
2025-12-17 01:00:00,24.73,84.09,89.84,1.6,170.1,57.16,242.44,0,0
2025-12-17 02:00:00,24.63,83.81,89.21,1.6,168.82,57.8,242.69,0,0
2025-12-17 03:00:00,25.85,85.0,89.21,1.6,167.18,58.7,243.2,0,0
2025-12-17 04:00:00,24.96,81.71,89.0,1.6,168.46,59.29,236.73,0,0
2025-12-17 05:00:00,23.74,85.0,88.98,1.6,167.92,58.77,238.55,0,0
2025-12-17 06:00:00,23.9,83.51,92.0,1.6,167.66,58.65,236.92,1,0
2025-12-17 07:00:00,25.84,85.0,91.96,1.6,168.06,58.08,235.07,0,0
2025-12-17 08:00:00,25.06,82.12,91.15,1.6,168.41,57.82,234.26,0,0
2025-12-17 09:00:00,28.8,85.0,90.72,1.6,165.7,56.85,233.41,0,0
2025-12-17 10:00:00,29.06,85.0,90.43,1.6,167.99,56.91,231.69,0,0
2025-12-17 11:00:00,28.27,85.0,90.2,1.6,168.09,55.71,231.89,0,0
2025-12-17 12:00:00,27.6,82.62,92.0,1.6,167.6,55.71,230.65,1,0
2025-12-17 13:00:00,30.52,85.0,91.47,1.6,168.27,54.78,231.12,0,0
2025-12-17 14:00:00,29.14,82.2,90.95,1.6,168.57,55.18,227.6,0,0
2025-12-17 15:00:00,30.19,84.25,92.0,1.6,169.81,54.77,227.43,1,0
2025-12-17 16:00:00,27.37,85.0,91.26,1.6,170.58,55.25,225.07,0,0
2025-12-17 17:00:00,27.9,85.0,90.61,1.6,171.65,56.43,223.96,0,0
2025-12-17 18:00:00,28.0,84.88,90.33,1.6,173.82,58.03,224.87,0,0
2025-12-17 19:00:00,27.55,82.72,89.94,1.6,175.05,55.87,221.37,0,0
2025-12-17 20:00:00,26.57,85.0,89.97,1.6,174.36,55.3,219.99,0,0
2025-12-17 21:00:00,26.99,84.95,89.75,1.6,171.97,55.23,222.17,0,0
2025-12-17 22:00:00,24.94,80.3,89.49,1.6,174.69,55.85,219.28,0,0
2025-12-17 23:00:00,25.27,85.0,89.36,1.6,173.88,54.55,224.51,0,0
2025-12-18 00:00:00,25.07,84.91,89.03,1.6,172.67,53.89,228.04,0,0
2025-12-18 01:00:00,25.06,85.0,88.7,1.6,169.24,54.25,227.15,0,0
2025-12-18 02:00:00,24.97,82.58,87.98,1.6,169.68,54.56,225.58,0,0
2025-12-18 03:00:00,23.14,80.3,87.7,1.6,169.76,55.12,226.55,0,0
2025-12-18 04:00:00,22.72,85.0,87.36,1.6,166.84,55.73,223.36,0,0
2025-12-18 05:00:00,25.41,85.0,86.99,1.6,167.58,56.22,218.93,0,0
2025-12-18 06:00:00,25.01,81.26,92.0,1.6,166.58,56.57,218.59,1,0
2025-12-18 07:00:00,24.73,82.8,91.99,1.6,171.36,56.78,219.07,0,0
2025-12-18 08:00:00,27.64,85.0,91.47,1.6,170.08,57.54,220.11,0,0
2025-12-18 09:00:00,27.26,84.21,91.19,1.6,169.09,55.65,219.31,0,0
2025-12-18 10:00:00,29.06,85.0,90.76,1.6,167.36,57.23,223.28,0,0
2025-12-18 11:00:00,28.75,83.39,90.08,1.6,169.56,55.39,220.13,0,0
2025-12-18 12:00:00,31.0,80.3,92.0,1.6,168.71,54.62,218.03,1,0
2025-12-18 13:00:00,30.88,84.43,91.49,1.6,167.26,54.64,220.09,0,0
2025-12-18 14:00:00,29.02,84.22,91.06,1.6,168.44,55.46,217.94,0,0
2025-12-18 15:00:00,29.95,83.93,92.0,1.6,165.82,52.96,215.79,1,0
2025-12-18 16:00:00,29.38,84.57,91.76,1.6,166.91,53.21,217.06,0,0
2025-12-18 17:00:00,29.67,85.0,91.0,1.6,170.04,54.19,215.32,0,0
2025-12-18 18:00:00,27.13,84.52,90.38,1.6,170.86,55.32,215.97,0,0
2025-12-18 19:00:00,28.12,82.09,90.37,1.6,171.77,54.89,215.17,0,0
2025-12-18 20:00:00,27.92,85.0,90.47,1.6,173.07,54.83,214.01,0,0
2025-12-18 21:00:00,24.85,80.62,90.55,1.6,175.82,54.49,209.8,0,0
2025-12-18 22:00:00,24.83,80.42,90.32,1.6,177.57,54.36,211.41,0,0
2025-12-18 23:00:00,23.56,85.0,89.74,1.6,177.85,53.66,209.47,0,0
2025-12-19 00:00:00,24.72,85.0,89.24,1.6,178.97,53.11,210.33,0,0
2025-12-19 01:00:00,25.24,84.85,89.11,1.6,176.81,53.77,210.28,0,0
2025-12-19 02:00:00,25.68,81.92,89.0,1.6,177.74,54.14,211.0,0,0
2025-12-19 03:00:00,24.22,83.44,88.47,1.6,175.42,54.82,211.83,0,0
2025-12-19 04:00:00,25.57,84.42,88.27,1.6,174.34,55.22,213.47,0,0
2025-12-19 05:00:00,23.01,81.48,88.26,1.6,168.42,56.06,212.73,0,0
2025-12-19 06:00:00,23.18,83.35,92.0,1.6,169.01,57.03,216.95,1,0
2025-12-19 07:00:00,25.35,85.0,92.0,1.6,167.69,55.61,213.23,0,0
2025-12-19 08:00:00,26.59,85.0,91.31,1.6,169.58,55.03,213.75,0,0
2025-12-19 09:00:00,27.12,83.96,91.1,1.6,170.1,55.03,216.91,0,0
2025-12-19 10:00:00,26.14,85.0,90.36,1.6,171.92,55.22,219.0,0,0
2025-12-19 11:00:00,28.61,80.61,89.46,1.6,169.69,54.82,217.37,0,0
2025-12-19 12:00:00,27.97,85.0,92.0,1.6,171.37,55.86,216.23,1,0
2025-12-19 13:00:00,29.9,83.03,91.37,1.6,174.91,57.83,214.65,0,0
2025-12-19 14:00:00,29.57,85.0,90.65,1.6,175.89,58.12,217.17,0,0
2025-12-19 15:00:00,28.23,84.26,92.0,1.6,176.87,58.31,216.21,1,0
2025-12-19 16:00:00,28.34,85.0,91.51,1.6,176.7,59.19,217.78,0,0
2025-12-19 17:00:00,27.49,82.91,90.87,1.6,175.29,57.59,219.31,0,0
2025-12-19 18:00:00,27.94,85.0,90.26,1.6,176.25,57.75,226.01,0,0
2025-12-19 19:00:00,28.36,84.25,89.53,1.6,173.09,58.76,227.24,0,0
2025-12-19 20:00:00,26.08,84.54,89.44,1.6,172.01,58.28,225.6,0,0
2025-12-19 21:00:00,26.88,84.51,89.2,1.6,168.55,57.28,222.42,0,0
2025-12-19 22:00:00,25.42,83.07,89.48,1.6,167.14,57.26,222.36,0,0
2025-12-19 23:00:00,24.69,84.92,88.99,1.6,168.21,57.35,222.7,0,0
2025-12-20 00:00:00,24.86,84.83,88.24,1.6,168.99,56.67,217.79,0,0
2025-12-20 01:00:00,23.66,85.0,88.22,1.6,168.92,58.71,216.86,0,0
2025-12-20 02:00:00,23.83,85.0,88.12,1.6,169.07,58.38,218.51,0,0
2025-12-20 03:00:00,23.08,85.0,87.62,1.6,165.51,57.45,218.01,0,0
2025-12-20 04:00:00,25.87,85.0,86.95,1.6,164.82,57.5,221.28,0,0
2025-12-20 05:00:00,24.29,82.68,87.2,1.6,163.6,58.46,218.07,0,0
2025-12-20 06:00:00,24.08,85.0,92.0,1.6,162.47,58.58,220.61,1,0
2025-12-20 07:00:00,25.59,82.34,91.05,1.6,163.65,59.12,223.61,0,0
2025-12-20 08:00:00,26.15,85.0,90.33,1.6,162.16,58.42,226.57,0,0
2025-12-20 09:00:00,26.95,85.0,90.25,1.6,161.18,59.87,223.08,0,0
2025-12-20 10:00:00,28.55,80.65,89.51,1.6,157.58,60.44,224.46,0,0
2025-12-20 11:00:00,29.37,85.0,88.76,1.6,157.35,61.43,223.32,0,0
2025-12-20 12:00:00,28.67,83.78,92.0,1.6,155.69,61.77,220.38,1,0
2025-12-20 13:00:00,28.78,83.13,91.07,1.6,156.21,62.52,220.08,0,0
2025-12-20 14:00:00,29.0,85.0,89.96,1.6,154.85,61.72,218.56,0,0
2025-12-20 15:00:00,27.0,83.37,92.0,1.6,155.44,61.29,221.69,1,0
2025-12-20 16:00:00,27.44,83.05,90.86,1.6,155.56,62.52,223.64,0,0
2025-12-20 17:00:00,29.67,85.0,90.33,1.6,158.95,63.91,221.32,0,0
2025-12-20 18:00:00,29.48,85.0,90.0,1.6,160.09,62.82,220.2,0,0
2025-12-20 19:00:00,27.28,84.56,89.35,1.6,156.97,63.02,219.98,0,0
2025-12-20 20:00:00,27.49,85.0,88.86,1.6,155.02,62.6,220.55,0,0
2025-12-20 21:00:00,26.71,85.0,89.02,1.6,155.52,61.95,223.79,0,0
2025-12-20 22:00:00,28.67,80.3,88.96,1.6,154.22,62.21,226.08,0,0
2025-12-20 23:00:00,26.41,83.79,88.56,1.6,149.31,63.23,226.65,0,0
2025-12-21 00:00:00,24.85,83.73,88.72,1.6,152.37,63.6,226.42,0,0
2025-12-21 01:00:00,23.74,85.0,88.88,1.6,154.17,63.27,222.42,0,0
2025-12-21 02:00:00,22.88,80.3,88.75,1.6,155.54,63.69,226.27,0,0
2025-12-21 03:00:00,24.34,85.0,88.28,1.6,154.83,63.32,225.59,0,0
2025-12-21 04:00:00,23.42,85.0,87.95,1.6,156.0,63.65,229.95,0,0
2025-12-21 05:00:00,22.98,85.0,87.83,1.6,155.09,64.86,230.69,0,0
2025-12-21 06:00:00,24.13,85.0,92.0,1.6,155.86,62.9,235.97,1,0
2025-12-21 07:00:00,24.43,85.0,92.0,1.6,154.57,63.59,237.44,0,0
2025-12-21 08:00:00,27.77,85.0,90.95,1.6,157.71,62.16,233.74,0,0
2025-12-21 09:00:00,27.94,85.0,89.92,1.6,155.18,63.26,232.26,0,0
2025-12-21 10:00:00,27.99,85.0,89.38,1.6,157.79,62.65,231.98,0,0
2025-12-21 11:00:00,30.02,84.51,88.63,1.6,158.15,61.53,229.94,0,0
2025-12-21 12:00:00,29.21,83.76,92.0,1.6,157.54,62.17,229.26,1,0
2025-12-21 13:00:00,28.52,82.98,90.88,1.6,158.14,62.49,226.12,0,0
2025-12-21 14:00:00,30.61,83.29,90.28,1.6,159.73,61.58,226.58,0,0
2025-12-21 15:00:00,29.56,81.84,92.0,1.6,162.41,60.47,227.6,1,0
2025-12-21 16:00:00,27.87,84.65,91.61,1.6,163.07,60.34,225.46,0,0
2025-12-21 17:00:00,28.27,81.13,91.04,1.6,161.55,59.31,230.79,0,0
2025-12-21 18:00:00,27.21,85.0,90.41,1.6,161.79,58.43,231.15,0,0
2025-12-21 19:00:00,26.26,84.79,90.56,1.6,165.18,58.65,229.3,0,0
2025-12-21 20:00:00,27.81,85.0,89.95,1.6,167.6,57.88,225.52,0,0
2025-12-21 21:00:00,28.15,83.76,89.89,1.6,169.13,58.38,226.14,0,0
2025-12-21 22:00:00,24.64,85.0,89.19,1.6,170.4,59.83,225.93,0,0
2025-12-21 23:00:00,25.91,85.0,88.73,1.6,171.44,59.77,228.34,0,0
2025-12-22 00:00:00,24.37,82.23,88.16,1.6,173.27,59.95,228.32,0,0
2025-12-22 01:00:00,24.16,85.0,88.19,1.6,172.12,61.83,225.67,0,0
2025-12-22 02:00:00,23.79,83.65,87.96,1.6,169.4,60.76,230.31,0,0
2025-12-22 03:00:00,23.38,82.77,87.75,1.6,169.34,61.87,231.63,0,0
2025-12-22 04:00:00,24.14,82.05,87.22,1.6,167.7,62.84,231.17,0,0
2025-12-22 05:00:00,23.51,85.0,86.92,1.6,165.69,63.58,231.77,0,0
2025-12-22 06:00:00,24.95,83.48,92.0,1.6,164.37,64.7,233.12,1,0
2025-12-22 07:00:00,25.35,85.0,91.91,1.6,168.87,64.87,229.64,0,0
2025-12-22 08:00:00,26.03,85.0,91.03,1.6,168.96,64.26,230.3,0,0
2025-12-22 09:00:00,26.33,85.0,90.85,1.6,169.45,65.18,229.41,0,0
2025-12-22 10:00:00,27.48,82.97,89.76,1.6,167.07,66.1,230.96,0,0
2025-12-22 11:00:00,29.37,85.0,88.92,1.6,163.67,66.97,229.31,0,0
2025-12-22 12:00:00,29.59,85.0,92.0,1.6,162.25,66.86,228.08,1,0
2025-12-22 13:00:00,28.42,83.76,91.28,1.6,164.95,66.07,232.59,0,0
2025-12-22 14:00:00,29.33,83.1,90.28,1.6,165.55,66.12,235.78,0,0
2025-12-22 15:00:00,29.75,85.0,92.0,1.6,166.61,66.85,227.51,1,0
2025-12-22 16:00:00,27.3,85.0,91.27,1.6,167.87,67.62,230.77,0,0
2025-12-22 17:00:00,28.93,85.0,90.43,1.6,166.69,67.07,230.8,0,0
2025-12-22 18:00:00,27.4,83.04,89.51,1.6,169.12,67.2,229.24,0,0
2025-12-22 19:00:00,28.02,82.19,90.13,1.6,167.82,65.87,227.01,0,0
2025-12-22 20:00:00,26.28,83.64,89.84,1.6,170.24,66.64,225.04,0,0
2025-12-22 21:00:00,24.8,84.64,89.06,1.6,170.82,65.79,223.83,0,0
2025-12-22 22:00:00,24.43,82.59,89.3,1.6,167.37,66.39,221.57,0,0
2025-12-22 23:00:00,25.44,84.93,89.27,1.6,165.93,65.22,218.86,0,0
2025-12-23 00:00:00,25.19,81.25,88.84,1.6,162.68,66.05,217.07,0,0
2025-12-23 01:00:00,23.78,82.52,88.35,1.6,164.87,66.22,218.77,0,0
2025-12-23 02:00:00,24.9,85.0,88.35,1.6,164.83,65.39,219.71,0,0
2025-12-23 03:00:00,22.66,85.0,88.07,1.6,160.82,65.91,221.86,0,0
2025-12-23 04:00:00,24.04,84.14,87.29,1.6,161.67,65.26,222.35,0,0
2025-12-23 05:00:00,23.17,82.75,87.62,1.6,160.83,65.84,219.72,0,0
2025-12-23 06:00:00,24.12,82.72,92.0,1.6,158.33,65.48,221.72,1,0
2025-12-23 07:00:00,25.44,84.13,92.0,1.6,161.62,63.82,219.87,0,0
2025-12-23 08:00:00,25.47,85.0,91.81,1.6,161.94,62.88,222.24,0,0
2025-12-23 09:00:00,26.81,85.0,90.93,1.6,161.54,62.47,219.97,0,0
2025-12-23 10:00:00,28.91,83.76,90.64,1.6,160.96,63.69,219.0,0,0
2025-12-23 11:00:00,28.17,82.29,89.86,1.6,158.4,64.45,218.9,0,0
2025-12-23 12:00:00,29.9,85.0,92.0,1.6,156.31,65.84,221.39,1,0
2025-12-23 13:00:00,28.28,82.99,91.28,1.6,158.97,67.21,222.51,0,0
2025-12-23 14:00:00,29.72,83.66,90.8,1.6,158.36,66.57,223.18,0,0
2025-12-23 15:00:00,30.37,85.0,92.0,1.6,158.67,66.27,228.49,1,0
2025-12-23 16:00:00,26.58,85.0,91.33,1.6,155.24,65.77,224.22,0,0
2025-12-23 17:00:00,27.72,85.0,91.08,1.6,153.26,65.05,222.16,0,0
2025-12-23 18:00:00,28.52,82.05,90.52,1.6,154.82,63.3,220.1,0,0
2025-12-23 19:00:00,27.32,85.0,90.06,1.6,155.91,63.25,216.42,0,0
2025-12-23 20:00:00,27.31,85.0,90.05,1.6,159.43,62.05,215.55,0,0
2025-12-23 21:00:00,25.88,84.08,89.9,1.6,162.07,62.02,218.24,0,0
2025-12-23 22:00:00,25.97,85.0,88.94,1.6,161.77,63.93,217.6,0,0
2025-12-23 23:00:00,25.26,85.0,88.86,1.6,162.75,63.41,217.64,0,0
2025-12-24 00:00:00,26.01,85.0,88.77,1.6,162.27,63.54,214.2,0,0
2025-12-24 01:00:00,24.83,85.0,88.57,1.6,166.08,64.31,213.25,0,0
2025-12-24 02:00:00,24.63,85.0,88.63,1.6,168.11,64.49,213.18,0,0
2025-12-24 03:00:00,23.79,85.0,88.22,1.6,168.29,64.68,215.88,0,0
2025-12-24 04:00:00,23.66,85.0,88.12,1.6,168.52,64.28,212.65,0,0
2025-12-24 05:00:00,23.87,83.89,87.44,1.6,170.98,64.0,212.63,0,0
2025-12-24 06:00:00,25.06,83.99,92.0,1.6,171.78,63.08,216.46,1,0
2025-12-24 07:00:00,25.02,85.0,92.0,1.6,174.31,63.8,216.28,0,0
2025-12-24 08:00:00,26.51,82.08,91.12,1.6,169.99,62.18,211.93,0,0
2025-12-24 09:00:00,29.02,84.57,90.3,1.6,170.62,63.05,216.28,0,0
2025-12-24 10:00:00,28.78,85.0,89.49,1.6,169.47,61.76,219.05,0,0
2025-12-24 11:00:00,28.4,80.3,88.94,1.6,172.45,62.63,222.02,0,0
2025-12-24 12:00:00,30.22,85.0,92.0,1.6,174.94,62.29,218.31,1,0
2025-12-24 13:00:00,28.93,85.0,91.53,1.6,174.6,61.18,222.93,0,0
2025-12-24 14:00:00,27.41,83.79,91.2,1.6,176.98,61.72,221.6,0,0
2025-12-24 15:00:00,28.17,85.0,92.0,1.6,179.71,62.57,220.99,1,0
2025-12-24 16:00:00,27.12,84.83,90.89,1.6,179.26,62.15,219.94,0,0
2025-12-24 17:00:00,28.12,85.0,90.59,1.6,183.14,62.8,223.06,0,0
2025-12-24 18:00:00,28.02,85.0,90.29,1.6,182.35,60.72,223.21,0,0
2025-12-24 19:00:00,29.01,81.79,90.32,1.6,181.27,59.57,225.0,0,0
2025-12-24 20:00:00,27.27,85.0,90.22,1.6,182.18,60.8,225.69,0,0
2025-12-24 21:00:00,26.23,84.46,90.07,1.6,180.86,60.64,225.92,0,0
2025-12-24 22:00:00,26.64,85.0,90.17,1.6,180.38,59.0,224.0,0,0
2025-12-24 23:00:00,23.41,83.35,90.54,1.6,182.3,58.46,229.08,0,0
2025-12-25 00:00:00,25.17,85.0,90.05,1.6,181.64,57.74,225.72,0,0
2025-12-25 01:00:00,25.29,85.0,90.17,1.6,177.92,57.72,227.22,0,0
2025-12-25 02:00:00,22.99,83.36,89.94,1.6,178.07,57.51,228.55,0,0
2025-12-25 03:00:00,25.19,82.06,89.69,1.6,176.29,57.81,231.76,0,0
2025-12-25 04:00:00,24.4,84.15,89.03,1.6,177.4,57.87,235.39,0,0
2025-12-25 05:00:00,23.88,85.0,88.74,1.6,178.16,59.22,235.03,0,0
2025-12-25 06:00:00,25.28,85.0,92.0,1.6,180.28,59.68,236.35,1,0
2025-12-25 07:00:00,27.44,85.0,91.65,1.6,181.3,60.17,240.69,0,0
2025-12-25 08:00:00,26.41,85.0,90.74,1.6,182.61,61.27,240.25,0,0
2025-12-25 09:00:00,27.37,85.0,90.02,1.6,180.7,60.94,237.32,0,0
2025-12-25 10:00:00,27.59,85.0,89.31,1.6,181.52,59.84,236.24,0,0
2025-12-25 11:00:00,27.93,81.77,88.75,1.6,184.4,60.99,232.92,0,0
2025-12-25 12:00:00,29.89,84.38,92.0,1.6,182.39,61.14,233.95,1,0
2025-12-25 13:00:00,28.53,85.0,90.97,1.6,184.93,61.29,236.66,0,0
2025-12-25 14:00:00,29.31,84.69,90.48,1.6,183.15,60.74,236.28,0,0
2025-12-25 15:00:00,28.65,85.0,92.0,1.6,180.89,60.23,232.16,1,0
2025-12-25 16:00:00,29.23,84.12,91.72,1.6,180.78,61.04,234.86,0,0
2025-12-25 17:00:00,28.74,82.57,91.2,1.6,181.44,61.96,230.42,0,0
2025-12-25 18:00:00,28.93,84.58,90.78,1.6,182.42,62.66,226.79,0,0
2025-12-25 19:00:00,27.04,85.0,91.0,1.6,180.0,63.36,226.75,0,0
2025-12-25 20:00:00,26.73,83.45,90.69,1.6,180.18,63.83,227.8,0,0
2025-12-25 21:00:00,25.55,84.39,90.31,1.6,178.34,63.89,229.21,0,0
2025-12-25 22:00:00,25.5,82.86,90.36,1.6,175.12,63.68,229.34,0,0
2025-12-25 23:00:00,25.74,85.0,90.31,1.6,173.05,64.72,234.02,0,0
2025-12-26 00:00:00,25.64,84.32,90.04,1.6,171.37,64.3,234.23,0,0
2025-12-26 01:00:00,23.77,85.0,90.26,1.6,172.06,64.56,236.86,0,0
2025-12-26 02:00:00,25.11,85.0,89.98,1.6,173.85,63.76,238.73,0,0
2025-12-26 03:00:00,25.38,84.82,89.79,1.6,170.84,63.12,235.31,0,0
2025-12-26 04:00:00,24.47,82.78,89.59,1.6,171.24,62.87,234.87,0,0
2025-12-26 05:00:00,25.95,80.4,89.1,1.6,168.88,62.12,240.19,0,0
2025-12-26 06:00:00,24.01,81.74,92.0,1.6,169.85,62.83,238.67,1,0
2025-12-26 07:00:00,24.28,81.93,92.0,1.6,168.54,61.6,236.8,0,0
2025-12-26 08:00:00,24.65,85.0,91.57,1.6,166.5,61.7,237.13,0,0
2025-12-26 09:00:00,28.5,85.0,90.98,1.6,167.88,61.83,235.86,0,0
2025-12-26 10:00:00,28.59,85.0,90.34,1.6,166.71,60.2,233.83,0,0
2025-12-26 11:00:00,28.64,80.3,89.85,1.6,166.07,59.86,232.68,0,0
2025-12-26 12:00:00,29.4,82.17,92.0,1.6,162.04,60.15,236.37,1,0
2025-12-26 13:00:00,28.29,85.0,91.59,1.6,163.86,60.59,235.96,0,0
2025-12-26 14:00:00,31.44,85.0,90.88,1.6,165.38,60.45,232.6,0,0
2025-12-26 15:00:00,29.19,84.48,92.0,1.6,165.38,61.11,228.94,1,0
2025-12-26 16:00:00,28.9,85.0,91.55,1.6,162.61,61.04,234.76,0,0
2025-12-26 17:00:00,29.09,85.0,90.65,1.6,164.88,61.08,234.21,0,0
2025-12-26 18:00:00,28.43,84.36,90.11,1.6,163.69,61.33,235.34,0,0
2025-12-26 19:00:00,27.7,85.0,89.25,1.6,162.93,62.19,233.39,0,0
2025-12-26 20:00:00,26.26,85.0,89.18,1.6,167.17,61.57,234.27,0,0
2025-12-26 21:00:00,26.85,85.0,89.17,1.6,165.82,61.15,237.96,0,0
2025-12-26 22:00:00,27.59,80.31,89.18,1.6,167.12,60.57,236.18,0,0
2025-12-26 23:00:00,26.61,85.0,88.85,1.6,168.05,60.31,237.27,0,0
2025-12-27 00:00:00,26.39,84.71,88.73,1.6,168.63,61.65,233.64,0,0
2025-12-27 01:00:00,24.14,85.0,88.95,1.6,168.99,62.17,238.77,0,0
2025-12-27 02:00:00,23.43,83.55,89.17,1.6,169.51,61.15,239.25,0,0
2025-12-27 03:00:00,24.04,84.89,88.96,1.6,169.82,60.64,238.0,0,0
2025-12-27 04:00:00,24.15,85.0,88.8,1.6,169.53,61.01,237.11,0,0
2025-12-27 05:00:00,25.24,85.0,88.92,1.6,172.07,60.23,235.73,0,0
2025-12-27 06:00:00,23.19,85.0,92.0,1.6,169.42,59.63,234.54,1,0
2025-12-27 07:00:00,26.78,83.08,91.69,1.6,171.09,60.91,228.45,0,0
2025-12-27 08:00:00,26.11,83.99,91.52,1.6,172.32,60.39,228.53,0,0
2025-12-27 09:00:00,26.77,83.89,91.23,1.6,173.29,61.3,228.51,0,0
2025-12-27 10:00:00,27.09,80.9,90.75,1.6,174.97,62.45,230.05,0,0
2025-12-27 11:00:00,27.2,84.1,89.72,1.6,174.4,61.77,228.99,0,0
2025-12-27 12:00:00,29.88,85.0,92.0,1.6,170.66,60.98,227.36,1,0
2025-12-27 13:00:00,29.37,82.0,91.22,1.6,170.3,60.76,227.73,0,0
2025-12-27 14:00:00,28.08,85.0,90.73,1.6,168.31,59.82,224.06,0,0
2025-12-27 15:00:00,27.91,85.0,92.0,1.6,166.86,59.99,224.96,1,0
2025-12-27 16:00:00,28.5,83.2,91.1,1.6,164.55,59.87,220.81,0,0
2025-12-27 17:00:00,29.94,84.52,89.88,1.6,163.71,60.26,224.32,0,0
2025-12-27 18:00:00,27.77,85.0,89.66,1.6,162.68,61.57,226.57,0,0
2025-12-27 19:00:00,26.15,85.0,89.33,1.6,158.5,62.32,224.67,0,0
2025-12-27 20:00:00,26.75,84.91,89.16,1.6,160.02,62.75,226.84,0,0
2025-12-27 21:00:00,26.18,84.39,88.95,1.6,164.21,60.95,227.53,0,0
2025-12-27 22:00:00,23.47,85.0,88.43,1.6,165.34,61.39,225.38,0,0
2025-12-27 23:00:00,25.35,83.82,87.84,1.6,164.96,62.95,220.8,0,0
2025-12-28 00:00:00,24.75,80.34,87.33,1.6,164.86,60.22,222.31,0,0
2025-12-28 01:00:00,25.22,85.0,86.91,1.6,164.11,60.89,220.95,0,0
2025-12-28 02:00:00,25.99,85.0,86.81,1.6,164.31,60.78,224.39,0,0
2025-12-28 03:00:00,25.17,85.0,86.36,1.6,164.27,60.05,224.96,0,0
2025-12-28 04:00:00,23.86,84.87,86.68,1.6,162.78,60.83,223.71,0,0
2025-12-28 05:00:00,23.26,83.38,86.79,1.6,165.9,62.4,228.77,0,0
2025-12-28 06:00:00,27.02,84.57,92.0,1.6,163.19,63.09,230.52,1,0
2025-12-28 07:00:00,25.45,81.43,91.76,1.6,164.55,62.72,221.61,0,0
2025-12-28 08:00:00,26.26,85.0,91.63,1.6,164.39,61.85,221.06,0,0
2025-12-28 09:00:00,27.13,82.17,90.98,1.6,167.83,61.99,218.3,0,0
2025-12-28 10:00:00,28.18,82.58,90.38,1.6,168.33,62.77,217.14,0,0
2025-12-28 11:00:00,28.56,83.85,89.84,1.6,167.55,62.4,217.67,0,0
2025-12-28 12:00:00,28.63,85.0,92.0,1.6,167.01,62.13,219.42,1,0
2025-12-28 13:00:00,28.81,84.83,91.6,1.6,167.0,64.66,220.85,0,0
2025-12-28 14:00:00,29.21,82.08,90.86,1.6,164.86,65.56,224.25,0,0
2025-12-28 15:00:00,28.59,85.0,92.0,1.6,163.49,66.48,226.38,1,0
2025-12-28 16:00:00,28.16,85.0,91.6,1.6,160.33,65.04,228.25,0,0
2025-12-28 17:00:00,28.54,85.0,91.22,1.6,158.86,64.31,229.09,0,0
2025-12-28 18:00:00,27.77,85.0,90.52,1.6,159.27,64.31,232.6,0,0
2025-12-28 19:00:00,28.86,85.0,89.82,1.6,160.04,63.34,231.93,0,0
2025-12-28 20:00:00,24.59,85.0,89.56,1.6,156.68,64.74,231.36,0,0
2025-12-28 21:00:00,27.41,83.4,89.53,1.6,156.76,65.92,226.78,0,0
2025-12-28 22:00:00,27.02,85.0,89.86,1.6,158.11,65.32,229.83,0,0
2025-12-28 23:00:00,23.53,85.0,89.3,1.6,158.09,66.83,229.9,0,0
2025-12-29 00:00:00,24.65,85.0,88.96,1.6,157.23,66.68,237.49,0,0
2025-12-29 01:00:00,24.26,81.26,88.64,1.6,156.79,68.87,236.35,0,0
2025-12-29 02:00:00,23.06,84.62,88.84,1.6,156.15,68.8,236.5,0,0
2025-12-29 03:00:00,23.46,83.21,88.63,1.6,155.36,69.11,237.79,0,0
2025-12-29 04:00:00,23.1,85.0,88.16,1.6,156.06,70.16,234.9,0,0
2025-12-29 05:00:00,25.83,85.0,88.11,1.6,160.57,71.06,235.8,0,0
2025-12-29 06:00:00,25.55,80.41,92.0,1.6,159.41,71.25,235.85,1,0
2025-12-29 07:00:00,26.54,84.9,91.42,1.6,159.06,70.85,235.04,0,0
2025-12-29 08:00:00,26.9,85.0,90.57,1.6,159.2,71.04,237.97,0,0
2025-12-29 09:00:00,26.14,84.47,90.51,1.6,158.2,70.04,235.57,0,0
2025-12-29 10:00:00,27.53,85.0,90.04,1.6,160.45,69.93,236.22,0,0
2025-12-29 11:00:00,29.13,85.0,89.48,1.6,156.36,68.7,239.8,0,0
2025-12-29 12:00:00,28.04,85.0,92.0,1.6,155.75,66.89,237.79,1,0
2025-12-29 13:00:00,29.94,84.2,91.49,1.6,157.59,66.79,236.91,0,0
2025-12-29 14:00:00,29.03,82.13,90.97,1.6,157.36,67.78,242.68,0,0
2025-12-29 15:00:00,28.74,82.34,92.0,1.6,156.19,68.44,243.48,1,0
2025-12-29 16:00:00,29.44,85.0,91.44,1.6,157.33,68.18,241.79,0,0
2025-12-29 17:00:00,28.84,84.88,91.1,1.6,159.27,69.56,243.46,0,0
2025-12-29 18:00:00,27.68,84.55,90.52,1.6,159.88,68.82,241.62,0,0
2025-12-29 19:00:00,28.55,83.94,90.01,1.6,158.64,66.89,237.37,0,0
2025-12-29 20:00:00,26.0,84.22,89.62,1.6,159.72,64.78,240.68,0,0
2025-12-29 21:00:00,26.98,85.0,88.81,1.6,159.21,63.64,237.64,0,0
2025-12-29 22:00:00,26.43,84.19,89.21,1.6,160.78,64.32,243.64,0,0
2025-12-29 23:00:00,25.12,82.0,89.26,1.6,163.62,63.68,241.98,0,0
2025-12-30 00:00:00,25.25,85.0,88.8,1.6,158.98,64.05,246.97,0,0
2025-12-30 01:00:00,23.47,84.53,88.52,1.6,159.42,65.47,242.95,0,0
2025-12-30 02:00:00,25.16,85.0,88.12,1.6,156.52,64.37,245.11,0,0
2025-12-30 03:00:00,23.99,85.0,88.38,1.6,161.26,64.73,245.86,0,0
2025-12-30 04:00:00,23.63,84.95,87.75,1.6,160.56,65.13,247.41,0,0
2025-12-30 05:00:00,25.2,85.0,87.57,1.6,162.08,64.27,249.21,0,0
2025-12-30 06:00:00,24.07,82.38,92.0,1.6,162.14,65.42,247.25,1,0
2025-12-30 07:00:00,24.13,84.47,92.0,1.6,160.81,65.06,243.37,0,0
2025-12-30 08:00:00,24.85,85.0,91.4,1.6,159.31,64.62,242.82,0,0
2025-12-30 09:00:00,27.7,81.46,90.28,1.6,162.4,66.44,242.99,0,0
2025-12-30 10:00:00,26.85,85.0,89.63,1.6,164.22,66.78,241.41,0,0
2025-12-30 11:00:00,30.27,85.0,88.73,1.6,167.75,67.47,241.78,0,0
2025-12-30 12:00:00,27.27,84.9,92.0,1.6,167.74,68.52,242.27,1,0
2025-12-30 13:00:00,30.83,85.0,91.82,1.6,168.15,67.74,239.63,0,0
2025-12-30 14:00:00,29.43,85.0,90.7,1.6,167.54,68.69,240.39,0,0
2025-12-30 15:00:00,28.99,85.0,92.0,1.6,166.92,68.04,239.45,1,0
2025-12-30 16:00:00,28.31,82.63,91.24,1.6,164.97,67.37,237.48,0,0
2025-12-30 17:00:00,28.8,85.0,90.53,1.6,165.12,66.96,239.32,0,0
2025-12-30 18:00:00,27.97,85.0,90.17,1.6,163.7,66.26,237.16,0,0
2025-12-30 19:00:00,28.5,82.52,89.9,1.6,164.55,66.87,235.91,0,0
2025-12-30 20:00:00,27.07,85.0,89.81,1.6,164.87,66.96,236.05,0,0
2025-12-30 21:00:00,26.56,85.0,89.41,1.6,165.39,66.37,239.43,0,0
2025-12-30 22:00:00,25.57,84.89,89.27,1.6,168.39,66.85,239.69,0,0
2025-12-30 23:00:00,25.35,85.0,89.3,1.6,168.19,66.45,240.78,0,0
2025-12-31 00:00:00,25.24,85.0,88.87,1.6,169.42,66.02,239.74,0,0
2025-12-31 01:00:00,23.06,83.41,88.9,1.6,172.94,65.95,239.31,0,0
2025-12-31 02:00:00,23.11,80.99,88.72,1.6,174.97,66.25,238.97,0,0
2025-12-31 03:00:00,24.83,83.45,88.82,1.6,176.65,66.47,239.51,0,0
2025-12-31 04:00:00,24.25,81.94,88.56,1.6,175.63,66.01,238.54,0,0
2025-12-31 05:00:00,24.09,85.0,88.47,1.6,175.62,66.65,241.72,0,0
2025-12-31 06:00:00,24.72,84.72,92.0,1.6,172.82,66.31,240.45,1,0
2025-12-31 07:00:00,25.71,84.19,91.76,1.6,173.41,65.59,235.91,0,0
2025-12-31 08:00:00,25.76,85.0,91.27,1.6,173.57,64.16,242.72,0,0
2025-12-31 09:00:00,26.45,82.41,90.85,1.6,173.26,64.98,241.51,0,0
2025-12-31 10:00:00,28.18,83.16,89.88,1.6,174.78,64.91,244.47,0,0
2025-12-31 11:00:00,27.81,84.97,89.72,1.6,172.22,65.01,247.51,0,0
2025-12-31 12:00:00,29.51,85.0,92.0,1.6,174.87,65.86,249.25,1,0
2025-12-31 13:00:00,27.77,85.0,91.21,1.6,176.1,65.31,248.04,0,0
2025-12-31 14:00:00,30.17,85.0,90.57,1.6,175.53,63.98,248.1,0,0
2025-12-31 15:00:00,29.5,84.98,92.0,1.6,174.84,63.98,244.26,1,0
2025-12-31 16:00:00,29.03,85.0,91.88,1.6,175.31,64.2,248.78,0,0
2025-12-31 17:00:00,29.32,85.0,90.72,1.6,177.64,63.9,245.96,0,0
2025-12-31 18:00:00,29.5,82.58,89.97,1.6,177.31,65.17,244.77,0,0
2025-12-31 19:00:00,28.42,84.97,89.12,1.6,177.08,62.83,244.53,0,0
2025-12-31 20:00:00,25.31,82.53,88.92,1.6,176.63,63.82,243.79,0,0
2025-12-31 21:00:00,25.28,85.0,88.79,1.6,179.37,64.47,241.71,0,0
2025-12-31 22:00:00,25.33,83.87,89.06,1.6,178.13,64.81,244.86,0,0
2025-12-31 23:00:00,25.42,85.0,88.89,1.6,177.56,61.72,246.74,0,0
2026-01-01 00:00:00,25.43,84.88,88.99,1.6,179.69,62.89,246.96,0,0
2026-01-01 01:00:00,23.94,81.89,88.96,1.6,179.36,61.94,245.36,0,0
2026-01-01 02:00:00,24.49,84.7,88.63,1.6,180.84,61.48,247.5,0,0
2026-01-01 03:00:00,23.48,85.0,88.0,1.6,178.56,61.34,245.72,0,0
2026-01-01 04:00:00,23.55,85.0,87.88,1.6,177.65,61.73,249.11,0,0
2026-01-01 05:00:00,22.99,83.7,87.23,1.6,179.82,62.31,248.68,0,0
2026-01-01 06:00:00,23.88,81.5,92.0,1.6,178.01,63.11,251.07,1,0
2026-01-01 07:00:00,24.18,85.0,91.75,1.6,177.21,63.81,249.98,0,0
2026-01-01 08:00:00,25.37,81.88,91.53,1.6,177.19,63.98,249.41,0,0
2026-01-01 09:00:00,28.1,83.92,90.8,1.6,174.92,64.3,251.76,0,0
2026-01-01 10:00:00,27.15,84.28,90.29,1.6,173.78,63.25,256.4,0,0
2026-01-01 11:00:00,31.06,84.67,89.75,1.6,173.63,62.53,259.23,0,0
2026-01-01 12:00:00,29.59,85.0,92.0,1.6,173.37,63.32,260.21,1,0
2026-01-01 13:00:00,29.47,83.3,91.27,1.6,175.34,64.04,260.43,0,0
2026-01-01 14:00:00,28.47,84.2,90.8,1.6,177.7,64.63,257.89,0,0
2026-01-01 15:00:00,29.71,84.78,92.0,1.6,175.65,64.09,257.48,1,0
2026-01-01 16:00:00,28.29,85.0,91.05,1.6,175.42,64.84,254.07,0,0
2026-01-01 17:00:00,28.55,85.0,90.83,1.6,176.22,63.71,254.06,0,0
2026-01-01 18:00:00,30.3,85.0,90.44,1.6,178.5,64.63,254.21,0,0
2026-01-01 19:00:00,27.42,85.0,90.25,1.6,179.26,64.32,248.35,0,0
2026-01-01 20:00:00,28.01,85.0,90.53,1.6,179.21,65.76,247.77,0,0
2026-01-01 21:00:00,25.8,85.0,90.24,1.6,179.84,64.28,248.17,0,0
2026-01-01 22:00:00,25.87,81.45,90.43,1.6,180.46,65.8,247.31,0,0
2026-01-01 23:00:00,26.99,85.0,90.27,1.6,178.17,65.36,247.59,0,0
2026-01-02 00:00:00,24.4,85.0,89.76,1.6,177.99,64.92,243.6,0,0
2026-01-02 01:00:00,26.23,85.0,90.1,1.6,180.1,65.01,241.23,0,0
2026-01-02 02:00:00,24.96,83.47,90.19,1.6,179.12,64.29,243.51,0,0
2026-01-02 03:00:00,23.65,83.55,89.95,1.6,178.79,64.15,243.08,0,0
2026-01-02 04:00:00,24.67,83.74,89.96,1.6,177.8,63.43,243.53,0,0
2026-01-02 05:00:00,25.13,85.0,89.63,1.6,173.12,62.75,241.74,0,0
2026-01-02 06:00:00,25.27,85.0,92.0,1.6,172.84,63.17,241.45,1,0
2026-01-02 07:00:00,23.99,84.05,91.08,1.6,173.07,62.32,235.37,0,0
2026-01-02 08:00:00,25.59,85.0,90.2,1.6,171.82,61.62,237.47,0,0
2026-01-02 09:00:00,26.93,85.0,89.91,1.6,169.47,60.4,241.86,0,0
2026-01-02 10:00:00,27.93,84.58,89.25,1.6,167.71,59.99,238.86,0,0
2026-01-02 11:00:00,29.25,84.36,88.71,1.6,168.97,61.23,236.31,0,0
2026-01-02 12:00:00,29.3,85.0,92.0,1.6,172.36,60.49,237.35,1,0
2026-01-02 13:00:00,28.1,85.0,91.96,1.6,174.56,59.88,240.92,0,0
2026-01-02 14:00:00,29.59,85.0,91.72,1.6,171.76,60.12,240.62,0,0
2026-01-02 15:00:00,29.62,82.93,92.0,1.6,173.02,59.84,237.26,1,0
2026-01-02 16:00:00,29.31,85.0,91.28,1.6,171.51,61.91,236.63,0,0
2026-01-02 17:00:00,29.41,83.67,90.99,1.6,170.2,61.77,233.97,0,0
2026-01-02 18:00:00,28.75,82.94,90.99,1.6,169.16,62.08,232.35,0,0
2026-01-02 19:00:00,27.92,84.85,91.06,1.6,170.27,62.92,231.72,0,0
2026-01-02 20:00:00,26.91,85.0,91.5,1.6,171.78,63.73,229.56,0,0
2026-01-02 21:00:00,24.93,85.0,91.02,1.6,171.33,63.89,227.89,0,0
2026-01-02 22:00:00,26.28,84.53,90.56,1.6,170.94,63.68,228.43,0,0
2026-01-02 23:00:00,25.59,82.46,90.0,1.6,171.53,65.46,229.3,0,0
2026-01-03 00:00:00,25.2,85.0,89.92,1.6,172.29,65.26,226.02,0,0
2026-01-03 01:00:00,23.45,80.42,89.77,1.6,174.12,64.77,227.46,0,0
2026-01-03 02:00:00,23.35,84.79,89.52,1.6,171.44,64.1,226.89,0,0
2026-01-03 03:00:00,25.1,85.0,89.56,1.6,171.22,62.48,229.09,0,0
2026-01-03 04:00:00,24.06,85.0,89.72,1.6,169.05,63.21,231.34,0,0
2026-01-03 05:00:00,24.87,85.0,89.06,1.6,168.8,61.06,230.16,0,0
2026-01-03 06:00:00,24.73,83.87,92.0,1.6,168.24,61.08,231.94,1,0
2026-01-03 07:00:00,25.43,84.62,92.0,1.6,168.02,60.93,230.0,0,0
2026-01-03 08:00:00,27.09,83.23,91.28,1.6,166.46,62.97,233.56,0,0
2026-01-03 09:00:00,26.69,82.4,90.46,1.6,163.73,61.3,231.63,0,0
2026-01-03 10:00:00,28.09,85.0,90.17,1.6,160.01,60.51,232.68,0,0
2026-01-03 11:00:00,28.28,82.02,89.19,1.6,159.97,60.43,232.33,0,0
2026-01-03 12:00:00,28.75,83.89,92.0,1.6,159.4,60.3,229.92,1,0
2026-01-03 13:00:00,29.02,82.61,91.5,1.6,158.4,59.86,232.43,0,0
2026-01-03 14:00:00,29.44,85.0,90.73,1.6,161.05,59.85,231.02,0,0
2026-01-03 15:00:00,28.64,85.0,92.0,1.6,159.66,58.78,226.97,1,0
2026-01-03 16:00:00,29.93,81.96,91.23,1.6,162.42,59.2,220.17,0,0
2026-01-03 17:00:00,27.63,80.76,91.06,1.6,165.45,57.19,218.72,0,0
2026-01-03 18:00:00,27.83,84.58,90.44,1.6,161.92,57.31,222.97,0,0
2026-01-03 19:00:00,27.11,84.9,90.43,1.6,162.21,56.91,226.72,0,0
2026-01-03 20:00:00,28.27,85.0,90.43,1.6,161.6,57.98,225.34,0,0
2026-01-03 21:00:00,26.61,83.93,90.03,1.6,156.5,59.68,224.88,0,0
2026-01-03 22:00:00,26.83,84.49,89.21,1.6,154.24,59.45,224.23,0,0
2026-01-03 23:00:00,24.06,85.0,89.11,1.6,156.06,60.78,221.43,0,0
2026-01-04 00:00:00,25.2,85.0,88.92,1.6,160.05,60.53,219.74,0,0
2026-01-04 01:00:00,25.4,80.68,88.88,1.6,161.88,59.71,222.95,0,0
2026-01-04 02:00:00,24.4,84.18,88.61,1.6,162.58,61.35,224.82,0,0
2026-01-04 03:00:00,25.12,85.0,88.27,1.6,162.64,61.83,226.01,0,0
2026-01-04 04:00:00,23.63,82.98,88.67,1.6,165.77,61.84,223.12,0,0
2026-01-04 05:00:00,25.53,85.0,88.02,1.6,169.6,62.47,223.97,0,0
2026-01-04 06:00:00,26.78,83.58,92.0,1.6,168.36,62.7,218.76,1,0
2026-01-04 07:00:00,25.07,84.86,91.62,1.6,164.63,62.62,221.68,0,0
2026-01-04 08:00:00,25.85,85.0,90.94,1.6,160.87,61.4,222.99,0,0
2026-01-04 09:00:00,28.46,83.58,90.26,1.6,163.41,61.18,220.23,0,0
2026-01-04 10:00:00,29.42,80.79,89.42,1.6,163.39,61.76,225.01,0,0
2026-01-04 11:00:00,28.22,83.88,89.0,1.6,163.78,61.66,221.02,0,0
2026-01-04 12:00:00,28.77,85.0,92.0,1.6,160.61,62.48,223.04,1,0
2026-01-04 13:00:00,29.05,84.06,91.54,1.6,159.43,62.81,225.03,0,0
2026-01-04 14:00:00,28.03,82.94,90.99,1.6,159.12,62.0,222.43,0,0
2026-01-04 15:00:00,28.25,85.0,92.0,1.6,159.73,60.81,222.96,1,0
2026-01-04 16:00:00,27.9,84.09,91.57,1.6,159.22,60.71,219.47,0,0
2026-01-04 17:00:00,27.75,83.71,91.63,1.6,157.59,60.27,213.13,0,0
2026-01-04 18:00:00,27.97,85.0,90.92,1.6,156.47,60.63,211.55,0,0
2026-01-04 19:00:00,27.71,85.0,90.59,1.6,158.99,60.02,211.19,0,0
2026-01-04 20:00:00,28.37,85.0,90.21,1.6,159.67,59.53,213.99,0,0
2026-01-04 21:00:00,25.53,85.0,89.86,1.6,160.98,60.55,215.21,0,0
2026-01-04 22:00:00,26.78,85.0,88.82,1.6,159.53,60.73,216.43,0,0
2026-01-04 23:00:00,25.21,83.84,88.73,1.6,154.43,60.13,214.82,0,0
2026-01-05 00:00:00,24.92,82.71,88.27,1.6,153.91,60.2,214.51,0,0
2026-01-05 01:00:00,25.2,85.0,87.58,2.0,152.79,61.5,213.21,0,1
2026-01-05 02:00:00,23.31,85.0,87.61,2.0,153.91,61.78,211.23,0,1
2026-01-05 03:00:00,24.5,82.63,87.08,2.0,160.27,62.32,210.94,0,1
2026-01-05 04:00:00,24.25,84.61,86.77,2.0,161.71,61.63,212.33,0,1
2026-01-05 05:00:00,24.7,85.0,87.0,2.0,166.76,62.57,212.03,0,1
2026-01-05 06:00:00,24.97,85.0,92.0,2.0,167.72,64.64,212.37,1,1
2026-01-05 07:00:00,27.61,85.0,91.33,2.0,166.48,63.84,215.24,0,1
2026-01-05 08:00:00,25.67,85.0,90.83,2.0,167.04,62.73,214.97,0,1
2026-01-05 09:00:00,26.67,83.77,90.6,2.0,170.17,62.86,212.64,0,1
2026-01-05 10:00:00,27.44,83.72,89.54,2.0,173.25,63.62,215.17,0,1
2026-01-05 11:00:00,28.19,82.19,89.07,2.0,171.89,63.49,216.82,0,1
2026-01-05 12:00:00,28.57,85.0,92.0,2.0,172.07,62.5,218.55,1,1
2026-01-05 13:00:00,30.37,84.83,90.78,2.0,169.21,62.39,220.94,0,1
2026-01-05 14:00:00,30.52,84.31,90.41,2.0,170.53,62.91,222.78,0,1
2026-01-05 15:00:00,28.56,82.77,92.0,2.0,173.1,62.52,223.47,1,1
2026-01-05 16:00:00,28.05,85.0,91.32,2.0,172.85,63.05,230.02,0,1
2026-01-05 17:00:00,28.86,82.47,91.1,2.0,171.33,64.07,227.06,0,1
2026-01-05 18:00:00,27.5,83.91,90.85,2.0,171.73,64.22,225.99,0,1
2026-01-05 19:00:00,28.07,85.0,90.67,2.0,172.21,64.13,228.86,0,1
2026-01-05 20:00:00,27.15,85.0,90.32,2.0,172.07,64.81,229.52,0,1
2026-01-05 21:00:00,25.06,85.0,89.82,2.0,172.11,63.96,231.69,0,1
2026-01-05 22:00:00,27.29,85.0,89.6,2.0,171.51,63.04,232.28,0,1
2026-01-05 23:00:00,27.02,85.0,89.56,2.0,173.04,62.77,235.85,0,1
2026-01-06 00:00:00,24.41,82.64,89.25,2.0,174.05,62.3,233.29,0,1
2026-01-06 01:00:00,24.25,84.42,88.39,2.0,171.92,61.57,236.73,0,1
2026-01-06 02:00:00,24.58,85.0,88.56,2.0,169.82,63.23,239.57,0,1
2026-01-06 03:00:00,24.46,85.0,88.41,2.0,169.17,65.15,236.32,0,1
2026-01-06 04:00:00,24.69,81.92,88.09,2.0,170.33,64.74,237.83,0,1
2026-01-06 05:00:00,26.07,85.0,88.14,2.0,170.38,64.74,237.58,0,1
2026-01-06 06:00:00,24.55,85.0,92.0,2.0,169.01,64.49,235.93,1,1
2026-01-06 07:00:00,24.68,85.0,90.95,2.0,169.32,65.41,231.17,0,1
2026-01-06 08:00:00,25.01,84.69,90.51,2.0,168.55,66.48,228.83,0,1
2026-01-06 09:00:00,26.49,83.03,89.51,2.0,169.99,64.75,230.91,0,1
2026-01-06 10:00:00,27.97,85.0,89.07,2.0,170.39,65.09,233.15,0,1
2026-01-06 11:00:00,30.31,85.0,88.5,2.0,169.61,63.82,232.71,0,1
2026-01-06 12:00:00,28.68,85.0,92.0,2.0,169.84,65.35,234.87,1,1
2026-01-06 13:00:00,29.5,84.77,91.25,2.0,172.02,65.65,237.24,0,1
2026-01-06 14:00:00,29.23,83.48,90.09,2.0,170.71,64.8,237.52,0,1
2026-01-06 15:00:00,30.14,81.38,92.0,2.0,171.21,64.5,235.58,1,1
2026-01-06 16:00:00,31.08,85.0,91.51,2.0,170.83,64.16,236.66,0,1
2026-01-06 17:00:00,27.96,85.0,91.23,2.0,171.37,64.57,237.79,0,1
2026-01-06 18:00:00,27.56,82.73,90.29,2.0,169.93,65.43,239.34,0,1
2026-01-06 19:00:00,28.44,83.68,90.38,2.0,169.94,64.29,241.28,0,1
2026-01-06 20:00:00,27.59,83.86,89.97,2.0,171.73,65.88,237.56,0,1
2026-01-06 21:00:00,28.09,81.65,89.87,2.0,169.78,67.21,236.16,0,1
2026-01-06 22:00:00,26.42,83.13,89.5,2.0,167.19,66.26,231.36,0,1
2026-01-06 23:00:00,25.08,82.46,89.35,2.0,164.78,66.2,233.41,0,1
2026-01-07 00:00:00,25.49,84.06,89.41,2.0,162.68,67.62,232.96,0,1
2026-01-07 01:00:00,25.59,83.36,88.83,2.0,163.85,68.56,234.13,0,1
2026-01-07 02:00:00,25.06,81.41,88.42,2.0,161.36,68.06,230.49,0,1
2026-01-07 03:00:00,24.61,85.0,88.27,2.0,160.97,68.61,234.22,0,1
2026-01-07 04:00:00,25.06,85.0,88.79,2.0,162.24,71.11,231.27,0,1
2026-01-07 05:00:00,25.31,83.28,88.32,2.0,163.1,70.93,233.39,0,1
2026-01-07 06:00:00,25.95,85.0,92.0,2.0,162.49,70.09,233.77,1,1
2026-01-07 07:00:00,25.98,85.0,92.0,2.0,162.93,70.0,233.36,0,1
2026-01-07 08:00:00,26.1,85.0,91.39,2.0,163.21,69.99,232.76,0,1
2026-01-07 09:00:00,27.28,83.08,90.72,2.0,162.87,69.27,231.28,0,1
2026-01-07 10:00:00,29.09,85.0,89.92,2.0,162.58,69.45,234.7,0,1
2026-01-07 11:00:00,27.96,83.62,89.31,2.0,166.7,68.1,234.75,0,1
2026-01-07 12:00:00,29.48,81.87,92.0,2.0,168.09,67.32,231.59,1,1
2026-01-07 13:00:00,28.95,85.0,91.38,2.0,172.43,67.84,230.8,0,1
2026-01-07 14:00:00,29.27,85.0,91.23,2.0,171.24,66.09,231.33,0,1
2026-01-07 15:00:00,30.23,85.0,92.0,2.0,170.84,66.78,233.76,1,1
2026-01-07 16:00:00,28.98,82.18,91.33,2.0,168.21,64.82,232.31,0,1
2026-01-07 17:00:00,28.48,85.0,90.23,2.0,166.62,63.18,231.1,0,1
2026-01-07 18:00:00,26.78,83.95,89.76,2.0,169.98,62.7,231.35,0,1
2026-01-07 19:00:00,28.18,85.0,89.62,2.0,168.84,62.93,233.72,0,1
2026-01-07 20:00:00,27.55,81.65,89.43,2.0,172.14,64.1,230.36,0,1
2026-01-07 21:00:00,28.38,82.13,89.15,2.0,169.62,64.09,231.86,0,1
2026-01-07 22:00:00,25.62,83.22,88.85,2.0,167.54,63.8,230.85,0,1
2026-01-07 23:00:00,25.6,85.0,88.79,2.0,166.82,64.27,230.25,0,1
2026-01-08 00:00:00,25.18,83.56,88.58,2.0,166.63,63.42,235.49,0,1
2026-01-08 01:00:00,26.02,85.0,88.46,2.0,168.23,63.5,234.98,0,1
2026-01-08 02:00:00,24.24,85.0,88.32,2.0,168.91,62.38,236.86,0,1
2026-01-08 03:00:00,24.41,85.0,88.45,2.0,168.01,62.44,238.57,0,1
2026-01-08 04:00:00,24.65,85.0,88.45,2.0,167.65,62.31,235.44,0,1
2026-01-08 05:00:00,24.42,85.0,88.3,2.0,166.97,61.58,230.8,0,1
2026-01-08 06:00:00,24.31,82.3,92.0,2.0,165.24,61.74,233.07,1,1
2026-01-08 07:00:00,25.57,85.0,91.92,2.0,163.63,61.89,230.45,0,1
2026-01-08 08:00:00,27.21,83.59,91.72,2.0,165.54,62.95,226.52,0,1
2026-01-08 09:00:00,26.23,85.0,91.33,2.0,162.23,61.48,229.51,0,1
2026-01-08 10:00:00,28.12,85.0,90.19,2.0,165.25,61.42,227.24,0,1
2026-01-08 11:00:00,28.06,85.0,89.99,2.0,164.62,60.76,225.69,0,1
2026-01-08 12:00:00,30.22,81.51,92.0,2.0,163.24,61.58,231.09,1,1
2026-01-08 13:00:00,27.93,82.78,91.4,2.0,164.65,62.27,227.14,0,1
2026-01-08 14:00:00,28.74,85.0,90.89,2.0,167.33,62.72,224.39,0,1
2026-01-08 15:00:00,29.41,84.44,92.0,2.0,169.25,62.06,223.77,1,1
2026-01-08 16:00:00,30.21,84.99,91.46,2.0,169.99,62.86,223.73,0,1
2026-01-08 17:00:00,28.38,85.0,90.69,2.0,171.74,61.45,222.06,0,1
2026-01-08 18:00:00,27.5,85.0,90.49,2.0,168.38,59.91,219.81,0,1
2026-01-08 19:00:00,29.2,85.0,90.24,2.0,167.31,58.82,224.35,0,1
2026-01-08 20:00:00,25.67,84.43,89.92,2.0,165.58,58.89,225.54,0,1
2026-01-08 21:00:00,24.45,84.22,89.43,2.0,167.76,59.59,227.47,0,1
2026-01-08 22:00:00,26.29,85.0,89.3,2.0,166.96,56.98,227.51,0,1
2026-01-08 23:00:00,24.95,85.0,89.15,2.0,168.4,58.32,228.61,0,1
2026-01-09 00:00:00,24.04,84.4,89.06,2.0,169.23,58.55,231.26,0,1
2026-01-09 01:00:00,25.23,85.0,88.55,2.0,167.51,57.24,228.95,0,1
2026-01-09 02:00:00,24.54,84.71,87.86,2.0,166.35,57.48,229.92,0,1
2026-01-09 03:00:00,23.65,83.12,87.84,2.0,168.63,58.6,231.91,0,1
2026-01-09 04:00:00,22.95,83.33,88.09,2.0,167.08,59.24,235.93,0,1
2026-01-09 05:00:00,25.04,82.84,87.57,2.0,167.23,60.31,240.75,0,1
2026-01-09 06:00:00,25.29,84.38,92.0,2.0,165.73,59.13,240.64,1,1
2026-01-09 07:00:00,25.31,85.0,91.88,2.0,165.13,58.85,243.2,0,1
2026-01-09 08:00:00,27.91,83.15,91.29,2.0,165.05,58.11,236.12,0,1
2026-01-09 09:00:00,26.19,85.0,90.59,2.0,163.63,59.77,239.94,0,1
2026-01-09 10:00:00,26.63,83.41,89.59,2.0,161.96,60.41,237.88,0,1
2026-01-09 11:00:00,28.07,84.25,89.3,2.0,162.6,63.02,237.13,0,1
2026-01-09 12:00:00,29.1,81.48,92.0,2.0,161.17,62.57,238.13,1,1
2026-01-09 13:00:00,29.52,84.31,91.17,2.0,159.87,61.9,237.59,0,1
2026-01-09 14:00:00,29.03,84.38,90.87,2.0,158.38,61.78,237.95,0,1
2026-01-09 15:00:00,29.39,85.0,92.0,2.0,158.51,63.02,241.77,1,1
2026-01-09 16:00:00,27.68,85.0,90.96,2.0,160.46,62.66,240.47,0,1
2026-01-09 17:00:00,29.74,82.2,90.35,2.0,163.36,62.76,237.48,0,1
2026-01-09 18:00:00,27.93,85.0,89.85,2.0,162.12,62.82,241.89,0,1
2026-01-09 19:00:00,28.51,85.0,89.78,2.0,166.1,62.83,242.86,0,1
2026-01-09 20:00:00,27.28,85.0,89.47,2.0,164.25,62.22,247.28,0,1
2026-01-09 21:00:00,26.84,84.89,90.02,2.0,166.23,62.09,248.82,0,1
2026-01-09 22:00:00,26.41,83.79,89.74,2.0,164.88,61.92,244.82,0,1
2026-01-09 23:00:00,25.8,85.0,89.46,2.0,163.32,61.92,245.94,0,1
2026-01-10 00:00:00,25.54,85.0,89.02,2.0,162.05,62.77,242.94,0,1
2026-01-10 01:00:00,25.79,81.14,88.85,2.0,162.07,64.33,242.56,0,1
2026-01-10 02:00:00,24.5,83.81,88.82,2.0,163.23,63.51,241.99,0,1
2026-01-10 03:00:00,24.79,84.44,88.98,2.0,164.51,63.11,237.6,0,1
2026-01-10 04:00:00,24.02,85.0,88.33,2.0,162.83,62.33,235.44,0,1
2026-01-10 05:00:00,25.55,85.0,88.04,2.0,161.13,62.49,240.93,0,1
2026-01-10 06:00:00,24.1,83.28,92.0,2.0,159.64,61.99,241.23,1,1
2026-01-10 07:00:00,27.02,83.85,91.96,2.0,159.65,62.21,240.48,0,1
2026-01-10 08:00:00,26.21,83.79,91.39,2.0,159.49,63.19,244.74,0,1
2026-01-10 09:00:00,25.86,83.12,90.98,2.0,158.0,60.89,243.26,0,1
2026-01-10 10:00:00,28.12,84.09,90.14,2.0,158.76,61.36,242.62,0,1
2026-01-10 11:00:00,28.08,85.0,90.02,2.0,163.09,60.97,244.71,0,1
2026-01-10 12:00:00,29.9,82.49,92.0,2.0,162.25,61.41,243.23,1,1
2026-01-10 13:00:00,28.71,85.0,91.0,2.0,161.58,60.62,240.95,0,1
2026-01-10 14:00:00,28.84,81.06,90.08,2.0,162.73,61.74,235.02,0,1
2026-01-10 15:00:00,27.37,83.57,92.0,2.0,161.81,62.57,232.67,1,1
2026-01-10 16:00:00,28.4,84.09,91.61,2.0,163.14,63.06,230.42,0,1
2026-01-10 17:00:00,26.26,85.0,90.65,2.0,161.92,63.75,231.05,0,1
2026-01-10 18:00:00,26.57,84.25,89.97,2.0,165.35,63.02,229.72,0,1
2026-01-10 19:00:00,28.19,80.3,89.89,2.0,165.95,62.43,235.38,0,1
2026-01-10 20:00:00,27.68,80.49,89.66,2.0,164.8,63.1,232.72,0,1
2026-01-10 21:00:00,26.81,84.99,89.52,2.0,163.75,62.37,236.33,0,1
2026-01-10 22:00:00,25.03,85.0,89.0,2.0,162.87,63.66,236.82,0,1
2026-01-10 23:00:00,25.36,85.0,88.97,2.0,165.43,63.32,238.74,0,1
2026-01-11 00:00:00,24.96,85.0,88.57,2.0,163.13,63.74,240.42,0,1
2026-01-11 01:00:00,23.55,85.0,88.27,2.0,162.0,65.57,234.6,0,1
2026-01-11 02:00:00,25.68,83.8,88.14,2.0,161.11,64.83,234.59,0,1
2026-01-11 03:00:00,24.95,85.0,87.96,2.0,161.24,64.81,233.96,0,1
2026-01-11 04:00:00,23.9,81.41,87.76,2.0,160.9,65.67,231.18,0,1
2026-01-11 05:00:00,24.28,83.0,87.33,2.0,158.38,66.42,232.52,0,1
2026-01-11 06:00:00,24.9,81.0,92.0,2.0,157.92,65.99,236.93,1,1
2026-01-11 07:00:00,23.56,84.35,91.8,2.0,158.03,65.41,230.15,0,1
2026-01-11 08:00:00,26.03,84.82,90.81,2.0,157.18,65.09,229.06,0,1
2026-01-11 09:00:00,26.54,85.0,90.09,2.0,158.73,66.3,226.24,0,1
2026-01-11 10:00:00,27.1,84.99,89.62,2.0,160.63,65.92,226.86,0,1
2026-01-11 11:00:00,28.44,82.78,88.65,2.0,160.66,65.88,226.45,0,1
2026-01-11 12:00:00,30.76,84.39,92.0,2.0,161.25,65.38,225.37,1,1
2026-01-11 13:00:00,29.88,81.51,91.78,2.0,157.51,65.91,227.57,0,1
2026-01-11 14:00:00,28.73,85.0,90.81,2.0,157.05,65.93,232.03,0,1
2026-01-11 15:00:00,29.59,84.14,92.0,2.0,159.18,64.91,238.84,1,1
2026-01-11 16:00:00,30.06,83.74,91.35,2.0,158.65,63.95,236.79,0,1
2026-01-11 17:00:00,29.27,85.0,90.88,2.0,157.58,62.09,232.15,0,1
2026-01-11 18:00:00,28.05,82.12,90.14,2.0,161.98,61.34,233.69,0,1
2026-01-11 19:00:00,26.92,82.39,90.21,2.0,165.37,62.08,237.78,0,1
2026-01-11 20:00:00,27.6,82.48,90.12,2.0,166.2,63.27,239.68,0,1
2026-01-11 21:00:00,26.78,84.76,89.66,2.0,168.2,63.85,243.46,0,1
2026-01-11 22:00:00,26.7,85.0,89.1,2.0,164.06,64.29,242.47,0,1
2026-01-11 23:00:00,25.97,85.0,88.45,2.0,162.68,64.11,240.58,0,1
2026-01-12 00:00:00,25.9,85.0,88.3,2.0,161.93,64.74,240.59,0,1
2026-01-12 01:00:00,24.11,80.3,88.27,2.0,161.63,64.92,239.48,0,1
2026-01-12 02:00:00,25.51,85.0,88.25,2.0,160.88,66.45,240.91,0,1
2026-01-12 03:00:00,24.33,83.77,88.01,2.0,156.46,66.23,243.04,0,1
2026-01-12 04:00:00,25.97,83.71,87.45,2.0,157.49,67.31,245.26,0,1
2026-01-12 05:00:00,23.64,83.63,87.05,2.0,158.77,67.94,246.02,0,1
2026-01-12 06:00:00,26.27,82.98,92.0,2.0,161.9,68.42,246.09,1,1
2026-01-12 07:00:00,25.58,85.0,91.65,2.0,160.61,66.42,247.52,0,1
2026-01-12 08:00:00,25.66,85.0,91.11,2.0,159.22,67.12,241.99,0,1
2026-01-12 09:00:00,26.72,84.93,90.21,2.0,154.63,66.86,242.16,0,1
2026-01-12 10:00:00,27.71,85.0,89.72,2.0,154.51,66.31,241.94,0,1
2026-01-12 11:00:00,29.07,81.5,88.99,2.0,156.55,64.85,242.12,0,1
2026-01-12 12:00:00,29.61,81.88,92.0,2.0,155.79,64.76,241.55,1,1
2026-01-12 13:00:00,28.78,80.3,91.64,2.0,160.02,64.7,242.3,0,1
2026-01-12 14:00:00,29.22,83.26,90.89,2.0,159.75,63.45,240.5,0,1
2026-01-12 15:00:00,31.0,85.0,92.0,2.0,160.23,62.08,243.05,1,1
2026-01-12 16:00:00,30.36,85.0,91.23,2.0,157.97,62.52,243.83,0,1
2026-01-12 17:00:00,28.83,85.0,90.21,2.0,158.76,63.29,243.76,0,1
2026-01-12 18:00:00,28.03,81.75,89.36,2.0,155.45,63.42,241.58,0,1
2026-01-12 19:00:00,27.61,85.0,89.21,2.0,157.08,64.41,243.29,0,1
2026-01-12 20:00:00,27.52,85.0,89.09,2.0,158.7,64.26,243.39,0,1
2026-01-12 21:00:00,25.51,85.0,88.93,2.0,161.4,64.14,241.08,0,1
2026-01-12 22:00:00,25.66,80.77,88.63,2.0,159.71,63.25,240.64,0,1
2026-01-12 23:00:00,23.9,85.0,88.7,2.0,160.21,61.81,241.93,0,1
2026-01-13 00:00:00,25.32,82.35,88.52,2.0,161.42,63.49,242.96,0,1
2026-01-13 01:00:00,25.18,84.11,88.52,2.0,162.36,64.46,243.78,0,1
2026-01-13 02:00:00,23.89,85.0,87.78,2.0,160.9,63.13,243.57,0,1
2026-01-13 03:00:00,25.57,85.0,86.4,2.0,156.76,63.24,245.71,0,1
2026-01-13 04:00:00,23.0,83.13,86.28,2.0,157.72,63.11,248.27,0,1
2026-01-13 05:00:00,22.94,85.0,85.65,2.0,157.73,62.83,249.45,0,1
2026-01-13 06:00:00,24.91,81.61,92.0,2.0,157.0,62.44,247.26,1,1
2026-01-13 07:00:00,26.34,85.0,91.7,2.0,158.7,62.77,244.0,0,1
2026-01-13 08:00:00,27.76,84.47,91.59,2.0,158.87,63.48,242.19,0,1
2026-01-13 09:00:00,26.74,85.0,91.13,2.0,156.74,63.8,246.71,0,1
2026-01-13 10:00:00,28.97,83.69,90.58,2.0,153.59,63.64,246.83,0,1
2026-01-13 11:00:00,28.66,83.67,90.24,2.0,152.02,63.45,251.56,0,1
2026-01-13 12:00:00,28.99,83.12,92.0,2.0,156.85,64.25,250.43,1,1
2026-01-13 13:00:00,30.1,85.0,91.26,2.0,158.47,64.6,249.01,0,1
2026-01-13 14:00:00,29.83,83.24,90.98,2.0,159.07,64.58,248.12,0,1
2026-01-13 15:00:00,27.66,85.0,92.0,2.0,158.98,64.47,247.24,1,1
2026-01-13 16:00:00,30.13,83.98,91.49,2.0,158.78,64.71,244.69,0,1
2026-01-13 17:00:00,29.68,80.49,90.43,2.0,161.13,64.21,241.34,0,1
2026-01-13 18:00:00,27.44,83.6,89.9,2.0,160.4,64.88,242.27,0,1
2026-01-13 19:00:00,27.86,82.28,89.75,2.0,161.62,63.83,244.55,0,1
2026-01-13 20:00:00,27.42,84.96,90.04,2.0,161.13,63.4,250.18,0,1
2026-01-13 21:00:00,26.66,82.29,89.36,2.0,164.78,63.91,248.34,0,1
2026-01-13 22:00:00,25.4,85.0,88.97,2.0,166.12,62.83,246.79,0,1
2026-01-13 23:00:00,24.8,84.75,89.01,2.0,168.32,61.39,244.27,0,1
2026-01-14 00:00:00,24.94,84.58,88.9,2.0,167.13,61.47,246.62,0,1
2026-01-14 01:00:00,25.65,85.0,88.75,2.0,168.95,59.96,248.08,0,1
2026-01-14 02:00:00,24.81,85.0,88.25,2.0,168.23,58.85,245.23,0,1
2026-01-14 03:00:00,23.82,84.95,87.87,2.0,168.3,59.62,242.47,0,1
2026-01-14 04:00:00,24.79,83.3,88.04,2.0,171.11,59.51,244.47,0,1
2026-01-14 05:00:00,21.69,81.09,87.82,2.0,168.99,60.74,244.96,0,1
2026-01-14 06:00:00,25.74,83.47,92.0,2.0,169.2,59.7,246.36,1,1
2026-01-14 07:00:00,23.83,83.59,91.76,2.0,169.82,59.68,243.58,0,1
2026-01-14 08:00:00,25.92,85.0,90.83,2.0,170.56,60.11,238.46,0,1
2026-01-14 09:00:00,26.14,84.12,90.53,2.0,169.53,59.11,236.1,0,1
2026-01-14 10:00:00,26.83,85.0,90.1,2.0,173.1,60.13,237.76,0,1
2026-01-14 11:00:00,29.74,83.47,90.19,2.0,170.45,60.64,242.9,0,1
2026-01-14 12:00:00,28.72,84.68,92.0,2.0,172.86,59.24,241.43,1,1
2026-01-14 13:00:00,29.61,85.0,91.65,2.0,174.73,59.29,246.8,0,1
2026-01-14 14:00:00,29.2,85.0,90.66,2.0,177.76,59.71,248.29,0,1
2026-01-14 15:00:00,29.5,84.68,92.0,2.0,174.39,59.25,244.14,1,1
2026-01-14 16:00:00,28.87,83.49,91.7,2.0,172.45,58.0,244.22,0,1
2026-01-14 17:00:00,27.29,83.44,90.49,2.0,174.84,58.37,245.92,0,1
2026-01-14 18:00:00,28.9,82.98,89.83,2.0,171.07,60.47,239.31,0,1
2026-01-14 19:00:00,27.06,83.68,89.45,2.0,167.93,60.17,240.7,0,1
2026-01-14 20:00:00,25.57,85.0,89.03,2.0,166.94,61.64,243.35,0,1
2026-01-14 21:00:00,26.04,84.42,88.94,2.0,167.2,60.97,243.93,0,1
2026-01-14 22:00:00,27.25,81.96,89.06,2.0,169.98,61.2,243.33,0,1
2026-01-14 23:00:00,26.17,85.0,88.81,2.0,169.45,61.91,242.48,0,1
2026-01-15 00:00:00,24.65,85.0,88.67,2.0,168.18,61.91,241.53,0,1
2026-01-15 01:00:00,24.28,81.89,88.5,2.0,168.61,61.64,238.26,0,1
2026-01-15 02:00:00,24.04,84.02,88.29,2.0,169.31,62.31,236.38,0,1
2026-01-15 03:00:00,26.03,85.0,87.76,2.0,169.93,64.0,235.27,0,1
2026-01-15 04:00:00,24.44,85.0,87.88,2.0,169.42,64.21,235.54,0,1
2026-01-15 05:00:00,24.64,82.56,87.77,2.0,165.72,63.68,234.12,0,1
2026-01-15 06:00:00,25.64,85.0,92.0,2.0,164.04,63.46,231.99,1,1
2026-01-15 07:00:00,25.61,85.0,91.55,2.0,166.63,65.68,234.04,0,1
2026-01-15 08:00:00,26.02,83.53,90.84,2.0,166.91,65.69,235.02,0,1
2026-01-15 09:00:00,26.97,84.27,90.2,2.0,166.25,65.05,233.67,0,1
2026-01-15 10:00:00,27.94,82.57,89.15,2.0,168.21,63.93,235.0,0,1
2026-01-15 11:00:00,28.66,84.38,88.05,2.0,166.05,62.23,233.87,0,1
2026-01-15 12:00:00,29.8,84.73,92.0,2.0,165.6,62.55,234.08,1,1
2026-01-15 13:00:00,29.35,85.0,91.56,2.0,165.82,63.12,236.56,0,1
2026-01-15 14:00:00,29.9,85.0,90.76,2.0,165.0,62.73,234.98,0,1
2026-01-15 15:00:00,29.0,83.16,92.0,2.0,165.18,62.69,232.05,1,1
2026-01-15 16:00:00,28.87,80.49,91.16,2.0,164.83,61.62,231.83,0,1
2026-01-15 17:00:00,26.64,84.79,90.44,2.0,162.32,61.75,228.58,0,1
2026-01-15 18:00:00,28.82,85.0,89.74,2.0,162.76,62.19,228.21,0,1
2026-01-15 19:00:00,27.82,85.0,90.18,2.0,160.45,61.7,227.85,0,1
2026-01-15 20:00:00,27.87,84.17,90.28,2.0,160.93,63.23,222.04,0,1
2026-01-15 21:00:00,23.82,85.0,90.38,2.0,163.57,62.44,224.02,0,1
2026-01-15 22:00:00,27.78,85.0,90.52,2.0,163.12,62.68,224.11,0,1
2026-01-15 23:00:00,25.27,85.0,90.01,2.0,161.09,63.43,227.61,0,1
2026-01-16 00:00:00,25.96,84.15,89.44,2.0,161.02,63.32,228.52,0,1
2026-01-16 01:00:00,23.66,83.88,88.9,2.0,159.68,63.11,230.68,0,1
2026-01-16 02:00:00,24.88,84.62,89.09,2.0,160.96,61.79,233.87,0,1
2026-01-16 03:00:00,23.21,85.0,88.73,2.0,160.86,63.02,233.6,0,1
2026-01-16 04:00:00,23.54,84.6,88.15,2.0,164.1,62.83,233.67,0,1
2026-01-16 05:00:00,25.98,84.95,87.81,2.0,166.23,63.29,229.8,0,1
2026-01-16 06:00:00,24.54,83.92,92.0,2.0,165.9,63.86,233.16,1,1
2026-01-16 07:00:00,25.6,85.0,91.87,2.0,167.16,63.24,232.89,0,1
2026-01-16 08:00:00,27.03,85.0,91.36,2.0,166.36,63.02,230.48,0,1
2026-01-16 09:00:00,27.6,85.0,90.53,2.0,166.37,64.19,232.55,0,1
2026-01-16 10:00:00,28.14,85.0,90.14,2.0,165.66,63.12,227.23,0,1
2026-01-16 11:00:00,29.02,84.9,89.36,2.0,167.02,65.0,226.54,0,1
2026-01-16 12:00:00,31.31,80.3,92.0,2.0,169.52,64.24,229.24,1,1
2026-01-16 13:00:00,29.25,85.0,91.61,2.0,170.77,63.11,228.43,0,1
2026-01-16 14:00:00,29.42,85.0,90.82,2.0,172.2,63.2,226.96,0,1
2026-01-16 15:00:00,30.02,85.0,92.0,2.0,173.57,65.15,226.33,1,1
2026-01-16 16:00:00,29.8,83.25,91.58,2.0,174.22,63.34,221.73,0,1
2026-01-16 17:00:00,29.51,83.99,90.72,2.0,171.8,63.17,224.19,0,1
2026-01-16 18:00:00,28.57,83.95,90.01,2.0,174.59,63.56,224.42,0,1
2026-01-16 19:00:00,26.47,85.0,89.97,2.0,177.46,63.55,224.27,0,1
2026-01-16 20:00:00,28.44,84.06,90.37,2.0,176.54,63.84,224.13,0,1
2026-01-16 21:00:00,25.4,85.0,90.34,2.0,175.41,63.14,224.71,0,1
2026-01-16 22:00:00,26.17,85.0,90.27,2.0,176.1,62.57,226.86,0,1
2026-01-16 23:00:00,24.72,82.14,90.23,2.0,176.64,62.42,227.14,0,1
2026-01-17 00:00:00,24.9,84.68,89.7,2.0,175.81,61.39,224.13,0,1
2026-01-17 01:00:00,24.89,83.55,89.52,2.0,173.13,61.37,226.11,0,1
2026-01-17 02:00:00,24.61,80.3,89.31,2.0,173.36,61.03,227.8,0,1
2026-01-17 03:00:00,24.54,85.0,89.2,2.0,174.01,60.64,228.67,0,1
2026-01-17 04:00:00,25.55,85.0,89.03,2.0,174.96,60.97,231.68,0,1
2026-01-17 05:00:00,24.66,85.0,88.93,2.0,175.19,59.36,231.92,0,1
2026-01-17 06:00:00,24.49,85.0,92.0,2.0,174.3,59.24,234.85,1,1
2026-01-17 07:00:00,26.27,81.91,91.81,2.0,175.71,61.4,238.38,0,1
2026-01-17 08:00:00,27.32,83.85,90.85,2.0,175.4,60.44,239.66,0,1
2026-01-17 09:00:00,26.05,85.0,90.18,2.0,174.15,61.65,237.56,0,1
2026-01-17 10:00:00,28.54,82.54,90.01,2.0,173.46,61.71,237.11,0,1
2026-01-17 11:00:00,29.32,80.3,89.5,2.0,169.98,61.17,240.1,0,1
2026-01-17 12:00:00,28.88,84.31,92.0,2.0,169.45,60.01,236.1,1,1
2026-01-17 13:00:00,30.54,84.49,91.96,2.0,170.51,60.2,235.06,0,1
2026-01-17 14:00:00,29.11,85.0,90.96,2.0,170.9,61.56,234.2,0,1
2026-01-17 15:00:00,29.19,85.0,92.0,2.0,173.4,61.22,232.08,1,1
2026-01-17 16:00:00,28.65,85.0,91.92,2.0,172.59,61.17,234.41,0,1
2026-01-17 17:00:00,28.45,85.0,91.34,2.0,173.17,62.11,235.38,0,1
2026-01-17 18:00:00,27.01,85.0,90.69,2.0,174.27,62.41,233.58,0,1
2026-01-17 19:00:00,26.21,81.53,90.12,2.0,178.11,60.98,235.17,0,1
2026-01-17 20:00:00,28.41,85.0,90.03,2.0,177.85,61.1,234.76,0,1
2026-01-17 21:00:00,25.67,85.0,89.99,2.0,175.46,62.49,232.55,0,1
2026-01-17 22:00:00,25.0,82.2,89.45,2.0,176.56,62.44,230.89,0,1
2026-01-17 23:00:00,23.46,81.64,89.21,2.0,179.46,59.96,232.19,0,1
2026-01-18 00:00:00,24.39,83.33,88.9,2.0,178.3,60.37,234.67,0,1
2026-01-18 01:00:00,23.41,83.53,88.77,2.0,179.28,60.24,233.47,0,1
2026-01-18 02:00:00,25.8,85.0,88.23,2.0,180.92,58.65,234.91,0,1
2026-01-18 03:00:00,25.07,83.65,88.4,2.0,182.12,57.24,238.87,0,1
2026-01-18 04:00:00,23.48,83.12,88.47,2.0,181.66,58.26,235.53,0,1
2026-01-18 05:00:00,26.28,83.65,88.15,2.0,179.74,57.71,236.39,0,1
2026-01-18 06:00:00,25.59,85.0,92.0,2.0,179.0,57.02,238.4,1,1
2026-01-18 07:00:00,25.11,84.98,91.75,2.0,179.26,57.14,237.99,0,1
2026-01-18 08:00:00,24.0,84.52,90.95,2.0,180.33,56.71,240.94,0,1
2026-01-18 09:00:00,29.21,84.64,90.22,2.0,180.32,56.95,246.14,0,1
2026-01-18 10:00:00,26.75,85.0,89.56,2.0,179.02,56.92,246.44,0,1
2026-01-18 11:00:00,27.21,83.18,89.46,2.0,179.46,56.0,245.28,0,1
2026-01-18 12:00:00,30.06,85.0,92.0,2.0,180.43,55.72,247.21,1,1
2026-01-18 13:00:00,31.5,85.0,91.67,2.0,180.5,56.3,248.71,0,1
2026-01-18 14:00:00,30.49,84.45,91.17,2.0,178.37,56.51,241.72,0,1
2026-01-18 15:00:00,29.58,85.0,92.0,2.0,177.51,56.6,241.38,1,1
2026-01-18 16:00:00,29.34,82.5,91.39,2.0,178.71,58.51,240.07,0,1
2026-01-18 17:00:00,29.21,84.05,91.08,2.0,175.68,59.27,240.81,0,1
2026-01-18 18:00:00,28.68,82.14,90.11,2.0,171.48,60.12,240.04,0,1
2026-01-18 19:00:00,27.76,85.0,90.09,2.0,173.94,60.03,239.57,0,1
2026-01-18 20:00:00,27.07,85.0,90.57,2.0,174.5,60.28,237.19,0,1
2026-01-18 21:00:00,26.37,85.0,90.68,2.0,175.21,59.95,238.91,0,1
2026-01-18 22:00:00,25.22,85.0,90.9,2.0,172.87,60.71,242.86,0,1
2026-01-18 23:00:00,25.15,84.52,90.76,2.0,173.88,60.65,240.34,0,1
2026-01-19 00:00:00,23.44,84.16,90.84,2.0,174.02,60.89,236.58,0,1
2026-01-19 01:00:00,24.51,81.3,90.42,2.0,170.81,61.07,236.55,0,1
2026-01-19 02:00:00,23.44,85.0,90.46,2.0,173.14,61.08,236.41,0,1
2026-01-19 03:00:00,23.16,85.0,90.45,2.0,173.1,63.75,239.26,0,1
2026-01-19 04:00:00,24.26,83.92,90.33,2.0,172.06,63.1,235.98,0,1
2026-01-19 05:00:00,25.51,85.0,90.52,2.0,171.1,62.46,234.58,0,1
2026-01-19 06:00:00,25.53,82.84,92.0,2.0,167.23,63.07,229.23,1,1
2026-01-19 07:00:00,23.99,85.0,91.74,2.0,168.21,62.5,232.96,0,1
2026-01-19 08:00:00,25.36,84.54,91.2,2.0,168.55,62.22,233.69,0,1
2026-01-19 09:00:00,28.0,85.0,90.3,2.0,168.06,61.24,232.6,0,1
2026-01-19 10:00:00,27.12,84.71,89.78,2.0,170.24,61.7,229.41,0,1
2026-01-19 11:00:00,28.49,81.63,88.67,2.0,167.54,62.17,226.61,0,1
2026-01-19 12:00:00,29.64,84.97,92.0,2.0,166.36,61.88,228.07,1,1
2026-01-19 13:00:00,28.43,85.0,91.42,2.0,164.78,62.52,225.65,0,1
2026-01-19 14:00:00,29.34,84.74,90.67,2.0,164.28,60.84,226.37,0,1
2026-01-19 15:00:00,27.87,85.0,92.0,2.0,164.43,60.24,231.91,1,1
2026-01-19 16:00:00,28.26,82.52,91.34,2.0,165.23,60.14,231.2,0,1
2026-01-19 17:00:00,28.73,84.78,90.95,2.0,164.6,59.14,228.98,0,1
2026-01-19 18:00:00,26.57,83.48,90.53,2.0,163.03,57.65,230.24,0,1
2026-01-19 19:00:00,27.9,85.0,90.11,2.0,166.15,57.5,227.41,0,1
2026-01-19 20:00:00,26.95,84.96,89.64,2.0,170.44,58.26,232.09,0,1
2026-01-19 21:00:00,26.93,85.0,89.63,2.0,170.48,59.53,235.75,0,1
2026-01-19 22:00:00,26.1,85.0,89.2,2.0,168.9,59.11,235.3,0,1
2026-01-19 23:00:00,26.63,85.0,89.01,2.0,171.4,59.86,233.04,0,1
2026-01-20 00:00:00,25.07,85.0,88.84,2.0,168.54,60.49,232.07,0,1
2026-01-20 01:00:00,24.21,82.78,88.73,2.0,167.8,61.63,231.48,0,1
2026-01-20 02:00:00,24.43,84.99,88.78,2.0,166.43,61.33,232.62,0,1
2026-01-20 03:00:00,24.65,83.83,88.19,2.0,164.29,59.73,235.34,0,1
2026-01-20 04:00:00,24.14,84.24,87.41,2.0,163.81,59.86,232.73,0,1
2026-01-20 05:00:00,24.29,84.17,87.04,2.0,162.3,59.02,235.37,0,1
2026-01-20 06:00:00,24.08,82.82,92.0,2.0,162.43,58.45,236.89,1,1
2026-01-20 07:00:00,24.8,80.64,92.0,2.0,162.59,58.29,235.53,0,1
2026-01-20 08:00:00,24.99,83.45,91.98,2.0,161.56,58.1,232.79,0,1
2026-01-20 09:00:00,28.73,85.0,91.33,2.0,161.03,58.34,233.19,0,1
2026-01-20 10:00:00,26.88,81.88,90.21,2.0,160.78,59.08,230.63,0,1
2026-01-20 11:00:00,28.07,84.86,88.92,2.0,162.4,58.84,233.41,0,1
2026-01-20 12:00:00,28.5,85.0,92.0,2.0,162.24,59.29,230.68,1,1
2026-01-20 13:00:00,30.11,85.0,91.34,2.0,163.84,59.38,232.26,0,1
2026-01-20 14:00:00,28.98,85.0,91.13,2.0,164.94,60.3,232.2,0,1
2026-01-20 15:00:00,30.2,85.0,92.0,2.0,165.97,60.19,230.94,1,1
2026-01-20 16:00:00,28.2,85.0,91.48,2.0,168.43,60.17,230.88,0,1
2026-01-20 17:00:00,28.69,83.24,90.62,2.0,166.28,59.89,233.79,0,1
2026-01-20 18:00:00,27.25,83.43,89.74,2.0,165.37,59.8,230.87,0,1
2026-01-20 19:00:00,29.43,80.3,89.6,2.0,168.53,59.17,230.04,0,1
2026-01-20 20:00:00,25.9,85.0,89.6,2.0,167.93,58.46,228.41,0,1
2026-01-20 21:00:00,26.71,85.0,89.51,2.0,162.74,59.26,228.65,0,1
2026-01-20 22:00:00,26.47,83.71,88.99,2.0,162.47,58.37,227.25,0,1
2026-01-20 23:00:00,25.77,84.39,88.97,2.0,162.81,58.19,223.22,0,1
2026-01-21 00:00:00,24.79,83.31,88.89,2.0,158.19,59.22,221.17,0,1
2026-01-21 01:00:00,24.48,85.0,88.37,2.0,160.86,58.98,225.96,0,1
2026-01-21 02:00:00,24.36,85.0,87.93,2.0,159.74,59.82,227.02,0,1
2026-01-21 03:00:00,24.02,81.16,87.93,2.0,160.54,59.35,227.95,0,1
2026-01-21 04:00:00,24.97,85.0,87.65,2.0,160.32,58.49,227.6,0,1
2026-01-21 05:00:00,26.25,84.39,87.92,2.0,158.18,57.16,227.84,0,1
2026-01-21 06:00:00,24.21,85.0,92.0,2.0,156.53,58.48,227.12,1,1
2026-01-21 07:00:00,24.17,85.0,91.65,2.0,155.19,57.57,228.84,0,1
2026-01-21 08:00:00,26.17,84.5,91.07,2.0,157.53,58.37,229.4,0,1
2026-01-21 09:00:00,29.47,84.65,90.49,2.0,157.57,57.58,226.75,0,1
2026-01-21 10:00:00,27.28,84.38,89.68,2.0,156.92,58.9,227.79,0,1
2026-01-21 11:00:00,30.17,85.0,88.81,2.0,155.56,60.98,222.01,0,1
2026-01-21 12:00:00,30.65,85.0,92.0,2.0,158.09,59.49,223.69,1,1
2026-01-21 13:00:00,28.8,85.0,91.66,2.0,161.01,58.59,220.73,0,1
2026-01-21 14:00:00,29.76,82.01,91.24,2.0,163.3,59.39,221.21,0,1
2026-01-21 15:00:00,30.54,83.98,92.0,2.0,164.25,59.93,218.91,1,1
2026-01-21 16:00:00,28.46,85.0,91.24,2.0,164.8,60.69,219.72,0,1
2026-01-21 17:00:00,28.26,84.92,91.16,2.0,162.62,60.21,221.93,0,1
2026-01-21 18:00:00,27.48,85.0,90.3,2.0,162.28,62.05,226.34,0,1
2026-01-21 19:00:00,26.59,85.0,89.78,2.0,161.15,62.16,222.92,0,1
2026-01-21 20:00:00,26.39,85.0,89.05,2.0,158.02,61.06,225.96,0,1
2026-01-21 21:00:00,25.33,85.0,88.7,2.0,160.2,60.86,226.74,0,1
2026-01-21 22:00:00,25.93,83.81,88.34,2.0,159.14,59.81,226.03,0,1
2026-01-21 23:00:00,24.71,80.3,88.3,2.0,161.53,61.31,228.38,0,1
2026-01-22 00:00:00,25.17,84.6,88.16,2.0,163.26,60.73,228.12,0,1
2026-01-22 01:00:00,23.2,84.26,87.6,2.0,164.33,61.22,230.26,0,1
2026-01-22 02:00:00,24.62,85.0,87.28,2.0,165.46,60.82,228.01,0,1
2026-01-22 03:00:00,24.91,84.66,86.96,2.0,164.33,60.3,226.78,0,1
2026-01-22 04:00:00,22.31,84.3,86.22,2.0,167.7,58.63,229.55,0,1
2026-01-22 05:00:00,24.59,81.08,85.72,2.0,167.67,59.27,233.54,0,1
2026-01-22 06:00:00,25.81,82.91,92.0,2.0,168.11,60.52,233.52,1,1
2026-01-22 07:00:00,24.31,85.0,92.0,2.0,166.82,59.74,226.63,0,1
2026-01-22 08:00:00,27.75,85.0,91.47,2.0,165.07,58.42,226.55,0,1
2026-01-22 09:00:00,27.53,84.67,91.08,2.0,165.92,59.25,227.05,0,1
2026-01-22 10:00:00,27.37,85.0,90.05,2.0,166.28,57.85,226.87,0,1
2026-01-22 11:00:00,28.64,85.0,89.81,2.0,164.81,59.07,228.12,0,1
2026-01-22 12:00:00,29.65,83.02,92.0,2.0,162.23,58.34,227.27,1,1
2026-01-22 13:00:00,29.37,85.0,90.8,2.0,160.05,57.46,229.75,0,1
2026-01-22 14:00:00,29.73,83.17,89.99,2.0,162.4,57.82,227.1,0,1
2026-01-22 15:00:00,28.25,85.0,92.0,2.0,161.4,57.01,230.58,1,1
2026-01-22 16:00:00,28.96,85.0,91.6,2.0,160.94,56.53,234.68,0,1
2026-01-22 17:00:00,27.17,85.0,90.81,2.0,163.71,57.01,232.41,0,1
2026-01-22 18:00:00,27.9,83.13,90.13,2.0,161.74,54.97,230.26,0,1
2026-01-22 19:00:00,26.69,85.0,89.74,2.0,160.56,56.66,231.52,0,1
2026-01-22 20:00:00,26.31,85.0,89.56,2.0,159.36,56.86,228.73,0,1
2026-01-22 21:00:00,27.54,82.69,89.71,2.0,162.49,55.85,227.81,0,1
2026-01-22 22:00:00,26.88,84.18,89.26,2.0,166.18,55.12,230.93,0,1
2026-01-22 23:00:00,25.95,85.0,89.36,2.0,167.49,56.22,232.97,0,1
2026-01-23 00:00:00,23.98,85.0,88.92,2.0,168.8,56.93,238.03,0,1
2026-01-23 01:00:00,24.31,83.75,88.46,2.0,167.6,58.33,238.3,0,1
2026-01-23 02:00:00,25.42,80.3,88.49,2.0,171.0,57.83,236.61,0,1
2026-01-23 03:00:00,24.28,85.0,88.56,2.0,171.24,58.22,236.66,0,1
2026-01-23 04:00:00,26.19,85.0,88.61,2.0,172.53,58.72,236.2,0,1
2026-01-23 05:00:00,24.61,81.16,88.01,2.0,172.04,59.44,235.8,0,1
2026-01-23 06:00:00,24.88,83.64,92.0,2.0,171.28,60.53,235.7,1,1
2026-01-23 07:00:00,25.12,85.0,92.0,2.0,174.02,59.93,233.33,0,1
2026-01-23 08:00:00,26.37,85.0,91.43,2.0,174.63,59.89,234.12,0,1
2026-01-23 09:00:00,27.01,85.0,90.53,2.0,176.86,59.41,230.64,0,1
2026-01-23 10:00:00,28.64,84.46,90.07,2.0,176.84,59.44,229.07,0,1
2026-01-23 11:00:00,29.55,85.0,89.26,2.0,174.84,60.14,229.07,0,1
2026-01-23 12:00:00,28.44,84.52,92.0,2.0,173.4,58.71,223.72,1,1
2026-01-23 13:00:00,28.1,85.0,91.87,2.0,173.25,59.81,226.2,0,1
2026-01-23 14:00:00,27.59,82.88,91.47,2.0,171.79,58.85,221.51,0,1
2026-01-23 15:00:00,29.53,83.04,92.0,2.0,169.52,58.66,223.86,1,1
2026-01-23 16:00:00,27.81,85.0,91.43,2.0,171.51,59.88,221.18,0,1
2026-01-23 17:00:00,26.5,84.74,91.08,2.0,170.26,60.24,220.86,0,1
2026-01-23 18:00:00,28.35,85.0,90.93,2.0,170.3,60.6,222.87,0,1
2026-01-23 19:00:00,29.75,83.39,90.79,2.0,170.62,59.58,228.97,0,1
2026-01-23 20:00:00,26.97,84.77,90.5,2.0,169.34,58.71,229.56,0,1
2026-01-23 21:00:00,27.18,82.88,89.78,2.0,171.78,59.66,224.88,0,1
2026-01-23 22:00:00,25.97,84.95,89.54,2.0,169.5,59.2,227.77,0,1
2026-01-23 23:00:00,25.31,81.7,89.58,2.0,169.79,58.84,227.55,0,1
2026-01-24 00:00:00,25.79,83.89,89.65,2.0,170.04,59.8,228.1,0,1
2026-01-24 01:00:00,24.34,81.82,89.6,2.0,169.74,58.92,229.84,0,1
2026-01-24 02:00:00,24.57,85.0,89.23,2.0,167.22,59.26,224.53,0,1
2026-01-24 03:00:00,24.45,85.0,88.43,2.0,168.69,59.38,225.07,0,1
2026-01-24 04:00:00,23.5,81.19,88.08,2.0,169.88,59.45,224.54,0,1
2026-01-24 05:00:00,25.15,85.0,87.78,2.0,168.47,59.06,228.12,0,1
2026-01-24 06:00:00,24.55,85.0,92.0,2.0,169.61,58.63,230.28,1,1
2026-01-24 07:00:00,24.72,85.0,91.98,2.0,170.1,57.76,226.45,0,1
2026-01-24 08:00:00,26.73,83.51,91.99,2.0,167.59,58.32,230.03,0,1
2026-01-24 09:00:00,26.34,85.0,91.45,2.0,165.95,57.83,231.41,0,1
2026-01-24 10:00:00,28.03,81.95,90.8,2.0,167.96,58.83,227.72,0,1
2026-01-24 11:00:00,28.68,84.87,90.13,2.0,168.4,58.72,228.22,0,1
2026-01-24 12:00:00,30.12,85.0,92.0,2.0,167.25,57.87,231.15,1,1
2026-01-24 13:00:00,29.73,85.0,91.15,2.0,165.61,57.78,228.31,0,1
2026-01-24 14:00:00,29.22,85.0,90.59,2.0,164.66,57.53,232.08,0,1
2026-01-24 15:00:00,29.81,83.71,92.0,2.0,163.87,58.58,228.45,1,1
2026-01-24 16:00:00,30.05,82.73,91.46,2.0,162.4,58.35,226.8,0,1
2026-01-24 17:00:00,28.94,84.08,91.0,2.0,159.36,58.21,224.85,0,1
2026-01-24 18:00:00,28.01,82.63,90.54,2.0,161.64,59.59,228.8,0,1
2026-01-24 19:00:00,26.32,84.97,89.8,2.0,163.52,60.12,227.88,0,1
2026-01-24 20:00:00,26.01,83.65,89.78,2.0,161.29,61.67,225.33,0,1
2026-01-24 21:00:00,26.15,81.62,89.37,2.0,161.68,62.82,226.93,0,1
2026-01-24 22:00:00,25.35,85.0,88.83,2.0,160.19,61.99,228.98,0,1
2026-01-24 23:00:00,25.23,83.86,88.29,2.0,159.91,62.88,230.95,0,1
2026-01-25 00:00:00,25.01,82.18,88.22,2.0,159.5,64.23,230.48,0,1
2026-01-25 01:00:00,25.07,84.61,87.94,2.0,158.95,65.54,231.34,0,1
2026-01-25 02:00:00,24.26,85.0,87.23,2.0,162.79,66.33,229.9,0,1
2026-01-25 03:00:00,24.59,81.16,87.17,2.0,162.09,67.07,234.34,0,1
2026-01-25 04:00:00,24.16,85.0,86.53,2.0,160.75,66.64,237.23,0,1
2026-01-25 05:00:00,22.48,82.69,86.37,2.0,159.55,65.75,239.83,0,1
2026-01-25 06:00:00,23.86,85.0,92.0,2.0,161.65,65.32,241.57,1,1
2026-01-25 07:00:00,25.27,85.0,92.0,2.0,158.81,63.72,242.54,0,1
2026-01-25 08:00:00,25.16,84.04,91.96,2.0,157.68,64.88,239.06,0,1
2026-01-25 09:00:00,27.69,83.24,90.97,2.0,160.58,64.54,240.44,0,1
2026-01-25 10:00:00,29.38,84.62,90.35,2.0,161.19,65.62,240.45,0,1
2026-01-25 11:00:00,29.79,85.0,89.67,2.0,161.69,64.41,243.34,0,1
2026-01-25 12:00:00,28.95,84.75,92.0,2.0,165.66,65.31,244.94,1,1
2026-01-25 13:00:00,30.64,84.32,91.46,2.0,166.08,64.76,245.82,0,1
2026-01-25 14:00:00,29.38,84.93,90.75,2.0,164.76,63.53,241.07,0,1
2026-01-25 15:00:00,28.77,83.48,92.0,2.0,164.26,64.94,240.54,1,1
2026-01-25 16:00:00,28.25,84.06,91.07,2.0,162.25,65.85,238.87,0,1
2026-01-25 17:00:00,28.17,80.3,90.78,2.0,164.62,65.93,239.31,0,1
2026-01-25 18:00:00,27.65,85.0,90.33,2.0,165.67,65.84,238.05,0,1
2026-01-25 19:00:00,27.66,85.0,90.39,2.0,167.67,66.12,237.21,0,1
2026-01-25 20:00:00,27.12,83.19,90.09,2.0,169.74,66.17,238.25,0,1
2026-01-25 21:00:00,26.43,85.0,89.68,2.0,168.81,65.33,237.0,0,1
2026-01-25 22:00:00,26.29,85.0,89.14,2.0,166.95,64.86,237.21,0,1
2026-01-25 23:00:00,26.47,82.67,89.04,2.0,166.78,66.54,233.3,0,1
2026-01-26 00:00:00,25.81,85.0,88.52,2.0,165.14,68.81,231.3,0,1
2026-01-26 01:00:00,23.26,85.0,88.87,2.0,165.43,70.01,233.13,0,1
2026-01-26 02:00:00,22.03,85.0,88.28,2.0,167.45,70.2,230.15,0,1
2026-01-26 03:00:00,25.0,84.06,88.15,2.0,167.05,69.65,233.5,0,1
2026-01-26 04:00:00,22.87,85.0,88.42,2.0,167.24,68.7,236.01,0,1
2026-01-26 05:00:00,24.05,84.42,88.4,2.0,166.98,67.84,235.29,0,1
2026-01-26 06:00:00,23.66,85.0,92.0,2.0,168.35,67.17,242.77,1,1
2026-01-26 07:00:00,23.78,80.76,91.51,2.0,167.01,68.95,245.49,0,1
2026-01-26 08:00:00,26.74,83.96,90.51,2.0,162.98,70.37,242.6,0,1
2026-01-26 09:00:00,27.83,85.0,90.15,2.0,163.91,70.79,244.08,0,1
2026-01-26 10:00:00,27.48,83.16,90.02,2.0,165.73,69.66,243.79,0,1
2026-01-26 11:00:00,26.36,83.49,89.31,2.0,166.5,70.24,241.41,0,1
2026-01-26 12:00:00,28.65,83.82,92.0,2.0,165.29,69.77,238.42,1,1
2026-01-26 13:00:00,29.65,82.13,90.66,2.0,163.23,67.6,240.73,0,1
2026-01-26 14:00:00,27.91,80.3,89.78,2.0,164.2,67.69,238.95,0,1
2026-01-26 15:00:00,29.24,84.3,92.0,2.0,164.48,66.76,238.5,1,1
2026-01-26 16:00:00,28.79,85.0,91.88,2.0,164.28,65.89,236.02,0,1
2026-01-26 17:00:00,28.96,84.72,91.49,2.0,167.59,65.55,234.1,0,1
2026-01-26 18:00:00,28.11,84.53,90.99,2.0,165.78,65.0,233.83,0,1
2026-01-26 19:00:00,26.63,84.96,90.66,2.0,168.94,64.88,234.86,0,1
2026-01-26 20:00:00,28.05,85.0,90.27,2.0,168.84,64.72,228.39,0,1
2026-01-26 21:00:00,26.29,84.49,90.48,2.0,165.38,62.95,228.76,0,1
2026-01-26 22:00:00,25.87,83.67,90.33,2.0,165.05,64.29,227.21,0,1
2026-01-26 23:00:00,24.56,84.33,89.5,2.0,166.77,63.33,231.11,0,1
2026-01-27 00:00:00,24.56,85.0,89.09,2.0,166.04,62.44,238.66,0,1
2026-01-27 01:00:00,23.8,85.0,88.63,2.0,163.35,62.13,237.58,0,1
2026-01-27 02:00:00,24.17,83.61,88.26,2.0,163.12,62.03,233.14,0,1
2026-01-27 03:00:00,25.7,85.0,88.22,2.0,161.65,63.34,233.53,0,1
2026-01-27 04:00:00,22.87,85.0,87.98,2.0,162.67,63.54,233.09,0,1
2026-01-27 05:00:00,22.8,82.81,87.76,2.0,164.15,64.0,238.11,0,1
2026-01-27 06:00:00,26.03,85.0,92.0,2.0,162.29,64.19,242.12,1,1
2026-01-27 07:00:00,25.21,81.73,91.58,2.0,161.12,64.33,243.93,0,1
2026-01-27 08:00:00,25.65,81.03,91.57,2.0,162.64,64.54,242.02,0,1
2026-01-27 09:00:00,28.09,85.0,90.78,2.0,161.19,62.73,243.36,0,1
2026-01-27 10:00:00,27.45,84.01,90.22,2.0,159.39,62.48,243.6,0,1
2026-01-27 11:00:00,30.34,85.0,89.53,2.0,157.5,63.51,243.78,0,1
2026-01-27 12:00:00,29.75,84.77,92.0,2.0,158.43,67.01,239.44,1,1
2026-01-27 13:00:00,28.86,82.65,91.54,2.0,159.25,65.78,241.88,0,1
2026-01-27 14:00:00,31.18,84.7,91.06,2.0,158.25,66.05,241.8,0,1
2026-01-27 15:00:00,28.53,82.1,92.0,2.0,158.53,65.41,241.21,1,1
2026-01-27 16:00:00,29.47,85.0,91.06,2.0,161.54,67.15,239.4,0,1
2026-01-27 17:00:00,28.71,81.85,91.22,2.0,159.92,65.78,237.19,0,1
2026-01-27 18:00:00,29.17,84.42,90.48,2.0,156.61,66.23,237.88,0,1
2026-01-27 19:00:00,28.91,82.58,90.47,2.0,157.77,64.83,233.36,0,1
2026-01-27 20:00:00,27.0,85.0,89.78,2.0,157.86,64.46,235.42,0,1
2026-01-27 21:00:00,25.75,84.18,89.48,2.0,156.86,64.36,232.76,0,1
2026-01-27 22:00:00,26.31,83.79,89.24,2.0,158.36,65.25,227.73,0,1
2026-01-27 23:00:00,24.79,85.0,89.17,2.0,160.14,64.18,232.64,0,1
2026-01-28 00:00:00,26.77,85.0,88.14,2.0,156.36,64.71,230.62,0,1
2026-01-28 01:00:00,24.72,85.0,87.99,2.0,155.53,64.65,229.03,0,1
2026-01-28 02:00:00,24.0,82.83,87.44,2.0,160.08,64.82,232.17,0,1
2026-01-28 03:00:00,24.32,81.91,87.33,2.0,161.33,65.59,236.94,0,1
2026-01-28 04:00:00,22.89,85.0,86.81,2.0,162.69,64.33,233.01,0,1
2026-01-28 05:00:00,23.38,84.29,86.35,2.0,164.89,64.99,230.72,0,1
2026-01-28 06:00:00,25.79,85.0,92.0,2.0,164.93,64.39,228.73,1,1
2026-01-28 07:00:00,24.81,84.77,91.48,2.0,166.37,65.3,231.38,0,1
2026-01-28 08:00:00,25.31,85.0,90.76,2.0,167.6,65.51,235.66,0,1
2026-01-28 09:00:00,27.63,81.31,89.82,2.0,168.47,65.21,232.93,0,1
2026-01-28 10:00:00,29.07,85.0,88.67,2.0,167.75,64.59,236.57,0,1
2026-01-28 11:00:00,29.34,84.46,88.38,2.0,167.95,65.25,234.72,0,1
2026-01-28 12:00:00,30.04,85.0,92.0,2.0,166.77,66.29,235.57,1,1
2026-01-28 13:00:00,28.62,82.96,91.35,2.0,166.73,65.68,232.36,0,1
2026-01-28 14:00:00,27.96,85.0,90.99,2.0,164.55,64.55,232.19,0,1
2026-01-28 15:00:00,30.43,81.94,92.0,2.0,163.15,65.1,232.05,1,1
2026-01-28 16:00:00,28.51,85.0,91.16,2.0,162.71,63.7,231.41,0,1
2026-01-28 17:00:00,28.21,84.05,90.64,2.0,161.11,62.47,232.55,0,1
2026-01-28 18:00:00,29.2,84.91,90.37,2.0,160.35,61.5,230.16,0,1
2026-01-28 19:00:00,28.0,85.0,89.81,2.0,160.24,61.14,228.19,0,1
2026-01-28 20:00:00,27.38,82.18,89.55,2.0,161.16,59.97,229.63,0,1
2026-01-28 21:00:00,28.38,83.4,88.82,2.0,163.02,58.28,233.25,0,1
2026-01-28 22:00:00,25.32,85.0,88.49,2.0,162.27,57.37,233.28,0,1
2026-01-28 23:00:00,26.24,85.0,88.29,2.0,164.78,58.09,234.63,0,1
2026-01-29 00:00:00,25.01,84.66,87.83,2.0,166.48,57.06,236.54,0,1
2026-01-29 01:00:00,24.84,85.0,87.48,2.0,167.33,56.9,238.54,0,1
2026-01-29 02:00:00,25.7,84.76,86.85,2.0,167.51,58.81,235.98,0,1
2026-01-29 03:00:00,24.61,85.0,86.67,2.0,167.98,58.86,233.99,0,1
2026-01-29 04:00:00,24.58,81.16,86.78,2.0,170.0,59.26,232.31,0,1
2026-01-29 05:00:00,25.22,85.0,86.24,2.0,172.0,58.49,237.27,0,1
2026-01-29 06:00:00,24.38,81.4,92.0,2.0,174.13,60.55,238.43,1,1
2026-01-29 07:00:00,24.64,80.3,91.94,2.0,173.83,60.1,239.41,0,1
2026-01-29 08:00:00,25.31,85.0,91.74,2.0,174.48,59.95,240.11,0,1
2026-01-29 09:00:00,25.38,85.0,90.72,2.0,176.52,61.2,236.55,0,1
2026-01-29 10:00:00,29.85,84.22,90.06,2.0,174.94,61.06,241.32,0,1
2026-01-29 11:00:00,27.7,84.59,89.56,2.0,173.97,61.13,242.2,0,1
2026-01-29 12:00:00,28.94,85.0,92.0,2.0,173.64,60.91,243.65,1,1
2026-01-29 13:00:00,29.05,84.23,90.66,2.0,174.91,60.69,238.8,0,1
2026-01-29 14:00:00,29.52,85.0,90.21,2.0,176.16,61.06,240.56,0,1
2026-01-29 15:00:00,29.81,83.38,92.0,2.0,175.3,61.59,239.39,1,1
2026-01-29 16:00:00,29.58,85.0,91.43,2.0,172.17,61.02,235.87,0,1
2026-01-29 17:00:00,27.91,84.31,90.54,2.0,172.33,60.36,233.44,0,1
2026-01-29 18:00:00,27.85,83.95,89.79,2.0,170.38,59.86,230.35,0,1
2026-01-29 19:00:00,27.76,85.0,90.11,2.0,167.48,58.67,227.38,0,1
2026-01-29 20:00:00,26.75,85.0,90.17,2.0,165.11,57.34,227.91,0,1
2026-01-29 21:00:00,27.87,85.0,90.15,2.0,165.69,57.74,227.3,0,1
2026-01-29 22:00:00,26.34,80.3,90.05,2.0,168.12,58.71,228.52,0,1
2026-01-29 23:00:00,26.06,84.16,89.64,2.0,168.06,59.6,233.04,0,1
2026-01-30 00:00:00,25.56,85.0,89.37,2.0,168.32,57.53,232.81,0,1
2026-01-30 01:00:00,25.65,84.47,89.14,2.0,170.31,57.44,227.31,0,1
2026-01-30 02:00:00,24.49,85.0,89.1,2.0,167.32,56.58,227.09,0,1
2026-01-30 03:00:00,22.99,85.0,89.35,2.0,168.17,56.88,230.47,0,1
2026-01-30 04:00:00,24.46,85.0,89.48,2.0,168.02,56.65,230.48,0,1
2026-01-30 05:00:00,23.67,83.14,88.85,2.0,168.92,57.35,234.53,0,1
2026-01-30 06:00:00,24.23,80.3,92.0,2.0,167.89,57.47,235.68,1,1
2026-01-30 07:00:00,25.93,85.0,92.0,2.0,166.3,55.9,231.05,0,1
2026-01-30 08:00:00,27.36,83.12,91.6,2.0,166.5,55.21,231.52,0,1
2026-01-30 09:00:00,27.17,85.0,90.83,2.0,169.41,55.42,232.44,0,1
2026-01-30 10:00:00,28.28,82.1,91.11,2.0,170.78,55.7,235.27,0,1
2026-01-30 11:00:00,30.22,84.24,90.12,2.0,169.64,54.62,239.81,0,1
2026-01-30 12:00:00,29.36,84.88,92.0,2.0,167.04,53.46,241.83,1,1
2026-01-30 13:00:00,31.64,85.0,91.46,2.0,163.93,53.77,242.59,0,1
2026-01-30 14:00:00,29.75,82.35,91.49,2.0,166.34,52.75,243.9,0,1
2026-01-30 15:00:00,27.49,85.0,92.0,2.0,164.57,51.53,243.04,1,1
2026-01-30 16:00:00,29.48,83.51,91.32,2.0,164.0,51.44,238.98,0,1
2026-01-30 17:00:00,28.78,81.15,91.05,2.0,166.42,51.32,238.88,0,1
2026-01-30 18:00:00,29.16,84.61,90.45,2.0,163.46,50.85,239.6,0,1
2026-01-30 19:00:00,28.11,84.94,90.13,2.0,166.2,50.55,236.36,0,1
2026-01-30 20:00:00,26.85,85.0,90.09,2.0,165.7,50.91,239.61,0,1
2026-01-30 21:00:00,25.33,85.0,89.96,2.0,163.6,50.59,241.9,0,1
2026-01-30 22:00:00,25.71,84.41,90.06,2.0,163.22,51.0,238.12,0,1
2026-01-30 23:00:00,24.63,84.69,90.24,2.0,161.99,50.98,241.38,0,1
2026-01-31 00:00:00,24.44,82.54,90.13,2.0,162.9,51.46,240.29,0,1
2026-01-31 01:00:00,25.13,85.0,90.01,2.0,161.82,52.57,238.08,0,1
2026-01-31 02:00:00,25.83,85.0,89.87,2.0,158.5,53.61,240.62,0,1
2026-01-31 03:00:00,24.51,84.07,89.81,2.0,158.37,55.02,240.21,0,1
2026-01-31 04:00:00,23.02,80.81,89.62,2.0,156.19,55.98,244.7,0,1
2026-01-31 05:00:00,24.66,85.0,89.41,2.0,156.91,56.38,242.08,0,1
2026-01-31 06:00:00,25.79,82.28,92.0,2.0,155.1,56.16,237.4,1,1
2026-01-31 07:00:00,24.85,83.65,92.0,2.0,154.61,55.98,236.58,0,1
2026-01-31 08:00:00,26.13,85.0,90.97,2.0,155.36,55.37,238.47,0,1
2026-01-31 09:00:00,27.16,82.25,90.39,2.0,155.36,55.58,235.98,0,1
2026-01-31 10:00:00,27.29,81.56,89.6,2.0,156.2,56.4,232.61,0,1
2026-01-31 11:00:00,29.28,80.3,88.91,2.0,157.77,55.91,233.3,0,1
2026-01-31 12:00:00,29.03,85.0,92.0,2.0,155.98,56.06,229.73,1,1
2026-01-31 13:00:00,29.68,83.6,91.6,2.0,156.22,55.63,230.76,0,1
2026-01-31 14:00:00,28.44,85.0,90.97,2.0,150.58,56.01,230.12,0,1
2026-01-31 15:00:00,28.68,82.62,92.0,2.0,151.6,55.7,231.6,1,1
2026-01-31 16:00:00,29.45,82.79,91.11,2.0,151.6,55.22,228.31,0,1
2026-01-31 17:00:00,28.1,83.59,90.79,2.0,150.36,54.81,231.89,0,1
2026-01-31 18:00:00,29.55,85.0,89.37,2.0,151.52,55.48,231.59,0,1
2026-01-31 19:00:00,27.14,83.83,89.51,2.0,154.17,55.59,233.67,0,1
2026-01-31 20:00:00,27.17,85.0,89.46,2.0,153.74,55.39,236.13,0,1
2026-01-31 21:00:00,27.27,82.76,89.64,2.0,152.49,55.83,233.18,0,1
2026-01-31 22:00:00,24.62,81.89,89.37,2.0,153.29,55.64,235.48,0,1
2026-01-31 23:00:00,23.82,80.99,88.55,2.0,151.36,56.84,231.89,0,1
2026-02-01 00:00:00,23.59,80.3,88.47,2.0,150.71,56.12,228.62,0,1
2026-02-01 01:00:00,25.73,83.84,88.65,2.0,153.48,56.13,233.85,0,1
2026-02-01 02:00:00,23.83,84.33,88.72,2.0,154.06,55.04,236.69,0,1
2026-02-01 03:00:00,26.46,83.61,88.31,2.0,151.11,54.94,241.79,0,1
2026-02-01 04:00:00,23.59,85.0,88.13,2.0,148.43,53.64,240.52,0,1
2026-02-01 05:00:00,24.42,85.0,87.77,2.0,149.39,54.56,240.5,0,1
2026-02-01 06:00:00,26.1,84.24,92.0,2.0,151.56,55.47,241.55,1,1
2026-02-01 07:00:00,27.21,81.0,92.0,2.0,149.19,56.38,241.19,0,1
2026-02-01 08:00:00,28.1,83.67,91.05,2.0,150.63,56.57,239.01,0,1
2026-02-01 09:00:00,28.24,83.56,90.19,2.0,153.6,55.94,236.57,0,1
2026-02-01 10:00:00,28.92,83.4,89.26,2.0,157.46,55.4,237.03,0,1
2026-02-01 11:00:00,29.22,83.29,88.22,2.0,158.35,56.98,234.26,0,1
2026-02-01 12:00:00,29.84,83.37,92.0,2.0,159.53,58.42,231.56,1,1
2026-02-01 13:00:00,28.8,83.95,91.75,2.0,155.91,58.64,232.72,0,1
2026-02-01 14:00:00,28.51,83.4,91.11,2.0,160.05,58.28,232.59,0,1
2026-02-01 15:00:00,29.07,85.0,92.0,2.0,159.22,59.62,235.06,1,1
2026-02-01 16:00:00,28.65,85.0,91.66,2.0,157.77,59.07,233.99,0,1
2026-02-01 17:00:00,28.03,82.83,91.57,2.0,157.6,59.36,232.59,0,1
2026-02-01 18:00:00,28.63,85.0,90.79,2.0,160.61,60.66,233.77,0,1
2026-02-01 19:00:00,28.36,82.71,90.43,2.0,164.76,59.94,231.8,0,1
2026-02-01 20:00:00,27.05,81.33,90.37,2.0,165.0,60.75,230.31,0,1
2026-02-01 21:00:00,27.76,85.0,90.64,2.0,166.8,61.26,229.0,0,1
2026-02-01 22:00:00,24.87,83.13,90.28,2.0,166.8,61.24,228.78,0,1
2026-02-01 23:00:00,25.23,85.0,89.67,2.0,164.86,60.37,233.52,0,1
2026-02-02 00:00:00,24.32,80.3,89.66,2.0,167.52,59.77,230.15,0,1
2026-02-02 01:00:00,22.92,85.0,89.69,2.0,166.3,60.1,233.63,0,1
2026-02-02 02:00:00,24.25,85.0,89.49,2.0,169.02,58.87,235.55,0,1
2026-02-02 03:00:00,24.05,81.7,89.12,2.0,171.19,59.08,239.44,0,1
2026-02-02 04:00:00,25.46,81.75,89.21,2.0,172.05,59.66,247.06,0,1
2026-02-02 05:00:00,24.82,85.0,89.16,2.0,175.06,60.62,250.03,0,1
2026-02-02 06:00:00,23.79,83.35,92.0,2.0,178.68,59.4,251.59,1,1
2026-02-02 07:00:00,27.07,83.11,91.8,2.0,177.81,60.66,247.48,0,1
2026-02-02 08:00:00,27.35,80.3,90.81,2.0,175.85,62.23,243.89,0,1
2026-02-02 09:00:00,27.68,84.11,90.43,2.0,172.06,62.59,244.35,0,1
2026-02-02 10:00:00,27.8,84.35,89.76,2.0,175.81,61.64,239.64,0,1
2026-02-02 11:00:00,27.83,85.0,89.04,2.0,174.59,61.35,240.94,0,1
2026-02-02 12:00:00,28.81,81.73,92.0,2.0,176.25,61.33,235.31,1,1
2026-02-02 13:00:00,30.28,81.46,91.41,2.0,174.47,61.59,238.17,0,1
2026-02-02 14:00:00,30.94,85.0,91.07,2.0,176.86,61.63,237.21,0,1
2026-02-02 15:00:00,30.46,85.0,92.0,2.0,175.12,61.89,237.42,1,1
2026-02-02 16:00:00,28.36,81.36,91.36,2.0,172.57,61.81,235.43,0,1
2026-02-02 17:00:00,27.43,85.0,91.0,2.0,171.89,62.06,230.66,0,1
2026-02-02 18:00:00,28.13,84.93,90.53,2.0,170.66,61.64,233.96,0,1
2026-02-02 19:00:00,25.91,85.0,90.2,2.0,171.51,61.35,237.35,0,1
2026-02-02 20:00:00,27.26,84.74,89.95,2.0,171.15,60.85,236.36,0,1
2026-02-02 21:00:00,26.3,80.3,89.69,2.0,172.04,62.61,237.94,0,1
2026-02-02 22:00:00,25.48,84.6,89.64,2.0,171.23,63.91,236.82,0,1
2026-02-02 23:00:00,23.96,85.0,89.32,2.0,169.79,64.35,237.45,0,1
2026-02-03 00:00:00,25.42,83.0,88.99,2.0,168.54,65.47,239.22,0,1
2026-02-03 01:00:00,24.12,84.13,89.38,2.0,172.08,66.09,240.4,0,1
2026-02-03 02:00:00,23.27,84.6,89.46,2.0,172.21,66.13,243.48,0,1
2026-02-03 03:00:00,21.57,80.3,89.03,2.0,168.35,64.65,244.36,0,1
2026-02-03 04:00:00,24.08,85.0,89.0,2.0,167.28,64.33,243.96,0,1
2026-02-03 05:00:00,25.85,83.01,88.82,2.0,167.36,63.96,241.61,0,1
2026-02-03 06:00:00,26.2,85.0,92.0,2.0,170.59,62.88,240.08,1,1
2026-02-03 07:00:00,24.99,84.76,91.83,2.0,172.21,61.52,241.85,0,1
2026-02-03 08:00:00,25.71,85.0,91.62,2.0,170.27,61.98,237.75,0,1
2026-02-03 09:00:00,27.57,85.0,91.13,2.0,174.41,62.27,240.38,0,1
2026-02-03 10:00:00,27.1,84.33,90.53,2.0,173.98,61.21,239.41,0,1
2026-02-03 11:00:00,28.96,82.86,90.25,2.0,175.86,60.56,237.14,0,1
2026-02-03 12:00:00,29.83,85.0,92.0,2.0,173.35,61.65,234.29,1,1
2026-02-03 13:00:00,30.4,80.68,91.43,2.0,168.7,60.87,236.01,0,1
2026-02-03 14:00:00,29.15,85.0,90.93,2.0,166.01,61.06,235.92,0,1
2026-02-03 15:00:00,28.89,82.39,92.0,2.0,160.12,60.92,239.85,1,1
2026-02-03 16:00:00,28.01,85.0,91.41,2.0,164.12,61.4,236.45,0,1
2026-02-03 17:00:00,27.7,85.0,90.65,2.0,164.54,60.65,234.93,0,1
2026-02-03 18:00:00,27.8,85.0,89.84,2.0,162.9,60.77,234.7,0,1
2026-02-03 19:00:00,27.83,85.0,89.32,2.0,163.79,60.96,232.84,0,1
2026-02-03 20:00:00,27.79,81.03,88.69,2.0,164.18,61.2,232.96,0,1
2026-02-03 21:00:00,25.71,83.02,88.22,2.0,165.33,61.3,233.86,0,1
2026-02-03 22:00:00,27.24,85.0,87.95,2.0,167.5,61.63,235.13,0,1
2026-02-03 23:00:00,25.16,85.0,87.78,2.0,166.88,63.61,238.89,0,1
2026-02-04 00:00:00,24.94,85.0,87.49,2.0,165.22,65.87,235.44,0,1
2026-02-04 01:00:00,23.92,85.0,86.58,2.0,166.7,65.18,236.26,0,1
2026-02-04 02:00:00,22.14,82.86,86.85,2.0,168.07,62.99,234.58,0,1
2026-02-04 03:00:00,24.95,83.25,86.97,2.0,168.13,63.5,235.67,0,1
2026-02-04 04:00:00,24.76,85.0,86.89,2.0,171.93,63.62,236.72,0,1
2026-02-04 05:00:00,24.0,80.3,87.26,2.0,170.86,64.53,234.17,0,1
2026-02-04 06:00:00,24.77,85.0,92.0,2.0,169.01,64.71,231.96,1,1
2026-02-04 07:00:00,25.86,85.0,92.0,2.0,169.6,64.68,233.39,0,1
2026-02-04 08:00:00,24.84,85.0,91.14,2.0,168.2,65.62,233.53,0,1
2026-02-04 09:00:00,26.68,81.41,90.63,2.0,168.96,66.65,233.05,0,1
2026-02-04 10:00:00,28.71,85.0,89.66,2.0,167.31,65.26,234.79,0,1
2026-02-04 11:00:00,27.56,85.0,89.07,2.0,166.49,64.43,236.63,0,1
2026-02-04 12:00:00,29.41,81.9,92.0,2.0,169.84,64.26,235.23,1,1
2026-02-04 13:00:00,28.08,85.0,91.36,2.0,168.91,64.28,233.09,0,1
2026-02-04 14:00:00,29.66,84.8,90.98,2.0,167.32,64.01,230.03,0,1
2026-02-04 15:00:00,29.04,81.41,92.0,2.0,169.33,64.34,230.36,1,1
2026-02-04 16:00:00,27.35,85.0,91.26,2.0,167.27,65.17,227.03,0,1
2026-02-04 17:00:00,29.49,85.0,90.49,2.0,165.93,66.62,227.68,0,1
2026-02-04 18:00:00,27.34,83.53,90.15,2.0,166.93,67.01,231.09,0,1
2026-02-04 19:00:00,26.77,85.0,89.74,2.0,168.54,66.09,230.4,0,1
2026-02-04 20:00:00,27.15,81.22,89.8,2.0,170.6,65.83,229.29,0,1
2026-02-04 21:00:00,27.46,81.62,89.95,2.0,169.03,65.65,234.57,0,1
2026-02-04 22:00:00,24.98,85.0,89.25,2.0,169.94,66.0,238.37,0,1
2026-02-04 23:00:00,25.46,85.0,89.38,2.0,168.9,66.23,236.29,0,1
2026-02-05 00:00:00,25.35,83.39,89.79,2.0,167.66,67.95,236.57,0,1
2026-02-05 01:00:00,25.22,85.0,89.66,2.0,169.72,67.36,237.31,0,1
2026-02-05 02:00:00,24.48,85.0,89.63,2.0,168.54,67.54,237.71,0,1
2026-02-05 03:00:00,23.83,85.0,89.74,2.0,168.9,69.5,242.11,0,1
2026-02-05 04:00:00,23.36,84.73,89.45,2.0,169.02,68.74,241.97,0,1
2026-02-05 05:00:00,24.33,85.0,89.3,2.0,166.93,68.67,242.21,0,1
2026-02-05 06:00:00,23.74,84.0,92.0,2.0,168.6,67.62,243.58,1,1
2026-02-05 07:00:00,22.77,85.0,91.84,2.0,169.46,67.53,246.12,0,1
2026-02-05 08:00:00,26.64,83.13,91.41,2.0,165.71,66.66,247.91,0,1
2026-02-05 09:00:00,27.97,85.0,90.97,2.0,166.18,67.46,248.61,0,1
2026-02-05 10:00:00,25.87,84.93,90.72,2.0,164.74,67.43,244.03,0,1
2026-02-05 11:00:00,27.78,81.8,89.9,2.0,166.72,66.43,242.36,0,1
2026-02-05 12:00:00,29.7,85.0,92.0,2.0,164.05,67.05,244.04,1,1
2026-02-05 13:00:00,31.15,85.0,91.96,2.0,163.45,67.06,244.21,0,1
2026-02-05 14:00:00,29.26,85.0,91.32,2.0,164.16,67.77,245.82,0,1
2026-02-05 15:00:00,28.42,85.0,92.0,2.0,164.3,66.56,249.99,1,1
2026-02-05 16:00:00,28.64,85.0,91.39,2.0,165.7,66.75,246.3,0,1
2026-02-05 17:00:00,29.68,83.53,90.54,2.0,162.94,67.31,248.58,0,1
2026-02-05 18:00:00,27.42,85.0,90.44,2.0,165.99,66.77,247.08,0,1
2026-02-05 19:00:00,26.78,84.87,90.07,2.0,166.9,65.49,248.81,0,1
2026-02-05 20:00:00,26.54,85.0,89.52,2.0,169.27,65.35,248.02,0,1
2026-02-05 21:00:00,25.57,80.3,89.18,2.0,170.67,66.35,252.68,0,1
2026-02-05 22:00:00,26.01,85.0,88.37,2.0,170.42,67.24,252.13,0,1
2026-02-05 23:00:00,26.86,83.55,87.96,2.0,167.9,66.69,249.67,0,1
2026-02-06 00:00:00,25.25,85.0,87.46,2.0,166.77,65.4,249.98,0,1
2026-02-06 01:00:00,24.37,85.0,87.44,2.0,169.56,64.91,250.04,0,1
2026-02-06 02:00:00,24.06,85.0,87.03,2.0,171.87,64.4,252.14,0,1
2026-02-06 03:00:00,22.75,85.0,87.1,2.0,170.48,64.73,252.4,0,1
2026-02-06 04:00:00,24.89,82.8,87.31,2.0,165.19,64.55,257.72,0,1
2026-02-06 05:00:00,24.19,85.0,87.34,2.0,164.8,63.8,256.3,0,1
2026-02-06 06:00:00,24.55,85.0,92.0,2.0,164.29,64.74,254.99,1,1
2026-02-06 07:00:00,28.27,85.0,91.83,2.0,163.86,64.78,252.48,0,1
2026-02-06 08:00:00,26.52,85.0,90.79,2.0,164.86,65.09,251.82,0,1
2026-02-06 09:00:00,26.47,83.63,90.17,2.0,166.44,63.45,251.56,0,1
2026-02-06 10:00:00,27.62,83.1,89.33,2.0,168.17,61.22,251.43,0,1
2026-02-06 11:00:00,29.73,84.91,88.93,2.0,168.84,59.95,250.78,0,1
2026-02-06 12:00:00,29.25,85.0,92.0,2.0,165.45,59.58,248.47,1,1
2026-02-06 13:00:00,28.01,83.93,91.56,2.0,164.82,60.17,245.59,0,1
2026-02-06 14:00:00,30.07,85.0,90.36,2.0,168.97,58.12,244.12,0,1
2026-02-06 15:00:00,28.47,85.0,92.0,2.0,169.49,59.67,246.52,1,1
2026-02-06 16:00:00,30.49,82.62,91.43,2.0,169.97,59.89,249.33,0,1
2026-02-06 17:00:00,29.41,85.0,90.86,2.0,170.42,61.18,248.43,0,1
2026-02-06 18:00:00,27.6,85.0,90.05,2.0,170.95,60.41,245.4,0,1
2026-02-06 19:00:00,28.66,85.0,89.91,2.0,166.42,60.91,244.68,0,1
2026-02-06 20:00:00,27.03,85.0,89.32,2.0,165.93,61.02,249.42,0,1
2026-02-06 21:00:00,27.2,82.23,88.83,2.0,165.83,61.78,251.2,0,1
2026-02-06 22:00:00,26.33,85.0,88.81,2.0,168.1,61.58,251.77,0,1
2026-02-06 23:00:00,24.64,82.38,88.3,2.0,168.06,62.02,253.33,0,1
2026-02-07 00:00:00,24.38,82.52,88.26,2.0,164.98,63.01,256.27,0,1
2026-02-07 01:00:00,25.52,83.59,87.64,2.0,165.75,62.39,252.32,0,1
2026-02-07 02:00:00,24.02,82.92,87.96,2.0,164.27,62.6,250.48,0,1
2026-02-07 03:00:00,23.79,83.79,87.53,2.0,162.11,60.88,248.38,0,1
2026-02-07 04:00:00,23.24,84.53,87.26,2.0,160.73,61.55,249.18,0,1
2026-02-07 05:00:00,24.64,85.0,87.15,2.0,161.87,63.32,248.87,0,1
2026-02-07 06:00:00,26.56,84.27,92.0,2.0,164.27,62.16,250.07,1,1
2026-02-07 07:00:00,24.44,81.46,91.84,2.0,165.16,62.07,248.05,0,1
2026-02-07 08:00:00,26.27,85.0,91.43,2.0,166.3,62.86,250.83,0,1
2026-02-07 09:00:00,28.42,83.04,91.13,2.0,167.09,62.87,249.86,0,1
2026-02-07 10:00:00,27.93,84.72,90.78,2.0,167.19,62.99,250.85,0,1
2026-02-07 11:00:00,29.1,85.0,90.13,2.0,168.36,62.61,253.05,0,1
2026-02-07 12:00:00,28.19,85.0,92.0,2.0,163.87,62.2,254.94,1,1
2026-02-07 13:00:00,29.69,85.0,92.0,2.0,164.12,62.12,254.84,0,1
2026-02-07 14:00:00,29.07,85.0,91.69,2.0,162.27,62.15,255.9,0,1
2026-02-07 15:00:00,29.96,82.91,92.0,2.0,164.47,61.09,259.21,1,1
2026-02-07 16:00:00,29.87,85.0,91.43,2.0,164.23,61.05,259.28,0,1
2026-02-07 17:00:00,30.77,85.0,90.72,2.0,164.32,62.49,256.24,0,1
2026-02-07 18:00:00,28.52,84.53,90.09,2.0,161.63,62.1,256.64,0,1
2026-02-07 19:00:00,27.8,85.0,89.5,2.0,163.6,60.98,255.46,0,1
2026-02-07 20:00:00,27.15,85.0,89.17,2.0,164.78,60.88,248.57,0,1
2026-02-07 21:00:00,26.11,85.0,89.5,2.0,165.8,60.27,249.05,0,1
2026-02-07 22:00:00,26.2,85.0,89.46,2.0,164.3,59.12,248.64,0,1
2026-02-07 23:00:00,25.13,84.34,88.51,2.0,162.94,59.33,250.84,0,1
2026-02-08 00:00:00,25.11,84.27,88.67,2.0,163.42,58.77,248.18,0,1
2026-02-08 01:00:00,25.78,85.0,88.79,2.0,162.23,58.3,243.75,0,1
2026-02-08 02:00:00,23.42,85.0,88.47,2.0,163.13,58.55,243.74,0,1
2026-02-08 03:00:00,25.18,81.68,88.48,2.0,159.31,57.28,244.25,0,1
2026-02-08 04:00:00,25.29,80.68,88.02,2.0,158.66,55.85,244.02,0,1
2026-02-08 05:00:00,24.15,83.7,87.67,2.0,162.15,56.64,243.62,0,1
2026-02-08 06:00:00,22.8,81.38,92.0,2.0,163.06,55.06,240.52,1,1
2026-02-08 07:00:00,24.85,84.02,91.71,2.0,163.43,54.39,239.9,0,1
2026-02-08 08:00:00,27.42,85.0,90.56,2.0,167.07,53.0,238.78,0,1
2026-02-08 09:00:00,27.13,82.92,89.96,2.0,162.78,52.83,241.27,0,1
2026-02-08 10:00:00,27.1,81.71,89.35,2.0,161.4,53.49,241.91,0,1
2026-02-08 11:00:00,28.24,84.98,89.12,2.0,160.83,53.85,240.87,0,1
2026-02-08 12:00:00,29.9,85.0,92.0,2.0,162.54,56.25,244.88,1,1
2026-02-08 13:00:00,29.79,81.07,91.27,2.0,164.21,57.4,243.72,0,1
2026-02-08 14:00:00,29.03,85.0,90.99,2.0,162.68,56.7,244.68,0,1
2026-02-08 15:00:00,28.75,85.0,92.0,2.0,164.57,55.78,243.78,1,1
2026-02-08 16:00:00,28.45,85.0,91.18,2.0,163.86,58.4,247.41,0,1
2026-02-08 17:00:00,27.61,85.0,90.94,2.0,166.09,59.47,247.01,0,1
2026-02-08 18:00:00,29.45,85.0,90.4,2.0,164.19,60.07,246.7,0,1
2026-02-08 19:00:00,27.21,84.09,90.19,2.0,164.0,60.2,245.77,0,1
2026-02-08 20:00:00,28.07,85.0,90.03,2.0,163.16,60.5,245.72,0,1
2026-02-08 21:00:00,27.8,83.99,89.49,2.0,165.13,59.21,248.18,0,1
2026-02-08 22:00:00,26.8,84.94,89.12,2.0,164.19,59.43,249.64,0,1
2026-02-08 23:00:00,25.01,85.0,88.92,2.0,164.14,59.57,248.98,0,1
2026-02-09 00:00:00,25.32,82.01,88.65,2.0,165.09,58.83,252.53,0,1
2026-02-09 01:00:00,24.57,83.09,88.83,2.0,166.07,58.44,253.84,0,1
2026-02-09 02:00:00,23.51,85.0,88.69,2.0,167.62,59.91,251.8,0,1
2026-02-09 03:00:00,24.45,85.0,88.74,2.0,167.89,59.86,247.51,0,1
2026-02-09 04:00:00,23.04,84.2,88.54,2.0,167.03,61.79,245.85,0,1
2026-02-09 05:00:00,25.33,85.0,88.65,2.0,166.32,60.23,246.34,0,1
2026-02-09 06:00:00,24.29,85.0,92.0,2.0,166.31,59.82,247.26,1,1
2026-02-09 07:00:00,25.58,85.0,91.8,2.0,166.71,58.49,250.05,0,1
2026-02-09 08:00:00,26.5,85.0,91.21,2.0,166.37,57.51,246.56,0,1
2026-02-09 09:00:00,26.92,85.0,90.34,2.0,166.35,56.89,244.88,0,1
2026-02-09 10:00:00,28.53,85.0,89.9,2.0,163.57,57.33,241.44,0,1
2026-02-09 11:00:00,28.26,85.0,89.3,2.0,164.83,57.71,237.78,0,1
2026-02-09 12:00:00,29.93,84.91,92.0,2.0,165.16,57.23,236.07,1,1
2026-02-09 13:00:00,28.09,85.0,91.74,2.0,166.96,55.37,236.93,0,1
2026-02-09 14:00:00,29.36,84.0,90.77,2.0,166.88,56.9,238.76,0,1
2026-02-09 15:00:00,30.82,85.0,92.0,2.0,163.67,56.79,236.2,1,1
2026-02-09 16:00:00,27.9,85.0,91.72,2.0,163.08,55.94,234.12,0,1
2026-02-09 17:00:00,27.83,84.23,91.23,2.0,162.8,56.37,229.71,0,1
2026-02-09 18:00:00,28.46,83.01,90.62,2.0,164.22,56.73,230.51,0,1
2026-02-09 19:00:00,27.67,85.0,90.48,2.0,160.53,56.59,228.91,0,1
2026-02-09 20:00:00,27.29,85.0,90.32,2.0,160.78,56.89,233.37,0,1
2026-02-09 21:00:00,26.87,83.82,89.65,2.0,161.87,56.0,234.48,0,1
2026-02-09 22:00:00,26.47,85.0,89.34,2.0,160.81,56.87,234.07,0,1
2026-02-09 23:00:00,26.4,81.63,89.61,2.0,161.11,56.12,232.52,0,1
2026-02-10 00:00:00,25.33,85.0,89.21,2.0,160.14,55.75,228.91,0,1
2026-02-10 01:00:00,24.38,85.0,88.91,2.0,159.02,56.53,225.79,0,1
2026-02-10 02:00:00,24.93,85.0,88.54,2.0,158.52,57.77,224.7,0,1
2026-02-10 03:00:00,25.87,83.3,88.3,2.0,157.5,59.33,223.46,0,1
2026-02-10 04:00:00,23.98,82.19,87.92,2.0,159.03,60.36,221.54,0,1
2026-02-10 05:00:00,23.38,83.02,87.86,2.0,157.95,60.12,223.16,0,1
2026-02-10 06:00:00,25.7,82.04,92.0,2.0,156.61,58.79,225.04,1,1
2026-02-10 07:00:00,25.29,85.0,92.0,2.0,160.12,60.15,224.39,0,1
2026-02-10 08:00:00,24.29,85.0,91.12,2.0,162.05,61.44,229.76,0,1
2026-02-10 09:00:00,27.91,85.0,90.43,2.0,158.82,60.85,225.65,0,1
2026-02-10 10:00:00,27.52,85.0,89.77,2.0,157.69,61.71,226.26,0,1
2026-02-10 11:00:00,28.61,85.0,89.32,2.0,158.42,61.42,226.15,0,1
2026-02-10 12:00:00,29.44,84.6,92.0,2.0,159.26,62.79,225.22,1,1
2026-02-10 13:00:00,29.47,84.07,91.68,2.0,156.81,62.3,223.96,0,1
2026-02-10 14:00:00,29.88,84.12,91.43,2.0,159.22,64.07,224.5,0,1
2026-02-10 15:00:00,28.68,81.4,92.0,2.0,160.94,64.72,224.46,1,1
2026-02-10 16:00:00,29.27,85.0,91.25,2.0,161.97,66.26,224.01,0,1
2026-02-10 17:00:00,28.21,84.74,90.5,2.0,164.53,65.71,221.31,0,1
2026-02-10 18:00:00,28.66,85.0,90.7,2.0,165.36,65.96,217.95,0,1
2026-02-10 19:00:00,28.06,85.0,90.36,2.0,166.16,64.97,218.08,0,1
2026-02-10 20:00:00,26.13,84.53,90.65,2.0,168.91,65.64,217.92,0,1
2026-02-10 21:00:00,27.41,82.99,90.06,2.0,170.74,66.34,218.28,0,1
2026-02-10 22:00:00,25.41,85.0,89.55,2.0,169.0,68.37,218.85,0,1
2026-02-10 23:00:00,26.13,85.0,89.14,2.0,169.98,68.61,218.35,0,1
2026-02-11 00:00:00,25.29,82.45,88.67,2.0,168.58,69.07,218.65,0,1
2026-02-11 01:00:00,26.25,85.0,88.38,2.0,169.35,68.43,217.33,0,1
2026-02-11 02:00:00,24.12,85.0,87.97,2.0,170.03,68.72,222.03,0,1
2026-02-11 03:00:00,23.84,83.42,87.52,2.0,167.34,68.18,220.68,0,1
2026-02-11 04:00:00,24.08,83.71,87.66,2.0,167.03,68.1,220.47,0,1
2026-02-11 05:00:00,23.98,85.0,87.82,2.0,167.42,68.07,219.38,0,1
2026-02-11 06:00:00,25.43,82.48,92.0,2.0,166.54,67.57,218.31,1,1
2026-02-11 07:00:00,23.95,85.0,91.95,2.0,167.04,67.46,219.21,0,1
2026-02-11 08:00:00,25.3,82.95,91.41,2.0,168.41,66.96,219.74,0,1
2026-02-11 09:00:00,26.19,85.0,90.68,2.0,168.22,66.47,219.36,0,1
2026-02-11 10:00:00,28.86,85.0,89.8,2.0,168.5,67.31,219.43,0,1
2026-02-11 11:00:00,30.23,82.93,89.31,2.0,170.85,67.31,218.41,0,1
2026-02-11 12:00:00,29.05,85.0,92.0,2.0,171.47,67.46,220.24,1,1
2026-02-11 13:00:00,29.15,83.2,91.1,2.0,171.57,65.98,226.12,0,1
2026-02-11 14:00:00,29.31,85.0,90.85,2.0,169.58,66.24,224.38,0,1
2026-02-11 15:00:00,30.12,82.03,92.0,2.0,170.61,66.59,225.89,1,1
2026-02-11 16:00:00,27.97,85.0,91.53,2.0,170.98,66.1,226.46,0,1
2026-02-11 17:00:00,28.65,82.91,91.27,2.0,173.05,67.85,228.56,0,1
2026-02-11 18:00:00,28.88,84.39,90.6,2.0,172.81,65.62,230.62,0,1
2026-02-11 19:00:00,27.95,82.6,89.98,2.0,169.23,66.21,231.35,0,1
2026-02-11 20:00:00,27.14,85.0,89.95,2.0,166.0,66.73,231.44,0,1
2026-02-11 21:00:00,27.33,83.07,89.91,2.0,167.28,67.07,230.53,0,1
2026-02-11 22:00:00,23.46,85.0,89.73,2.0,166.17,67.08,228.84,0,1
2026-02-11 23:00:00,26.01,84.19,89.45,2.0,166.9,67.42,228.91,0,1
2026-02-12 00:00:00,24.37,84.72,89.53,2.0,167.03,68.04,226.0,0,1
2026-02-12 01:00:00,22.95,85.0,89.03,2.0,166.65,67.21,224.96,0,1
2026-02-12 02:00:00,24.78,83.32,88.59,2.0,166.41,67.32,228.23,0,1
2026-02-12 03:00:00,25.39,85.0,88.08,2.0,164.8,67.0,228.82,0,1
2026-02-12 04:00:00,23.98,85.0,87.9,2.0,164.78,65.86,231.36,0,1
2026-02-12 05:00:00,25.11,83.28,87.37,2.0,163.74,66.39,235.22,0,1
2026-02-12 06:00:00,26.16,85.0,92.0,2.0,163.12,65.75,234.76,1,1
2026-02-12 07:00:00,26.58,85.0,91.58,2.0,162.61,64.29,235.29,0,1
2026-02-12 08:00:00,27.72,83.12,90.91,2.0,162.3,63.74,234.52,0,1
2026-02-12 09:00:00,27.82,81.68,89.88,2.0,164.06,62.97,232.52,0,1
2026-02-12 10:00:00,28.07,85.0,89.31,2.0,163.87,63.86,230.26,0,1
2026-02-12 11:00:00,27.25,83.62,89.1,2.0,165.76,63.94,232.6,0,1
2026-02-12 12:00:00,28.92,85.0,92.0,2.0,168.49,65.13,233.24,1,1
2026-02-12 13:00:00,28.54,84.88,91.87,2.0,169.89,64.44,237.95,0,1
2026-02-12 14:00:00,31.2,83.04,91.66,2.0,170.66,65.15,240.23,0,1
2026-02-12 15:00:00,28.92,82.28,92.0,2.0,171.02,67.61,238.14,1,1
2026-02-12 16:00:00,28.91,85.0,91.43,2.0,172.34,67.76,240.08,0,1
2026-02-12 17:00:00,28.94,83.58,90.84,2.0,172.21,68.37,239.07,0,1
2026-02-12 18:00:00,28.04,84.95,90.48,2.0,173.69,68.8,241.91,0,1
2026-02-12 19:00:00,29.03,85.0,90.14,2.0,174.45,67.32,240.35,0,1
2026-02-12 20:00:00,26.41,83.82,89.37,2.0,173.42,67.68,237.45,0,1
2026-02-12 21:00:00,26.6,84.81,89.3,2.0,174.7,67.79,235.34,0,1
2026-02-12 22:00:00,25.23,84.89,88.76,2.0,174.47,67.38,233.46,0,1
2026-02-12 23:00:00,24.21,85.0,88.26,2.0,173.9,66.42,231.43,0,1
2026-02-13 00:00:00,24.41,85.0,88.06,2.0,172.69,66.92,230.18,0,1
2026-02-13 01:00:00,24.56,84.5,87.82,2.0,172.68,65.89,232.56,0,1
2026-02-13 02:00:00,23.94,85.0,87.19,2.0,174.17,67.7,237.17,0,1
2026-02-13 03:00:00,23.53,84.18,87.04,2.0,175.4,67.63,233.74,0,1
2026-02-13 04:00:00,22.83,81.75,87.13,2.0,175.62,66.36,236.96,0,1
2026-02-13 05:00:00,24.18,85.0,86.58,2.0,176.28,65.77,235.67,0,1
2026-02-13 06:00:00,23.35,85.0,92.0,2.0,178.11,65.4,236.51,1,1
2026-02-13 07:00:00,26.08,83.01,91.32,2.0,177.32,67.47,232.3,0,1
2026-02-13 08:00:00,26.32,83.22,91.38,2.0,174.82,66.51,233.74,0,1
2026-02-13 09:00:00,25.84,82.97,90.68,2.0,176.77,66.27,228.79,0,1
2026-02-13 10:00:00,27.72,85.0,90.14,2.0,175.34,65.66,229.89,0,1
2026-02-13 11:00:00,28.01,85.0,88.98,2.0,173.69,66.0,230.78,0,1
2026-02-13 12:00:00,29.43,84.46,92.0,2.0,170.11,65.41,231.47,1,1
2026-02-13 13:00:00,30.51,82.78,91.46,2.0,170.93,64.28,229.81,0,1
2026-02-13 14:00:00,27.56,85.0,90.85,2.0,167.78,64.04,231.45,0,1
2026-02-13 15:00:00,29.18,81.37,92.0,2.0,166.31,63.71,232.6,1,1
2026-02-13 16:00:00,28.66,85.0,91.12,2.0,167.32,63.12,232.2,0,1
2026-02-13 17:00:00,29.04,85.0,90.86,2.0,168.53,62.6,234.02,0,1
2026-02-13 18:00:00,28.19,82.1,90.28,2.0,167.21,63.65,233.83,0,1
2026-02-13 19:00:00,26.83,81.5,90.53,2.0,166.88,63.31,235.21,0,1
2026-02-13 20:00:00,26.68,85.0,90.16,2.0,165.24,62.25,234.88,0,1
2026-02-13 21:00:00,25.71,83.56,89.83,2.0,164.24,61.83,235.43,0,1
2026-02-13 22:00:00,26.86,85.0,89.86,2.0,164.75,61.88,236.84,0,1
2026-02-13 23:00:00,25.42,84.61,89.16,2.0,163.86,60.69,235.76,0,1
2026-02-14 00:00:00,26.67,84.61,88.59,2.0,163.46,62.19,232.64,0,1
2026-02-14 01:00:00,24.54,85.0,88.71,2.0,160.89,62.96,233.44,0,1
2026-02-14 02:00:00,23.69,83.05,88.16,2.0,163.09,64.22,236.49,0,1
2026-02-14 03:00:00,22.79,85.0,87.41,2.0,164.09,64.51,237.17,0,1
2026-02-14 04:00:00,22.48,84.16,87.77,2.0,165.55,62.55,237.85,0,1
2026-02-14 05:00:00,22.83,82.09,87.15,2.0,167.85,63.91,237.61,0,1
2026-02-14 06:00:00,24.95,85.0,92.0,2.0,166.25,63.08,239.32,1,1
2026-02-14 07:00:00,25.86,84.37,91.81,2.0,165.56,62.34,238.64,0,1
2026-02-14 08:00:00,24.83,84.57,90.4,2.0,162.12,62.47,237.33,0,1
2026-02-14 09:00:00,27.96,82.22,89.73,2.0,167.89,63.7,239.97,0,1
2026-02-14 10:00:00,27.57,85.0,89.28,2.0,167.51,64.6,238.4,0,1
2026-02-14 11:00:00,28.82,85.0,88.79,2.0,169.28,65.33,240.45,0,1
2026-02-14 12:00:00,30.59,85.0,92.0,2.0,166.88,64.95,242.94,1,1
2026-02-14 13:00:00,30.11,84.13,91.28,2.0,168.59,64.57,243.96,0,1
2026-02-14 14:00:00,29.0,81.0,90.9,2.0,171.79,64.8,240.39,0,1
2026-02-14 15:00:00,28.27,85.0,92.0,2.0,171.41,64.6,240.19,1,1
2026-02-14 16:00:00,26.87,84.68,90.99,2.0,169.34,65.33,239.43,0,1
2026-02-14 17:00:00,27.79,83.19,90.02,2.0,168.91,65.97,237.97,0,1
2026-02-14 18:00:00,27.81,85.0,88.99,2.0,164.75,66.39,238.17,0,1
2026-02-14 19:00:00,26.61,85.0,89.08,2.0,164.69,63.98,239.94,0,1
2026-02-14 20:00:00,26.85,84.84,88.42,2.0,166.18,64.04,238.54,0,1
2026-02-14 21:00:00,26.5,85.0,88.29,2.0,166.07,63.88,237.94,0,1
2026-02-14 22:00:00,25.69,85.0,88.0,2.0,165.52,63.97,237.19,0,1
2026-02-14 23:00:00,24.81,82.58,87.76,2.0,166.44,63.23,239.99,0,1
2026-02-15 00:00:00,25.11,83.48,87.96,2.0,167.47,62.01,239.1,0,1
2026-02-15 01:00:00,24.99,85.0,87.62,2.0,164.39,62.42,235.81,0,1
2026-02-15 02:00:00,23.34,80.3,87.6,2.0,164.57,62.09,231.83,0,1
2026-02-15 03:00:00,25.43,84.67,87.41,2.0,168.97,62.6,232.9,0,1
2026-02-15 04:00:00,24.01,81.85,87.16,2.0,166.41,61.98,231.1,0,1
2026-02-15 05:00:00,24.27,83.95,87.64,2.0,166.2,63.26,232.97,0,1
2026-02-15 06:00:00,25.35,84.32,92.0,2.0,169.65,64.12,229.74,1,1
2026-02-15 07:00:00,25.61,84.16,92.0,2.0,171.45,64.32,228.66,0,1
2026-02-15 08:00:00,27.11,83.7,91.61,2.0,170.27,64.06,225.65,0,1
2026-02-15 09:00:00,27.41,82.47,90.88,2.0,170.43,64.77,227.2,0,1
2026-02-15 10:00:00,27.45,85.0,90.79,2.0,170.21,65.04,229.21,0,1
2026-02-15 11:00:00,29.02,85.0,89.64,2.0,168.65,65.16,230.35,0,1
2026-02-15 12:00:00,28.11,82.25,92.0,2.0,168.37,66.0,227.87,1,1
2026-02-15 13:00:00,29.4,85.0,91.04,2.0,167.73,67.17,226.36,0,1
2026-02-15 14:00:00,29.21,83.92,90.56,2.0,167.83,65.89,227.38,0,1
2026-02-15 15:00:00,28.89,85.0,92.0,2.0,166.37,64.82,223.54,1,1
2026-02-15 16:00:00,28.69,84.68,91.54,2.0,164.01,64.04,223.51,0,1
2026-02-15 17:00:00,26.75,83.38,90.9,2.0,163.98,62.62,227.88,0,1
2026-02-15 18:00:00,27.51,85.0,90.17,2.0,167.11,62.55,227.78,0,1
2026-02-15 19:00:00,27.59,85.0,90.07,2.0,167.17,63.07,224.42,0,1
2026-02-15 20:00:00,27.12,83.84,89.78,2.0,166.49,63.02,223.43,0,1
2026-02-15 21:00:00,25.5,82.04,89.24,2.0,167.79,62.51,222.43,0,1
2026-02-15 22:00:00,27.04,82.96,89.87,2.0,167.39,63.51,228.41,0,1
2026-02-15 23:00:00,24.62,81.34,89.52,2.0,170.66,63.59,232.91,0,1
2026-02-16 00:00:00,25.83,84.99,88.65,2.0,170.42,63.85,234.84,0,1
2026-02-16 01:00:00,24.98,82.35,88.19,2.0,171.47,64.83,233.99,0,1
2026-02-16 02:00:00,23.74,84.41,87.6,2.0,169.85,64.64,237.04,0,1
2026-02-16 03:00:00,25.75,85.0,87.64,2.0,170.56,66.41,234.11,0,1
2026-02-16 04:00:00,23.03,85.0,87.53,2.0,170.83,65.88,236.84,0,1
2026-02-16 05:00:00,25.08,84.92,87.45,2.0,170.5,67.56,239.07,0,1
2026-02-16 06:00:00,25.61,84.79,92.0,2.0,169.38,66.51,238.49,1,1
2026-02-16 07:00:00,24.8,85.0,91.71,2.0,168.05,66.85,241.16,0,1
2026-02-16 08:00:00,27.5,85.0,91.01,2.0,168.44,66.12,239.74,0,1
2026-02-16 09:00:00,26.93,84.16,90.41,2.0,169.43,67.01,236.34,0,1
2026-02-16 10:00:00,28.26,81.71,90.06,2.0,169.03,66.43,238.71,0,1
2026-02-16 11:00:00,28.93,85.0,89.57,2.0,169.38,66.55,238.32,0,1
2026-02-16 12:00:00,29.02,85.0,92.0,2.0,169.14,65.83,239.65,1,1
2026-02-16 13:00:00,30.03,83.41,91.55,2.0,169.15,66.56,243.97,0,1
2026-02-16 14:00:00,29.96,85.0,91.21,2.0,168.62,65.83,241.72,0,1
2026-02-16 15:00:00,27.5,84.01,92.0,2.0,168.51,67.23,241.02,1,1
2026-02-16 16:00:00,29.98,84.41,91.51,2.0,173.23,66.18,244.65,0,1
2026-02-16 17:00:00,26.94,80.3,91.28,2.0,173.46,64.84,245.84,0,1
2026-02-16 18:00:00,28.93,84.36,90.48,2.0,174.28,65.61,243.55,0,1
2026-02-16 19:00:00,28.52,85.0,90.01,2.0,174.7,64.97,240.73,0,1
2026-02-16 20:00:00,25.99,83.5,89.45,2.0,173.84,64.88,239.12,0,1
2026-02-16 21:00:00,26.06,85.0,89.29,2.0,175.81,64.5,237.07,0,1
2026-02-16 22:00:00,24.9,83.27,88.53,2.0,174.86,63.25,237.56,0,1
2026-02-16 23:00:00,25.21,85.0,88.46,2.0,176.36,63.14,237.63,0,1
2026-02-17 00:00:00,24.68,84.49,88.22,2.0,175.31,64.24,238.2,0,1
2026-02-17 01:00:00,25.3,82.91,88.35,2.0,173.17,65.08,235.93,0,1
2026-02-17 02:00:00,25.5,85.0,87.94,2.0,173.5,65.19,235.71,0,1
2026-02-17 03:00:00,25.41,85.0,87.67,2.0,171.17,66.1,230.54,0,1
2026-02-17 04:00:00,23.59,83.67,87.81,2.0,171.89,65.02,231.12,0,1
2026-02-17 05:00:00,24.07,85.0,88.02,2.0,169.46,64.64,234.25,0,1
2026-02-17 06:00:00,23.19,85.0,92.0,2.0,168.71,64.92,230.73,1,1
2026-02-17 07:00:00,24.67,85.0,91.85,2.0,165.98,64.71,232.15,0,1
2026-02-17 08:00:00,27.12,81.19,91.35,2.0,171.03,64.41,230.77,0,1
2026-02-17 09:00:00,28.61,85.0,90.87,2.0,167.81,63.26,232.98,0,1
2026-02-17 10:00:00,26.89,83.6,90.21,2.0,167.71,61.34,233.48,0,1
2026-02-17 11:00:00,28.16,84.04,90.0,2.0,169.66,62.1,234.57,0,1
2026-02-17 12:00:00,29.12,85.0,92.0,2.0,171.34,62.32,234.75,1,1
2026-02-17 13:00:00,29.55,85.0,91.27,2.0,172.62,63.12,238.09,0,1
2026-02-17 14:00:00,28.51,83.95,90.82,2.0,171.75,62.69,238.8,0,1
2026-02-17 15:00:00,29.46,80.3,92.0,2.0,173.91,62.03,236.85,1,1
2026-02-17 16:00:00,28.38,85.0,91.81,2.0,175.2,62.03,237.0,0,1
2026-02-17 17:00:00,28.43,81.87,91.58,2.0,175.17,62.8,235.98,0,1
2026-02-17 18:00:00,28.49,82.64,90.9,2.0,175.2,62.57,236.34,0,1
2026-02-17 19:00:00,27.51,84.14,91.08,2.0,174.24,63.27,235.22,0,1
2026-02-17 20:00:00,26.58,85.0,90.65,2.0,172.23,62.33,233.52,0,1
2026-02-17 21:00:00,26.33,85.0,90.72,2.0,174.17,62.18,234.09,0,1
2026-02-17 22:00:00,25.82,84.58,91.06,2.0,176.17,62.11,234.27,0,1
2026-02-17 23:00:00,25.07,85.0,91.21,2.0,174.13,63.21,236.97,0,1
2026-02-18 00:00:00,24.73,83.65,91.04,2.0,173.49,63.36,235.83,0,1
2026-02-18 01:00:00,26.04,85.0,90.73,2.0,172.89,64.89,230.84,0,1
2026-02-18 02:00:00,24.83,85.0,90.06,2.0,172.51,63.59,230.14,0,1
2026-02-18 03:00:00,23.89,85.0,89.95,2.0,172.33,63.66,226.32,0,1
2026-02-18 04:00:00,24.73,85.0,89.41,2.0,173.74,63.77,227.79,0,1
2026-02-18 05:00:00,23.96,85.0,88.97,2.0,172.05,64.28,223.97,0,1
2026-02-18 06:00:00,25.76,84.18,92.0,2.0,170.24,63.47,222.05,1,1
2026-02-18 07:00:00,25.73,85.0,91.65,2.0,172.26,64.95,221.79,0,1
2026-02-18 08:00:00,26.15,84.72,91.07,2.0,171.13,64.87,226.31,0,1
2026-02-18 09:00:00,27.55,82.5,90.56,2.0,168.62,63.81,224.06,0,1
2026-02-18 10:00:00,26.59,83.96,89.8,2.0,167.6,63.74,224.64,0,1
2026-02-18 11:00:00,27.68,85.0,89.54,2.0,166.9,63.4,226.61,0,1
2026-02-18 12:00:00,28.07,85.0,92.0,2.0,169.62,65.87,230.74,1,1
2026-02-18 13:00:00,29.43,84.4,91.16,2.0,171.1,66.69,232.89,0,1
2026-02-18 14:00:00,30.8,82.14,90.62,2.0,172.92,66.6,235.73,0,1
2026-02-18 15:00:00,31.08,84.93,92.0,2.0,174.08,66.36,237.86,1,1
2026-02-18 16:00:00,29.38,85.0,91.5,2.0,175.42,67.08,234.69,0,1
2026-02-18 17:00:00,28.89,85.0,90.8,2.0,173.77,67.83,235.61,0,1
2026-02-18 18:00:00,26.38,85.0,89.76,2.0,173.06,65.04,237.7,0,1
2026-02-18 19:00:00,27.02,85.0,89.48,2.0,170.95,65.52,235.17,0,1
2026-02-18 20:00:00,26.26,83.58,89.34,2.0,170.34,65.44,233.71,0,1
2026-02-18 21:00:00,25.87,83.55,89.02,2.0,171.36,64.16,231.77,0,1
2026-02-18 22:00:00,25.75,82.64,88.31,2.0,171.34,64.89,233.86,0,1
2026-02-18 23:00:00,24.98,85.0,87.85,2.0,173.45,66.82,233.75,0,1
2026-02-19 00:00:00,23.18,85.0,88.08,2.0,171.06,67.18,233.01,0,1
2026-02-19 01:00:00,25.27,84.29,88.3,2.0,171.72,68.01,229.9,0,1
2026-02-19 02:00:00,23.36,84.46,87.83,2.0,169.2,69.46,229.99,0,1
2026-02-19 03:00:00,24.37,85.0,87.83,2.0,169.2,68.49,228.82,0,1
2026-02-19 04:00:00,25.97,85.0,87.27,2.0,170.37,66.62,229.74,0,1
2026-02-19 05:00:00,23.43,85.0,87.48,2.0,169.77,67.07,227.14,0,1
2026-02-19 06:00:00,22.43,82.36,92.0,2.0,170.57,66.7,227.98,1,1
2026-02-19 07:00:00,25.14,85.0,92.0,2.0,168.62,65.32,227.24,0,1
2026-02-19 08:00:00,27.24,82.87,90.9,2.0,165.48,65.15,224.5,0,1
2026-02-19 09:00:00,28.91,82.39,90.51,2.0,166.46,65.71,221.71,0,1
2026-02-19 10:00:00,26.89,84.09,89.92,2.0,169.54,65.46,219.43,0,1
2026-02-19 11:00:00,29.14,83.53,89.58,2.0,167.57,64.65,219.69,0,1
2026-02-19 12:00:00,28.72,84.32,92.0,2.0,169.66,64.37,220.76,1,1
2026-02-19 13:00:00,29.2,81.63,91.42,2.0,169.56,64.28,222.15,0,1
2026-02-19 14:00:00,31.62,85.0,90.63,2.0,166.97,62.48,223.56,0,1
2026-02-19 15:00:00,27.72,85.0,92.0,2.0,164.85,62.34,222.23,1,1
2026-02-19 16:00:00,29.03,80.53,91.39,2.0,164.89,61.12,225.52,0,1
2026-02-19 17:00:00,28.86,85.0,90.53,2.0,164.16,61.73,224.89,0,1
2026-02-19 18:00:00,28.98,83.07,89.66,2.0,161.84,60.34,226.52,0,1
2026-02-19 19:00:00,27.59,85.0,89.0,2.0,158.91,61.3,226.53,0,1
2026-02-19 20:00:00,27.25,84.74,88.63,2.0,157.63,60.95,227.89,0,1
2026-02-19 21:00:00,26.08,84.97,88.76,2.0,158.28,60.49,227.71,0,1
2026-02-19 22:00:00,26.14,84.52,88.6,2.0,158.53,60.8,229.06,0,1
2026-02-19 23:00:00,25.09,85.0,88.23,2.0,157.89,60.06,229.34,0,1
2026-02-20 00:00:00,25.52,82.24,88.27,2.0,158.54,60.37,231.66,0,1
2026-02-20 01:00:00,24.26,85.0,87.81,2.0,160.67,59.76,229.78,0,1
2026-02-20 02:00:00,24.66,85.0,87.63,2.0,161.55,59.33,225.61,0,1
2026-02-20 03:00:00,24.13,85.0,87.37,2.0,161.47,59.77,223.65,0,1
2026-02-20 04:00:00,25.11,85.0,87.4,2.0,163.28,58.81,226.89,0,1
2026-02-20 05:00:00,24.21,83.83,86.72,2.0,161.62,57.77,226.91,0,1
2026-02-20 06:00:00,23.11,85.0,92.0,2.0,161.35,58.12,227.54,1,1
2026-02-20 07:00:00,26.54,84.72,91.3,2.0,161.14,58.21,225.28,0,1
2026-02-20 08:00:00,25.43,85.0,90.65,2.0,159.06,58.48,225.93,0,1
2026-02-20 09:00:00,26.56,84.87,90.43,2.0,158.55,58.88,223.83,0,1
2026-02-20 10:00:00,27.46,84.0,89.69,2.0,155.07,59.02,222.2,0,1
2026-02-20 11:00:00,29.93,85.0,88.94,2.0,158.91,59.66,221.83,0,1
2026-02-20 12:00:00,27.22,83.72,92.0,2.0,157.47,59.82,223.6,1,1
2026-02-20 13:00:00,31.9,81.69,91.71,2.0,160.62,58.08,225.55,0,1
2026-02-20 14:00:00,30.19,83.67,91.07,2.0,160.87,56.62,227.47,0,1
2026-02-20 15:00:00,29.28,85.0,92.0,2.0,162.05,58.52,223.88,1,1
2026-02-20 16:00:00,28.75,85.0,91.08,2.0,161.29,58.62,224.42,0,1
2026-02-20 17:00:00,28.7,85.0,90.9,2.0,161.81,59.58,224.46,0,1
2026-02-20 18:00:00,28.47,85.0,90.95,2.0,163.11,59.34,221.15,0,1
2026-02-20 19:00:00,28.08,81.88,90.9,2.0,164.38,59.37,221.88,0,1
2026-02-20 20:00:00,27.47,83.91,90.06,2.0,165.8,59.04,221.91,0,1
2026-02-20 21:00:00,26.51,84.28,89.68,2.0,165.1,61.35,223.85,0,1
2026-02-20 22:00:00,25.72,84.68,89.65,2.0,164.23,61.6,224.61,0,1
2026-02-20 23:00:00,25.26,85.0,89.32,2.0,161.4,61.13,223.75,0,1
2026-02-21 00:00:00,24.78,85.0,89.49,2.0,162.48,59.67,226.63,0,1
2026-02-21 01:00:00,25.62,84.0,89.46,2.0,164.53,61.51,221.5,0,1
2026-02-21 02:00:00,24.86,85.0,89.04,2.0,167.46,61.38,222.01,0,1
2026-02-21 03:00:00,21.51,84.9,88.85,2.0,167.91,62.07,218.25,0,1
2026-02-21 04:00:00,24.69,82.96,88.38,2.0,166.41,62.84,216.81,0,1
2026-02-21 05:00:00,24.43,84.74,88.12,2.0,163.3,62.4,219.03,0,1
2026-02-21 06:00:00,24.69,84.66,92.0,2.0,165.24,62.99,216.64,1,1
2026-02-21 07:00:00,25.05,84.59,92.0,2.0,162.0,62.42,214.0,0,1
2026-02-21 08:00:00,27.26,84.99,92.0,2.0,161.51,61.51,221.01,0,1
2026-02-21 09:00:00,28.0,85.0,90.98,2.0,161.24,62.57,218.31,0,1
2026-02-21 10:00:00,27.3,83.9,89.82,2.0,161.27,62.41,223.27,0,1
2026-02-21 11:00:00,29.06,85.0,89.15,2.0,161.48,62.87,223.43,0,1
2026-02-21 12:00:00,28.27,82.23,92.0,2.0,161.87,63.21,222.69,1,1
2026-02-21 13:00:00,28.06,83.21,91.42,2.0,157.65,63.75,224.72,0,1
2026-02-21 14:00:00,28.68,85.0,91.05,2.0,157.97,62.3,228.58,0,1
2026-02-21 15:00:00,29.85,82.53,92.0,2.0,154.24,61.76,226.04,1,1
2026-02-21 16:00:00,29.66,81.84,91.46,2.0,155.99,61.48,225.21,0,1
2026-02-21 17:00:00,28.9,85.0,90.81,2.0,155.35,60.74,227.81,0,1
2026-02-21 18:00:00,28.65,80.3,89.62,2.0,151.85,61.17,228.89,0,1
2026-02-21 19:00:00,27.97,84.35,89.41,2.0,150.91,62.26,231.95,0,1
2026-02-21 20:00:00,26.39,85.0,89.22,2.0,150.45,63.46,233.39,0,1
2026-02-21 21:00:00,26.82,81.51,89.2,2.0,153.17,63.11,238.0,0,1
2026-02-21 22:00:00,26.62,80.57,88.78,2.0,154.0,63.34,238.29,0,1
2026-02-21 23:00:00,26.08,81.65,88.44,2.0,155.06,63.7,238.68,0,1
2026-02-22 00:00:00,26.03,85.0,87.79,2.0,157.59,64.21,239.3,0,1
2026-02-22 01:00:00,25.23,85.0,86.89,2.0,157.71,63.36,238.73,0,1
2026-02-22 02:00:00,24.64,83.86,86.35,2.0,159.36,64.95,240.66,0,1
2026-02-22 03:00:00,25.12,85.0,85.67,2.0,160.81,65.7,240.97,0,1
2026-02-22 04:00:00,24.08,85.0,85.57,2.0,158.67,66.45,242.65,0,1
2026-02-22 05:00:00,23.46,85.0,85.21,2.0,161.57,67.4,244.62,0,1
2026-02-22 06:00:00,24.56,84.43,92.0,2.0,159.15,67.71,245.21,1,1
2026-02-22 07:00:00,24.73,80.3,91.5,2.0,161.04,66.62,245.96,0,1
2026-02-22 08:00:00,25.64,83.11,89.95,2.0,158.46,66.35,242.88,0,1
2026-02-22 09:00:00,27.02,83.94,89.82,2.0,159.81,64.74,241.11,0,1
2026-02-22 10:00:00,27.29,84.28,88.94,2.0,163.37,65.03,242.92,0,1
2026-02-22 11:00:00,28.41,84.41,88.22,2.0,163.05,64.79,246.08,0,1
2026-02-22 12:00:00,27.44,85.0,92.0,2.0,162.67,64.67,240.67,1,1
2026-02-22 13:00:00,29.49,85.0,91.69,2.0,163.86,65.67,238.97,0,1
2026-02-22 14:00:00,29.24,84.42,91.14,2.0,163.31,65.15,238.83,0,1
2026-02-22 15:00:00,28.34,85.0,92.0,2.0,166.65,64.83,236.44,1,1
2026-02-22 16:00:00,29.4,85.0,91.28,2.0,166.93,64.76,234.31,0,1
2026-02-22 17:00:00,29.28,84.98,91.19,2.0,166.28,63.02,235.54,0,1
2026-02-22 18:00:00,26.55,85.0,90.59,2.0,165.25,62.75,239.46,0,1
2026-02-22 19:00:00,26.82,85.0,90.32,2.0,163.56,60.49,234.16,0,1
2026-02-22 20:00:00,26.28,85.0,89.83,2.0,162.49,60.01,233.78,0,1
2026-02-22 21:00:00,25.58,81.75,89.05,2.0,161.96,60.84,234.99,0,1
2026-02-22 22:00:00,26.64,83.8,88.79,2.0,161.2,61.28,236.95,0,1
2026-02-22 23:00:00,25.23,84.67,88.68,2.0,160.17,60.76,237.65,0,1
2026-02-23 00:00:00,24.72,85.0,88.81,2.0,164.14,60.84,241.92,0,1
2026-02-23 01:00:00,22.79,85.0,87.93,2.0,162.32,59.91,241.64,0,1
2026-02-23 02:00:00,24.9,84.94,87.38,2.0,162.69,59.97,244.59,0,1
2026-02-23 03:00:00,23.04,81.87,87.01,2.0,163.85,62.66,242.5,0,1
2026-02-23 04:00:00,24.15,85.0,86.8,2.0,165.03,64.31,242.27,0,1
2026-02-23 05:00:00,24.51,85.0,86.55,2.0,164.93,64.28,238.87,0,1
2026-02-23 06:00:00,25.93,80.7,92.0,2.0,164.5,64.36,240.93,1,1
2026-02-23 07:00:00,24.22,84.94,91.92,2.0,165.33,63.41,240.33,0,1
2026-02-23 08:00:00,23.53,81.42,91.09,2.0,165.8,62.64,240.96,0,1
2026-02-23 09:00:00,27.32,83.42,90.78,2.0,165.3,62.95,239.88,0,1
2026-02-23 10:00:00,29.62,82.86,90.31,2.0,162.47,62.45,241.1,0,1
2026-02-23 11:00:00,29.81,85.0,89.61,2.0,161.73,63.25,241.79,0,1
2026-02-23 12:00:00,29.33,85.0,92.0,2.0,159.8,64.62,238.96,1,1
2026-02-23 13:00:00,28.86,81.97,91.87,2.0,158.81,64.85,236.42,0,1
2026-02-23 14:00:00,29.97,85.0,91.55,2.0,159.11,64.85,236.28,0,1
2026-02-23 15:00:00,28.2,81.65,92.0,2.0,160.0,63.25,237.87,1,1
2026-02-23 16:00:00,29.23,85.0,91.88,2.0,163.4,63.89,242.38,0,1
2026-02-23 17:00:00,28.89,83.04,91.52,2.0,162.5,62.8,242.77,0,1
2026-02-23 18:00:00,28.95,84.05,91.52,2.0,163.99,62.4,244.9,0,1
2026-02-23 19:00:00,29.99,85.0,91.68,2.0,164.58,63.25,240.37,0,1
2026-02-23 20:00:00,27.32,85.0,91.94,2.0,166.93,64.14,245.14,0,1
2026-02-23 21:00:00,25.97,85.0,91.99,2.0,167.89,63.66,246.14,0,1
2026-02-23 22:00:00,25.87,84.75,92.0,2.0,165.96,63.24,245.46,0,1
2026-02-23 23:00:00,23.81,85.0,92.0,2.0,162.82,62.57,244.53,0,1
2026-02-24 00:00:00,24.34,84.0,91.86,2.0,163.47,61.48,241.28,0,1
2026-02-24 01:00:00,24.23,85.0,91.18,2.0,162.58,60.92,238.92,0,1
2026-02-24 02:00:00,23.85,85.0,90.89,2.0,160.91,59.5,243.5,0,1
2026-02-24 03:00:00,24.29,84.78,90.8,2.0,158.79,60.19,240.6,0,1
2026-02-24 04:00:00,23.36,81.03,90.62,2.0,159.33,60.6,237.8,0,1
2026-02-24 05:00:00,25.27,85.0,90.03,2.0,162.27,61.15,235.9,0,1
2026-02-24 06:00:00,24.71,85.0,92.0,2.0,161.65,60.32,232.86,1,1
2026-02-24 07:00:00,25.39,83.45,91.57,2.0,162.84,59.29,233.01,0,1
2026-02-24 08:00:00,25.95,82.09,91.24,2.0,162.74,59.42,235.83,0,1
2026-02-24 09:00:00,27.29,85.0,91.12,2.0,160.51,59.56,234.26,0,1
2026-02-24 10:00:00,28.74,85.0,90.81,2.0,162.02,59.5,230.87,0,1
2026-02-24 11:00:00,27.91,84.32,90.53,2.0,160.16,59.31,231.8,0,1
2026-02-24 12:00:00,28.55,82.3,92.0,2.0,160.4,60.93,231.82,1,1
2026-02-24 13:00:00,29.03,82.99,90.88,2.0,159.97,61.35,234.49,0,1
2026-02-24 14:00:00,28.03,85.0,90.15,2.0,161.78,63.14,233.38,0,1
2026-02-24 15:00:00,28.34,85.0,92.0,2.0,160.0,64.25,232.81,1,1
2026-02-24 16:00:00,28.37,83.61,91.26,2.0,160.9,65.71,232.54,0,1
2026-02-24 17:00:00,29.23,85.0,90.68,2.0,159.56,64.63,232.89,0,1
2026-02-24 18:00:00,28.24,83.06,90.22,2.0,158.85,65.09,232.01,0,1
2026-02-24 19:00:00,27.68,85.0,90.26,2.0,152.56,64.61,230.78,0,1
2026-02-24 20:00:00,27.74,85.0,89.96,2.0,156.82,63.03,226.36,0,1
2026-02-24 21:00:00,26.3,83.88,89.18,2.0,158.14,64.35,225.38,0,1
2026-02-24 22:00:00,26.25,83.55,88.83,2.0,157.03,64.01,227.65,0,1
2026-02-24 23:00:00,25.31,80.3,88.63,2.0,155.33,63.0,230.14,0,1
2026-02-25 00:00:00,25.2,81.71,88.79,2.0,154.82,62.6,229.21,0,1
2026-02-25 01:00:00,24.07,82.03,88.42,2.0,156.52,61.87,232.75,0,1
2026-02-25 02:00:00,22.13,85.0,88.37,2.0,153.45,61.25,232.79,0,1
2026-02-25 03:00:00,24.04,84.28,88.25,2.0,153.66,61.07,229.55,0,1
2026-02-25 04:00:00,25.38,82.04,88.06,2.0,157.3,62.65,225.69,0,1
2026-02-25 05:00:00,25.09,84.38,88.13,2.0,155.57,62.03,229.2,0,1
2026-02-25 06:00:00,25.58,85.0,92.0,2.0,156.09,63.53,228.56,1,1
2026-02-25 07:00:00,26.51,85.0,91.62,2.0,160.41,64.25,225.85,0,1
2026-02-25 08:00:00,26.33,80.74,91.03,2.0,161.73,64.53,220.66,0,1
2026-02-25 09:00:00,27.33,84.6,90.26,2.0,162.09,65.13,220.39,0,1
2026-02-25 10:00:00,27.44,81.81,89.82,2.0,163.12,65.05,222.13,0,1
2026-02-25 11:00:00,28.41,85.0,89.02,2.0,162.47,66.12,221.03,0,1
2026-02-25 12:00:00,29.7,85.0,92.0,2.0,164.91,66.5,219.09,1,1
2026-02-25 13:00:00,30.38,82.82,91.36,2.0,164.2,64.87,218.52,0,1
2026-02-25 14:00:00,29.12,83.12,90.83,2.0,160.7,65.05,222.45,0,1
2026-02-25 15:00:00,28.67,83.79,92.0,2.0,160.17,65.66,219.59,1,1
2026-02-25 16:00:00,28.8,80.3,91.3,2.0,158.62,65.29,218.76,0,1
2026-02-25 17:00:00,28.98,85.0,90.74,2.0,158.37,65.31,222.6,0,1
2026-02-25 18:00:00,26.7,84.25,90.22,2.0,158.17,64.66,224.45,0,1
2026-02-25 19:00:00,25.44,85.0,90.01,2.0,160.6,63.34,225.43,0,1
2026-02-25 20:00:00,26.48,82.47,90.31,2.0,162.03,61.9,224.29,0,1
2026-02-25 21:00:00,25.33,83.55,89.8,2.0,162.62,60.52,224.9,0,1
2026-02-25 22:00:00,25.44,81.62,89.57,2.0,162.71,61.17,224.06,0,1
2026-02-25 23:00:00,25.27,82.74,88.89,2.0,160.9,58.95,222.46,0,1
2026-02-26 00:00:00,24.55,82.37,88.8,2.0,157.13,58.44,220.38,0,1
2026-02-26 01:00:00,25.9,85.0,88.26,2.0,157.65,57.86,223.08,0,1
2026-02-26 02:00:00,24.62,83.46,87.97,2.0,159.38,57.73,223.52,0,1
2026-02-26 03:00:00,24.43,85.0,87.65,2.0,159.41,56.19,224.88,0,1
2026-02-26 04:00:00,24.66,84.16,87.53,2.0,158.67,56.73,225.77,0,1
2026-02-26 05:00:00,23.23,82.2,87.16,2.0,159.76,55.74,227.33,0,1
2026-02-26 06:00:00,25.64,84.61,92.0,2.0,159.82,56.95,227.08,1,1
2026-02-26 07:00:00,25.33,85.0,92.0,2.0,163.06,56.54,226.27,0,1
2026-02-26 08:00:00,26.85,82.26,91.5,2.0,165.35,56.62,224.67,0,1
2026-02-26 09:00:00,26.19,85.0,90.76,2.0,167.07,56.78,221.65,0,1
2026-02-26 10:00:00,26.6,82.98,90.1,2.0,168.35,57.16,219.51,0,1
2026-02-26 11:00:00,29.43,83.76,90.0,2.0,165.89,57.34,219.37,0,1
2026-02-26 12:00:00,29.48,85.0,92.0,2.0,167.05,57.09,216.15,1,1
2026-02-26 13:00:00,28.49,83.34,91.2,2.0,167.65,57.55,213.63,0,1
2026-02-26 14:00:00,28.46,84.88,90.4,2.0,168.63,58.1,217.31,0,1
2026-02-26 15:00:00,30.09,84.12,92.0,2.0,169.37,57.53,218.75,1,1
2026-02-26 16:00:00,27.73,85.0,91.23,2.0,170.01,58.05,218.43,0,1
2026-02-26 17:00:00,29.92,80.3,90.25,2.0,174.67,59.24,224.94,0,1
2026-02-26 18:00:00,27.19,80.82,89.33,2.0,174.15,59.96,221.32,0,1
2026-02-26 19:00:00,28.08,85.0,88.86,2.0,175.47,60.86,224.45,0,1
2026-02-26 20:00:00,26.68,85.0,88.83,2.0,174.2,61.05,224.7,0,1
2026-02-26 21:00:00,26.97,82.91,88.5,2.0,175.26,60.23,227.17,0,1
2026-02-26 22:00:00,25.41,84.39,88.23,2.0,176.54,59.56,227.84,0,1
2026-02-26 23:00:00,25.25,85.0,88.41,2.0,176.73,59.92,223.51,0,1
2026-02-27 00:00:00,25.0,85.0,88.59,2.0,179.27,60.83,224.33,0,1
2026-02-27 01:00:00,23.69,80.52,88.3,2.0,177.11,63.37,225.7,0,1
2026-02-27 02:00:00,24.99,83.04,87.9,2.0,175.74,64.21,220.69,0,1
2026-02-27 03:00:00,23.69,84.27,87.44,2.0,175.7,63.09,226.26,0,1
2026-02-27 04:00:00,23.89,85.0,87.44,2.0,176.85,62.37,227.48,0,1
2026-02-27 05:00:00,23.36,85.0,87.18,2.0,176.7,64.41,229.53,0,1
2026-02-27 06:00:00,22.4,84.47,92.0,2.0,178.55,64.14,226.89,1,1
2026-02-27 07:00:00,25.23,81.85,91.55,2.0,176.82,64.12,229.02,0,1
2026-02-27 08:00:00,28.42,85.0,90.72,2.0,174.29,63.19,232.05,0,1
2026-02-27 09:00:00,27.86,85.0,90.23,2.0,174.47,64.57,232.83,0,1
2026-02-27 10:00:00,27.98,85.0,89.25,2.0,173.96,64.94,232.91,0,1
2026-02-27 11:00:00,28.46,82.83,88.95,2.0,174.57,64.16,230.78,0,1
2026-02-27 12:00:00,29.16,85.0,92.0,2.0,174.14,63.2,230.45,1,1
2026-02-27 13:00:00,29.79,85.0,91.35,2.0,173.16,63.44,229.4,0,1
2026-02-27 14:00:00,28.18,82.54,90.36,2.0,172.7,63.43,231.11,0,1
2026-02-27 15:00:00,30.08,85.0,92.0,2.0,172.45,64.14,229.18,1,1
2026-02-27 16:00:00,29.45,85.0,91.3,2.0,171.6,64.57,230.88,0,1
2026-02-27 17:00:00,29.09,85.0,90.69,2.0,170.97,64.25,228.99,0,1
2026-02-27 18:00:00,28.39,84.7,90.54,2.0,170.01,63.7,228.64,0,1
2026-02-27 19:00:00,27.52,84.08,90.38,2.0,171.35,63.5,230.49,0,1
2026-02-27 20:00:00,27.58,85.0,89.93,2.0,171.44,62.96,228.96,0,1
2026-02-27 21:00:00,26.96,82.25,89.5,2.0,175.25,62.81,230.89,0,1
2026-02-27 22:00:00,25.58,85.0,89.47,2.0,175.13,62.8,232.48,0,1
2026-02-27 23:00:00,24.88,81.94,89.66,2.0,173.73,61.97,231.93,0,1
2026-02-28 00:00:00,25.05,85.0,89.53,2.0,178.19,62.54,234.98,0,1
2026-02-28 01:00:00,25.99,84.41,89.53,2.0,178.4,62.19,235.18,0,1
2026-02-28 02:00:00,23.21,85.0,89.51,2.0,179.65,61.43,237.93,0,1
2026-02-28 03:00:00,22.84,85.0,89.73,2.0,180.13,61.13,242.26,0,1
2026-02-28 04:00:00,24.25,82.31,88.94,2.0,180.65,61.37,241.3,0,1
2026-02-28 05:00:00,24.3,85.0,88.94,2.0,180.98,61.47,242.59,0,1
2026-02-28 06:00:00,24.86,85.0,92.0,2.0,178.36,61.86,240.62,1,1
2026-02-28 07:00:00,25.62,85.0,91.39,2.0,178.49,62.67,237.76,0,1
2026-02-28 08:00:00,26.05,83.24,90.55,2.0,175.56,63.83,237.13,0,1
2026-02-28 09:00:00,28.49,84.21,89.7,2.0,174.83,64.03,233.62,0,1
2026-02-28 10:00:00,26.56,85.0,88.9,2.0,173.13,63.01,231.34,0,1
2026-02-28 11:00:00,27.95,83.28,88.17,2.0,173.45,62.74,233.0,0,1
2026-02-28 12:00:00,29.05,85.0,92.0,2.0,173.71,61.81,231.82,1,1
2026-02-28 13:00:00,27.82,85.0,91.67,2.0,174.23,63.34,233.76,0,1
2026-02-28 14:00:00,29.08,80.3,91.4,2.0,174.38,65.09,234.57,0,1
2026-02-28 15:00:00,30.57,85.0,92.0,2.0,172.91,65.58,239.22,1,1
2026-02-28 16:00:00,28.82,84.05,91.15,2.0,172.12,66.25,240.32,0,1
2026-02-28 17:00:00,28.65,84.67,90.95,2.0,173.49,66.35,242.84,0,1
2026-02-28 18:00:00,26.87,84.04,90.56,2.0,175.08,66.55,243.45,0,1
2026-02-28 19:00:00,26.95,85.0,90.38,2.0,172.61,64.97,243.8,0,1
2026-02-28 20:00:00,26.63,85.0,90.31,2.0,169.55,64.82,246.28,0,1
2026-02-28 21:00:00,26.14,85.0,90.09,2.0,168.06,63.94,247.38,0,1
2026-02-28 22:00:00,27.05,84.18,90.03,2.0,169.82,64.13,247.29,0,1
2026-02-28 23:00:00,25.9,84.86,89.72,2.0,171.81,64.02,247.19,0,1
2026-03-01 00:00:00,23.96,85.0,89.6,2.0,169.88,65.71,247.93,0,1
2026-03-01 01:00:00,24.82,83.22,88.94,2.0,170.23,66.42,245.6,0,1
2026-03-01 02:00:00,24.77,85.0,88.53,2.0,173.33,66.54,243.29,0,1
2026-03-01 03:00:00,25.18,85.0,88.12,2.0,173.74,66.17,246.44,0,1
2026-03-01 04:00:00,25.52,85.0,87.8,2.0,175.95,67.55,250.53,0,1
2026-03-01 05:00:00,23.34,85.0,87.31,2.0,177.31,67.36,247.43,0,1
2026-03-01 06:00:00,23.98,83.47,92.0,2.0,175.18,67.5,245.13,1,1
2026-03-01 07:00:00,24.27,85.0,91.34,2.0,174.43,67.37,247.48,0,1
2026-03-01 08:00:00,26.04,82.83,90.93,2.0,174.11,66.84,248.19,0,1
2026-03-01 09:00:00,27.57,85.0,90.32,2.0,173.94,66.73,249.22,0,1
2026-03-01 10:00:00,28.89,83.71,89.21,2.0,175.23,64.82,250.75,0,1
2026-03-01 11:00:00,28.62,82.57,88.37,2.0,175.56,63.35,249.36,0,1
2026-03-01 12:00:00,28.86,85.0,92.0,2.0,169.85,63.62,249.47,1,1
2026-03-01 13:00:00,29.44,80.3,91.24,2.0,167.29,64.98,249.38,0,1
2026-03-01 14:00:00,28.49,80.95,90.44,2.0,163.26,65.21,246.51,0,1
2026-03-01 15:00:00,30.96,84.42,92.0,2.0,163.65,64.46,246.72,1,1
2026-03-01 16:00:00,27.36,85.0,91.52,2.0,164.13,63.09,249.23,0,1
2026-03-01 17:00:00,28.61,84.02,90.49,2.0,164.68,63.76,247.69,0,1
2026-03-01 18:00:00,29.82,81.38,90.06,2.0,162.97,63.2,247.43,0,1
2026-03-01 19:00:00,27.51,83.07,89.6,2.0,164.26,63.74,247.33,0,1
2026-03-01 20:00:00,26.8,85.0,89.39,2.0,165.58,64.04,246.0,0,1
2026-03-01 21:00:00,26.11,85.0,89.17,2.0,163.3,64.41,247.14,0,1
2026-03-01 22:00:00,25.73,84.9,88.8,2.0,160.73,64.37,244.84,0,1
2026-03-01 23:00:00,26.64,85.0,88.28,2.0,160.9,64.64,247.68,0,1
2026-03-02 00:00:00,22.97,85.0,87.99,2.0,164.29,64.46,248.61,0,1
2026-03-02 01:00:00,25.98,83.34,88.27,2.0,167.37,63.81,245.58,0,1
2026-03-02 02:00:00,23.04,84.37,87.66,2.0,168.29,62.89,249.3,0,1
2026-03-02 03:00:00,23.92,81.91,87.96,2.0,166.85,60.72,249.01,0,1
2026-03-02 04:00:00,23.71,84.76,87.68,2.0,168.37,60.59,246.5,0,1
2026-03-02 05:00:00,24.79,85.0,87.48,2.0,167.42,62.0,248.68,0,1
2026-03-02 06:00:00,23.27,85.0,92.0,2.0,165.94,62.66,249.24,1,1
2026-03-02 07:00:00,25.82,85.0,91.56,2.0,162.05,62.84,244.1,0,1
2026-03-02 08:00:00,28.07,84.25,90.82,2.0,162.35,62.16,242.33,0,1
2026-03-02 09:00:00,25.92,85.0,89.93,2.0,161.32,63.05,242.66,0,1
2026-03-02 10:00:00,28.17,84.42,89.28,2.0,161.64,62.91,236.88,0,1
2026-03-02 11:00:00,28.1,85.0,88.56,2.0,157.64,64.3,236.99,0,1
2026-03-02 12:00:00,29.53,84.76,92.0,2.0,158.24,63.35,237.29,1,1
2026-03-02 13:00:00,29.32,85.0,91.05,2.0,154.13,62.63,234.22,0,1
2026-03-02 14:00:00,28.67,85.0,90.49,2.0,156.52,61.85,234.93,0,1
2026-03-02 15:00:00,29.51,84.38,92.0,2.0,157.8,60.52,234.95,1,1
2026-03-02 16:00:00,30.43,85.0,91.07,2.0,157.59,59.72,231.98,0,1
2026-03-02 17:00:00,28.27,85.0,90.69,2.0,158.9,59.89,234.43,0,1
2026-03-02 18:00:00,28.65,84.56,89.97,2.0,157.38,59.31,236.55,0,1
2026-03-02 19:00:00,26.34,81.96,89.02,2.0,157.82,55.92,235.75,0,1
2026-03-02 20:00:00,26.11,85.0,89.0,2.0,159.54,57.07,235.22,0,1
2026-03-02 21:00:00,26.85,83.88,88.46,2.0,154.18,55.7,237.02,0,1
2026-03-02 22:00:00,27.23,85.0,87.93,2.0,153.81,56.42,236.42,0,1
2026-03-02 23:00:00,25.72,85.0,87.93,2.0,154.22,56.61,231.52,0,1
2026-03-03 00:00:00,24.68,83.63,87.62,2.0,154.3,58.68,232.91,0,1
2026-03-03 01:00:00,24.6,82.76,87.69,2.0,157.35,59.68,230.98,0,1
2026-03-03 02:00:00,23.2,85.0,87.85,2.0,155.63,59.29,230.21,0,1
2026-03-03 03:00:00,24.7,81.05,87.45,2.0,154.89,58.74,234.09,0,1
2026-03-03 04:00:00,24.89,84.37,87.48,2.0,151.84,60.19,233.8,0,1
2026-03-03 05:00:00,23.85,85.0,87.05,2.0,155.09,58.92,233.87,0,1
2026-03-03 06:00:00,24.29,84.38,92.0,2.0,155.04,59.18,235.2,1,1
2026-03-03 07:00:00,25.64,81.55,91.58,2.0,154.65,59.15,236.45,0,1
2026-03-03 08:00:00,25.86,85.0,91.32,2.0,154.97,58.93,234.08,0,1
2026-03-03 09:00:00,27.09,85.0,90.99,2.0,156.52,59.34,233.98,0,1
2026-03-03 10:00:00,29.89,85.0,90.48,2.0,157.48,59.59,234.12,0,1
2026-03-03 11:00:00,28.47,84.25,89.68,2.0,162.55,60.07,234.84,0,1
2026-03-03 12:00:00,28.82,82.87,92.0,2.0,163.46,60.25,235.57,1,1
2026-03-03 13:00:00,28.72,85.0,90.76,2.0,162.69,60.68,242.01,0,1
2026-03-03 14:00:00,29.91,84.33,90.22,2.0,161.77,60.81,238.72,0,1
2026-03-03 15:00:00,28.91,82.22,92.0,2.0,161.19,60.25,240.99,1,1
2026-03-03 16:00:00,28.22,85.0,91.45,2.0,158.64,60.3,243.65,0,1
2026-03-03 17:00:00,29.63,83.46,89.96,2.0,158.97,59.71,244.45,0,1
2026-03-03 18:00:00,29.28,80.8,88.98,2.0,160.62,59.08,242.35,0,1
2026-03-03 19:00:00,26.96,85.0,88.54,2.0,159.69,58.86,246.14,0,1
2026-03-03 20:00:00,25.29,83.78,88.42,2.0,158.45,58.85,240.1,0,1
2026-03-03 21:00:00,27.33,83.57,88.3,2.0,161.44,58.98,238.14,0,1
2026-03-03 22:00:00,25.28,81.05,88.04,2.0,159.01,59.89,240.91,0,1
2026-03-03 23:00:00,26.11,85.0,88.02,2.0,155.53,59.51,239.69,0,1
2026-03-04 00:00:00,23.19,82.13,87.51,2.0,153.83,59.76,243.45,0,1
2026-03-04 01:00:00,25.4,85.0,87.48,2.0,151.51,59.93,239.25,0,1
2026-03-04 02:00:00,23.23,85.0,87.42,2.0,152.74,59.45,236.25,0,1
2026-03-04 03:00:00,24.81,85.0,87.33,2.0,152.58,59.59,234.86,0,1
2026-03-04 04:00:00,24.11,84.87,87.07,2.0,152.69,60.56,235.91,0,1
2026-03-04 05:00:00,23.4,81.25,87.41,2.0,155.25,60.78,235.31,0,1
2026-03-04 06:00:00,24.34,83.2,92.0,2.0,154.4,61.02,234.07,1,1
2026-03-04 07:00:00,26.02,85.0,91.5,2.0,156.22,60.41,237.67,0,1
2026-03-04 08:00:00,26.34,83.19,91.0,2.0,159.29,62.23,241.32,0,1
2026-03-04 09:00:00,27.68,85.0,90.63,2.0,158.7,61.64,239.97,0,1
2026-03-04 10:00:00,29.78,85.0,89.86,2.0,160.28,60.15,235.44,0,1
2026-03-04 11:00:00,27.28,85.0,89.6,2.0,160.03,60.98,230.03,0,1
2026-03-04 12:00:00,30.6,82.11,92.0,2.0,161.89,60.91,230.87,1,1
2026-03-04 13:00:00,29.39,85.0,90.7,2.0,159.19,60.67,232.72,0,1
2026-03-04 14:00:00,28.43,85.0,90.2,2.0,156.46,60.22,232.99,0,1
2026-03-04 15:00:00,27.88,84.8,92.0,2.0,156.1,61.95,232.92,1,1
2026-03-04 16:00:00,28.63,85.0,91.57,2.0,154.85,62.27,231.01,0,1
2026-03-04 17:00:00,29.27,85.0,91.25,2.0,154.33,62.76,232.85,0,1
2026-03-04 18:00:00,27.89,81.68,90.72,2.0,154.36,62.88,237.15,0,1
2026-03-04 19:00:00,28.86,84.37,91.01,2.0,156.08,63.1,231.5,0,1
2026-03-04 20:00:00,25.67,80.3,90.74,2.0,155.7,64.33,231.48,0,1
2026-03-04 21:00:00,26.42,85.0,90.72,2.0,154.59,64.03,229.23,0,1
2026-03-04 22:00:00,24.77,85.0,90.75,2.0,154.38,62.66,225.79,0,1
2026-03-04 23:00:00,25.73,84.86,90.52,2.0,153.42,63.42,223.43,0,1
2026-03-05 00:00:00,25.76,83.53,90.54,2.0,152.2,63.82,224.96,0,1
2026-03-05 01:00:00,24.22,80.47,90.16,2.0,149.81,63.87,226.47,0,1
2026-03-05 02:00:00,21.98,85.0,89.83,2.0,150.54,64.23,230.55,0,1
2026-03-05 03:00:00,24.34,85.0,89.23,2.0,150.1,63.83,230.79,0,1
2026-03-05 04:00:00,24.49,83.7,89.1,2.0,152.43,63.8,226.61,0,1
2026-03-05 05:00:00,24.62,85.0,88.99,2.0,150.33,63.63,226.43,0,1
2026-03-05 06:00:00,25.82,81.53,92.0,2.0,149.94,63.04,223.39,1,1
2026-03-05 07:00:00,24.44,85.0,92.0,2.0,153.81,64.08,220.96,0,1
2026-03-05 08:00:00,26.86,84.05,91.33,2.0,152.56,62.75,223.11,0,1
2026-03-05 09:00:00,28.22,83.21,90.39,2.0,152.63,64.85,224.19,0,1
2026-03-05 10:00:00,26.4,83.18,89.94,2.0,150.94,65.56,226.2,0,1
2026-03-05 11:00:00,28.98,83.96,89.68,2.0,149.07,63.85,225.75,0,1
2026-03-05 12:00:00,28.69,85.0,92.0,2.0,152.5,63.59,228.19,1,1
2026-03-05 13:00:00,29.23,81.91,91.73,2.0,153.3,63.39,227.49,0,1
2026-03-05 14:00:00,29.56,83.93,91.06,2.0,154.01,63.7,230.66,0,1
2026-03-05 15:00:00,28.64,84.72,92.0,2.0,151.4,62.76,231.74,1,1
2026-03-05 16:00:00,28.2,82.4,91.19,2.0,152.59,62.77,231.38,0,1
2026-03-05 17:00:00,28.47,85.0,90.58,2.0,155.17,62.64,232.09,0,1
2026-03-05 18:00:00,27.02,82.97,89.97,2.0,157.63,61.95,232.2,0,1
2026-03-05 19:00:00,26.53,83.4,89.82,2.0,159.13,61.17,236.33,0,1
2026-03-05 20:00:00,27.58,82.74,89.57,2.0,157.33,62.02,236.87,0,1
2026-03-05 21:00:00,25.39,85.0,89.32,2.0,158.2,60.49,236.78,0,1
2026-03-05 22:00:00,26.5,85.0,88.88,2.0,159.67,60.97,236.09,0,1
2026-03-05 23:00:00,25.82,82.89,88.95,2.0,156.66,61.71,238.14,0,1
2026-03-06 00:00:00,23.41,85.0,88.77,2.0,154.97,61.53,239.76,0,1
2026-03-06 01:00:00,23.99,85.0,88.51,2.0,156.97,61.59,238.83,0,1
2026-03-06 02:00:00,25.4,85.0,88.08,2.0,158.87,62.65,235.75,0,1
2026-03-06 03:00:00,23.27,84.24,87.48,2.0,156.33,61.99,233.46,0,1
2026-03-06 04:00:00,23.68,83.35,87.67,2.0,158.11,61.45,233.08,0,1
2026-03-06 05:00:00,24.67,85.0,87.63,2.0,158.55,61.02,236.55,0,1
2026-03-06 06:00:00,25.41,83.78,92.0,2.0,160.22,62.1,235.84,1,1
2026-03-06 07:00:00,25.17,85.0,92.0,2.0,159.27,63.26,234.32,0,1
2026-03-06 08:00:00,25.71,82.12,91.7,2.0,160.66,61.97,229.95,0,1
2026-03-06 09:00:00,28.43,85.0,91.15,2.0,162.35,62.87,233.98,0,1
2026-03-06 10:00:00,29.57,84.61,91.03,2.0,161.82,63.58,235.46,0,1
2026-03-06 11:00:00,29.57,85.0,90.49,2.0,161.98,64.93,237.42,0,1
2026-03-06 12:00:00,29.22,85.0,92.0,2.0,160.94,65.19,239.71,1,1
2026-03-06 13:00:00,28.57,83.41,91.52,2.0,164.07,65.06,239.06,0,1
2026-03-06 14:00:00,28.5,85.0,91.0,2.0,163.89,66.0,239.07,0,1
2026-03-06 15:00:00,29.55,80.3,92.0,2.0,162.28,66.51,242.59,1,1
2026-03-06 16:00:00,29.18,83.24,91.57,2.0,161.1,68.39,242.66,0,1
2026-03-06 17:00:00,29.7,82.8,90.47,2.0,161.48,69.06,243.74,0,1
2026-03-06 18:00:00,28.59,82.09,90.18,2.0,162.98,68.99,245.48,0,1
2026-03-06 19:00:00,26.15,84.4,89.7,2.0,160.65,67.72,246.57,0,1
2026-03-06 20:00:00,27.92,85.0,89.19,2.0,164.15,67.03,245.67,0,1
2026-03-06 21:00:00,25.53,85.0,88.95,2.0,164.74,65.58,245.05,0,1
2026-03-06 22:00:00,25.55,85.0,88.87,2.0,165.59,65.28,246.49,0,1
2026-03-06 23:00:00,25.63,83.49,88.71,2.0,165.39,66.02,247.86,0,1
2026-03-07 00:00:00,26.76,85.0,88.28,2.0,165.41,65.89,250.13,0,1
2026-03-07 01:00:00,27.4,85.0,87.91,2.0,165.13,66.7,250.75,0,1
2026-03-07 02:00:00,24.87,85.0,87.37,2.0,166.96,66.86,251.46,0,1
2026-03-07 03:00:00,23.99,85.0,87.1,2.0,166.86,66.35,249.52,0,1
2026-03-07 04:00:00,24.58,85.0,87.21,2.0,168.17,66.3,247.34,0,1
2026-03-07 05:00:00,25.06,83.02,87.0,2.0,167.26,66.6,248.68,0,1
2026-03-07 06:00:00,24.42,83.54,92.0,2.0,167.52,66.58,246.56,1,1
2026-03-07 07:00:00,27.02,83.74,92.0,2.0,165.98,66.58,245.93,0,1
2026-03-07 08:00:00,26.46,84.22,91.24,2.0,168.13,65.75,248.83,0,1
2026-03-07 09:00:00,27.6,85.0,90.6,2.0,166.5,65.25,251.19,0,1
2026-03-07 10:00:00,28.6,85.0,90.66,2.0,165.86,67.18,251.13,0,1
2026-03-07 11:00:00,29.07,84.71,90.5,2.0,165.26,68.13,249.59,0,1
2026-03-07 12:00:00,29.9,84.84,92.0,2.0,164.61,66.62,248.55,1,1
2026-03-07 13:00:00,28.74,85.0,91.52,2.0,165.92,64.35,250.04,0,1
2026-03-07 14:00:00,28.74,83.67,90.93,2.0,165.32,64.35,249.2,0,1
2026-03-07 15:00:00,28.09,82.77,92.0,2.0,167.81,65.09,247.09,1,1
2026-03-07 16:00:00,29.2,80.96,91.18,2.0,166.23,64.53,249.53,0,1
2026-03-07 17:00:00,29.14,83.3,90.33,2.0,166.48,65.37,249.25,0,1
2026-03-07 18:00:00,28.41,85.0,89.53,2.0,165.03,65.32,247.1,0,1
2026-03-07 19:00:00,29.01,83.32,89.15,2.0,165.78,65.08,247.69,0,1
2026-03-07 20:00:00,26.97,84.37,89.18,2.0,165.72,65.66,249.48,0,1
2026-03-07 21:00:00,27.03,85.0,88.61,2.0,165.42,65.08,246.24,0,1
2026-03-07 22:00:00,24.91,85.0,88.22,2.0,167.54,64.73,245.18,0,1
2026-03-07 23:00:00,25.05,82.58,87.47,2.0,166.26,65.25,244.05,0,1
2026-03-08 00:00:00,25.59,85.0,87.57,2.0,167.26,65.12,244.73,0,1
2026-03-08 01:00:00,25.36,85.0,87.74,2.0,165.79,66.75,245.82,0,1
2026-03-08 02:00:00,24.06,82.51,87.44,2.0,165.96,67.23,243.9,0,1
2026-03-08 03:00:00,24.09,83.19,87.14,2.0,163.77,67.64,239.73,0,1
2026-03-08 04:00:00,22.73,85.0,87.08,2.0,162.63,67.42,242.07,0,1
2026-03-08 05:00:00,23.94,84.67,87.32,2.0,162.57,68.05,238.92,0,1
2026-03-08 06:00:00,25.51,80.3,92.0,2.0,165.94,67.58,239.4,1,1
2026-03-08 07:00:00,25.92,81.87,91.58,2.0,166.08,67.66,238.85,0,1
2026-03-08 08:00:00,26.7,84.37,90.51,2.0,169.02,66.67,239.06,0,1
2026-03-08 09:00:00,27.2,82.32,89.6,2.0,169.25,67.46,242.99,0,1
2026-03-08 10:00:00,28.01,83.94,89.03,2.0,168.39,67.56,250.18,0,1
2026-03-08 11:00:00,28.1,84.89,88.24,2.0,171.02,69.18,245.34,0,1
2026-03-08 12:00:00,29.77,85.0,92.0,2.0,171.57,71.12,247.28,1,1
2026-03-08 13:00:00,29.68,84.16,91.23,2.0,170.15,71.53,246.28,0,1
2026-03-08 14:00:00,29.69,85.0,90.32,2.0,170.79,71.31,248.33,0,1
2026-03-08 15:00:00,28.6,85.0,92.0,2.0,170.03,70.17,250.06,1,1
2026-03-08 16:00:00,26.87,85.0,91.89,2.0,166.25,70.74,252.83,0,1
2026-03-08 17:00:00,29.43,85.0,91.55,2.0,167.88,70.67,252.65,0,1
2026-03-08 18:00:00,27.57,80.53,91.49,2.0,169.74,70.89,249.55,0,1
2026-03-08 19:00:00,26.73,85.0,91.44,2.0,172.86,72.18,251.14,0,1
2026-03-08 20:00:00,27.6,85.0,91.09,2.0,173.3,71.14,250.63,0,1
2026-03-08 21:00:00,26.08,84.73,91.28,2.0,172.52,70.03,249.26,0,1
2026-03-08 22:00:00,26.85,85.0,91.06,2.0,173.73,69.58,247.36,0,1
2026-03-08 23:00:00,25.96,85.0,90.92,2.0,174.91,70.09,249.25,0,1
2026-03-09 00:00:00,25.58,85.0,90.7,2.0,177.46,70.35,252.55,0,1
2026-03-09 01:00:00,23.37,85.0,89.61,2.0,176.88,69.29,248.68,0,1
2026-03-09 02:00:00,25.42,85.0,89.88,2.0,176.11,69.75,249.56,0,1
2026-03-09 03:00:00,24.39,80.3,89.82,2.0,174.37,68.44,247.9,0,1
2026-03-09 04:00:00,23.77,83.9,89.72,2.0,174.97,67.49,243.58,0,1
2026-03-09 05:00:00,24.39,85.0,89.49,2.0,171.78,67.22,243.52,0,1
2026-03-09 06:00:00,23.11,83.2,92.0,2.0,172.91,66.57,241.01,1,1
2026-03-09 07:00:00,25.77,84.46,91.61,2.0,173.65,67.23,236.77,0,1
2026-03-09 08:00:00,25.32,82.62,91.22,2.0,174.36,67.33,234.73,0,1
2026-03-09 09:00:00,25.93,85.0,90.26,2.0,174.23,68.76,232.17,0,1
2026-03-09 10:00:00,26.63,85.0,89.73,2.0,176.62,68.34,230.7,0,1
2026-03-09 11:00:00,29.69,82.88,89.3,2.0,177.73,68.04,227.6,0,1
2026-03-09 12:00:00,28.58,85.0,92.0,2.0,176.12,68.94,226.98,1,1
2026-03-09 13:00:00,30.68,83.3,91.5,2.0,174.62,68.65,225.6,0,1
2026-03-09 14:00:00,28.76,85.0,90.61,2.0,172.65,69.8,227.01,0,1
2026-03-09 15:00:00,27.54,85.0,92.0,2.0,173.34,70.05,228.89,1,1
2026-03-09 16:00:00,27.8,85.0,91.48,2.0,171.2,67.69,229.85,0,1
2026-03-09 17:00:00,29.55,85.0,91.09,2.0,172.9,68.58,229.51,0,1
2026-03-09 18:00:00,27.86,85.0,89.94,2.0,174.97,69.21,229.13,0,1
2026-03-09 19:00:00,27.01,82.61,89.88,2.0,172.99,69.85,227.33,0,1
2026-03-09 20:00:00,27.12,81.13,89.5,2.0,172.34,67.89,225.68,0,1
2026-03-09 21:00:00,26.88,84.05,89.24,2.0,172.07,67.12,227.91,0,1
2026-03-09 22:00:00,26.9,81.48,88.62,2.0,173.38,66.43,223.86,0,1
2026-03-09 23:00:00,26.7,81.67,88.15,2.0,175.94,65.54,224.22,0,1
2026-03-10 00:00:00,24.64,82.76,88.24,2.0,172.47,67.01,223.95,0,1
2026-03-10 01:00:00,23.4,82.95,88.04,2.0,171.6,66.84,226.0,0,1
2026-03-10 02:00:00,23.95,82.89,87.73,2.0,170.86,66.67,222.89,0,1
2026-03-10 03:00:00,24.39,85.0,87.48,2.0,168.1,67.02,223.52,0,1
2026-03-10 04:00:00,23.23,83.89,87.43,2.0,167.1,67.38,224.96,0,1
2026-03-10 05:00:00,23.4,84.6,87.36,2.0,167.79,64.22,220.7,0,1
2026-03-10 06:00:00,25.02,85.0,92.0,2.0,167.18,63.57,218.73,1,1
2026-03-10 07:00:00,25.36,83.26,92.0,2.0,164.31,62.25,219.31,0,1
2026-03-10 08:00:00,26.28,84.34,91.71,2.0,169.51,62.61,221.38,0,1
2026-03-10 09:00:00,26.47,85.0,91.26,2.0,169.81,62.33,222.52,0,1
2026-03-10 10:00:00,27.79,80.58,90.69,2.0,169.82,62.33,224.54,0,1
2026-03-10 11:00:00,27.86,80.3,90.29,2.0,167.65,60.45,222.37,0,1
2026-03-10 12:00:00,29.94,85.0,92.0,2.0,168.01,60.22,219.03,1,1
2026-03-10 13:00:00,30.23,85.0,91.71,2.0,167.6,61.28,220.04,0,1
2026-03-10 14:00:00,27.58,85.0,91.4,2.0,164.09,62.57,217.71,0,1
2026-03-10 15:00:00,28.24,85.0,92.0,2.0,162.2,63.2,216.41,1,1
2026-03-10 16:00:00,27.46,85.0,91.09,2.0,163.74,61.96,219.67,0,1
2026-03-10 17:00:00,27.85,84.4,90.29,2.0,167.29,63.09,220.91,0,1
2026-03-10 18:00:00,27.92,85.0,89.99,2.0,167.86,63.71,220.2,0,1
2026-03-10 19:00:00,26.2,85.0,89.31,2.0,169.73,63.56,219.19,0,1
2026-03-10 20:00:00,26.14,80.3,89.22,2.0,169.26,61.69,221.53,0,1
2026-03-10 21:00:00,25.52,85.0,89.12,2.0,168.94,62.55,222.74,0,1
2026-03-10 22:00:00,26.08,85.0,89.26,2.0,170.74,62.0,220.31,0,1
2026-03-10 23:00:00,25.46,85.0,89.1,2.0,173.51,62.32,216.18,0,1
2026-03-11 00:00:00,24.31,85.0,88.5,2.0,175.51,62.37,221.82,0,1
2026-03-11 01:00:00,24.76,83.6,88.0,2.0,173.17,63.74,219.43,0,1
2026-03-11 02:00:00,23.83,84.92,87.44,2.0,172.72,63.58,221.52,0,1
2026-03-11 03:00:00,23.91,85.0,87.08,2.0,172.91,63.52,225.97,0,1
2026-03-11 04:00:00,25.61,80.3,86.81,2.0,172.13,64.89,226.8,0,1
2026-03-11 05:00:00,25.46,82.42,86.25,2.0,172.54,64.21,225.7,0,1
2026-03-11 06:00:00,23.54,82.56,92.0,2.0,173.72,64.88,222.6,1,1
2026-03-11 07:00:00,26.15,85.0,91.39,2.0,175.17,64.61,219.62,0,1
2026-03-11 08:00:00,26.98,85.0,91.21,2.0,177.8,63.63,221.33,0,1
2026-03-11 09:00:00,26.12,85.0,90.99,2.0,176.7,63.58,225.64,0,1
2026-03-11 10:00:00,28.74,85.0,90.67,2.0,173.77,64.16,225.12,0,1
2026-03-11 11:00:00,30.08,84.46,89.86,2.0,174.07,65.31,224.23,0,1
2026-03-11 12:00:00,28.13,85.0,92.0,2.0,177.1,66.54,226.51,1,1
2026-03-11 13:00:00,28.47,84.82,91.02,2.0,175.75,66.14,225.22,0,1
2026-03-11 14:00:00,30.16,84.93,90.69,2.0,176.56,65.13,226.4,0,1
2026-03-11 15:00:00,29.32,84.22,92.0,2.0,177.35,64.75,226.93,1,1
2026-03-11 16:00:00,29.3,85.0,91.28,2.0,177.2,63.6,226.31,0,1
2026-03-11 17:00:00,28.75,83.91,90.32,2.0,176.72,63.36,226.71,0,1
2026-03-11 18:00:00,28.35,85.0,88.98,2.0,174.59,63.01,231.53,0,1
2026-03-11 19:00:00,26.31,82.38,88.46,2.0,170.1,63.63,233.21,0,1
2026-03-11 20:00:00,27.91,82.47,88.58,2.0,167.9,61.6,236.03,0,1
2026-03-11 21:00:00,27.48,85.0,88.25,2.0,167.08,60.95,233.69,0,1
2026-03-11 22:00:00,25.69,84.74,87.99,2.0,168.97,60.33,236.49,0,1
2026-03-11 23:00:00,25.36,83.95,87.97,2.0,168.63,61.45,238.01,0,1
2026-03-12 00:00:00,23.58,85.0,88.31,2.0,167.55,60.46,234.11,0,1
2026-03-12 01:00:00,25.06,83.64,88.5,2.0,165.84,60.71,235.51,0,1
2026-03-12 02:00:00,24.84,84.55,88.0,2.0,166.99,60.64,234.2,0,1
2026-03-12 03:00:00,24.1,85.0,87.22,2.0,169.36,61.61,230.38,0,1
2026-03-12 04:00:00,25.11,85.0,87.72,2.0,171.1,62.16,230.93,0,1
2026-03-12 05:00:00,23.96,85.0,88.19,2.0,171.94,62.27,232.48,0,1
2026-03-12 06:00:00,25.22,84.36,92.0,2.0,169.01,61.76,232.99,1,1
2026-03-12 07:00:00,24.48,85.0,91.41,2.0,168.22,60.1,232.81,0,1
2026-03-12 08:00:00,26.23,82.83,91.12,2.0,171.59,60.38,232.1,0,1
2026-03-12 09:00:00,26.99,82.89,90.51,2.0,173.35,60.91,238.41,0,1
2026-03-12 10:00:00,28.2,80.3,89.88,2.0,170.25,59.52,235.28,0,1
2026-03-12 11:00:00,28.36,85.0,89.56,2.0,169.94,58.48,237.45,0,1
2026-03-12 12:00:00,29.02,82.91,92.0,2.0,170.39,58.82,237.37,1,1
2026-03-12 13:00:00,30.04,84.52,91.04,2.0,168.8,59.22,235.11,0,1
2026-03-12 14:00:00,28.85,82.8,90.35,2.0,164.5,58.41,234.99,0,1
2026-03-12 15:00:00,27.63,85.0,92.0,2.0,164.69,58.0,231.5,1,1
2026-03-12 16:00:00,30.38,83.99,91.55,2.0,163.29,56.47,230.19,0,1
2026-03-12 17:00:00,29.68,81.96,91.03,2.0,161.95,57.87,230.31,0,1
2026-03-12 18:00:00,26.84,85.0,90.72,2.0,161.43,56.83,226.67,0,1
2026-03-12 19:00:00,28.12,81.71,90.4,2.0,161.33,57.47,228.35,0,1
2026-03-12 20:00:00,26.52,83.05,90.24,2.0,161.46,57.58,226.27,0,1
2026-03-12 21:00:00,26.67,80.3,89.02,2.0,160.01,58.87,223.08,0,1
2026-03-12 22:00:00,26.16,81.8,88.67,2.0,159.82,58.25,220.98,0,1
2026-03-12 23:00:00,25.19,85.0,88.7,2.0,156.86,58.42,227.12,0,1
2026-03-13 00:00:00,24.25,80.64,88.37,2.0,157.75,57.0,222.57,0,1
2026-03-13 01:00:00,23.98,81.72,88.03,2.0,152.89,55.4,224.28,0,1
2026-03-13 02:00:00,23.5,84.99,87.51,2.0,152.86,56.14,222.94,0,1
2026-03-13 03:00:00,23.41,83.8,87.61,2.0,155.0,54.71,222.66,0,1
2026-03-13 04:00:00,24.04,85.0,87.57,2.0,153.49,54.72,224.79,0,1
2026-03-13 05:00:00,23.61,85.0,87.61,2.0,155.24,55.85,226.69,0,1
2026-03-13 06:00:00,25.32,83.07,92.0,2.0,157.71,56.7,225.4,1,1
2026-03-13 07:00:00,26.74,85.0,91.74,2.0,152.05,56.26,222.49,0,1
2026-03-13 08:00:00,25.73,85.0,91.08,2.0,152.29,55.01,224.67,0,1
2026-03-13 09:00:00,27.37,83.57,90.41,2.0,147.63,55.68,226.57,0,1
2026-03-13 10:00:00,28.45,81.56,89.63,2.0,148.11,57.07,226.27,0,1
2026-03-13 11:00:00,29.12,84.8,88.93,2.0,148.77,56.63,227.82,0,1
2026-03-13 12:00:00,29.21,84.43,92.0,2.0,144.95,56.06,227.06,1,1
2026-03-13 13:00:00,29.97,83.84,90.82,2.0,149.22,55.77,225.39,0,1
2026-03-13 14:00:00,29.68,85.0,90.76,2.0,150.36,56.47,225.88,0,1
2026-03-13 15:00:00,27.96,83.16,92.0,2.0,149.42,57.74,227.63,1,1
2026-03-13 16:00:00,29.59,82.28,91.39,2.0,152.68,56.75,228.78,0,1
2026-03-13 17:00:00,29.24,85.0,91.06,2.0,149.94,55.56,230.36,0,1
2026-03-13 18:00:00,27.31,85.0,90.04,2.0,148.33,57.86,228.69,0,1
2026-03-13 19:00:00,27.54,82.28,89.63,2.0,144.86,57.83,232.96,0,1
2026-03-13 20:00:00,27.59,85.0,89.38,2.0,148.91,58.18,232.21,0,1
2026-03-13 21:00:00,26.24,81.02,89.58,2.0,150.15,57.67,232.05,0,1
2026-03-13 22:00:00,26.86,83.66,89.35,2.0,151.93,58.24,228.9,0,1
2026-03-13 23:00:00,27.53,84.38,89.27,2.0,153.0,59.22,228.72,0,1
2026-03-14 00:00:00,24.25,83.57,88.89,2.0,154.51,59.57,230.36,0,1
2026-03-14 01:00:00,23.35,83.74,88.83,2.0,155.07,61.21,232.5,0,1
2026-03-14 02:00:00,24.6,85.0,89.13,2.0,155.95,60.94,236.53,0,1
2026-03-14 03:00:00,24.81,83.13,89.22,2.0,156.51,60.74,237.76,0,1
2026-03-14 04:00:00,23.89,85.0,88.99,2.0,155.75,60.98,238.31,0,1
2026-03-14 05:00:00,25.56,85.0,88.99,2.0,156.04,61.43,237.03,0,1
2026-03-14 06:00:00,23.5,85.0,92.0,2.0,156.89,61.65,235.27,1,1
2026-03-14 07:00:00,26.02,85.0,91.94,2.0,157.41,60.51,237.69,0,1
2026-03-14 08:00:00,25.7,85.0,91.7,2.0,155.06,60.83,239.93,0,1
2026-03-14 09:00:00,28.7,82.7,91.44,2.0,153.03,60.53,236.99,0,1
2026-03-14 10:00:00,29.79,82.39,90.8,2.0,155.46,60.05,238.7,0,1
2026-03-14 11:00:00,28.0,83.16,90.4,2.0,155.29,60.14,240.14,0,1
2026-03-14 12:00:00,28.65,84.88,92.0,2.0,156.73,59.33,237.1,1,1
2026-03-14 13:00:00,30.07,81.0,91.12,2.0,155.1,58.39,238.34,0,1
2026-03-14 14:00:00,28.89,84.85,90.44,2.0,152.84,56.14,235.55,0,1
2026-03-14 15:00:00,29.03,85.0,92.0,2.0,151.81,57.89,229.45,1,1
2026-03-14 16:00:00,28.83,85.0,90.91,2.0,151.94,58.52,229.33,0,1
2026-03-14 17:00:00,26.71,84.19,90.58,2.0,151.26,58.52,230.26,0,1
2026-03-14 18:00:00,27.99,83.49,89.16,2.0,154.14,58.02,230.21,0,1
2026-03-14 19:00:00,26.88,85.0,89.77,2.0,154.9,55.55,237.61,0,1
2026-03-14 20:00:00,26.53,83.07,90.01,2.0,158.63,55.09,238.43,0,1
2026-03-14 21:00:00,27.73,85.0,89.71,2.0,159.61,55.94,238.63,0,1
2026-03-14 22:00:00,24.77,85.0,89.51,2.0,155.49,56.97,239.52,0,1
2026-03-14 23:00:00,26.13,85.0,89.39,2.0,157.77,57.7,238.19,0,1
2026-03-15 00:00:00,24.71,84.94,89.01,2.0,155.34,57.97,240.35,0,1
2026-03-15 01:00:00,24.34,85.0,88.86,2.0,156.14,59.26,240.99,0,1
2026-03-15 02:00:00,25.04,85.0,88.61,2.0,155.1,59.05,241.48,0,1
2026-03-15 03:00:00,24.46,83.22,88.38,2.0,159.35,60.12,239.59,0,1
2026-03-15 04:00:00,24.61,83.84,88.22,2.0,162.17,59.83,235.45,0,1
2026-03-15 05:00:00,25.13,82.08,87.62,2.0,160.95,59.1,234.18,0,1
2026-03-15 06:00:00,24.41,85.0,92.0,2.0,160.88,58.28,234.92,1,1
2026-03-15 07:00:00,24.85,85.0,91.84,2.0,161.49,57.43,233.82,0,1
2026-03-15 08:00:00,25.27,81.95,91.31,2.0,163.18,58.16,234.61,0,1
2026-03-15 09:00:00,26.41,83.88,90.67,2.0,163.31,57.61,234.04,0,1
2026-03-15 10:00:00,30.65,81.89,90.4,2.0,161.53,56.81,235.17,0,1
2026-03-15 11:00:00,29.81,82.85,89.69,2.0,160.38,57.61,232.72,0,1
2026-03-15 12:00:00,27.93,85.0,92.0,2.0,160.55,58.04,233.31,1,1
2026-03-15 13:00:00,28.11,83.19,91.8,2.0,162.95,59.02,231.8,0,1
2026-03-15 14:00:00,29.68,84.14,91.17,2.0,163.8,59.57,228.11,0,1
2026-03-15 15:00:00,29.57,81.23,92.0,2.0,162.46,58.97,228.04,1,1
2026-03-15 16:00:00,29.3,85.0,91.37,2.0,163.73,59.13,232.23,0,1
2026-03-15 17:00:00,28.21,84.74,91.15,2.0,163.08,59.33,228.72,0,1
2026-03-15 18:00:00,27.89,83.25,90.49,2.0,164.76,58.58,229.34,0,1
2026-03-15 19:00:00,27.8,84.45,90.66,2.0,169.32,57.69,231.61,0,1
2026-03-15 20:00:00,27.05,85.0,90.41,2.0,168.5,57.2,237.53,0,1
2026-03-15 21:00:00,24.43,83.12,89.95,2.0,169.8,59.18,236.17,0,1
2026-03-15 22:00:00,25.69,81.68,89.95,2.0,168.27,58.89,234.53,0,1
2026-03-15 23:00:00,24.63,85.0,89.65,2.0,167.94,60.1,231.64,0,1
2026-03-16 00:00:00,25.12,83.57,89.63,2.0,167.87,59.73,234.66,0,1
2026-03-16 01:00:00,27.28,84.77,88.6,2.0,167.41,60.6,232.51,0,1
2026-03-16 02:00:00,24.66,85.0,88.39,2.0,171.75,61.45,231.71,0,1
2026-03-16 03:00:00,23.87,85.0,88.05,2.0,170.93,62.33,227.25,0,1
2026-03-16 04:00:00,24.93,82.26,87.52,2.0,171.74,62.67,229.85,0,1
2026-03-16 05:00:00,24.69,85.0,87.15,2.0,168.0,63.89,233.0,0,1
2026-03-16 06:00:00,25.09,83.42,92.0,2.0,168.66,64.17,235.21,1,1
2026-03-16 07:00:00,25.95,83.76,91.78,2.0,170.57,65.65,231.19,0,1
2026-03-16 08:00:00,28.1,83.33,90.78,2.0,169.4,64.08,232.9,0,1
2026-03-16 09:00:00,26.13,82.41,90.29,2.0,164.7,64.33,228.82,0,1
2026-03-16 10:00:00,28.43,84.76,90.11,2.0,164.64,64.52,229.28,0,1
2026-03-16 11:00:00,27.86,81.58,89.61,2.0,164.69,63.6,230.07,0,1
2026-03-16 12:00:00,29.64,85.0,92.0,2.0,166.0,64.07,231.1,1,1
2026-03-16 13:00:00,28.47,84.92,91.74,2.0,169.58,62.67,232.63,0,1
2026-03-16 14:00:00,28.87,85.0,91.51,2.0,168.72,62.06,232.73,0,1
2026-03-16 15:00:00,28.81,83.78,92.0,2.0,167.03,60.26,227.93,1,1
2026-03-16 16:00:00,29.68,84.01,91.25,2.0,164.85,61.71,229.63,0,1
2026-03-16 17:00:00,29.27,85.0,90.44,2.0,165.21,61.51,230.14,0,1
2026-03-16 18:00:00,26.88,82.29,90.09,2.0,166.06,63.48,228.12,0,1
2026-03-16 19:00:00,27.55,84.08,90.09,2.0,165.04,64.16,224.55,0,1
2026-03-16 20:00:00,26.33,83.0,90.11,2.0,166.44,64.5,228.92,0,1
2026-03-16 21:00:00,25.3,82.95,90.47,2.0,167.22,63.89,232.3,0,1
2026-03-16 22:00:00,25.7,80.3,90.26,2.0,167.21,62.89,234.2,0,1
2026-03-16 23:00:00,25.12,85.0,90.18,2.0,165.49,63.34,232.55,0,1
2026-03-17 00:00:00,27.14,83.46,89.68,2.0,164.61,63.23,226.38,0,1
2026-03-17 01:00:00,24.99,85.0,90.11,2.0,160.25,61.99,228.72,0,1
2026-03-17 02:00:00,23.08,85.0,89.81,2.0,160.86,60.63,229.95,0,1
2026-03-17 03:00:00,23.65,82.17,89.51,2.0,161.08,59.81,229.27,0,1
2026-03-17 04:00:00,25.02,82.61,89.2,2.0,161.57,61.51,232.37,0,1
2026-03-17 05:00:00,26.14,85.0,88.8,2.0,162.62,63.52,234.62,0,1
2026-03-17 06:00:00,23.28,85.0,92.0,2.0,163.41,63.66,235.08,1,1
2026-03-17 07:00:00,23.71,84.88,91.64,2.0,163.27,63.74,235.16,0,1
2026-03-17 08:00:00,27.93,85.0,90.64,2.0,163.43,63.39,235.28,0,1
2026-03-17 09:00:00,27.5,83.49,89.82,2.0,160.96,62.5,236.97,0,1
2026-03-17 10:00:00,27.22,85.0,89.82,2.0,160.08,63.73,234.72,0,1
2026-03-17 11:00:00,29.17,83.25,89.44,2.0,160.36,65.36,235.8,0,1
2026-03-17 12:00:00,26.77,80.33,92.0,2.0,159.22,64.45,233.46,1,1
2026-03-17 13:00:00,29.3,81.89,91.75,2.0,161.0,64.31,236.88,0,1
2026-03-17 14:00:00,29.54,84.85,91.71,2.0,159.98,63.83,238.12,0,1
2026-03-17 15:00:00,29.91,82.32,92.0,2.0,160.57,63.4,236.24,1,1
2026-03-17 16:00:00,27.89,84.67,91.04,2.0,160.95,64.42,236.38,0,1
2026-03-17 17:00:00,28.52,82.47,90.21,2.0,162.46,63.17,234.18,0,1
2026-03-17 18:00:00,27.17,83.13,89.48,2.0,164.18,63.56,237.98,0,1
2026-03-17 19:00:00,27.73,85.0,89.18,2.0,165.46,64.16,241.89,0,1
2026-03-17 20:00:00,26.17,85.0,88.83,2.0,161.66,63.97,243.28,0,1
2026-03-17 21:00:00,26.06,84.89,88.69,2.0,163.94,64.72,246.76,0,1
2026-03-17 22:00:00,25.0,85.0,88.49,2.0,166.73,64.77,246.55,0,1
2026-03-17 23:00:00,25.99,85.0,88.07,2.0,165.79,65.78,247.88,0,1
2026-03-18 00:00:00,25.73,85.0,87.21,2.0,166.19,64.3,250.3,0,1
2026-03-18 01:00:00,24.39,83.97,86.7,2.0,164.54,63.91,249.52,0,1
2026-03-18 02:00:00,24.36,84.05,86.33,2.0,161.05,63.79,248.97,0,1
2026-03-18 03:00:00,22.85,82.14,86.06,2.0,159.88,61.33,250.61,0,1
2026-03-18 04:00:00,23.83,84.06,85.51,2.0,159.11,60.38,251.44,0,1
2026-03-18 05:00:00,24.21,85.0,85.16,2.0,158.71,59.69,248.73,0,1
2026-03-18 06:00:00,27.07,85.0,92.0,2.0,157.23,60.61,242.58,1,1
2026-03-18 07:00:00,24.4,85.0,91.76,2.0,156.22,60.02,241.76,0,1
2026-03-18 08:00:00,27.57,80.97,90.85,2.0,156.55,59.34,236.18,0,1
2026-03-18 09:00:00,28.05,85.0,90.0,2.0,155.51,60.16,233.64,0,1
2026-03-18 10:00:00,28.25,80.81,89.02,2.0,156.86,58.76,231.53,0,1
2026-03-18 11:00:00,30.27,85.0,88.37,2.0,158.42,56.99,230.28,0,1
2026-03-18 12:00:00,29.48,84.0,92.0,2.0,162.96,56.82,232.57,1,1
2026-03-18 13:00:00,29.65,85.0,91.67,2.0,165.07,55.67,235.28,0,1
2026-03-18 14:00:00,29.2,81.87,91.2,2.0,165.51,54.59,236.54,0,1
2026-03-18 15:00:00,30.18,85.0,92.0,2.0,164.37,55.33,238.04,1,1
2026-03-18 16:00:00,29.79,81.6,91.16,2.0,164.92,56.32,239.53,0,1
2026-03-18 17:00:00,27.88,83.36,90.68,2.0,165.51,57.2,233.06,0,1
2026-03-18 18:00:00,26.81,82.65,90.31,2.0,164.57,58.34,233.19,0,1
2026-03-18 19:00:00,27.32,81.01,90.14,2.0,166.0,59.57,228.79,0,1
2026-03-18 20:00:00,26.25,85.0,90.41,2.0,163.44,57.72,230.37,0,1
2026-03-18 21:00:00,26.37,85.0,90.34,2.0,163.06,58.26,225.37,0,1
2026-03-18 22:00:00,27.01,85.0,90.4,2.0,164.14,57.89,225.4,0,1
2026-03-18 23:00:00,24.99,85.0,90.23,2.0,163.66,57.34,227.25,0,1
2026-03-19 00:00:00,24.92,85.0,90.23,2.0,163.34,57.99,224.84,0,1
2026-03-19 01:00:00,24.65,85.0,89.78,2.0,163.16,56.55,227.75,0,1
2026-03-19 02:00:00,25.09,85.0,89.44,2.0,161.73,55.14,229.38,0,1
2026-03-19 03:00:00,22.13,84.25,89.34,2.0,163.97,55.91,230.61,0,1
2026-03-19 04:00:00,23.55,85.0,89.24,2.0,162.18,56.54,232.58,0,1
2026-03-19 05:00:00,24.45,85.0,89.19,2.0,162.87,56.82,231.8,0,1
2026-03-19 06:00:00,25.79,83.7,92.0,2.0,163.7,56.19,232.34,1,1
2026-03-19 07:00:00,24.96,84.78,91.37,2.0,162.04,57.03,232.5,0,1
2026-03-19 08:00:00,24.56,84.79,90.51,2.0,162.29,57.79,232.59,0,1
2026-03-19 09:00:00,27.71,85.0,89.99,2.0,160.76,57.99,231.03,0,1
2026-03-19 10:00:00,27.43,82.5,89.18,2.0,163.43,57.05,228.13,0,1
2026-03-19 11:00:00,27.62,84.71,89.61,2.0,161.45,56.82,227.63,0,1
2026-03-19 12:00:00,28.58,85.0,92.0,2.0,160.41,57.73,227.02,1,1
2026-03-19 13:00:00,29.13,85.0,91.38,2.0,158.39,59.05,225.57,0,1
2026-03-19 14:00:00,28.7,85.0,90.63,2.0,156.21,58.85,228.17,0,1
2026-03-19 15:00:00,27.09,84.86,92.0,2.0,159.43,58.72,225.59,1,1
2026-03-19 16:00:00,29.61,85.0,91.41,2.0,160.63,58.67,225.63,0,1
2026-03-19 17:00:00,29.59,85.0,90.84,2.0,161.06,59.02,229.01,0,1
2026-03-19 18:00:00,28.59,85.0,90.11,2.0,160.03,58.58,231.58,0,1
2026-03-19 19:00:00,26.48,80.58,89.82,2.0,161.86,56.08,234.8,0,1
2026-03-19 20:00:00,26.79,82.0,90.01,2.0,160.51,57.33,233.33,0,1
2026-03-19 21:00:00,26.42,85.0,90.22,2.0,162.11,59.09,235.37,0,1
2026-03-19 22:00:00,26.44,84.32,90.08,2.0,160.66,58.62,232.7,0,1
2026-03-19 23:00:00,26.0,83.47,89.47,2.0,159.67,57.77,232.12,0,1
2026-03-20 00:00:00,24.3,82.21,89.42,2.0,161.25,57.77,231.81,0,1
2026-03-20 01:00:00,24.67,83.76,89.68,2.0,162.96,57.73,230.53,0,1
2026-03-20 02:00:00,24.74,81.91,89.89,2.0,164.11,58.75,229.85,0,1
2026-03-20 03:00:00,25.47,85.0,89.9,2.0,162.26,58.9,228.87,0,1
2026-03-20 04:00:00,24.73,84.95,90.12,2.0,161.56,58.28,226.73,0,1
2026-03-20 05:00:00,24.97,84.87,89.93,2.0,161.98,57.2,229.28,0,1
2026-03-20 06:00:00,24.78,85.0,92.0,2.0,160.58,58.13,229.11,1,1
2026-03-20 07:00:00,26.67,85.0,91.58,2.0,163.22,58.78,229.91,0,1
2026-03-20 08:00:00,26.62,85.0,91.09,2.0,158.97,59.83,230.57,0,1
2026-03-20 09:00:00,26.38,85.0,90.91,2.0,157.81,59.03,230.93,0,1
2026-03-20 10:00:00,29.26,83.46,90.14,2.0,157.18,60.77,231.37,0,1
2026-03-20 11:00:00,29.32,84.17,89.28,2.0,152.37,59.24,230.78,0,1
2026-03-20 12:00:00,28.74,85.0,92.0,2.0,150.36,59.96,234.54,1,1
2026-03-20 13:00:00,28.87,83.64,91.34,2.0,152.08,58.3,236.47,0,1
2026-03-20 14:00:00,29.51,84.79,90.93,2.0,152.65,57.7,236.44,0,1
2026-03-20 15:00:00,29.49,85.0,92.0,2.0,155.97,59.24,235.25,1,1
2026-03-20 16:00:00,28.98,85.0,91.92,2.0,159.11,60.07,234.94,0,1
2026-03-20 17:00:00,28.72,80.92,90.94,2.0,160.13,59.63,235.99,0,1
2026-03-20 18:00:00,29.53,85.0,90.71,2.0,160.89,59.24,239.69,0,1
2026-03-20 19:00:00,28.47,84.35,90.27,2.0,161.17,59.41,236.02,0,1
2026-03-20 20:00:00,27.14,85.0,89.52,2.0,156.55,59.95,237.62,0,1
2026-03-20 21:00:00,27.28,85.0,89.38,2.0,154.37,61.14,240.3,0,1
2026-03-20 22:00:00,24.97,85.0,89.09,2.0,154.98,60.75,236.32,0,1
2026-03-20 23:00:00,25.76,85.0,88.55,2.0,156.49,59.34,235.8,0,1
2026-03-21 00:00:00,26.59,85.0,87.84,2.0,157.35,59.56,233.1,0,1
2026-03-21 01:00:00,24.4,85.0,87.63,2.0,156.05,59.22,234.27,0,1
2026-03-21 02:00:00,23.56,85.0,87.72,2.0,158.1,58.14,233.41,0,1
2026-03-21 03:00:00,23.57,85.0,87.69,2.0,161.04,58.52,233.17,0,1
2026-03-21 04:00:00,23.12,85.0,87.5,2.0,162.89,58.43,232.23,0,1
2026-03-21 05:00:00,23.55,85.0,87.44,2.0,164.75,58.82,234.17,0,1
2026-03-21 06:00:00,24.37,84.3,92.0,2.0,163.76,58.11,234.78,1,1
2026-03-21 07:00:00,24.13,85.0,91.37,2.0,165.74,58.66,235.37,0,1
2026-03-21 08:00:00,26.26,84.84,90.36,2.0,165.98,57.58,235.76,0,1
2026-03-21 09:00:00,27.96,83.0,89.71,2.0,166.86,56.96,237.15,0,1
2026-03-21 10:00:00,27.18,85.0,89.08,2.0,167.44,56.9,236.39,0,1
2026-03-21 11:00:00,30.06,84.94,88.73,2.0,167.12,58.62,240.57,0,1
2026-03-21 12:00:00,29.6,85.0,92.0,2.0,165.49,59.42,237.2,1,1
2026-03-21 13:00:00,30.23,81.22,91.58,2.0,165.32,60.47,232.78,0,1
2026-03-21 14:00:00,28.65,83.58,90.9,2.0,167.09,61.79,228.37,0,1
2026-03-21 15:00:00,29.84,84.88,92.0,2.0,166.21,65.04,223.5,1,1
2026-03-21 16:00:00,27.82,85.0,91.54,2.0,167.77,64.99,225.76,0,1
2026-03-21 17:00:00,29.24,85.0,91.09,2.0,168.98,66.18,227.6,0,1
2026-03-21 18:00:00,28.15,85.0,89.79,2.0,168.29,66.96,230.99,0,1
2026-03-21 19:00:00,28.0,82.39,89.32,2.0,170.66,67.71,228.55,0,1
2026-03-21 20:00:00,25.91,82.34,88.91,2.0,169.79,69.14,230.73,0,1
2026-03-21 21:00:00,25.62,85.0,88.73,2.0,172.32,68.54,231.09,0,1
2026-03-21 22:00:00,26.43,81.93,88.28,2.0,172.8,67.9,231.7,0,1
2026-03-21 23:00:00,24.55,83.78,88.06,2.0,172.46,68.01,233.43,0,1
2026-03-22 00:00:00,25.38,85.0,87.79,2.0,170.57,67.66,231.62,0,1
2026-03-22 01:00:00,23.37,82.82,87.54,2.0,170.19,67.78,238.26,0,1
2026-03-22 02:00:00,25.09,85.0,87.12,2.0,169.61,69.01,241.42,0,1
2026-03-22 03:00:00,23.05,85.0,86.73,2.0,167.16,68.37,239.77,0,1
2026-03-22 04:00:00,24.6,81.54,86.19,2.0,166.68,67.91,236.81,0,1
2026-03-22 05:00:00,24.82,82.94,86.1,2.0,165.17,67.89,236.5,0,1
2026-03-22 06:00:00,24.08,80.3,92.0,2.0,166.22,67.51,236.88,1,1
2026-03-22 07:00:00,25.92,83.23,91.56,2.0,168.52,65.62,239.45,0,1
2026-03-22 08:00:00,26.48,85.0,91.44,2.0,166.17,64.99,236.3,0,1
2026-03-22 09:00:00,26.67,83.97,90.76,2.0,169.21,65.52,236.95,0,1
2026-03-22 10:00:00,27.09,85.0,90.64,2.0,168.81,66.7,233.03,0,1
2026-03-22 11:00:00,26.93,81.47,89.86,2.0,166.9,65.52,234.22,0,1
2026-03-22 12:00:00,29.46,85.0,92.0,2.0,168.19,64.38,233.99,1,1
2026-03-22 13:00:00,27.89,83.58,91.53,2.0,167.26,64.33,238.88,0,1
2026-03-22 14:00:00,29.33,84.83,91.01,2.0,167.02,62.39,234.82,0,1
2026-03-22 15:00:00,28.84,84.6,92.0,2.0,166.21,61.98,238.26,1,1
2026-03-22 16:00:00,29.41,82.02,91.21,2.0,164.69,60.42,233.84,0,1
2026-03-22 17:00:00,28.17,82.3,90.61,2.0,166.01,61.7,230.58,0,1
2026-03-22 18:00:00,27.7,85.0,89.87,2.0,165.45,61.02,226.61,0,1
2026-03-22 19:00:00,28.16,85.0,89.56,2.0,162.85,62.53,227.65,0,1
2026-03-22 20:00:00,27.27,85.0,89.6,2.0,163.93,63.52,225.08,0,1
2026-03-22 21:00:00,26.71,85.0,89.44,2.0,161.8,62.89,222.21,0,1
2026-03-22 22:00:00,26.32,85.0,89.42,2.0,159.85,61.9,223.36,0,1
2026-03-22 23:00:00,24.02,81.15,89.14,2.0,162.2,61.73,225.07,0,1
2026-03-23 00:00:00,25.64,84.37,88.83,2.0,160.16,61.64,225.66,0,1
2026-03-23 01:00:00,25.15,84.92,88.28,2.0,156.19,61.96,225.72,0,1
2026-03-23 02:00:00,23.41,85.0,87.96,2.0,157.66,61.27,230.76,0,1
2026-03-23 03:00:00,23.94,85.0,86.76,2.0,157.41,61.96,231.34,0,1
2026-03-23 04:00:00,24.06,85.0,86.38,2.0,157.32,62.2,233.53,0,1
2026-03-23 05:00:00,24.14,85.0,86.15,2.0,157.06,61.89,233.97,0,1
2026-03-23 06:00:00,25.01,83.41,92.0,2.0,157.79,61.25,231.27,1,1
2026-03-23 07:00:00,26.69,85.0,91.71,2.0,156.73,61.11,232.83,0,1
2026-03-23 08:00:00,27.22,85.0,91.23,2.0,159.72,60.4,231.3,0,1
2026-03-23 09:00:00,25.97,82.82,90.0,2.0,157.27,60.5,231.26,0,1
2026-03-23 10:00:00,28.56,84.0,89.39,2.0,158.38,60.62,232.21,0,1
2026-03-23 11:00:00,29.89,84.37,88.28,2.0,159.8,60.9,227.5,0,1
2026-03-23 12:00:00,29.49,85.0,92.0,2.0,158.64,62.52,223.85,1,1
2026-03-23 13:00:00,30.28,80.3,91.34,2.0,157.05,62.39,226.68,0,1
2026-03-23 14:00:00,31.05,85.0,91.11,2.0,159.2,63.28,225.44,0,1
2026-03-23 15:00:00,30.0,82.75,92.0,2.0,157.65,63.45,224.37,1,1
2026-03-23 16:00:00,29.03,81.8,91.41,2.0,156.85,63.19,225.32,0,1
2026-03-23 17:00:00,29.38,85.0,90.8,2.0,158.77,63.05,224.84,0,1
2026-03-23 18:00:00,28.13,85.0,90.0,2.0,159.09,62.96,226.39,0,1
2026-03-23 19:00:00,27.52,85.0,89.62,2.0,156.09,63.18,226.69,0,1
2026-03-23 20:00:00,26.66,85.0,89.54,2.0,159.59,62.29,227.61,0,1
2026-03-23 21:00:00,27.84,85.0,88.91,2.0,158.85,60.96,226.22,0,1
2026-03-23 22:00:00,25.16,85.0,88.88,2.0,158.37,61.58,227.14,0,1
2026-03-23 23:00:00,26.78,84.61,88.55,2.0,159.1,62.4,230.3,0,1
2026-03-24 00:00:00,25.41,85.0,88.59,2.0,160.46,63.06,229.12,0,1
2026-03-24 01:00:00,23.34,85.0,88.68,2.0,164.17,63.17,231.7,0,1
2026-03-24 02:00:00,24.66,83.28,87.97,2.0,161.22,63.82,231.73,0,1
2026-03-24 03:00:00,22.27,83.56,87.59,2.0,162.85,64.41,233.73,0,1
2026-03-24 04:00:00,24.66,84.32,87.13,2.0,164.28,65.05,234.12,0,1
2026-03-24 05:00:00,25.05,80.36,86.38,2.0,164.06,64.18,234.08,0,1
2026-03-24 06:00:00,24.18,85.0,92.0,2.0,165.51,63.13,235.0,1,1
2026-03-24 07:00:00,25.51,80.8,92.0,2.0,167.18,62.74,238.03,0,1
2026-03-24 08:00:00,28.01,85.0,91.59,2.0,164.6,62.71,238.47,0,1
2026-03-24 09:00:00,26.7,85.0,91.59,2.0,167.77,62.47,239.5,0,1
2026-03-24 10:00:00,27.05,83.8,91.25,2.0,164.85,60.76,238.35,0,1
2026-03-24 11:00:00,30.03,85.0,90.43,2.0,162.81,62.35,242.11,0,1
2026-03-24 12:00:00,30.91,81.59,92.0,2.0,162.43,62.09,243.35,1,1
2026-03-24 13:00:00,29.3,85.0,91.58,2.0,166.0,62.25,243.13,0,1
2026-03-24 14:00:00,30.15,85.0,91.11,2.0,165.4,63.36,242.42,0,1
2026-03-24 15:00:00,30.28,81.03,92.0,2.0,165.33,61.21,244.49,1,1
2026-03-24 16:00:00,28.14,85.0,90.96,2.0,167.89,60.77,242.5,0,1
2026-03-24 17:00:00,28.0,84.69,91.35,2.0,167.24,60.46,237.67,0,1
2026-03-24 18:00:00,29.11,82.92,90.71,2.0,165.03,60.2,237.72,0,1
2026-03-24 19:00:00,29.02,81.77,90.4,2.0,164.27,60.1,240.56,0,1
2026-03-24 20:00:00,27.48,84.41,90.22,2.0,166.77,61.46,244.26,0,1
2026-03-24 21:00:00,25.64,84.63,89.94,2.0,166.83,62.08,243.53,0,1
2026-03-24 22:00:00,27.68,85.0,89.76,2.0,170.23,62.94,243.21,0,1
2026-03-24 23:00:00,24.92,84.29,89.94,2.0,171.35,62.96,244.1,0,1
2026-03-25 00:00:00,24.66,85.0,89.7,2.0,169.93,61.67,242.98,0,1
2026-03-25 01:00:00,24.9,84.13,89.14,2.0,169.83,59.81,243.87,0,1
2026-03-25 02:00:00,25.72,80.73,88.88,2.0,168.1,58.5,243.22,0,1
2026-03-25 03:00:00,24.93,84.67,88.54,2.0,166.77,58.92,245.33,0,1
2026-03-25 04:00:00,24.47,80.3,88.76,2.0,174.76,59.05,246.62,0,1
2026-03-25 05:00:00,24.67,85.0,88.9,2.0,176.21,58.95,248.07,0,1
2026-03-25 06:00:00,24.75,82.82,92.0,2.0,177.31,58.71,246.9,1,1
2026-03-25 07:00:00,25.9,85.0,91.41,2.0,175.69,60.61,251.12,0,1
2026-03-25 08:00:00,23.97,85.0,90.48,2.0,178.09,59.92,251.53,0,1
2026-03-25 09:00:00,26.88,82.8,89.9,2.0,179.55,60.81,251.32,0,1
2026-03-25 10:00:00,28.22,85.0,89.41,2.0,182.35,60.85,248.6,0,1
2026-03-25 11:00:00,27.66,83.87,88.71,2.0,184.96,60.83,247.68,0,1
2026-03-25 12:00:00,29.49,85.0,92.0,2.0,181.5,61.92,247.33,1,1
2026-03-25 13:00:00,29.12,84.0,91.23,2.0,178.84,63.24,244.74,0,1
2026-03-25 14:00:00,30.82,82.95,90.61,2.0,176.48,62.99,243.52,0,1
2026-03-25 15:00:00,30.49,85.0,92.0,2.0,174.32,63.68,242.68,1,1
2026-03-25 16:00:00,28.38,83.86,91.08,2.0,174.53,63.96,242.44,0,1
2026-03-25 17:00:00,28.3,82.98,90.3,2.0,173.13,63.9,237.66,0,1
2026-03-25 18:00:00,27.93,83.8,90.07,2.0,176.53,64.03,237.19,0,1
2026-03-25 19:00:00,27.1,84.77,89.61,2.0,179.5,63.35,236.14,0,1
2026-03-25 20:00:00,27.15,85.0,89.46,2.0,178.91,63.04,236.03,0,1
2026-03-25 21:00:00,25.75,80.66,89.32,2.0,181.87,62.48,238.56,0,1
2026-03-25 22:00:00,24.88,84.98,89.5,2.0,183.88,63.28,243.52,0,1
2026-03-25 23:00:00,25.96,85.0,89.67,2.0,182.31,63.15,244.79,0,1
2026-03-26 00:00:00,25.53,85.0,89.44,2.0,178.0,61.95,241.21,0,1
2026-03-26 01:00:00,23.87,85.0,89.09,2.0,177.09,61.3,240.04,0,1
2026-03-26 02:00:00,25.13,84.83,88.69,2.0,175.44,58.44,241.28,0,1
2026-03-26 03:00:00,23.59,84.59,88.41,2.0,175.4,58.11,242.17,0,1
2026-03-26 04:00:00,24.33,85.0,88.08,2.0,175.14,58.26,244.28,0,1
2026-03-26 05:00:00,25.0,85.0,88.03,2.0,174.85,58.25,243.57,0,1
2026-03-26 06:00:00,24.68,84.12,92.0,2.0,175.4,60.14,242.24,1,1
2026-03-26 07:00:00,25.81,85.0,91.97,2.0,172.8,60.71,246.25,0,1
2026-03-26 08:00:00,25.78,83.48,91.77,2.0,173.23,61.23,245.84,0,1
2026-03-26 09:00:00,26.97,83.54,91.75,2.0,172.11,59.77,242.76,0,1
2026-03-26 10:00:00,27.81,83.69,91.2,2.0,172.18,59.51,246.06,0,1
2026-03-26 11:00:00,28.02,85.0,90.94,2.0,173.62,59.15,241.76,0,1
2026-03-26 12:00:00,28.98,80.3,92.0,2.0,171.07,58.53,232.69,1,1
2026-03-26 13:00:00,27.91,85.0,91.77,2.0,170.32,57.91,234.73,0,1
2026-03-26 14:00:00,28.8,84.88,91.49,2.0,169.9,56.41,237.02,0,1
2026-03-26 15:00:00,28.82,81.11,92.0,2.0,168.77,55.43,237.95,1,1
2026-03-26 16:00:00,28.57,85.0,91.43,2.0,170.24,56.41,234.55,0,1
2026-03-26 17:00:00,28.22,85.0,90.64,2.0,168.74,56.45,234.42,0,1
2026-03-26 18:00:00,27.94,85.0,89.64,2.0,167.59,56.16,233.76,0,1
2026-03-26 19:00:00,27.93,80.3,89.41,2.0,166.21,56.33,232.47,0,1
2026-03-26 20:00:00,27.76,85.0,89.66,2.0,168.12,57.55,236.13,0,1
2026-03-26 21:00:00,25.84,83.29,89.35,2.0,167.11,57.69,233.46,0,1
2026-03-26 22:00:00,24.81,85.0,89.38,2.0,167.86,58.3,234.33,0,1
2026-03-26 23:00:00,24.46,85.0,89.43,2.0,171.3,57.65,237.34,0,1
2026-03-27 00:00:00,24.52,83.04,89.14,2.0,170.91,57.23,238.18,0,1
2026-03-27 01:00:00,24.28,85.0,89.33,2.0,172.68,57.69,241.12,0,1
2026-03-27 02:00:00,23.63,84.14,88.25,2.0,175.38,59.52,242.23,0,1
2026-03-27 03:00:00,22.99,80.44,87.68,2.0,176.81,60.88,242.94,0,1
2026-03-27 04:00:00,23.69,85.0,87.2,2.0,176.31,61.44,243.46,0,1
2026-03-27 05:00:00,24.42,83.29,86.75,2.0,177.01,61.59,244.57,0,1
2026-03-27 06:00:00,25.24,83.1,92.0,2.0,174.21,62.87,243.13,1,1
2026-03-27 07:00:00,24.9,84.06,91.88,2.0,172.44,63.56,239.47,0,1
2026-03-27 08:00:00,25.88,85.0,91.42,2.0,171.06,61.44,241.63,0,1
2026-03-27 09:00:00,26.32,84.76,91.02,2.0,174.85,60.51,244.2,0,1
2026-03-27 10:00:00,27.97,85.0,90.15,2.0,172.99,60.86,244.37,0,1
2026-03-27 11:00:00,27.93,81.88,89.19,2.0,171.18,59.29,242.53,0,1
2026-03-27 12:00:00,29.66,83.17,92.0,2.0,169.06,58.56,238.26,1,1
2026-03-27 13:00:00,27.69,84.54,91.22,2.0,169.9,58.03,238.31,0,1
2026-03-27 14:00:00,28.92,85.0,90.16,2.0,169.96,57.92,234.77,0,1
2026-03-27 15:00:00,29.35,84.56,92.0,2.0,171.72,57.79,231.06,1,1
2026-03-27 16:00:00,28.97,85.0,91.82,2.0,172.66,57.65,231.21,0,1
2026-03-27 17:00:00,30.86,84.92,91.68,2.0,169.87,58.53,229.49,0,1
2026-03-27 18:00:00,28.31,83.79,91.15,2.0,168.22,58.39,230.63,0,1
2026-03-27 19:00:00,26.6,84.33,91.12,2.0,170.55,58.15,230.45,0,1
2026-03-27 20:00:00,26.89,84.52,91.32,2.0,169.96,57.05,229.16,0,1
2026-03-27 21:00:00,24.83,85.0,90.92,2.0,171.9,58.13,225.19,0,1
2026-03-27 22:00:00,25.82,85.0,91.05,2.0,171.35,57.64,223.55,0,1
2026-03-27 23:00:00,24.65,85.0,90.92,2.0,169.36,56.79,222.08,0,1
2026-03-28 00:00:00,25.78,85.0,90.99,2.0,168.64,57.14,219.66,0,1
2026-03-28 01:00:00,24.1,82.86,90.84,2.0,166.75,56.59,219.61,0,1
2026-03-28 02:00:00,24.22,84.08,91.02,2.0,165.66,56.28,217.51,0,1
2026-03-28 03:00:00,23.58,83.4,90.89,2.0,166.0,56.69,217.97,0,1
2026-03-28 04:00:00,25.66,85.0,90.23,2.0,166.88,56.55,219.43,0,1
2026-03-28 05:00:00,23.97,84.2,90.46,2.0,163.94,58.8,218.14,0,1
2026-03-28 06:00:00,26.36,85.0,92.0,2.0,163.95,58.82,220.05,1,1
2026-03-28 07:00:00,26.13,82.9,92.0,2.0,162.94,59.48,217.39,0,1
2026-03-28 08:00:00,26.68,85.0,91.39,2.0,161.85,57.8,215.49,0,1
2026-03-28 09:00:00,27.48,85.0,91.16,2.0,162.22,57.16,216.18,0,1
2026-03-28 10:00:00,28.35,80.31,90.91,2.0,161.34,56.32,218.84,0,1
2026-03-28 11:00:00,26.96,85.0,90.45,2.0,163.97,55.63,221.82,0,1
2026-03-28 12:00:00,28.89,84.18,92.0,2.0,166.15,56.2,226.51,1,1
2026-03-28 13:00:00,30.06,80.34,91.52,2.0,168.23,57.3,225.99,0,1
2026-03-28 14:00:00,29.2,85.0,90.32,2.0,167.21,57.76,226.12,0,1
2026-03-28 15:00:00,27.81,84.88,92.0,2.0,165.39,57.68,223.98,1,1
2026-03-28 16:00:00,28.76,84.64,91.07,2.0,165.52,57.24,221.4,0,1
2026-03-28 17:00:00,29.97,85.0,90.52,2.0,165.23,58.39,222.65,0,1
2026-03-28 18:00:00,29.12,85.0,89.58,2.0,164.13,60.36,221.33,0,1
2026-03-28 19:00:00,27.45,85.0,89.01,2.0,162.05,60.53,225.09,0,1
2026-03-28 20:00:00,27.83,85.0,89.28,2.0,162.09,61.42,221.93,0,1
2026-03-28 21:00:00,26.1,84.68,89.39,2.0,161.48,61.75,223.8,0,1
2026-03-28 22:00:00,24.36,85.0,89.18,2.0,162.86,62.43,221.85,0,1
2026-03-28 23:00:00,24.57,81.7,89.03,2.0,164.14,61.37,220.45,0,1
2026-03-29 00:00:00,26.37,85.0,88.75,2.0,166.16,60.95,222.53,0,1
2026-03-29 01:00:00,24.35,85.0,88.71,2.0,163.84,61.34,221.46,0,1
2026-03-29 02:00:00,24.11,85.0,88.3,2.0,164.61,62.45,220.85,0,1
2026-03-29 03:00:00,23.89,83.14,88.4,2.0,163.32,61.7,219.53,0,1
2026-03-29 04:00:00,25.81,81.16,88.11,2.0,161.19,59.88,224.76,0,1
2026-03-29 05:00:00,25.72,85.0,87.78,2.0,160.57,59.49,223.73,0,1
2026-03-29 06:00:00,26.71,85.0,92.0,2.0,162.67,60.48,224.42,1,1
2026-03-29 07:00:00,25.26,85.0,91.61,2.0,162.09,59.1,224.45,0,1
2026-03-29 08:00:00,26.51,82.12,91.13,2.0,165.03,58.13,225.53,0,1
2026-03-29 09:00:00,25.79,85.0,90.4,2.0,166.01,58.38,224.47,0,1
2026-03-29 10:00:00,29.33,85.0,89.94,2.0,165.26,58.39,224.49,0,1
2026-03-29 11:00:00,27.64,83.99,89.72,2.0,167.34,59.03,226.0,0,1
2026-03-29 12:00:00,29.34,81.97,92.0,2.0,168.05,58.01,224.29,1,1
2026-03-29 13:00:00,28.31,83.9,91.37,2.0,166.25,57.84,227.55,0,1
2026-03-29 14:00:00,28.71,84.83,90.91,2.0,169.55,59.04,230.89,0,1
2026-03-29 15:00:00,28.32,85.0,92.0,2.0,169.83,58.06,232.61,1,1
2026-03-29 16:00:00,28.26,83.52,91.55,2.0,169.67,59.5,232.9,0,1
2026-03-29 17:00:00,27.95,85.0,91.13,2.0,167.94,58.62,225.53,0,1
2026-03-29 18:00:00,27.51,82.4,90.86,2.0,169.95,59.48,227.07,0,1
2026-03-29 19:00:00,28.25,81.04,90.47,2.0,170.68,59.22,226.49,0,1
2026-03-29 20:00:00,25.98,85.0,89.97,2.0,171.59,58.28,226.3,0,1
2026-03-29 21:00:00,26.63,80.3,89.67,2.0,170.41,57.94,221.99,0,1
2026-03-29 22:00:00,26.99,84.48,89.17,2.0,171.7,58.55,223.87,0,1
2026-03-29 23:00:00,24.94,85.0,89.13,2.0,173.07,58.65,220.81,0,1
2026-03-30 00:00:00,24.31,84.94,88.58,2.0,171.54,59.76,221.81,0,1
2026-03-30 01:00:00,24.39,82.52,89.07,2.0,168.73,61.12,224.73,0,1
2026-03-30 02:00:00,25.39,84.87,89.25,2.0,169.63,60.08,224.07,0,1
2026-03-30 03:00:00,24.33,84.89,89.05,2.0,166.61,59.01,227.66,0,1
2026-03-30 04:00:00,23.62,85.0,89.11,2.0,166.82,57.92,226.16,0,1
2026-03-30 05:00:00,24.69,85.0,88.41,2.0,165.94,57.23,228.1,0,1
2026-03-30 06:00:00,23.72,82.69,92.0,2.0,168.1,58.37,225.19,1,1
2026-03-30 07:00:00,26.01,85.0,91.61,2.0,167.27,58.98,228.25,0,1
2026-03-30 08:00:00,26.62,85.0,91.0,2.0,169.17,58.58,230.78,0,1
2026-03-30 09:00:00,26.87,85.0,89.86,2.0,168.08,58.68,232.16,0,1
2026-03-30 10:00:00,27.25,83.47,89.42,2.0,169.75,60.04,231.32,0,1
2026-03-30 11:00:00,27.89,85.0,88.5,2.0,173.27,61.82,228.0,0,1
2026-03-30 12:00:00,29.62,84.24,92.0,2.0,171.02,62.06,227.37,1,1
2026-03-30 13:00:00,30.41,85.0,91.23,2.0,171.3,59.66,230.53,0,1
2026-03-30 14:00:00,28.67,82.75,90.31,2.0,176.0,60.0,231.08,0,1
2026-03-30 15:00:00,29.49,82.62,92.0,2.0,175.68,60.9,227.39,1,1
2026-03-30 16:00:00,26.93,85.0,91.49,2.0,175.36,61.13,224.96,0,1
2026-03-30 17:00:00,27.91,83.86,90.51,2.0,176.37,61.81,228.6,0,1
2026-03-30 18:00:00,27.97,82.97,89.7,2.0,175.99,62.14,230.14,0,1
2026-03-30 19:00:00,26.68,83.45,89.69,2.0,172.47,61.03,227.29,0,1
2026-03-30 20:00:00,26.13,85.0,90.26,2.0,174.21,60.26,223.27,0,1
2026-03-30 21:00:00,25.83,83.53,90.19,2.0,170.24,60.02,222.29,0,1
2026-03-30 22:00:00,26.16,84.67,89.71,2.0,169.28,61.04,218.3,0,1
2026-03-30 23:00:00,25.23,84.98,89.39,2.0,171.28,60.38,218.74,0,1
2026-03-31 00:00:00,22.95,80.75,89.19,2.0,170.39,60.84,225.68,0,1
2026-03-31 01:00:00,22.69,81.74,88.89,2.0,168.93,61.15,222.16,0,1
2026-03-31 02:00:00,23.78,85.0,88.95,2.0,170.35,62.6,222.33,0,1
2026-03-31 03:00:00,24.57,83.38,88.81,2.0,168.6,62.54,226.25,0,1
2026-03-31 04:00:00,21.63,85.0,88.89,2.0,166.26,60.95,228.56,0,1
2026-03-31 05:00:00,23.81,85.0,88.59,2.0,166.7,61.56,228.51,0,1
2026-03-31 06:00:00,24.23,85.0,92.0,2.0,166.31,63.5,228.47,1,1
2026-03-31 07:00:00,26.65,85.0,91.74,2.0,164.02,64.1,225.9,0,1
2026-03-31 08:00:00,25.9,84.73,90.87,2.0,165.2,63.32,225.69,0,1
2026-03-31 09:00:00,27.5,85.0,90.94,2.0,166.03,62.31,226.76,0,1
2026-03-31 10:00:00,28.13,83.56,89.8,2.0,165.34,61.44,229.94,0,1
2026-03-31 11:00:00,26.77,85.0,89.0,2.0,164.8,63.26,228.64,0,1
2026-03-31 12:00:00,29.83,85.0,92.0,2.0,165.66,62.93,228.48,1,1
2026-03-31 13:00:00,29.49,84.83,92.0,2.0,167.77,62.31,226.44,0,1
2026-03-31 14:00:00,29.7,85.0,91.94,2.0,167.15,62.15,227.43,0,1
2026-03-31 15:00:00,31.9,85.0,92.0,2.0,168.25,61.86,229.77,1,1
2026-03-31 16:00:00,26.93,84.5,91.32,2.0,169.13,63.28,231.6,0,1
2026-03-31 17:00:00,29.99,83.39,91.44,2.0,170.55,62.33,228.85,0,1
2026-03-31 18:00:00,27.74,85.0,90.97,2.0,170.4,63.38,229.52,0,1
2026-03-31 19:00:00,27.76,85.0,91.05,2.0,168.54,63.45,228.1,0,1
2026-03-31 20:00:00,26.93,85.0,90.89,2.0,167.57,64.49,230.97,0,1
2026-03-31 21:00:00,26.05,83.08,90.66,2.0,168.08,65.84,230.77,0,1
2026-03-31 22:00:00,25.38,81.15,90.38,2.0,171.23,65.8,227.19,0,1
2026-03-31 23:00:00,25.7,85.0,90.11,2.0,170.11,65.41,227.03,0,1
2026-04-01 00:00:00,23.59,85.0,90.09,2.0,171.36,65.36,228.57,0,1
2026-04-01 01:00:00,25.27,84.48,89.99,2.0,170.51,65.18,229.5,0,1
2026-04-01 02:00:00,23.95,85.0,89.77,2.0,170.49,63.59,228.5,0,1
2026-04-01 03:00:00,23.14,83.45,90.02,2.0,173.0,64.94,227.36,0,1
2026-04-01 04:00:00,23.69,82.68,88.93,2.0,174.05,65.07,225.27,0,1
2026-04-01 05:00:00,25.39,84.85,88.88,2.0,171.46,63.93,224.77,0,1
2026-04-01 06:00:00,24.23,84.79,92.0,2.0,170.17,62.01,223.14,1,1
2026-04-01 07:00:00,25.72,85.0,92.0,2.0,172.22,59.92,226.16,0,1
2026-04-01 08:00:00,25.59,83.21,91.41,2.0,172.19,60.68,224.35,0,1
2026-04-01 09:00:00,27.83,85.0,90.88,2.0,169.83,60.16,225.19,0,1
2026-04-01 10:00:00,28.62,85.0,90.58,2.0,168.17,59.8,225.82,0,1
2026-04-01 11:00:00,30.36,84.74,90.43,2.0,169.31,60.31,228.64,0,1
2026-04-01 12:00:00,28.99,85.0,92.0,2.0,170.92,59.9,231.68,1,1
2026-04-01 13:00:00,29.9,82.48,91.48,2.0,170.72,60.45,233.59,0,1
2026-04-01 14:00:00,29.33,85.0,91.38,2.0,174.95,60.58,234.54,0,1
2026-04-01 15:00:00,30.24,85.0,92.0,2.0,176.03,60.55,231.94,1,1
2026-04-01 16:00:00,28.16,85.0,91.2,2.0,175.15,59.18,229.42,0,1
2026-04-01 17:00:00,29.11,84.8,91.05,2.0,173.28,58.52,227.59,0,1
2026-04-01 18:00:00,27.82,80.3,90.78,2.0,171.19,59.17,229.84,0,1
2026-04-01 19:00:00,27.45,83.46,90.73,2.0,171.55,58.64,230.28,0,1
2026-04-01 20:00:00,27.05,83.51,90.38,2.0,170.41,59.83,232.69,0,1
2026-04-01 21:00:00,26.66,82.76,89.91,2.0,173.2,62.0,235.31,0,1
2026-04-01 22:00:00,25.79,85.0,89.52,2.0,175.51,62.59,233.48,0,1
2026-04-01 23:00:00,25.59,84.03,89.78,2.0,176.23,63.92,233.63,0,1
2026-04-02 00:00:00,26.38,83.15,89.38,2.0,173.66,64.51,233.67,0,1
2026-04-02 01:00:00,25.48,82.65,89.2,2.0,172.1,63.96,232.92,0,1
2026-04-02 02:00:00,25.11,83.42,88.76,2.0,174.08,64.08,231.68,0,1
2026-04-02 03:00:00,23.75,85.0,88.81,2.0,172.7,65.83,234.81,0,1
2026-04-02 04:00:00,23.3,83.55,88.45,2.0,174.42,65.24,234.95,0,1
2026-04-02 05:00:00,25.12,83.86,88.21,2.0,174.89,64.21,234.99,0,1
2026-04-02 06:00:00,25.5,83.97,92.0,2.0,174.59,63.12,232.98,1,1
2026-04-02 07:00:00,26.73,85.0,91.3,2.0,172.94,62.89,234.77,0,1
2026-04-02 08:00:00,25.7,85.0,90.73,2.0,172.45,61.96,232.27,0,1
2026-04-02 09:00:00,26.94,80.3,89.75,2.0,172.5,63.47,233.54,0,1
2026-04-02 10:00:00,26.52,85.0,89.8,2.0,174.06,63.62,234.82,0,1
2026-04-02 11:00:00,28.34,85.0,88.59,2.0,172.1,64.45,233.8,0,1
2026-04-02 12:00:00,30.04,82.5,92.0,2.0,171.34,64.1,234.65,1,1
2026-04-02 13:00:00,28.88,82.66,91.41,2.0,171.17,63.01,235.13,0,1
2026-04-02 14:00:00,29.82,83.81,90.7,2.0,172.12,61.81,235.03,0,1
2026-04-02 15:00:00,28.9,83.15,92.0,2.0,170.2,60.99,235.06,1,1
2026-04-02 16:00:00,29.1,85.0,91.12,2.0,167.62,61.34,235.21,0,1
2026-04-02 17:00:00,27.41,80.55,90.23,2.0,168.73,61.83,235.53,0,1
2026-04-02 18:00:00,28.08,82.39,89.56,2.0,165.85,62.37,235.65,0,1
2026-04-02 19:00:00,24.81,85.0,89.94,2.0,168.12,61.02,232.86,0,1
2026-04-02 20:00:00,26.8,82.85,89.75,2.0,167.72,61.05,232.58,0,1
2026-04-02 21:00:00,24.96,85.0,89.9,2.0,164.82,60.16,233.37,0,1
2026-04-02 22:00:00,26.98,85.0,89.84,2.0,163.97,60.57,233.69,0,1
2026-04-02 23:00:00,26.1,80.97,89.96,2.0,164.69,61.05,236.14,0,1
2026-04-03 00:00:00,25.38,85.0,88.91,2.0,163.74,60.02,237.64,0,1
2026-04-03 01:00:00,25.97,84.72,88.61,2.0,163.83,60.95,235.33,0,1
2026-04-03 02:00:00,23.47,83.99,88.8,2.0,165.21,63.09,234.89,0,1
2026-04-03 03:00:00,25.73,85.0,88.42,2.0,164.84,63.81,234.12,0,1
2026-04-03 04:00:00,24.94,85.0,88.74,2.0,163.16,63.61,234.15,0,1
2026-04-03 05:00:00,24.04,85.0,88.98,2.0,162.69,63.27,234.19,0,1
2026-04-03 06:00:00,25.73,85.0,92.0,2.0,165.33,63.05,235.76,1,1
2026-04-03 07:00:00,24.4,85.0,91.64,2.0,168.35,62.33,236.16,0,1
2026-04-03 08:00:00,25.51,81.89,90.77,2.0,164.58,62.55,239.18,0,1
2026-04-03 09:00:00,26.6,83.84,90.0,2.0,166.56,61.51,239.58,0,1
2026-04-03 10:00:00,27.52,85.0,89.04,2.0,166.95,59.82,237.27,0,1
2026-04-03 11:00:00,27.74,85.0,88.58,2.0,168.53,60.08,235.99,0,1
2026-04-03 12:00:00,30.24,85.0,92.0,2.0,167.4,60.16,237.45,1,1
2026-04-03 13:00:00,29.07,85.0,91.58,2.0,164.12,59.7,233.29,0,1
2026-04-03 14:00:00,29.56,85.0,91.17,2.0,165.21,58.62,230.01,0,1
2026-04-03 15:00:00,28.56,85.0,92.0,2.0,163.51,58.98,230.29,1,1
2026-04-03 16:00:00,27.16,84.74,91.88,2.0,161.07,58.18,232.9,0,1
2026-04-03 17:00:00,28.68,81.01,91.44,2.0,158.85,58.17,236.27,0,1
2026-04-03 18:00:00,26.28,84.89,91.09,2.0,160.18,59.87,235.67,0,1
2026-04-03 19:00:00,27.44,85.0,90.65,2.0,160.62,60.52,238.29,0,1
2026-04-03 20:00:00,25.74,83.57,90.62,2.0,162.21,59.33,238.3,0,1
2026-04-03 21:00:00,28.22,85.0,90.75,2.0,163.52,58.27,234.31,0,1
2026-04-03 22:00:00,26.72,85.0,90.51,2.0,162.83,58.51,234.32,0,1
2026-04-03 23:00:00,25.5,82.95,90.9,2.0,162.79,57.38,232.81,0,1
2026-04-04 00:00:00,26.1,83.97,90.7,2.0,161.95,55.72,235.21,0,1
2026-04-04 01:00:00,23.83,82.74,90.84,2.0,161.7,56.39,235.14,0,1
2026-04-04 02:00:00,24.81,83.18,90.72,2.0,160.09,56.84,231.94,0,1
2026-04-04 03:00:00,24.34,82.17,90.69,2.0,160.99,57.4,228.34,0,1
2026-04-04 04:00:00,24.34,83.02,89.98,2.0,163.08,57.78,228.62,0,1
2026-04-04 05:00:00,25.4,85.0,89.89,2.0,161.69,57.85,222.89,0,1
2026-04-04 06:00:00,25.37,82.96,92.0,2.0,164.13,57.37,222.2,1,1
2026-04-04 07:00:00,25.66,85.0,91.54,2.0,164.37,57.98,223.42,0,1
2026-04-04 08:00:00,24.76,83.81,91.49,2.0,164.83,59.48,221.35,0,1
2026-04-04 09:00:00,26.29,85.0,90.85,2.0,161.77,59.1,224.52,0,1
2026-04-04 10:00:00,27.89,85.0,89.96,2.0,158.65,58.27,228.02,0,1
2026-04-04 11:00:00,28.78,85.0,89.26,2.0,159.16,57.36,225.83,0,1
2026-04-04 12:00:00,28.13,85.0,92.0,2.0,160.82,56.72,225.54,1,1
2026-04-04 13:00:00,31.47,84.29,91.82,2.0,159.78,57.06,228.5,0,1
2026-04-04 14:00:00,30.61,82.18,91.0,2.0,162.99,55.28,228.82,0,1
2026-04-04 15:00:00,29.62,85.0,92.0,2.0,164.4,55.88,225.65,1,1
2026-04-04 16:00:00,28.87,83.15,91.81,2.0,162.79,56.64,225.76,0,1
2026-04-04 17:00:00,28.25,85.0,91.07,2.0,162.93,55.18,224.09,0,1
2026-04-04 18:00:00,27.14,85.0,90.65,2.0,167.47,54.51,227.4,0,1
2026-04-04 19:00:00,27.57,83.65,90.12,2.0,165.14,54.8,229.3,0,1
2026-04-04 20:00:00,27.2,85.0,90.64,2.0,166.08,54.89,228.8,0,1
2026-04-04 21:00:00,25.31,85.0,90.72,2.0,165.46,55.57,229.46,0,1
2026-04-04 22:00:00,26.2,85.0,90.45,2.0,166.71,55.64,226.47,0,1
2026-04-04 23:00:00,25.26,83.92,90.01,2.0,168.92,56.97,225.01,0,1
2026-04-05 00:00:00,23.24,82.14,89.77,2.0,168.07,56.83,229.39,0,1
2026-04-05 01:00:00,23.82,83.87,89.47,2.0,169.96,56.1,229.81,0,1
2026-04-05 02:00:00,23.95,85.0,89.85,2.0,173.76,55.32,232.39,0,1
2026-04-05 03:00:00,25.86,85.0,89.27,2.0,173.53,56.18,233.1,0,1
2026-04-05 04:00:00,24.6,84.13,89.11,2.0,174.6,56.38,236.48,0,1
2026-04-05 05:00:00,23.05,80.79,88.9,2.0,173.16,57.12,231.41,0,1
2026-04-05 06:00:00,25.15,85.0,92.0,2.0,172.86,57.82,231.12,1,1
2026-04-05 07:00:00,24.01,85.0,91.76,2.0,172.23,56.13,235.43,0,1
2026-04-05 08:00:00,27.22,85.0,91.14,2.0,173.38,55.28,237.8,0,1
2026-04-05 09:00:00,26.73,85.0,90.82,2.0,175.21,54.56,240.97,0,1
2026-04-05 10:00:00,27.92,85.0,90.42,2.0,174.6,54.05,240.65,0,1
2026-04-05 11:00:00,29.88,85.0,89.94,2.0,176.98,53.91,239.03,0,1
2026-04-05 12:00:00,27.98,85.0,92.0,2.0,179.26,55.05,236.26,1,1
2026-04-05 13:00:00,28.04,85.0,91.5,2.0,180.21,56.34,233.45,0,1
2026-04-05 14:00:00,28.72,84.11,90.41,2.0,178.67,56.24,235.55,0,1
2026-04-05 15:00:00,30.01,83.06,92.0,2.0,177.02,56.19,236.81,1,1
2026-04-05 16:00:00,27.44,84.27,91.86,2.0,175.08,55.73,236.55,0,1
2026-04-05 17:00:00,25.89,85.0,91.0,2.0,176.39,56.0,237.74,0,1
2026-04-05 18:00:00,27.59,84.15,90.34,2.0,173.75,56.36,237.96,0,1
2026-04-05 19:00:00,28.0,85.0,89.94,2.0,174.62,57.26,240.22,0,1
2026-04-05 20:00:00,28.05,85.0,90.1,2.0,172.29,58.12,242.34,0,1
2026-04-05 21:00:00,26.01,85.0,89.92,2.0,173.48,56.16,239.31,0,1
2026-04-05 22:00:00,25.53,85.0,90.23,2.0,173.17,56.2,239.78,0,1
2026-04-05 23:00:00,26.44,85.0,90.14,2.0,175.24,57.62,235.37,0,1
2026-04-06 00:00:00,23.28,82.09,90.01,2.0,176.89,57.36,235.68,0,1
2026-04-06 01:00:00,24.25,84.22,89.83,2.0,179.0,58.52,237.16,0,1
2026-04-06 02:00:00,24.5,85.0,89.87,2.0,181.07,58.35,233.76,0,1
2026-04-06 03:00:00,24.56,80.96,89.14,2.0,180.68,58.62,232.78,0,1
2026-04-06 04:00:00,23.64,85.0,88.96,2.0,177.97,57.69,232.92,0,1
2026-04-06 05:00:00,24.29,85.0,88.73,2.0,175.56,56.83,233.61,0,1
2026-04-06 06:00:00,22.47,85.0,92.0,2.0,171.38,57.64,232.98,1,1
2026-04-06 07:00:00,24.81,85.0,91.74,2.0,169.17,58.57,230.15,0,1
2026-04-06 08:00:00,26.66,83.53,90.84,2.0,169.13,58.69,230.26,0,1
2026-04-06 09:00:00,26.27,85.0,90.27,2.0,167.96,57.69,226.37,0,1
2026-04-06 10:00:00,28.05,84.61,89.35,2.0,167.51,57.86,226.22,0,1
2026-04-06 11:00:00,29.09,84.42,88.18,2.0,168.3,59.11,225.55,0,1
2026-04-06 12:00:00,28.83,83.11,92.0,2.0,167.62,60.77,225.69,1,1
2026-04-06 13:00:00,29.45,85.0,91.57,2.0,165.5,60.52,224.76,0,1
2026-04-06 14:00:00,28.38,83.98,91.12,2.0,165.38,59.07,221.5,0,1
2026-04-06 15:00:00,28.89,85.0,92.0,2.0,163.75,59.91,221.26,1,1
2026-04-06 16:00:00,29.35,80.69,91.2,2.0,163.31,59.73,224.27,0,1
2026-04-06 17:00:00,28.58,85.0,90.18,2.0,165.8,60.65,227.96,0,1
2026-04-06 18:00:00,27.47,85.0,89.57,2.0,165.28,60.94,234.41,0,1
2026-04-06 19:00:00,27.71,85.0,89.25,2.0,168.45,60.18,238.67,0,1
2026-04-06 20:00:00,27.61,84.39,88.79,2.0,170.89,60.28,235.49,0,1
2026-04-06 21:00:00,24.58,85.0,88.56,2.0,169.61,61.51,234.45,0,1
2026-04-06 22:00:00,26.94,85.0,88.16,2.0,167.43,61.39,234.42,0,1
2026-04-06 23:00:00,25.1,81.07,87.4,2.0,167.24,60.48,234.23,0,1
2026-04-07 00:00:00,25.34,85.0,87.06,2.0,169.22,59.1,234.45,0,1
2026-04-07 01:00:00,25.67,82.98,86.51,2.0,168.17,58.49,240.49,0,1
2026-04-07 02:00:00,23.09,84.95,86.38,2.0,169.68,58.22,237.51,0,1
2026-04-07 03:00:00,23.52,84.45,85.98,2.0,171.67,59.07,235.6,0,1
2026-04-07 04:00:00,23.84,84.06,86.11,2.0,170.01,58.15,239.68,0,1
2026-04-07 05:00:00,23.55,84.97,86.39,2.0,168.59,59.67,237.91,0,1
2026-04-07 06:00:00,26.27,82.48,92.0,2.0,169.73,58.53,238.75,1,1
2026-04-07 07:00:00,24.63,85.0,91.33,2.0,169.81,60.74,241.15,0,1
2026-04-07 08:00:00,25.75,80.97,91.21,2.0,168.39,62.33,242.06,0,1
2026-04-07 09:00:00,27.34,85.0,91.09,2.0,167.62,62.44,242.18,0,1
2026-04-07 10:00:00,26.92,84.13,90.52,2.0,167.39,60.95,244.17,0,1
2026-04-07 11:00:00,28.34,82.25,90.32,2.0,164.47,60.93,241.48,0,1
2026-04-07 12:00:00,29.43,85.0,92.0,2.0,165.87,60.61,239.91,1,1
2026-04-07 13:00:00,29.0,81.37,90.84,2.0,164.98,59.51,241.01,0,1
2026-04-07 14:00:00,29.16,84.89,90.02,2.0,159.97,59.85,235.53,0,1
2026-04-07 15:00:00,28.6,81.68,92.0,2.0,160.12,59.17,239.05,1,1
2026-04-07 16:00:00,27.44,85.0,90.97,2.0,158.98,58.61,239.6,0,1
2026-04-07 17:00:00,28.73,82.8,90.37,2.0,162.27,58.53,239.76,0,1
2026-04-07 18:00:00,29.58,83.86,89.78,2.0,161.32,58.12,235.44,0,1
2026-04-07 19:00:00,27.52,85.0,89.42,2.0,159.49,60.1,232.2,0,1
2026-04-07 20:00:00,27.17,83.19,89.07,2.0,160.63,59.68,231.35,0,1
2026-04-07 21:00:00,27.05,84.78,88.88,2.0,159.61,60.14,233.55,0,1
2026-04-07 22:00:00,24.75,81.6,88.5,2.0,158.43,60.33,228.43,0,1
2026-04-07 23:00:00,26.93,85.0,87.87,2.0,159.61,60.7,230.73,0,1
2026-04-08 00:00:00,25.14,85.0,87.72,2.0,157.95,61.12,230.04,0,1
2026-04-08 01:00:00,26.07,85.0,87.83,2.0,155.61,61.94,229.73,0,1
2026-04-08 02:00:00,23.67,85.0,87.89,2.0,159.09,62.18,230.63,0,1
2026-04-08 03:00:00,25.79,85.0,87.44,2.0,160.37,62.38,231.52,0,1
2026-04-08 04:00:00,24.8,81.08,86.86,2.0,160.08,62.42,229.91,0,1
2026-04-08 05:00:00,24.75,85.0,86.57,2.0,160.27,62.28,231.73,0,1
2026-04-08 06:00:00,24.92,85.0,92.0,2.0,161.37,61.46,226.1,1,1
2026-04-08 07:00:00,25.18,83.89,91.99,2.0,163.27,61.42,225.41,0,1
2026-04-08 08:00:00,27.33,85.0,91.61,2.0,161.98,61.65,226.28,0,1
2026-04-08 09:00:00,27.28,84.32,91.29,2.0,162.76,62.02,225.85,0,1
2026-04-08 10:00:00,26.23,83.84,90.84,2.0,161.93,62.19,221.74,0,1
2026-04-08 11:00:00,27.69,85.0,90.29,2.0,161.72,61.97,224.3,0,1
2026-04-08 12:00:00,28.98,82.47,92.0,2.0,162.14,61.92,221.71,1,1
2026-04-08 13:00:00,29.58,85.0,91.24,2.0,162.24,61.42,222.21,0,1
2026-04-08 14:00:00,29.19,82.48,90.21,2.0,163.67,61.72,223.23,0,1
2026-04-08 15:00:00,30.17,82.5,92.0,2.0,164.6,61.53,223.87,1,1
2026-04-08 16:00:00,27.05,82.82,91.79,2.0,161.9,61.71,227.35,0,1
2026-04-08 17:00:00,28.57,85.0,90.86,2.0,159.58,62.62,227.6,0,1
2026-04-08 18:00:00,26.36,83.49,90.53,2.0,159.14,61.96,229.04,0,1
2026-04-08 19:00:00,28.19,81.9,90.82,2.0,162.66,62.5,229.2,0,1
2026-04-08 20:00:00,26.89,83.56,90.6,2.0,161.22,62.51,231.02,0,1
2026-04-08 21:00:00,26.81,84.84,90.15,2.0,161.0,64.32,234.7,0,1
2026-04-08 22:00:00,25.12,82.33,89.98,2.0,160.19,64.05,235.06,0,1
2026-04-08 23:00:00,26.55,82.42,89.6,2.0,159.39,64.62,237.01,0,1
2026-04-09 00:00:00,25.9,85.0,89.21,2.0,159.93,64.55,240.55,0,1
2026-04-09 01:00:00,25.12,83.09,89.13,2.0,162.66,63.23,243.66,0,1
2026-04-09 02:00:00,24.21,84.28,88.44,2.0,163.57,62.72,242.27,0,1
2026-04-09 03:00:00,24.68,84.19,87.8,2.0,162.18,63.49,244.5,0,1
2026-04-09 04:00:00,23.46,84.07,87.6,2.0,167.25,63.06,244.64,0,1
2026-04-09 05:00:00,25.03,85.0,87.39,2.0,167.3,61.03,246.95,0,1
2026-04-09 06:00:00,26.19,85.0,92.0,2.0,166.17,61.03,247.78,1,1
2026-04-09 07:00:00,26.36,84.28,92.0,2.0,168.67,60.08,247.83,0,1
2026-04-09 08:00:00,25.59,82.2,91.46,2.0,167.68,60.25,248.27,0,1
2026-04-09 09:00:00,27.48,85.0,91.05,2.0,170.56,61.7,248.25,0,1
2026-04-09 10:00:00,26.84,84.64,90.18,2.0,168.77,62.4,248.32,0,1
2026-04-09 11:00:00,29.21,85.0,89.81,2.0,171.2,63.77,247.26,0,1
2026-04-09 12:00:00,29.55,80.3,92.0,2.0,171.31,63.21,246.01,1,1
2026-04-09 13:00:00,27.62,85.0,91.43,2.0,173.38,63.05,249.87,0,1
2026-04-09 14:00:00,28.2,85.0,90.81,2.0,176.47,62.08,250.32,0,1
2026-04-09 15:00:00,28.82,84.03,92.0,2.0,173.97,61.46,248.12,1,1
2026-04-09 16:00:00,28.53,84.32,91.01,2.0,175.91,60.64,246.77,0,1
2026-04-09 17:00:00,27.35,85.0,89.74,2.0,172.94,59.51,248.82,0,1
2026-04-09 18:00:00,28.35,83.62,89.09,2.0,170.73,60.81,246.29,0,1
2026-04-09 19:00:00,27.73,84.18,89.01,2.0,169.06,58.96,242.02,0,1
2026-04-09 20:00:00,26.8,84.15,88.85,2.0,169.8,60.29,238.15,0,1
2026-04-09 21:00:00,25.75,83.53,89.01,2.0,169.67,61.46,233.67,0,1
2026-04-09 22:00:00,26.84,85.0,88.93,2.0,169.18,61.93,230.49,0,1
2026-04-09 23:00:00,26.89,85.0,88.55,2.0,169.28,60.93,227.76,0,1
2026-04-10 00:00:00,24.53,85.0,87.64,2.0,170.17,59.53,231.59,0,1
2026-04-10 01:00:00,24.05,85.0,87.37,2.0,171.17,59.11,231.64,0,1
2026-04-10 02:00:00,24.77,84.41,87.47,2.0,172.89,59.76,230.9,0,1
2026-04-10 03:00:00,23.83,83.29,87.15,2.0,175.85,59.83,227.5,0,1
2026-04-10 04:00:00,23.97,83.67,86.95,2.0,175.38,58.96,227.52,0,1
2026-04-10 05:00:00,24.92,85.0,86.87,2.0,174.03,60.08,223.55,0,1
2026-04-10 06:00:00,22.99,82.65,92.0,2.0,174.77,61.66,223.2,1,1
2026-04-10 07:00:00,26.59,83.85,91.98,2.0,172.32,61.46,228.95,0,1
2026-04-10 08:00:00,26.31,83.78,91.89,2.0,170.8,61.58,230.91,0,1
2026-04-10 09:00:00,26.78,85.0,91.26,2.0,172.37,60.23,230.59,0,1
2026-04-10 10:00:00,27.92,80.3,90.33,2.0,171.85,59.91,232.56,0,1
2026-04-10 11:00:00,28.66,84.43,89.71,2.0,169.4,60.43,231.37,0,1
2026-04-10 12:00:00,27.59,85.0,92.0,2.0,166.55,60.8,229.55,1,1
2026-04-10 13:00:00,30.65,85.0,91.49,2.0,166.57,60.38,234.09,0,1
2026-04-10 14:00:00,29.28,85.0,91.03,2.0,168.56,60.18,231.28,0,1
2026-04-10 15:00:00,29.47,85.0,92.0,2.0,170.45,59.83,230.58,1,1
2026-04-10 16:00:00,29.66,83.35,91.34,2.0,170.43,59.65,231.56,0,1
2026-04-10 17:00:00,27.52,80.3,90.88,2.0,173.83,60.1,229.39,0,1
2026-04-10 18:00:00,28.43,85.0,90.03,2.0,173.29,58.39,231.3,0,1
2026-04-10 19:00:00,27.26,83.16,89.71,2.0,172.71,58.43,230.72,0,1
2026-04-10 20:00:00,27.73,83.13,89.04,2.0,167.78,58.85,232.59,0,1
2026-04-10 21:00:00,24.51,83.81,88.77,2.0,166.86,58.43,234.18,0,1
2026-04-10 22:00:00,25.81,85.0,88.47,2.0,168.32,58.11,233.61,0,1
2026-04-10 23:00:00,24.86,85.0,88.35,2.0,171.0,57.82,237.96,0,1
2026-04-11 00:00:00,25.35,85.0,87.96,2.0,169.27,57.51,236.15,0,1
2026-04-11 01:00:00,25.02,83.96,87.78,2.0,169.93,57.65,239.46,0,1
2026-04-11 02:00:00,23.69,82.4,87.47,2.0,171.62,57.9,242.18,0,1
2026-04-11 03:00:00,23.52,85.0,87.17,2.0,171.37,56.13,246.24,0,1
2026-04-11 04:00:00,24.0,85.0,86.99,2.0,167.01,56.89,246.12,0,1
2026-04-11 05:00:00,23.45,84.45,86.8,2.0,167.37,56.79,243.59,0,1
2026-04-11 06:00:00,25.47,80.3,92.0,2.0,168.65,58.68,248.35,1,1
2026-04-11 07:00:00,25.07,85.0,91.76,2.0,166.8,57.71,246.85,0,1
2026-04-11 08:00:00,23.63,85.0,91.09,2.0,166.27,57.06,244.22,0,1
2026-04-11 09:00:00,26.81,81.39,90.45,2.0,164.14,57.02,243.29,0,1
2026-04-11 10:00:00,27.07,85.0,89.66,2.0,159.55,57.55,240.42,0,1
2026-04-11 11:00:00,27.22,85.0,88.96,2.0,161.61,55.92,241.46,0,1
2026-04-11 12:00:00,28.03,84.65,92.0,2.0,161.74,55.36,239.63,1,1
2026-04-11 13:00:00,29.4,83.06,91.13,2.0,164.75,56.09,238.68,0,1
2026-04-11 14:00:00,30.44,85.0,90.44,2.0,166.3,55.41,240.91,0,1
2026-04-11 15:00:00,29.36,83.92,92.0,2.0,165.61,56.85,242.17,1,1
2026-04-11 16:00:00,28.26,81.55,91.33,2.0,165.44,56.59,241.85,0,1
2026-04-11 17:00:00,28.85,80.32,90.64,2.0,166.44,55.94,241.94,0,1
2026-04-11 18:00:00,27.59,85.0,90.14,2.0,168.12,56.67,241.62,0,1
2026-04-11 19:00:00,26.88,85.0,89.41,2.0,168.58,58.28,240.21,0,1
2026-04-11 20:00:00,25.93,85.0,89.51,2.0,170.42,58.77,239.95,0,1
2026-04-11 21:00:00,24.85,83.94,89.5,2.0,169.67,60.0,240.93,0,1
2026-04-11 22:00:00,25.55,83.77,88.92,2.0,167.69,61.57,240.31,0,1
2026-04-11 23:00:00,25.54,82.58,88.03,2.0,167.47,60.75,241.1,0,1
2026-04-12 00:00:00,24.87,84.02,87.53,2.0,167.74,61.63,238.7,0,1
2026-04-12 01:00:00,24.22,80.32,87.25,2.0,165.47,60.27,237.01,0,1
2026-04-12 02:00:00,23.47,83.37,87.82,2.0,163.04,60.71,235.07,0,1
2026-04-12 03:00:00,24.7,84.31,87.78,2.0,163.92,60.68,233.65,0,1
2026-04-12 04:00:00,22.91,85.0,87.03,2.0,163.24,61.84,236.94,0,1
2026-04-12 05:00:00,24.96,84.91,86.62,2.0,163.01,62.9,238.66,0,1
2026-04-12 06:00:00,23.81,85.0,92.0,2.0,162.44,63.39,235.78,1,1
2026-04-12 07:00:00,24.72,85.0,91.87,2.0,165.28,63.61,236.84,0,1
2026-04-12 08:00:00,24.93,85.0,90.91,2.0,167.54,64.02,235.77,0,1
2026-04-12 09:00:00,26.7,85.0,90.28,2.0,165.21,64.02,234.02,0,1
2026-04-12 10:00:00,28.88,84.88,89.47,2.0,164.24,63.9,230.36,0,1
2026-04-12 11:00:00,29.16,82.67,88.55,2.0,165.8,65.14,233.02,0,1
2026-04-12 12:00:00,30.02,85.0,92.0,2.0,166.86,66.46,229.71,1,1
2026-04-12 13:00:00,29.77,85.0,91.63,2.0,166.71,66.19,229.84,0,1
2026-04-12 14:00:00,28.25,85.0,91.29,2.0,164.59,66.28,227.74,0,1
2026-04-12 15:00:00,28.78,85.0,92.0,2.0,163.38,66.23,230.04,1,1
2026-04-12 16:00:00,28.1,81.46,91.26,2.0,162.51,64.65,229.45,0,1
2026-04-12 17:00:00,29.64,82.29,90.87,2.0,163.11,64.27,229.39,0,1
2026-04-12 18:00:00,26.92,85.0,90.38,2.0,166.25,65.64,229.42,0,1
2026-04-12 19:00:00,28.31,85.0,90.21,2.0,164.97,64.86,230.46,0,1
2026-04-12 20:00:00,27.78,85.0,89.81,2.0,163.12,66.67,230.72,0,1
2026-04-12 21:00:00,28.07,84.88,89.45,2.0,163.0,67.59,230.82,0,1
2026-04-12 22:00:00,25.53,83.02,89.26,2.0,164.94,67.78,229.74,0,1
2026-04-12 23:00:00,26.04,84.48,89.78,2.0,162.34,68.11,226.06,0,1
2026-04-13 00:00:00,27.01,81.6,89.66,2.0,165.06,67.1,223.71,0,1
2026-04-13 01:00:00,24.04,82.5,89.27,2.0,164.75,66.71,226.07,0,1
2026-04-13 02:00:00,22.94,85.0,88.82,2.0,163.44,67.87,225.75,0,1
2026-04-13 03:00:00,22.46,85.0,88.47,2.0,160.62,67.14,224.56,0,1
2026-04-13 04:00:00,24.74,85.0,88.92,2.0,162.06,67.94,221.56,0,1
2026-04-13 05:00:00,22.56,81.21,88.6,2.0,161.87,66.52,217.94,0,1
2026-04-13 06:00:00,24.37,84.19,92.0,2.0,162.31,65.31,217.03,1,1
2026-04-13 07:00:00,25.79,82.26,91.68,2.0,160.79,66.92,220.15,0,1
2026-04-13 08:00:00,26.42,85.0,91.18,2.0,160.39,66.76,219.5,0,1
2026-04-13 09:00:00,27.53,83.6,90.83,2.0,159.7,66.13,221.28,0,1
2026-04-13 10:00:00,28.2,82.46,90.07,2.0,159.73,67.24,220.46,0,1
2026-04-13 11:00:00,29.84,84.89,89.27,2.0,158.73,68.2,222.78,0,1
2026-04-13 12:00:00,28.29,83.4,92.0,2.0,156.22,68.84,222.51,1,1
2026-04-13 13:00:00,28.69,85.0,91.7,2.0,161.48,68.13,220.06,0,1
2026-04-13 14:00:00,28.55,83.19,91.35,2.0,159.17,67.68,220.13,0,1
2026-04-13 15:00:00,29.82,81.73,92.0,2.0,159.73,67.79,225.46,1,1
2026-04-13 16:00:00,29.61,80.3,91.54,2.0,156.75,68.24,230.41,0,1
2026-04-13 17:00:00,28.85,84.77,91.55,2.0,153.49,67.6,231.86,0,1
2026-04-13 18:00:00,29.07,83.61,90.96,2.0,154.12,67.59,231.67,0,1
2026-04-13 19:00:00,26.44,81.73,90.93,2.0,154.87,67.66,232.6,0,1
2026-04-13 20:00:00,28.47,85.0,90.28,2.0,157.55,68.65,233.51,0,1
2026-04-13 21:00:00,27.8,85.0,89.81,2.0,158.57,69.13,233.48,0,1
2026-04-13 22:00:00,26.56,84.87,89.24,2.0,158.55,67.56,234.66,0,1
2026-04-13 23:00:00,27.0,85.0,89.41,2.0,157.1,67.2,235.2,0,1
2026-04-14 00:00:00,23.47,85.0,88.44,2.0,160.12,66.21,234.4,0,1
2026-04-14 01:00:00,24.12,83.17,88.12,2.0,161.98,66.59,231.44,0,1
2026-04-14 02:00:00,23.66,82.71,87.02,2.0,159.86,67.28,230.47,0,1
2026-04-14 03:00:00,24.81,85.0,86.56,2.0,160.13,67.22,232.7,0,1
2026-04-14 04:00:00,23.15,85.0,86.21,2.0,160.59,66.82,232.73,0,1
2026-04-14 05:00:00,24.94,85.0,86.42,2.0,160.14,66.74,233.6,0,1
2026-04-14 06:00:00,25.94,83.11,92.0,2.0,161.73,66.78,232.96,1,1
2026-04-14 07:00:00,26.03,85.0,91.54,2.0,163.35,66.06,230.41,0,1
2026-04-14 08:00:00,26.5,83.26,91.28,2.0,163.08,64.84,230.04,0,1
2026-04-14 09:00:00,26.26,84.66,90.71,2.0,162.65,62.91,227.74,0,1
2026-04-14 10:00:00,27.24,85.0,90.13,2.0,165.44,64.03,225.38,0,1
2026-04-14 11:00:00,29.82,83.37,89.17,2.0,167.1,64.41,228.88,0,1
2026-04-14 12:00:00,29.84,81.35,92.0,2.0,167.15,64.67,228.13,1,1
2026-04-14 13:00:00,29.26,82.48,91.15,2.0,164.13,65.73,226.62,0,1
2026-04-14 14:00:00,28.87,85.0,90.57,2.0,164.78,64.48,231.09,0,1
2026-04-14 15:00:00,27.25,85.0,92.0,2.0,166.05,62.85,233.32,1,1
2026-04-14 16:00:00,27.84,84.54,91.87,2.0,161.05,63.17,232.48,0,1
2026-04-14 17:00:00,30.16,83.71,91.39,2.0,161.66,63.4,233.67,0,1
2026-04-14 18:00:00,26.85,85.0,89.99,2.0,161.04,61.8,233.15,0,1
2026-04-14 19:00:00,27.67,83.0,89.86,2.0,160.8,62.13,231.51,0,1
2026-04-14 20:00:00,27.88,85.0,89.21,2.0,159.34,61.76,232.87,0,1
2026-04-14 21:00:00,25.3,83.3,88.71,2.0,159.3,61.04,232.17,0,1
2026-04-14 22:00:00,26.06,82.96,88.26,2.0,162.03,60.77,232.5,0,1
2026-04-14 23:00:00,26.24,83.55,87.85,2.0,161.35,58.61,235.18,0,1
2026-04-15 00:00:00,24.97,84.14,87.23,2.0,163.23,58.18,237.44,0,1
2026-04-15 01:00:00,27.18,84.87,87.08,2.0,161.85,57.66,235.95,0,1
2026-04-15 02:00:00,22.82,85.0,86.45,2.0,163.34,58.29,237.11,0,1
2026-04-15 03:00:00,25.11,80.3,86.35,2.0,163.41,58.26,234.19,0,1
2026-04-15 04:00:00,23.94,83.22,86.82,2.0,164.11,58.95,235.36,0,1
2026-04-15 05:00:00,24.95,84.13,86.21,2.0,164.16,56.75,235.71,0,1
2026-04-15 06:00:00,25.11,85.0,92.0,2.0,165.35,56.15,236.62,1,1
2026-04-15 07:00:00,24.74,82.57,91.04,2.0,160.71,56.82,235.8,0,1
2026-04-15 08:00:00,26.45,85.0,90.37,2.0,158.33,56.7,240.97,0,1
2026-04-15 09:00:00,25.48,85.0,89.99,2.0,159.34,57.62,238.42,0,1
2026-04-15 10:00:00,28.54,81.96,89.61,2.0,155.89,56.13,240.67,0,1
2026-04-15 11:00:00,28.96,85.0,89.04,2.0,155.3,56.96,237.81,0,1
2026-04-15 12:00:00,29.72,83.04,92.0,2.0,155.59,56.54,238.93,1,1
2026-04-15 13:00:00,30.25,83.69,92.0,2.0,154.48,56.04,240.17,0,1
2026-04-15 14:00:00,29.57,83.04,91.91,2.0,153.65,57.11,240.05,0,1
2026-04-15 15:00:00,29.21,83.2,92.0,2.0,154.6,58.3,238.56,1,1
2026-04-15 16:00:00,28.01,85.0,90.97,2.0,156.83,59.34,238.74,0,1
2026-04-15 17:00:00,27.8,85.0,90.26,2.0,155.43,61.26,239.22,0,1
2026-04-15 18:00:00,29.07,85.0,89.38,2.0,154.78,62.42,243.48,0,1
2026-04-15 19:00:00,28.8,85.0,89.3,2.0,153.87,61.69,240.88,0,1
2026-04-15 20:00:00,26.76,81.36,88.74,2.0,149.96,61.83,239.19,0,1
2026-04-15 21:00:00,26.47,85.0,88.5,2.0,150.81,61.51,239.69,0,1
2026-04-15 22:00:00,25.08,85.0,88.55,2.0,153.06,63.35,238.82,0,1
2026-04-15 23:00:00,26.46,83.07,88.31,2.0,155.37,64.31,238.38,0,1
2026-04-16 00:00:00,25.56,85.0,87.82,2.0,154.19,64.07,240.89,0,1
2026-04-16 01:00:00,26.34,85.0,87.96,2.0,152.37,64.79,233.54,0,1
2026-04-16 02:00:00,23.53,85.0,87.19,2.0,152.91,63.6,232.12,0,1
2026-04-16 03:00:00,23.82,84.08,86.89,2.0,154.89,63.78,227.91,0,1
2026-04-16 04:00:00,24.31,82.59,86.67,2.0,155.57,62.88,225.27,0,1
2026-04-16 05:00:00,24.84,84.2,86.47,2.0,156.47,61.34,231.77,0,1
2026-04-16 06:00:00,24.51,85.0,92.0,2.0,158.87,62.06,233.43,1,1
2026-04-16 07:00:00,24.61,80.93,91.98,2.0,157.78,62.88,235.88,0,1
2026-04-16 08:00:00,27.04,80.37,91.38,2.0,157.67,63.26,235.64,0,1
2026-04-16 09:00:00,27.8,85.0,90.68,2.0,160.91,63.06,237.5,0,1
2026-04-16 10:00:00,27.18,83.88,89.98,2.0,160.72,61.89,232.96,0,1
2026-04-16 11:00:00,29.91,84.84,89.19,2.0,158.61,60.85,235.66,0,1
2026-04-16 12:00:00,30.2,85.0,92.0,2.0,157.66,60.01,233.58,1,1
2026-04-16 13:00:00,29.42,83.58,91.21,2.0,156.26,59.86,232.32,0,1
2026-04-16 14:00:00,29.31,80.68,90.86,2.0,157.26,60.89,233.72,0,1
2026-04-16 15:00:00,29.57,85.0,92.0,2.0,155.95,61.88,234.57,1,1
2026-04-16 16:00:00,28.03,82.63,91.25,2.0,156.8,60.4,234.81,0,1
2026-04-16 17:00:00,28.47,82.5,90.85,2.0,155.81,59.82,231.41,0,1
2026-04-16 18:00:00,26.06,85.0,90.05,2.0,152.35,59.24,231.84,0,1
2026-04-16 19:00:00,28.29,84.02,90.03,2.0,153.41,57.04,234.4,0,1
2026-04-16 20:00:00,25.57,84.75,89.88,2.0,154.14,57.7,233.09,0,1
2026-04-16 21:00:00,27.78,85.0,89.49,2.0,155.51,57.61,236.48,0,1
2026-04-16 22:00:00,25.6,85.0,89.44,2.0,154.68,57.64,234.22,0,1
2026-04-16 23:00:00,25.21,84.22,89.4,2.0,153.69,58.98,234.28,0,1
2026-04-17 00:00:00,24.4,85.0,89.54,2.0,154.86,59.15,238.15,0,1
2026-04-17 01:00:00,24.34,80.3,89.62,2.0,158.0,58.85,236.29,0,1
2026-04-17 02:00:00,25.6,85.0,89.56,2.0,158.3,59.46,238.86,0,1
2026-04-17 03:00:00,21.92,83.15,89.02,2.0,159.33,60.49,243.6,0,1
2026-04-17 04:00:00,25.25,85.0,89.55,2.0,158.98,60.8,243.6,0,1
2026-04-17 05:00:00,24.56,85.0,88.92,2.0,156.44,61.46,241.85,0,1
2026-04-17 06:00:00,23.62,83.5,92.0,2.0,158.53,61.34,239.58,1,1
2026-04-17 07:00:00,24.43,85.0,91.92,2.0,160.42,61.29,242.61,0,1
2026-04-17 08:00:00,27.76,85.0,90.98,2.0,161.88,61.41,245.42,0,1
2026-04-17 09:00:00,26.3,85.0,90.37,2.0,161.68,60.75,248.53,0,1
2026-04-17 10:00:00,26.96,82.58,89.76,2.0,162.89,60.28,247.77,0,1
2026-04-17 11:00:00,29.72,83.76,89.55,2.0,164.58,61.57,249.72,0,1
2026-04-17 12:00:00,29.45,84.8,92.0,2.0,167.51,63.39,248.87,1,1
2026-04-17 13:00:00,28.46,84.71,91.33,2.0,169.19,64.78,245.96,0,1
2026-04-17 14:00:00,29.44,85.0,90.03,2.0,169.14,63.51,248.23,0,1
2026-04-17 15:00:00,28.15,80.38,92.0,2.0,166.62,62.18,251.65,1,1
2026-04-17 16:00:00,29.79,85.0,91.08,2.0,166.83,61.11,248.27,0,1
2026-04-17 17:00:00,29.39,84.2,90.58,2.0,167.22,61.25,245.0,0,1
2026-04-17 18:00:00,28.48,83.01,89.95,2.0,168.41,58.75,244.6,0,1
2026-04-17 19:00:00,27.83,83.24,89.71,2.0,170.71,58.32,246.51,0,1
2026-04-17 20:00:00,28.56,84.42,89.74,2.0,170.31,59.69,243.1,0,1
2026-04-17 21:00:00,26.43,80.3,90.03,2.0,173.88,60.65,243.27,0,1
2026-04-17 22:00:00,24.83,83.39,89.9,2.0,170.36,60.23,241.38,0,1
2026-04-17 23:00:00,25.8,83.02,89.88,2.0,170.9,59.89,242.81,0,1
2026-04-18 00:00:00,26.84,85.0,89.77,2.0,169.23,60.47,240.42,0,1
2026-04-18 01:00:00,23.68,83.21,89.87,2.0,165.62,61.35,242.08,0,1
2026-04-18 02:00:00,24.0,84.52,89.53,2.0,165.24,60.89,241.33,0,1
2026-04-18 03:00:00,24.53,85.0,89.65,2.0,162.6,60.72,238.67,0,1
2026-04-18 04:00:00,24.05,85.0,89.77,2.0,162.41,60.24,238.65,0,1
2026-04-18 05:00:00,23.37,85.0,89.89,2.0,162.58,59.1,233.62,0,1
2026-04-18 06:00:00,25.72,83.88,92.0,2.0,164.69,58.99,232.29,1,1
2026-04-18 07:00:00,27.49,85.0,91.74,2.0,161.98,58.81,233.27,0,1
2026-04-18 08:00:00,26.43,84.4,91.23,2.0,163.74,57.77,228.93,0,1
2026-04-18 09:00:00,26.34,84.45,90.24,2.0,163.97,58.48,222.8,0,1
2026-04-18 10:00:00,26.61,85.0,90.14,2.0,165.86,59.02,217.57,0,1
2026-04-18 11:00:00,28.92,83.51,89.54,2.0,165.05,59.74,221.76,0,1
2026-04-18 12:00:00,30.14,85.0,92.0,2.0,162.65,59.11,222.23,1,1
2026-04-18 13:00:00,29.73,84.45,91.23,2.0,160.55,57.42,221.53,0,1
2026-04-18 14:00:00,29.24,85.0,90.23,2.0,158.4,57.97,224.57,0,1
2026-04-18 15:00:00,28.54,85.0,92.0,2.0,159.53,57.5,224.08,1,1
2026-04-18 16:00:00,27.82,85.0,91.48,2.0,162.41,56.83,225.3,0,1
2026-04-18 17:00:00,29.19,81.73,91.08,2.0,161.49,55.85,225.85,0,1
2026-04-18 18:00:00,28.82,85.0,90.54,2.0,162.76,55.79,225.13,0,1
2026-04-18 19:00:00,26.11,85.0,90.43,2.0,160.11,57.4,226.36,0,1
2026-04-18 20:00:00,28.4,85.0,90.11,2.0,160.63,57.08,228.72,0,1
2026-04-18 21:00:00,26.94,82.46,90.05,2.0,162.01,56.25,228.57,0,1
2026-04-18 22:00:00,27.16,83.49,90.28,2.0,159.52,57.01,227.74,0,1
2026-04-18 23:00:00,24.19,85.0,90.29,2.0,159.38,57.31,227.25,0,1
2026-04-19 00:00:00,23.73,83.29,90.33,2.0,160.89,55.54,221.89,0,1
2026-04-19 01:00:00,24.46,84.32,90.21,2.0,155.77,56.33,223.26,0,1
2026-04-19 02:00:00,24.78,85.0,89.55,2.0,158.55,58.42,220.82,0,1
2026-04-19 03:00:00,25.77,84.89,89.03,2.0,159.44,56.19,223.1,0,1
2026-04-19 04:00:00,24.74,83.4,88.96,2.0,160.95,55.25,223.47,0,1
2026-04-19 05:00:00,24.04,83.06,88.75,2.0,160.37,52.89,224.31,0,1
2026-04-19 06:00:00,23.78,85.0,92.0,2.0,157.46,53.09,226.6,1,1
2026-04-19 07:00:00,26.51,82.02,92.0,2.0,158.72,54.25,224.7,0,1
2026-04-19 08:00:00,25.38,84.37,91.65,2.0,158.82,54.58,226.14,0,1
2026-04-19 09:00:00,28.62,85.0,91.43,2.0,159.13,56.05,227.25,0,1
2026-04-19 10:00:00,27.74,85.0,90.87,2.0,161.32,56.98,227.18,0,1
2026-04-19 11:00:00,30.12,85.0,90.02,2.0,162.84,58.66,225.25,0,1
2026-04-19 12:00:00,29.75,83.24,92.0,2.0,166.38,59.81,227.22,1,1
2026-04-19 13:00:00,29.18,85.0,91.16,2.0,166.6,59.51,229.37,0,1
2026-04-19 14:00:00,28.78,84.14,91.03,2.0,165.3,59.65,229.94,0,1
2026-04-19 15:00:00,28.77,82.09,92.0,2.0,164.95,58.93,227.51,1,1
2026-04-19 16:00:00,29.19,84.44,91.56,2.0,165.7,58.82,226.57,0,1
2026-04-19 17:00:00,28.51,85.0,91.34,2.0,167.5,58.97,226.84,0,1
2026-04-19 18:00:00,27.47,85.0,90.14,2.0,164.76,58.98,228.97,0,1
2026-04-19 19:00:00,27.35,84.9,90.11,2.0,164.78,60.28,225.31,0,1
2026-04-19 20:00:00,27.04,85.0,89.5,2.0,167.69,60.04,224.39,0,1
2026-04-19 21:00:00,24.51,81.76,89.29,2.0,167.15,59.26,223.91,0,1
2026-04-19 22:00:00,26.31,82.1,88.99,2.0,168.74,58.56,224.26,0,1
2026-04-19 23:00:00,24.52,81.4,88.98,2.0,169.48,59.25,221.54,0,1
2026-04-20 00:00:00,23.92,85.0,88.85,2.0,171.02,58.07,221.67,0,1
2026-04-20 01:00:00,23.08,85.0,89.05,2.0,169.32,58.01,221.56,0,1
2026-04-20 02:00:00,22.71,85.0,88.67,2.0,167.7,59.32,219.64,0,1
2026-04-20 03:00:00,22.94,85.0,88.68,2.0,167.62,59.66,220.11,0,1
2026-04-20 04:00:00,23.46,84.11,88.52,2.0,164.76,59.67,219.5,0,1
2026-04-20 05:00:00,26.01,85.0,87.82,2.0,164.29,59.7,221.52,0,1
2026-04-20 06:00:00,24.23,85.0,92.0,2.0,164.77,58.85,219.98,1,1
2026-04-20 07:00:00,25.56,81.27,91.75,2.0,167.99,58.17,220.95,0,1
2026-04-20 08:00:00,26.61,85.0,91.5,2.0,168.6,58.11,219.63,0,1
2026-04-20 09:00:00,27.27,85.0,91.05,2.0,169.58,58.47,218.9,0,1
2026-04-20 10:00:00,27.93,85.0,90.11,2.0,171.49,59.43,220.45,0,1
2026-04-20 11:00:00,27.62,85.0,89.49,2.0,169.49,59.59,221.77,0,1
2026-04-20 12:00:00,30.45,85.0,92.0,2.0,169.02,60.88,221.38,1,1
2026-04-20 13:00:00,30.93,84.49,91.42,2.0,173.22,62.36,221.39,0,1
2026-04-20 14:00:00,27.73,83.41,90.74,2.0,172.75,63.06,218.44,0,1
2026-04-20 15:00:00,28.15,85.0,92.0,2.0,174.45,64.13,222.77,1,1
2026-04-20 16:00:00,28.55,85.0,91.64,2.0,175.81,63.18,225.1,0,1
2026-04-20 17:00:00,27.57,83.05,90.91,2.0,172.71,62.11,227.23,0,1
2026-04-20 18:00:00,28.46,85.0,90.47,2.0,172.97,62.57,223.63,0,1
2026-04-20 19:00:00,26.85,85.0,90.16,2.0,172.91,61.35,222.71,0,1
2026-04-20 20:00:00,28.92,85.0,90.16,2.0,173.19,61.11,222.49,0,1
2026-04-20 21:00:00,27.5,85.0,90.0,2.0,171.5,61.83,218.28,0,1
2026-04-20 22:00:00,26.09,84.98,89.93,2.0,169.23,63.1,221.34,0,1
2026-04-20 23:00:00,26.32,85.0,89.49,2.0,168.21,62.84,225.66,0,1
2026-04-21 00:00:00,25.96,85.0,89.04,2.0,167.9,62.23,231.28,0,1
2026-04-21 01:00:00,24.09,83.39,89.12,2.0,169.92,62.51,228.86,0,1
2026-04-21 02:00:00,23.59,85.0,88.89,2.0,172.99,61.53,229.46,0,1
2026-04-21 03:00:00,24.23,85.0,88.77,2.0,175.19,61.39,233.04,0,1
2026-04-21 04:00:00,24.88,82.9,88.47,2.0,176.33,61.4,232.5,0,1
2026-04-21 05:00:00,24.38,85.0,88.53,2.0,174.07,61.39,231.21,0,1
2026-04-21 06:00:00,23.29,81.88,92.0,2.0,172.97,61.49,226.74,1,1
2026-04-21 07:00:00,24.68,82.09,91.75,2.0,173.03,60.76,229.98,0,1
2026-04-21 08:00:00,26.18,85.0,91.41,2.0,171.57,60.14,230.18,0,1
2026-04-21 09:00:00,27.08,85.0,91.18,2.0,172.34,59.52,228.6,0,1
2026-04-21 10:00:00,29.78,82.59,90.42,2.0,173.35,58.14,229.63,0,1
2026-04-21 11:00:00,27.44,85.0,90.42,2.0,173.98,58.56,230.28,0,1
2026-04-21 12:00:00,29.6,85.0,92.0,2.0,175.47,59.47,230.94,1,1
2026-04-21 13:00:00,30.64,84.73,91.08,2.0,173.42,60.26,230.6,0,1
2026-04-21 14:00:00,31.29,85.0,90.58,2.0,174.76,60.08,234.87,0,1
2026-04-21 15:00:00,28.71,81.02,92.0,2.0,173.12,59.41,234.55,1,1
2026-04-21 16:00:00,29.25,85.0,91.53,2.0,171.1,60.15,238.62,0,1
2026-04-21 17:00:00,28.95,85.0,90.92,2.0,171.81,60.78,239.85,0,1
2026-04-21 18:00:00,28.18,85.0,90.36,2.0,173.73,61.02,240.48,0,1
2026-04-21 19:00:00,27.41,84.42,89.87,2.0,174.26,62.62,239.93,0,1
2026-04-21 20:00:00,27.36,84.25,89.95,2.0,173.93,62.57,242.11,0,1
2026-04-21 21:00:00,24.15,85.0,89.4,2.0,174.13,62.33,242.04,0,1
2026-04-21 22:00:00,26.51,85.0,88.86,2.0,174.01,61.96,239.36,0,1
2026-04-21 23:00:00,25.51,85.0,88.76,2.0,171.62,60.55,236.73,0,1
2026-04-22 00:00:00,24.76,85.0,89.03,2.0,169.12,61.19,237.7,0,1
2026-04-22 01:00:00,26.44,82.74,88.72,2.0,168.81,61.12,235.29,0,1
2026-04-22 02:00:00,23.72,84.49,88.72,2.0,168.8,61.61,235.12,0,1
2026-04-22 03:00:00,23.79,82.93,88.84,2.0,168.67,63.27,237.76,0,1
2026-04-22 04:00:00,25.89,84.15,88.88,2.0,169.74,62.89,238.38,0,1
2026-04-22 05:00:00,23.51,85.0,88.58,2.0,169.16,60.75,236.41,0,1
2026-04-22 06:00:00,24.21,85.0,92.0,2.0,170.01,61.22,239.86,1,1
2026-04-22 07:00:00,25.27,85.0,91.13,2.0,169.55,61.4,240.99,0,1
2026-04-22 08:00:00,27.01,85.0,90.47,2.0,172.65,60.76,243.23,0,1
2026-04-22 09:00:00,27.34,85.0,90.24,2.0,172.49,61.15,237.15,0,1
2026-04-22 10:00:00,26.84,85.0,89.32,2.0,176.4,61.88,237.87,0,1
2026-04-22 11:00:00,28.21,83.42,88.94,2.0,176.58,61.04,239.83,0,1
2026-04-22 12:00:00,28.6,84.68,92.0,2.0,175.73,60.79,243.84,1,1
2026-04-22 13:00:00,29.23,85.0,91.43,2.0,173.68,62.16,239.74,0,1
2026-04-22 14:00:00,29.63,85.0,91.05,2.0,170.74,61.5,242.52,0,1
2026-04-22 15:00:00,29.45,83.06,92.0,2.0,168.73,61.58,246.25,1,1
2026-04-22 16:00:00,27.21,82.78,91.47,2.0,166.99,59.23,240.65,0,1
2026-04-22 17:00:00,29.4,83.84,90.74,2.0,167.62,57.98,241.56,0,1
2026-04-22 18:00:00,28.23,85.0,90.36,2.0,166.57,58.24,242.78,0,1
2026-04-22 19:00:00,28.75,85.0,90.22,2.0,166.85,59.46,241.57,0,1
2026-04-22 20:00:00,27.37,81.94,90.02,2.0,169.08,58.31,240.02,0,1
2026-04-22 21:00:00,27.42,84.21,90.28,2.0,168.76,58.49,241.44,0,1
2026-04-22 22:00:00,26.32,85.0,90.27,2.0,172.35,58.26,239.58,0,1
2026-04-22 23:00:00,26.61,80.92,89.85,2.0,169.94,59.23,238.81,0,1
2026-04-23 00:00:00,25.43,83.13,89.61,2.0,169.47,58.21,240.65,0,1
2026-04-23 01:00:00,24.51,83.49,89.38,2.0,168.32,58.71,244.75,0,1
2026-04-23 02:00:00,26.37,83.24,89.2,2.0,169.87,58.22,245.61,0,1
2026-04-23 03:00:00,24.96,85.0,89.75,2.0,165.65,58.54,245.41,0,1
2026-04-23 04:00:00,24.62,84.65,89.65,2.0,163.02,58.7,243.6,0,1
2026-04-23 05:00:00,23.11,83.77,88.84,2.0,162.91,58.58,240.64,0,1
2026-04-23 06:00:00,23.55,85.0,92.0,2.0,165.79,59.11,243.13,1,1
2026-04-23 07:00:00,25.66,85.0,91.21,2.0,166.16,59.23,242.34,0,1
2026-04-23 08:00:00,26.38,85.0,90.53,2.0,163.68,59.2,244.85,0,1
2026-04-23 09:00:00,26.6,80.65,89.36,2.0,161.58,58.96,243.54,0,1
2026-04-23 10:00:00,28.13,85.0,88.51,2.0,164.73,59.12,241.49,0,1
2026-04-23 11:00:00,30.12,84.43,87.45,2.0,163.62,59.41,242.21,0,1
2026-04-23 12:00:00,29.77,85.0,92.0,2.0,161.98,58.6,241.66,1,1
2026-04-23 13:00:00,28.27,83.92,91.41,2.0,164.76,58.38,238.32,0,1
2026-04-23 14:00:00,29.14,85.0,90.9,2.0,166.59,57.54,242.69,0,1
2026-04-23 15:00:00,28.35,85.0,92.0,2.0,168.82,57.64,240.74,1,1
2026-04-23 16:00:00,28.45,83.55,90.99,2.0,166.96,57.24,242.77,0,1
2026-04-23 17:00:00,28.07,82.86,90.55,2.0,164.13,58.07,244.49,0,1
2026-04-23 18:00:00,27.57,83.86,90.54,2.0,164.41,58.8,240.87,0,1
2026-04-23 19:00:00,26.37,85.0,90.46,2.0,165.03,58.06,238.07,0,1
2026-04-23 20:00:00,26.86,85.0,90.12,2.0,165.69,58.18,237.16,0,1
2026-04-23 21:00:00,25.92,85.0,89.48,2.0,168.32,58.87,234.89,0,1
2026-04-23 22:00:00,23.26,83.84,89.0,2.0,165.07,58.8,239.21,0,1
2026-04-23 23:00:00,27.25,85.0,88.93,2.0,166.61,58.25,238.5,0,1
2026-04-24 00:00:00,25.94,85.0,89.04,2.0,164.57,57.37,240.55,0,1
2026-04-24 01:00:00,24.26,85.0,88.91,2.0,166.13,58.28,241.55,0,1
2026-04-24 02:00:00,24.34,84.86,88.95,2.0,165.23,59.21,241.89,0,1
2026-04-24 03:00:00,23.1,84.51,88.96,2.0,163.76,59.1,241.64,0,1
2026-04-24 04:00:00,25.63,85.0,88.9,2.0,162.71,59.88,244.4,0,1
2026-04-24 05:00:00,25.96,82.46,88.49,2.0,160.2,57.27,241.87,0,1
2026-04-24 06:00:00,24.85,84.55,92.0,2.0,160.46,58.61,245.84,1,1
2026-04-24 07:00:00,26.32,85.0,91.54,2.0,159.25,58.57,242.08,0,1
2026-04-24 08:00:00,26.41,85.0,90.96,2.0,160.9,58.8,243.68,0,1
2026-04-24 09:00:00,25.95,84.29,90.48,2.0,162.22,58.61,239.74,0,1
2026-04-24 10:00:00,27.63,85.0,90.4,2.0,165.37,59.97,238.71,0,1
2026-04-24 11:00:00,28.81,83.01,89.41,2.0,166.01,59.07,238.76,0,1
2026-04-24 12:00:00,28.73,85.0,92.0,2.0,166.91,60.49,237.35,1,1
2026-04-24 13:00:00,29.1,84.63,91.85,2.0,169.35,60.89,236.78,0,1
2026-04-24 14:00:00,29.16,84.2,91.48,2.0,168.05,61.48,233.22,0,1
2026-04-24 15:00:00,29.0,84.01,92.0,2.0,165.25,61.2,230.84,1,1
2026-04-24 16:00:00,28.85,84.68,91.58,2.0,165.6,60.05,232.3,0,1
2026-04-24 17:00:00,27.49,83.85,91.38,2.0,163.01,60.95,232.51,0,1
2026-04-24 18:00:00,27.35,85.0,90.47,2.0,167.51,61.26,230.91,0,1
2026-04-24 19:00:00,26.35,84.0,89.85,2.0,170.03,62.51,234.42,0,1
2026-04-24 20:00:00,27.85,85.0,89.63,2.0,173.72,62.32,231.4,0,1
2026-04-24 21:00:00,24.53,85.0,88.78,2.0,173.49,61.93,230.68,0,1
2026-04-24 22:00:00,26.93,82.97,88.93,2.0,174.14,63.18,229.63,0,1
2026-04-24 23:00:00,26.65,85.0,89.09,2.0,172.94,64.87,231.43,0,1
2026-04-25 00:00:00,24.69,83.54,88.75,2.0,174.22,64.79,231.73,0,1
2026-04-25 01:00:00,22.25,84.26,88.44,2.0,171.66,64.03,231.63,0,1
2026-04-25 02:00:00,24.0,85.0,88.21,2.0,166.82,64.7,227.18,0,1
2026-04-25 03:00:00,24.1,84.32,88.02,2.0,165.32,64.39,229.74,0,1
2026-04-25 04:00:00,23.19,85.0,87.86,2.0,162.69,64.85,229.46,0,1
2026-04-25 05:00:00,23.79,85.0,87.82,2.0,165.44,64.53,230.02,0,1
2026-04-25 06:00:00,26.09,82.78,92.0,2.0,168.69,65.87,228.4,1,1
2026-04-25 07:00:00,26.0,83.07,92.0,2.0,166.02,65.12,226.47,0,1
2026-04-25 08:00:00,25.42,82.26,91.56,2.0,168.3,65.46,230.64,0,1
2026-04-25 09:00:00,25.71,82.93,90.8,2.0,169.88,64.92,226.43,0,1
2026-04-25 10:00:00,27.71,80.3,90.62,2.0,166.86,64.58,224.22,0,1
2026-04-25 11:00:00,28.5,85.0,89.62,2.0,166.08,64.13,228.46,0,1
2026-04-25 12:00:00,29.59,85.0,92.0,2.0,165.0,64.73,230.39,1,1
2026-04-25 13:00:00,28.82,85.0,91.7,2.0,166.34,65.47,229.8,0,1
2026-04-25 14:00:00,29.7,81.69,90.88,2.0,164.08,65.87,233.18,0,1
2026-04-25 15:00:00,30.82,83.39,92.0,2.0,163.94,65.66,234.39,1,1
2026-04-25 16:00:00,29.54,83.81,91.56,2.0,162.74,65.67,235.0,0,1
2026-04-25 17:00:00,28.4,82.59,90.71,2.0,163.69,66.37,235.57,0,1
2026-04-25 18:00:00,27.84,85.0,90.1,2.0,163.35,67.08,236.7,0,1
2026-04-25 19:00:00,27.18,85.0,89.84,2.0,162.45,64.5,237.88,0,1
2026-04-25 20:00:00,28.03,82.35,89.46,2.0,162.17,64.18,243.23,0,1
2026-04-25 21:00:00,25.86,85.0,89.94,2.0,165.95,63.92,242.33,0,1
2026-04-25 22:00:00,25.94,85.0,89.51,2.0,165.16,64.46,241.55,0,1
2026-04-25 23:00:00,25.45,85.0,89.6,2.0,163.28,64.33,238.13,0,1
2026-04-26 00:00:00,24.51,85.0,89.28,2.0,164.4,64.9,237.84,0,1
2026-04-26 01:00:00,23.36,83.0,88.75,2.0,164.16,63.85,242.36,0,1
2026-04-26 02:00:00,24.62,85.0,88.57,2.0,161.65,64.02,244.45,0,1
2026-04-26 03:00:00,24.1,84.22,88.56,2.0,165.8,64.77,242.62,0,1
2026-04-26 04:00:00,24.55,83.7,88.63,2.0,165.13,63.36,242.31,0,1
2026-04-26 05:00:00,23.78,85.0,88.89,2.0,164.45,65.59,238.71,0,1
2026-04-26 06:00:00,25.81,83.7,92.0,2.0,164.76,66.55,236.1,1,1
2026-04-26 07:00:00,24.61,85.0,91.87,2.0,167.88,66.41,236.42,0,1
2026-04-26 08:00:00,27.79,82.01,91.08,2.0,164.74,65.54,235.11,0,1
2026-04-26 09:00:00,25.58,84.36,90.64,2.0,165.25,65.27,232.49,0,1
2026-04-26 10:00:00,28.39,85.0,89.97,2.0,169.0,65.25,233.84,0,1
2026-04-26 11:00:00,29.12,84.7,89.65,2.0,169.07,65.55,233.7,0,1
2026-04-26 12:00:00,28.43,85.0,92.0,2.0,166.68,66.79,229.84,1,1
2026-04-26 13:00:00,29.68,85.0,92.0,2.0,165.5,66.22,224.91,0,1
2026-04-26 14:00:00,30.39,85.0,91.65,2.0,165.85,66.6,223.99,0,1
2026-04-26 15:00:00,27.08,81.17,92.0,2.0,168.22,65.3,220.57,1,1
2026-04-26 16:00:00,29.26,85.0,91.19,2.0,167.48,64.83,216.62,0,1
2026-04-26 17:00:00,26.2,84.24,90.86,2.0,168.87,65.08,220.36,0,1
2026-04-26 18:00:00,27.13,85.0,90.63,2.0,166.13,65.61,220.85,0,1
2026-04-26 19:00:00,28.97,85.0,90.03,2.0,163.48,64.83,220.89,0,1
2026-04-26 20:00:00,26.45,82.26,90.03,2.0,162.68,64.34,221.13,0,1
2026-04-26 21:00:00,25.37,82.68,89.24,2.0,165.36,65.59,218.98,0,1
2026-04-26 22:00:00,25.72,80.67,89.0,2.0,165.47,66.53,220.81,0,1
2026-04-26 23:00:00,27.26,83.74,89.12,2.0,165.97,66.58,221.19,0,1
2026-04-27 00:00:00,23.31,85.0,88.75,2.0,166.43,64.43,219.99,0,1
2026-04-27 01:00:00,23.65,84.72,88.1,2.0,168.37,66.62,219.22,0,1
2026-04-27 02:00:00,25.67,82.04,87.93,2.0,167.14,66.46,216.94,0,1
2026-04-27 03:00:00,25.83,83.93,87.54,2.0,168.29,66.04,216.83,0,1
2026-04-27 04:00:00,24.01,81.73,87.53,2.0,166.66,65.45,217.13,0,1
2026-04-27 05:00:00,23.14,82.52,87.06,2.0,170.17,65.69,216.95,0,1
2026-04-27 06:00:00,26.59,85.0,92.0,2.0,168.52,65.92,217.99,1,1
2026-04-27 07:00:00,26.83,82.37,91.18,2.0,166.79,66.66,218.64,0,1
2026-04-27 08:00:00,26.86,85.0,90.65,2.0,167.71,65.69,220.04,0,1
2026-04-27 09:00:00,26.42,84.73,90.02,2.0,167.74,65.3,223.14,0,1
2026-04-27 10:00:00,27.96,85.0,89.08,2.0,168.22,67.03,225.22,0,1
2026-04-27 11:00:00,28.55,84.21,88.54,2.0,168.5,67.08,228.09,0,1
2026-04-27 12:00:00,29.44,85.0,92.0,2.0,166.4,66.77,226.32,1,1
2026-04-27 13:00:00,30.61,85.0,91.33,2.0,169.25,65.78,225.48,0,1
2026-04-27 14:00:00,30.03,85.0,90.81,2.0,170.69,66.12,227.59,0,1
2026-04-27 15:00:00,28.11,85.0,92.0,2.0,172.9,66.93,229.64,1,1
2026-04-27 16:00:00,30.04,84.35,91.04,2.0,171.64,67.56,228.21,0,1
2026-04-27 17:00:00,28.72,85.0,91.06,2.0,172.12,67.16,230.08,0,1
2026-04-27 18:00:00,28.62,84.11,90.32,2.0,172.19,67.34,227.97,0,1
2026-04-27 19:00:00,28.82,84.87,90.3,2.0,173.93,68.68,229.52,0,1
2026-04-27 20:00:00,25.97,84.29,90.32,2.0,175.67,69.44,229.73,0,1
2026-04-27 21:00:00,26.4,83.9,90.07,2.0,175.59,68.51,226.53,0,1
2026-04-27 22:00:00,25.42,83.41,90.05,2.0,172.43,66.03,225.87,0,1
2026-04-27 23:00:00,23.99,85.0,89.92,2.0,175.34,66.17,231.78,0,1
2026-04-28 00:00:00,25.27,85.0,89.28,2.0,175.92,66.77,232.45,0,1
2026-04-28 01:00:00,26.86,85.0,88.97,2.0,174.39,65.64,238.33,0,1
2026-04-28 02:00:00,22.67,82.23,88.59,2.0,174.75,65.53,234.55,0,1
2026-04-28 03:00:00,24.13,85.0,88.24,2.0,171.64,65.18,236.45,0,1
2026-04-28 04:00:00,24.68,84.3,87.64,2.0,173.27,65.18,230.04,0,1
2026-04-28 05:00:00,24.37,85.0,87.78,2.0,170.29,64.6,230.29,0,1
2026-04-28 06:00:00,24.61,82.98,92.0,2.0,169.68,65.68,232.1,1,1
2026-04-28 07:00:00,24.23,85.0,92.0,2.0,169.94,65.7,234.34,0,1
2026-04-28 08:00:00,26.46,85.0,91.8,2.0,171.61,64.8,232.38,0,1
2026-04-28 09:00:00,26.47,81.62,91.12,2.0,171.54,65.54,235.11,0,1
2026-04-28 10:00:00,26.03,85.0,90.35,2.0,172.42,64.3,233.77,0,1
2026-04-28 11:00:00,29.77,85.0,89.52,2.0,172.07,65.38,233.42,0,1
2026-04-28 12:00:00,30.01,84.42,92.0,2.0,171.73,66.18,232.42,1,1
2026-04-28 13:00:00,29.35,85.0,91.47,2.0,171.61,67.3,229.7,0,1
2026-04-28 14:00:00,29.45,84.38,90.85,2.0,171.01,67.0,233.89,0,1
2026-04-28 15:00:00,30.04,85.0,92.0,2.0,167.73,66.4,234.07,1,1
2026-04-28 16:00:00,29.01,80.3,91.53,2.0,166.24,66.35,236.83,0,1
2026-04-28 17:00:00,29.25,85.0,90.68,2.0,166.63,66.14,239.35,0,1
2026-04-28 18:00:00,27.73,85.0,89.88,2.0,166.12,65.43,236.72,0,1
2026-04-28 19:00:00,28.68,84.24,89.87,2.0,165.79,64.83,239.67,0,1
2026-04-28 20:00:00,27.26,80.55,89.97,2.0,165.18,64.41,240.69,0,1
2026-04-28 21:00:00,26.6,85.0,89.93,2.0,163.62,63.29,237.81,0,1
2026-04-28 22:00:00,24.75,81.75,90.29,2.0,162.79,63.86,238.79,0,1
2026-04-28 23:00:00,25.66,85.0,90.57,2.0,162.32,63.76,236.04,0,1
2026-04-29 00:00:00,24.21,85.0,90.5,2.0,162.44,63.43,240.01,0,1
2026-04-29 01:00:00,24.02,82.91,90.04,2.0,163.25,62.38,241.79,0,1
2026-04-29 02:00:00,23.59,85.0,89.44,2.0,162.99,61.33,241.27,0,1
2026-04-29 03:00:00,23.2,85.0,89.13,2.0,161.22,63.09,244.12,0,1
2026-04-29 04:00:00,26.01,85.0,89.14,2.0,158.86,62.49,239.71,0,1
2026-04-29 05:00:00,25.46,85.0,89.48,2.0,163.78,63.03,237.6,0,1
2026-04-29 06:00:00,26.44,81.86,92.0,2.0,161.79,63.14,236.84,1,1
2026-04-29 07:00:00,24.3,85.0,92.0,2.0,160.99,60.61,242.34,0,1
2026-04-29 08:00:00,26.31,84.32,91.35,2.0,162.08,62.27,239.29,0,1
2026-04-29 09:00:00,25.99,81.83,90.96,2.0,162.84,62.87,234.81,0,1
2026-04-29 10:00:00,27.37,85.0,90.62,2.0,163.87,62.16,231.21,0,1
2026-04-29 11:00:00,27.87,85.0,89.44,2.0,163.12,62.13,233.67,0,1
2026-04-29 12:00:00,30.26,84.72,92.0,2.0,163.62,61.09,232.25,1,1
2026-04-29 13:00:00,28.94,85.0,91.69,2.0,163.79,62.76,231.99,0,1
2026-04-29 14:00:00,30.2,85.0,91.17,2.0,163.27,61.92,234.04,0,1
2026-04-29 15:00:00,29.62,83.97,92.0,2.0,163.78,61.45,233.7,1,1
2026-04-29 16:00:00,30.88,83.43,90.66,2.0,165.73,60.81,234.27,0,1
2026-04-29 17:00:00,27.11,85.0,89.97,2.0,165.66,60.92,235.65,0,1
2026-04-29 18:00:00,29.13,83.13,89.35,2.0,165.61,62.18,234.54,0,1
2026-04-29 19:00:00,28.54,85.0,88.87,2.0,167.51,63.79,234.15,0,1
2026-04-29 20:00:00,26.1,83.66,88.7,2.0,169.14,63.38,234.79,0,1
2026-04-29 21:00:00,27.33,83.9,88.64,2.0,171.82,63.68,236.97,0,1
2026-04-29 22:00:00,26.2,85.0,88.63,2.0,168.39,63.7,234.89,0,1
2026-04-29 23:00:00,25.2,84.11,87.72,2.0,169.88,62.77,227.35,0,1
2026-04-30 00:00:00,24.22,84.08,87.12,2.0,170.77,64.92,229.43,0,1
2026-04-30 01:00:00,23.95,85.0,86.82,2.0,168.94,66.06,232.03,0,1
2026-04-30 02:00:00,26.17,85.0,86.78,2.0,169.24,66.11,232.68,0,1
2026-04-30 03:00:00,24.16,85.0,86.73,2.0,170.96,67.41,233.46,0,1
2026-04-30 04:00:00,24.8,83.56,86.66,2.0,169.23,68.34,232.13,0,1
2026-04-30 05:00:00,23.54,83.87,86.34,2.0,169.86,68.22,233.52,0,1
2026-04-30 06:00:00,24.01,85.0,92.0,2.0,171.23,68.33,235.73,1,1
2026-04-30 07:00:00,26.37,85.0,91.57,2.0,169.06,69.5,235.83,0,1
2026-04-30 08:00:00,25.03,82.74,91.23,2.0,168.64,68.42,242.02,0,1
2026-04-30 09:00:00,26.78,85.0,90.37,2.0,169.03,69.74,237.76,0,1
2026-04-30 10:00:00,28.03,85.0,90.04,2.0,167.44,69.3,238.03,0,1
2026-04-30 11:00:00,28.79,81.05,89.51,2.0,165.76,70.46,234.94,0,1
2026-04-30 12:00:00,28.98,82.76,92.0,2.0,165.49,70.2,237.14,1,1
2026-04-30 13:00:00,29.66,83.69,91.2,2.0,166.91,70.26,233.08,0,1
2026-04-30 14:00:00,29.87,84.64,90.19,2.0,167.99,69.98,229.85,0,1
2026-04-30 15:00:00,29.74,85.0,92.0,2.0,166.32,69.26,228.52,1,1
2026-04-30 16:00:00,27.92,85.0,91.31,2.0,167.44,68.8,229.51,0,1
2026-04-30 17:00:00,28.18,82.98,90.01,2.0,165.84,69.84,228.29,0,1
2026-04-30 18:00:00,29.08,85.0,89.35,2.0,162.91,67.52,227.17,0,1
2026-04-30 19:00:00,28.31,84.09,89.42,2.0,162.33,66.24,227.11,0,1
2026-04-30 20:00:00,25.74,85.0,89.38,2.0,164.46,65.46,226.89,0,1
2026-04-30 21:00:00,26.74,85.0,89.02,2.0,165.66,64.38,231.02,0,1
2026-04-30 22:00:00,24.12,85.0,88.83,2.0,165.63,65.67,232.93,0,1
2026-04-30 23:00:00,25.44,84.9,88.45,2.0,164.86,66.69,232.22,0,1
2026-05-01 00:00:00,26.67,85.0,88.28,2.0,164.16,67.08,237.61,0,1
2026-05-01 01:00:00,23.74,85.0,88.54,2.0,164.39,66.36,238.7,0,1
2026-05-01 02:00:00,23.57,83.43,88.63,2.0,162.49,67.43,236.1,0,1
2026-05-01 03:00:00,24.84,85.0,88.58,2.0,161.97,65.84,236.68,0,1
2026-05-01 04:00:00,22.71,85.0,88.23,2.0,161.7,67.65,237.94,0,1
2026-05-01 05:00:00,23.69,83.16,88.25,2.0,159.4,66.86,236.07,0,1
2026-05-01 06:00:00,25.25,85.0,92.0,2.0,158.11,66.48,233.39,1,1
2026-05-01 07:00:00,24.83,85.0,91.72,2.0,159.13,65.96,233.68,0,1
2026-05-01 08:00:00,26.04,84.84,91.32,2.0,159.38,64.88,232.85,0,1
2026-05-01 09:00:00,27.82,83.77,90.95,2.0,159.05,66.52,236.65,0,1
2026-05-01 10:00:00,28.38,84.47,90.56,2.0,157.65,67.1,238.42,0,1
2026-05-01 11:00:00,28.93,85.0,90.05,2.0,160.78,68.04,236.65,0,1
2026-05-01 12:00:00,28.84,85.0,92.0,2.0,159.44,66.76,237.63,1,1
2026-05-01 13:00:00,29.63,85.0,91.56,2.0,160.11,66.78,240.67,0,1
2026-05-01 14:00:00,29.13,85.0,90.68,2.0,159.43,67.1,236.9,0,1
2026-05-01 15:00:00,29.49,85.0,92.0,2.0,159.72,67.19,234.25,1,1
2026-05-01 16:00:00,28.36,84.13,91.43,2.0,160.75,65.99,234.26,0,1
2026-05-01 17:00:00,28.28,85.0,90.89,2.0,158.46,66.84,234.39,0,1
2026-05-01 18:00:00,27.11,84.22,89.76,2.0,158.71,66.8,234.29,0,1
2026-05-01 19:00:00,27.47,85.0,89.68,2.0,161.1,65.8,233.54,0,1
2026-05-01 20:00:00,26.24,84.64,89.7,2.0,164.43,64.02,232.8,0,1
2026-05-01 21:00:00,25.43,84.79,89.47,2.0,164.22,64.5,233.87,0,1
2026-05-01 22:00:00,26.13,84.1,89.97,2.0,164.32,66.63,236.76,0,1
2026-05-01 23:00:00,25.59,85.0,89.56,2.0,168.33,65.58,235.47,0,1
2026-05-02 00:00:00,25.66,83.35,89.24,2.0,170.24,65.63,241.55,0,1
2026-05-02 01:00:00,24.21,83.35,88.92,2.0,168.92,66.52,246.12,0,1
2026-05-02 02:00:00,24.69,85.0,88.69,2.0,167.65,65.24,248.89,0,1
2026-05-02 03:00:00,24.65,85.0,88.38,2.0,169.27,64.71,249.75,0,1
2026-05-02 04:00:00,24.5,80.3,87.75,2.0,167.28,63.85,254.03,0,1
2026-05-02 05:00:00,23.51,83.75,87.39,2.0,169.14,64.68,252.35,0,1
2026-05-02 06:00:00,24.84,80.99,92.0,2.0,169.58,65.8,249.41,1,1
2026-05-02 07:00:00,25.73,82.86,92.0,2.0,170.33,65.83,247.37,0,1
2026-05-02 08:00:00,26.25,80.3,92.0,2.0,169.65,64.95,244.24,0,1
2026-05-02 09:00:00,25.27,84.58,91.83,2.0,168.33,64.47,244.09,0,1
2026-05-02 10:00:00,28.14,82.34,91.01,2.0,170.83,63.83,244.38,0,1
2026-05-02 11:00:00,30.68,84.96,90.19,2.0,170.15,62.89,244.41,0,1
2026-05-02 12:00:00,28.82,81.23,92.0,2.0,169.21,62.77,243.91,1,1
2026-05-02 13:00:00,28.64,84.98,91.94,2.0,168.89,63.27,243.8,0,1
2026-05-02 14:00:00,29.58,83.89,91.29,2.0,169.09,63.67,247.7,0,1
2026-05-02 15:00:00,29.36,85.0,92.0,2.0,167.07,63.61,248.62,1,1
2026-05-02 16:00:00,29.88,85.0,91.25,2.0,165.97,63.62,250.24,0,1
2026-05-02 17:00:00,27.31,85.0,90.89,2.0,164.82,63.49,249.96,0,1
2026-05-02 18:00:00,28.66,84.13,90.5,2.0,166.35,62.28,245.17,0,1
2026-05-02 19:00:00,28.03,85.0,90.23,2.0,164.7,62.42,240.13,0,1
2026-05-02 20:00:00,26.84,81.47,90.22,2.0,161.55,61.88,245.08,0,1
2026-05-02 21:00:00,26.73,81.82,89.33,2.0,158.15,60.67,243.24,0,1
2026-05-02 22:00:00,26.82,84.75,89.15,2.0,155.77,61.04,241.29,0,1
2026-05-02 23:00:00,26.19,85.0,89.2,2.0,158.59,60.52,241.59,0,1
2026-05-03 00:00:00,23.93,84.52,88.74,2.0,158.88,60.77,242.64,0,1
2026-05-03 01:00:00,25.33,84.58,88.28,2.0,160.03,61.57,243.95,0,1
2026-05-03 02:00:00,24.27,81.82,87.52,2.0,161.19,60.73,247.94,0,1
2026-05-03 03:00:00,24.22,85.0,87.79,2.0,161.44,60.85,251.04,0,1
2026-05-03 04:00:00,24.17,85.0,87.37,2.0,161.45,59.25,248.21,0,1
2026-05-03 05:00:00,24.12,85.0,87.23,2.0,163.47,60.72,249.97,0,1
2026-05-03 06:00:00,25.78,83.59,92.0,2.0,163.8,59.53,248.26,1,1
2026-05-03 07:00:00,25.32,83.4,92.0,2.0,166.36,59.14,247.26,0,1
2026-05-03 08:00:00,25.24,82.07,91.38,2.0,167.43,60.43,243.91,0,1
2026-05-03 09:00:00,26.8,85.0,90.64,2.0,166.22,60.27,239.23,0,1
2026-05-03 10:00:00,28.16,82.47,90.1,2.0,165.27,59.24,238.94,0,1
2026-05-03 11:00:00,29.8,82.23,89.88,2.0,163.95,59.97,236.35,0,1
2026-05-03 12:00:00,29.69,83.87,92.0,2.0,166.19,60.65,238.6,1,1
2026-05-03 13:00:00,28.53,83.72,91.12,2.0,165.41,60.12,237.72,0,1
2026-05-03 14:00:00,31.48,83.62,90.05,2.0,163.96,59.7,238.36,0,1
2026-05-03 15:00:00,29.31,85.0,92.0,2.0,164.57,59.38,241.61,1,1
2026-05-03 16:00:00,29.95,84.99,91.66,2.0,164.42,59.27,237.56,0,1
2026-05-03 17:00:00,28.3,84.2,90.97,2.0,164.97,57.65,235.62,0,1
2026-05-03 18:00:00,28.48,85.0,90.19,2.0,168.37,57.62,236.05,0,1
2026-05-03 19:00:00,28.26,82.69,89.76,2.0,169.88,59.36,236.77,0,1
2026-05-03 20:00:00,28.07,85.0,89.58,2.0,169.73,58.63,239.44,0,1
2026-05-03 21:00:00,27.38,85.0,89.29,2.0,167.01,58.2,241.39,0,1
2026-05-03 22:00:00,26.68,81.62,89.0,2.0,166.03,57.25,241.31,0,1
2026-05-03 23:00:00,25.12,85.0,89.19,2.0,167.27,57.95,241.76,0,1
2026-05-04 00:00:00,24.45,83.03,89.45,2.0,165.07,59.15,242.25,0,1
2026-05-04 01:00:00,24.9,85.0,88.76,2.0,168.92,60.3,238.21,0,1
2026-05-04 02:00:00,25.16,85.0,88.65,2.0,168.79,59.23,237.66,0,1
2026-05-04 03:00:00,23.96,85.0,88.21,2.0,168.73,59.76,238.15,0,1
2026-05-04 04:00:00,25.06,85.0,87.93,2.0,167.38,61.12,239.14,0,1
2026-05-04 05:00:00,25.56,84.2,87.82,2.0,168.18,61.6,236.62,0,1
2026-05-04 06:00:00,23.88,85.0,92.0,2.0,165.96,62.05,233.36,1,1
2026-05-04 07:00:00,24.65,85.0,91.86,2.0,169.82,61.62,232.86,0,1
2026-05-04 08:00:00,26.12,83.56,91.49,2.0,172.0,61.83,237.89,0,1
2026-05-04 09:00:00,27.43,83.13,90.99,2.0,173.49,62.95,235.69,0,1
2026-05-04 10:00:00,27.53,80.3,90.21,2.0,170.65,63.21,238.59,0,1
2026-05-04 11:00:00,29.91,85.0,89.42,2.0,170.79,62.05,242.38,0,1
2026-05-04 12:00:00,29.52,84.62,92.0,2.0,172.74,61.64,242.12,1,1
2026-05-04 13:00:00,29.34,85.0,91.15,2.0,173.5,62.74,240.06,0,1
2026-05-04 14:00:00,27.95,85.0,91.14,2.0,171.35,63.01,241.09,0,1
2026-05-04 15:00:00,27.89,85.0,92.0,2.0,169.93,63.09,241.28,1,1
2026-05-04 16:00:00,29.06,83.28,91.05,2.0,168.92,62.56,238.81,0,1
2026-05-04 17:00:00,26.52,85.0,90.56,2.0,167.68,63.61,236.98,0,1
2026-05-04 18:00:00,28.91,83.69,89.93,2.0,170.32,65.06,238.01,0,1
2026-05-04 19:00:00,27.36,85.0,89.66,2.0,166.65,66.1,240.2,0,1
2026-05-04 20:00:00,29.89,81.68,89.87,2.0,167.76,67.28,239.13,0,1
2026-05-04 21:00:00,28.51,85.0,89.81,2.0,165.33,66.8,238.75,0,1
2026-05-04 22:00:00,25.73,80.56,89.45,2.0,163.58,66.2,240.23,0,1
2026-05-04 23:00:00,25.3,84.36,89.11,2.0,160.02,65.94,239.54,0,1
2026-05-05 00:00:00,25.86,85.0,88.75,2.0,159.23,65.85,238.57,0,1
2026-05-05 01:00:00,26.13,83.83,88.8,2.0,162.18,67.02,236.5,0,1
2026-05-05 02:00:00,22.85,82.68,88.51,2.0,162.77,67.92,234.49,0,1
2026-05-05 03:00:00,22.55,85.0,87.77,2.0,160.71,68.23,241.19,0,1
2026-05-05 04:00:00,23.54,84.77,87.55,2.0,162.71,66.76,240.39,0,1
2026-05-05 05:00:00,24.78,83.92,86.88,2.0,165.02,65.09,243.53,0,1
2026-05-05 06:00:00,25.16,85.0,92.0,2.0,165.2,65.22,247.32,1,1
2026-05-05 07:00:00,26.36,85.0,91.5,2.0,168.86,65.91,246.24,0,1
2026-05-05 08:00:00,25.17,85.0,90.88,2.0,170.18,65.72,246.6,0,1
2026-05-05 09:00:00,25.07,85.0,90.39,2.0,171.2,67.34,246.28,0,1
2026-05-05 10:00:00,28.77,85.0,89.71,2.0,169.51,66.2,241.68,0,1
2026-05-05 11:00:00,27.95,85.0,89.03,2.0,170.46,64.99,237.47,0,1
2026-05-05 12:00:00,27.33,80.3,92.0,2.0,170.63,64.3,237.47,1,1
2026-05-05 13:00:00,29.43,83.31,91.86,2.0,171.34,63.6,236.28,0,1
2026-05-05 14:00:00,29.96,83.74,91.49,2.0,169.85,64.02,240.95,0,1
2026-05-05 15:00:00,28.97,80.68,92.0,2.0,169.89,63.58,240.06,1,1
2026-05-05 16:00:00,28.39,82.27,91.09,2.0,168.22,62.14,244.68,0,1
2026-05-05 17:00:00,28.3,80.48,90.6,2.0,164.23,62.94,243.01,0,1
2026-05-05 18:00:00,27.67,84.77,90.06,2.0,166.06,61.33,247.39,0,1
2026-05-05 19:00:00,26.29,85.0,89.95,2.0,163.31,60.39,248.03,0,1
2026-05-05 20:00:00,26.33,85.0,90.15,2.0,163.57,58.97,248.79,0,1
2026-05-05 21:00:00,26.9,85.0,89.88,2.0,164.23,59.25,246.82,0,1
2026-05-05 22:00:00,26.19,82.81,89.54,2.0,164.85,59.5,247.67,0,1
2026-05-05 23:00:00,25.55,80.7,89.5,2.0,164.34,61.3,251.27,0,1
2026-05-06 00:00:00,24.06,81.1,88.76,2.0,164.86,62.14,250.1,0,1
2026-05-06 01:00:00,24.43,82.19,88.48,2.0,165.71,63.44,248.49,0,1
2026-05-06 02:00:00,22.37,83.04,88.24,2.0,167.01,63.65,247.2,0,1
2026-05-06 03:00:00,24.32,84.65,87.76,2.0,170.05,62.72,250.64,0,1
2026-05-06 04:00:00,25.39,82.77,87.87,2.0,170.27,62.82,252.0,0,1
2026-05-06 05:00:00,22.93,85.0,87.35,2.0,170.17,63.33,254.77,0,1
2026-05-06 06:00:00,24.18,84.47,92.0,2.0,168.33,63.92,254.56,1,1
2026-05-06 07:00:00,25.7,84.97,91.88,2.0,168.98,63.44,253.68,0,1
2026-05-06 08:00:00,27.38,85.0,91.7,2.0,170.03,63.83,253.81,0,1
2026-05-06 09:00:00,26.75,82.29,91.12,2.0,169.48,62.94,255.54,0,1
2026-05-06 10:00:00,27.38,85.0,90.81,2.0,170.28,61.97,253.9,0,1
2026-05-06 11:00:00,26.92,84.79,90.44,2.0,169.54,60.97,256.37,0,1
2026-05-06 12:00:00,29.24,84.07,92.0,2.0,170.57,61.02,256.22,1,1
2026-05-06 13:00:00,31.14,85.0,91.06,2.0,171.99,59.99,249.14,0,1
2026-05-06 14:00:00,29.49,85.0,90.03,2.0,173.33,59.67,250.65,0,1
2026-05-06 15:00:00,29.06,82.73,92.0,2.0,173.2,60.55,246.68,1,1
2026-05-06 16:00:00,29.09,84.42,91.24,2.0,171.0,59.67,248.25,0,1
2026-05-06 17:00:00,28.43,85.0,90.92,2.0,169.66,59.29,249.84,0,1
2026-05-06 18:00:00,27.27,84.25,90.56,2.0,170.55,59.43,249.92,0,1
2026-05-06 19:00:00,28.24,85.0,90.29,2.0,174.73,59.73,250.53,0,1
2026-05-06 20:00:00,27.17,85.0,89.73,2.0,173.73,59.35,252.5,0,1
2026-05-06 21:00:00,26.44,85.0,89.68,2.0,174.2,60.14,250.39,0,1
2026-05-06 22:00:00,25.02,81.56,89.16,2.0,172.83,60.72,251.6,0,1
2026-05-06 23:00:00,26.57,84.68,88.72,2.0,170.77,61.79,253.68,0,1
2026-05-07 00:00:00,25.56,82.97,88.22,2.0,169.32,61.72,257.15,0,1
2026-05-07 01:00:00,24.1,85.0,87.98,2.0,165.4,61.27,253.28,0,1
2026-05-07 02:00:00,25.23,81.43,88.12,2.0,167.82,60.68,253.38,0,1
2026-05-07 03:00:00,23.71,85.0,87.91,2.0,163.69,60.99,250.06,0,1
2026-05-07 04:00:00,23.4,83.61,87.58,2.0,163.27,60.68,246.8,0,1
2026-05-07 05:00:00,23.57,83.38,86.91,2.0,161.22,60.21,247.11,0,1
2026-05-07 06:00:00,23.11,81.79,92.0,2.0,159.78,59.86,246.69,1,1
2026-05-07 07:00:00,25.82,83.93,91.56,2.0,162.46,59.31,248.97,0,1
2026-05-07 08:00:00,24.6,85.0,91.02,2.0,162.93,59.57,247.41,0,1
2026-05-07 09:00:00,26.05,84.83,90.34,2.0,161.27,58.37,246.45,0,1
2026-05-07 10:00:00,26.13,85.0,90.02,2.0,160.36,58.75,246.41,0,1
2026-05-07 11:00:00,28.61,85.0,89.38,2.0,159.17,59.46,243.68,0,1
2026-05-07 12:00:00,29.01,85.0,92.0,2.0,159.32,59.01,241.44,1,1
2026-05-07 13:00:00,29.01,83.57,91.55,2.0,159.86,60.83,243.91,0,1
2026-05-07 14:00:00,28.3,85.0,91.59,2.0,163.48,60.88,242.09,0,1
2026-05-07 15:00:00,28.02,83.61,92.0,2.0,160.09,59.51,244.69,1,1
2026-05-07 16:00:00,29.22,83.71,91.38,2.0,160.22,59.33,245.73,0,1
2026-05-07 17:00:00,27.94,81.49,90.79,2.0,159.85,59.47,241.32,0,1
2026-05-07 18:00:00,28.28,85.0,90.04,2.0,161.76,59.95,242.33,0,1
2026-05-07 19:00:00,26.71,84.02,89.54,2.0,162.52,59.78,243.27,0,1
2026-05-07 20:00:00,27.13,85.0,89.16,2.0,163.69,58.93,243.91,0,1
2026-05-07 21:00:00,27.6,82.63,88.72,2.0,164.36,58.04,243.11,0,1
2026-05-07 22:00:00,26.42,85.0,88.7,2.0,162.71,57.57,240.36,0,1
2026-05-07 23:00:00,25.03,83.27,88.18,2.0,164.98,57.2,243.46,0,1
2026-05-08 00:00:00,25.19,84.66,88.37,2.0,166.42,56.33,242.78,0,1
2026-05-08 01:00:00,24.38,85.0,88.39,2.0,168.01,55.84,240.18,0,1
2026-05-08 02:00:00,24.33,85.0,88.19,2.0,170.16,56.61,241.07,0,1
2026-05-08 03:00:00,23.86,84.95,87.98,2.0,170.71,58.26,238.91,0,1
2026-05-08 04:00:00,23.95,81.11,87.61,2.0,173.15,59.05,236.34,0,1
2026-05-08 05:00:00,24.45,85.0,87.49,2.0,173.5,60.32,235.33,0,1
2026-05-08 06:00:00,23.81,85.0,92.0,2.0,172.77,61.24,233.65,1,1
2026-05-08 07:00:00,24.49,85.0,91.58,2.0,172.44,62.01,231.44,0,1
2026-05-08 08:00:00,25.0,83.26,90.55,2.0,172.1,61.71,233.63,0,1
2026-05-08 09:00:00,25.71,84.63,90.19,2.0,170.88,61.85,233.42,0,1
2026-05-08 10:00:00,26.9,83.65,89.7,2.0,173.59,61.47,236.63,0,1
2026-05-08 11:00:00,28.84,85.0,88.77,2.0,173.78,61.29,234.41,0,1
2026-05-08 12:00:00,28.34,85.0,92.0,2.0,173.6,61.37,230.12,1,1
2026-05-08 13:00:00,29.76,83.07,91.14,2.0,173.95,62.03,230.74,0,1
2026-05-08 14:00:00,29.27,83.77,90.33,2.0,178.96,62.41,235.59,0,1
2026-05-08 15:00:00,27.3,85.0,92.0,2.0,176.36,62.26,236.89,1,1
2026-05-08 16:00:00,29.39,85.0,91.32,2.0,174.39,62.3,244.83,0,1
2026-05-08 17:00:00,29.17,85.0,90.53,2.0,171.53,62.68,245.17,0,1
2026-05-08 18:00:00,27.11,85.0,89.72,2.0,170.85,63.26,245.25,0,1
2026-05-08 19:00:00,27.88,84.31,89.43,2.0,171.05,61.86,239.35,0,1
2026-05-08 20:00:00,26.2,80.3,89.28,2.0,169.97,60.89,240.2,0,1
2026-05-08 21:00:00,26.52,85.0,88.97,2.0,168.8,61.92,240.36,0,1
2026-05-08 22:00:00,24.76,84.93,89.11,2.0,168.91,61.87,239.08,0,1
2026-05-08 23:00:00,23.79,85.0,89.06,2.0,167.85,61.49,238.53,0,1
2026-05-09 00:00:00,24.62,85.0,88.37,2.0,168.29,61.27,238.18,0,1
2026-05-09 01:00:00,24.49,82.06,88.33,2.0,170.17,61.05,237.57,0,1
2026-05-09 02:00:00,23.97,85.0,88.3,2.0,171.18,61.58,242.67,0,1
2026-05-09 03:00:00,23.09,85.0,87.97,2.0,172.52,60.6,241.36,0,1
2026-05-09 04:00:00,23.74,85.0,87.32,2.0,174.17,60.66,241.47,0,1
2026-05-09 05:00:00,24.5,85.0,87.11,2.0,174.31,60.92,240.13,0,1
2026-05-09 06:00:00,24.67,85.0,92.0,2.0,173.65,61.31,241.83,1,1
2026-05-09 07:00:00,25.56,84.05,91.45,2.0,171.92,61.53,241.93,0,1
2026-05-09 08:00:00,25.65,84.76,90.45,2.0,170.94,62.01,240.89,0,1
2026-05-09 09:00:00,28.21,85.0,89.83,2.0,169.76,61.5,235.78,0,1
2026-05-09 10:00:00,26.94,85.0,89.18,2.0,170.88,60.66,236.35,0,1
2026-05-09 11:00:00,29.13,85.0,88.45,2.0,171.27,62.92,235.51,0,1
2026-05-09 12:00:00,30.21,85.0,92.0,2.0,172.28,62.62,235.33,1,1
2026-05-09 13:00:00,29.73,85.0,91.07,2.0,169.9,62.43,232.36,0,1
2026-05-09 14:00:00,29.06,85.0,90.34,2.0,172.28,63.03,236.07,0,1
2026-05-09 15:00:00,28.6,84.98,92.0,2.0,171.22,64.44,238.16,1,1
2026-05-09 16:00:00,29.74,80.3,91.29,2.0,168.99,63.87,241.58,0,1
2026-05-09 17:00:00,27.16,85.0,90.21,2.0,168.04,62.92,244.12,0,1
2026-05-09 18:00:00,27.13,83.66,89.48,2.0,172.39,61.77,245.14,0,1
2026-05-09 19:00:00,27.15,83.11,88.95,2.0,171.4,63.21,241.78,0,1
2026-05-09 20:00:00,28.09,84.01,88.81,2.0,170.55,62.24,246.05,0,1
2026-05-09 21:00:00,26.77,83.93,88.7,2.0,169.99,62.21,243.18,0,1
2026-05-09 22:00:00,25.03,85.0,87.99,2.0,169.52,61.32,242.1,0,1
2026-05-09 23:00:00,25.12,81.52,88.01,2.0,167.93,60.04,243.51,0,1
2026-05-10 00:00:00,24.41,82.6,87.47,2.0,168.07,59.84,244.98,0,1
2026-05-10 01:00:00,23.96,85.0,87.74,2.0,169.89,59.06,245.91,0,1
2026-05-10 02:00:00,25.21,85.0,87.52,2.0,170.26,58.52,244.36,0,1
2026-05-10 03:00:00,22.92,85.0,86.94,2.0,168.05,60.43,242.38,0,1
2026-05-10 04:00:00,25.55,83.27,86.39,2.0,167.3,60.86,248.34,0,1
2026-05-10 05:00:00,25.0,82.84,86.29,2.0,166.22,61.73,247.58,0,1
2026-05-10 06:00:00,25.69,83.86,92.0,2.0,166.27,62.48,246.54,1,1
2026-05-10 07:00:00,24.98,85.0,91.76,2.0,168.61,62.38,244.18,0,1
2026-05-10 08:00:00,26.11,85.0,91.67,2.0,168.2,61.97,244.34,0,1
2026-05-10 09:00:00,25.86,80.38,90.89,2.0,167.91,62.2,244.36,0,1
2026-05-10 10:00:00,27.53,84.36,90.32,2.0,170.99,62.34,243.86,0,1
2026-05-10 11:00:00,29.14,81.89,90.15,2.0,172.33,61.82,244.37,0,1
2026-05-10 12:00:00,30.31,81.17,92.0,2.0,173.07,61.94,248.31,1,1
2026-05-10 13:00:00,28.3,85.0,90.93,2.0,176.27,61.31,246.15,0,1
2026-05-10 14:00:00,28.91,85.0,90.48,2.0,176.7,61.18,245.7,0,1
2026-05-10 15:00:00,28.94,85.0,92.0,2.0,172.66,60.9,243.55,1,1
2026-05-10 16:00:00,27.55,85.0,91.84,2.0,173.85,59.79,243.86,0,1
2026-05-10 17:00:00,28.97,83.78,90.99,2.0,170.63,57.74,241.99,0,1
2026-05-10 18:00:00,27.35,83.9,91.3,2.0,171.22,57.02,240.33,0,1
2026-05-10 19:00:00,27.33,85.0,91.53,2.0,167.89,58.8,236.42,0,1
2026-05-10 20:00:00,26.57,84.35,91.08,2.0,166.93,58.61,236.59,0,1
2026-05-10 21:00:00,25.72,85.0,90.87,2.0,166.2,59.41,237.58,0,1
2026-05-10 22:00:00,25.89,84.94,90.89,2.0,164.77,57.58,242.11,0,1
2026-05-10 23:00:00,25.21,80.88,90.92,2.0,164.15,56.8,242.93,0,1
2026-05-11 00:00:00,24.63,80.47,90.84,2.0,166.04,55.74,241.4,0,1
2026-05-11 01:00:00,23.94,83.71,91.01,2.0,164.71,55.75,237.69,0,1
2026-05-11 02:00:00,24.61,85.0,90.77,2.0,165.71,58.11,234.5,0,1
2026-05-11 03:00:00,25.65,85.0,90.45,2.0,163.94,58.64,231.28,0,1
2026-05-11 04:00:00,24.23,85.0,90.14,2.0,163.64,60.27,236.16,0,1
2026-05-11 05:00:00,25.15,82.82,90.19,2.0,164.28,60.09,236.83,0,1
2026-05-11 06:00:00,23.46,85.0,92.0,2.0,162.51,61.38,235.28,1,1
2026-05-11 07:00:00,25.54,82.83,91.88,2.0,160.25,63.26,232.86,0,1
2026-05-11 08:00:00,25.26,85.0,91.55,2.0,161.33,63.13,230.83,0,1
2026-05-11 09:00:00,25.82,84.86,90.36,2.0,163.5,62.61,229.52,0,1
2026-05-11 10:00:00,27.33,84.47,89.86,2.0,163.41,61.4,233.08,0,1
2026-05-11 11:00:00,29.76,85.0,89.33,2.0,162.65,61.14,233.1,0,1
2026-05-11 12:00:00,30.0,83.25,92.0,2.0,163.03,61.24,229.58,1,1
2026-05-11 13:00:00,29.52,81.83,90.94,2.0,163.21,63.09,235.63,0,1
2026-05-11 14:00:00,27.86,84.85,90.82,2.0,163.72,61.9,232.74,0,1
2026-05-11 15:00:00,28.9,83.93,92.0,2.0,159.22,61.95,231.38,1,1
2026-05-11 16:00:00,29.07,85.0,91.55,2.0,157.52,60.32,234.84,0,1
2026-05-11 17:00:00,28.6,85.0,91.46,2.0,156.3,59.99,235.88,0,1
2026-05-11 18:00:00,26.34,83.95,91.05,2.0,156.92,60.33,234.66,0,1
2026-05-11 19:00:00,26.7,82.55,90.96,2.0,157.58,60.84,231.6,0,1
2026-05-11 20:00:00,26.91,80.75,90.82,2.0,159.02,61.4,229.35,0,1
2026-05-11 21:00:00,26.91,82.65,90.46,2.0,159.72,61.78,227.37,0,1
2026-05-11 22:00:00,23.92,85.0,90.25,2.0,157.59,62.31,227.77,0,1
2026-05-11 23:00:00,25.25,85.0,89.83,2.0,160.49,62.34,228.61,0,1
2026-05-12 00:00:00,25.09,85.0,89.61,2.0,162.96,61.39,228.56,0,1
2026-05-12 01:00:00,25.36,85.0,88.7,2.0,160.78,59.74,228.78,0,1
2026-05-12 02:00:00,24.95,84.28,88.62,2.0,161.55,59.32,226.46,0,1
2026-05-12 03:00:00,24.68,85.0,88.38,2.0,160.61,59.27,227.62,0,1
2026-05-12 04:00:00,23.38,83.86,88.07,2.0,161.04,60.48,231.19,0,1
2026-05-12 05:00:00,22.54,85.0,87.94,2.0,163.09,60.44,230.98,0,1
2026-05-12 06:00:00,24.35,84.56,92.0,2.0,167.0,60.31,230.72,1,1
2026-05-12 07:00:00,26.3,84.76,92.0,2.0,168.28,60.71,231.14,0,1
2026-05-12 08:00:00,27.5,80.3,91.38,2.0,168.68,60.5,234.13,0,1
2026-05-12 09:00:00,27.79,84.45,90.75,2.0,167.92,61.28,231.94,0,1
2026-05-12 10:00:00,28.39,85.0,89.87,2.0,168.13,63.08,235.72,0,1
2026-05-12 11:00:00,29.03,82.47,89.28,2.0,170.45,65.02,236.74,0,1
2026-05-12 12:00:00,28.64,83.15,92.0,2.0,170.15,65.02,236.72,1,1
2026-05-12 13:00:00,29.18,85.0,91.71,2.0,168.35,65.23,239.67,0,1
2026-05-12 14:00:00,30.75,81.55,91.36,2.0,165.3,66.55,236.48,0,1
2026-05-12 15:00:00,28.23,85.0,92.0,2.0,166.21,66.28,237.71,1,1
2026-05-12 16:00:00,30.26,83.65,91.29,2.0,166.61,66.76,238.65,0,1
2026-05-12 17:00:00,28.15,83.98,90.26,2.0,165.38,65.6,236.13,0,1
2026-05-12 18:00:00,29.19,82.38,89.6,2.0,167.21,65.21,237.23,0,1
2026-05-12 19:00:00,26.24,85.0,89.32,2.0,166.37,66.16,237.82,0,1
2026-05-12 20:00:00,27.5,85.0,89.43,2.0,166.07,65.39,237.23,0,1
2026-05-12 21:00:00,25.77,85.0,89.31,2.0,166.0,65.17,239.28,0,1
2026-05-12 22:00:00,24.62,83.03,89.59,2.0,165.33,63.66,237.64,0,1
2026-05-12 23:00:00,25.6,85.0,89.74,2.0,165.74,65.41,238.18,0,1
2026-05-13 00:00:00,25.87,84.27,89.39,2.0,167.78,66.45,237.69,0,1
2026-05-13 01:00:00,23.84,85.0,88.65,2.0,165.61,66.48,236.02,0,1
2026-05-13 02:00:00,22.98,85.0,88.86,2.0,166.47,66.8,237.23,0,1
2026-05-13 03:00:00,24.07,80.3,89.06,2.0,166.72,67.02,236.6,0,1
2026-05-13 04:00:00,24.02,82.79,88.45,2.0,166.93,68.11,232.83,0,1
2026-05-13 05:00:00,24.75,85.0,88.7,2.0,168.42,67.46,228.44,0,1
2026-05-13 06:00:00,25.56,85.0,92.0,2.0,168.37,67.96,230.74,1,1
2026-05-13 07:00:00,25.35,82.7,91.84,2.0,169.1,68.75,227.9,0,1
2026-05-13 08:00:00,27.92,83.52,91.74,2.0,170.22,69.64,228.96,0,1
2026-05-13 09:00:00,27.35,80.69,91.55,2.0,169.11,67.38,229.39,0,1
2026-05-13 10:00:00,27.69,84.66,91.16,2.0,169.48,66.68,228.75,0,1
2026-05-13 11:00:00,27.24,85.0,90.72,2.0,168.85,65.62,233.96,0,1
2026-05-13 12:00:00,28.91,85.0,92.0,2.0,168.46,65.64,234.46,1,1
2026-05-13 13:00:00,29.0,85.0,91.28,2.0,167.74,63.72,236.38,0,1
2026-05-13 14:00:00,30.11,85.0,90.66,2.0,168.48,61.83,237.02,0,1
2026-05-13 15:00:00,29.49,85.0,92.0,2.0,168.49,63.79,236.34,1,1
2026-05-13 16:00:00,27.74,85.0,91.31,2.0,169.06,64.29,236.22,0,1
2026-05-13 17:00:00,28.59,85.0,90.61,2.0,168.86,64.33,239.81,0,1
2026-05-13 18:00:00,28.6,84.44,89.82,2.0,165.82,64.59,242.29,0,1
2026-05-13 19:00:00,28.88,85.0,89.65,2.0,165.85,64.64,246.8,0,1
2026-05-13 20:00:00,27.77,85.0,89.34,2.0,165.93,65.46,246.77,0,1
2026-05-13 21:00:00,27.11,83.85,89.28,2.0,166.33,64.79,243.99,0,1
2026-05-13 22:00:00,25.95,83.34,88.58,2.0,165.2,64.87,242.44,0,1
2026-05-13 23:00:00,25.75,85.0,88.34,2.0,163.04,64.99,239.1,0,1
2026-05-14 00:00:00,26.08,85.0,88.17,2.0,164.25,63.96,240.81,0,1
2026-05-14 01:00:00,23.4,85.0,87.87,2.0,163.78,65.05,239.05,0,1
2026-05-14 02:00:00,24.01,81.86,87.61,2.0,164.14,64.56,231.21,0,1
2026-05-14 03:00:00,23.46,85.0,86.93,2.0,163.67,65.39,237.56,0,1
2026-05-14 04:00:00,24.44,83.59,86.84,2.0,163.71,65.4,236.01,0,1
2026-05-14 05:00:00,25.36,84.41,86.82,2.0,162.95,66.76,234.51,0,1
2026-05-14 06:00:00,24.17,82.99,92.0,2.0,161.29,65.68,238.72,1,1
2026-05-14 07:00:00,23.25,85.0,92.0,2.0,162.29,64.6,235.51,0,1
2026-05-14 08:00:00,25.88,85.0,91.48,2.0,161.32,63.7,238.33,0,1
2026-05-14 09:00:00,27.97,83.01,91.04,2.0,161.76,63.77,236.69,0,1
2026-05-14 10:00:00,28.48,85.0,90.49,2.0,162.63,65.11,233.3,0,1
2026-05-14 11:00:00,29.08,85.0,90.1,2.0,161.67,66.45,237.65,0,1
2026-05-14 12:00:00,28.89,84.39,92.0,2.0,159.63,64.24,239.82,1,1
2026-05-14 13:00:00,28.15,85.0,91.14,2.0,164.21,64.39,241.88,0,1
2026-05-14 14:00:00,29.71,82.99,91.02,2.0,163.3,61.43,242.46,0,1
2026-05-14 15:00:00,28.32,83.72,92.0,2.0,164.49,62.16,243.58,1,1
2026-05-14 16:00:00,30.77,80.4,91.35,2.0,168.0,63.16,240.07,0,1
2026-05-14 17:00:00,28.95,81.92,91.11,2.0,169.3,63.09,240.1,0,1
2026-05-14 18:00:00,27.48,85.0,90.49,2.0,168.59,63.14,237.52,0,1
2026-05-14 19:00:00,26.95,85.0,90.16,2.0,168.32,63.17,233.92,0,1
2026-05-14 20:00:00,26.89,85.0,89.99,2.0,166.69,62.43,235.0,0,1
2026-05-14 21:00:00,26.21,85.0,89.67,2.0,168.21,62.8,237.9,0,1
2026-05-14 22:00:00,26.9,84.58,89.47,2.0,169.1,62.57,236.8,0,1
2026-05-14 23:00:00,25.57,84.41,89.05,2.0,168.01,63.39,236.18,0,1
2026-05-15 00:00:00,24.3,85.0,89.18,2.0,166.01,63.25,233.27,0,1
2026-05-15 01:00:00,26.3,84.71,89.4,2.0,163.6,62.43,233.38,0,1
2026-05-15 02:00:00,24.37,84.52,89.15,2.0,165.43,61.04,235.36,0,1
2026-05-15 03:00:00,24.85,85.0,88.53,2.0,165.63,59.39,237.32,0,1
2026-05-15 04:00:00,23.55,85.0,88.17,2.0,165.99,60.65,238.57,0,1
2026-05-15 05:00:00,24.58,85.0,87.91,2.0,164.47,60.28,236.84,0,1
2026-05-15 06:00:00,24.99,85.0,92.0,2.0,161.86,60.63,235.12,1,1
2026-05-15 07:00:00,23.7,85.0,91.49,2.0,163.71,62.28,237.11,0,1
2026-05-15 08:00:00,28.06,82.78,90.67,2.0,163.84,61.77,239.03,0,1
2026-05-15 09:00:00,28.31,81.91,90.23,2.0,165.52,61.21,238.4,0,1
2026-05-15 10:00:00,27.64,85.0,89.93,2.0,164.8,61.11,237.16,0,1
2026-05-15 11:00:00,27.7,84.45,89.15,2.0,164.39,61.17,239.97,0,1
2026-05-15 12:00:00,29.46,85.0,92.0,2.0,165.69,62.89,238.83,1,1
2026-05-15 13:00:00,29.38,84.76,92.0,2.0,166.99,64.27,240.5,0,1
2026-05-15 14:00:00,29.56,85.0,91.64,2.0,168.34,64.76,239.88,0,1
2026-05-15 15:00:00,29.25,81.88,92.0,2.0,167.68,65.98,237.02,1,1
2026-05-15 16:00:00,29.26,80.44,91.66,2.0,168.68,65.7,240.95,0,1
2026-05-15 17:00:00,29.74,85.0,91.02,2.0,170.52,65.86,240.95,0,1
2026-05-15 18:00:00,28.51,84.02,90.69,2.0,170.12,65.48,238.88,0,1
2026-05-15 19:00:00,26.56,85.0,90.53,2.0,168.99,64.21,235.21,0,1
2026-05-15 20:00:00,28.2,85.0,90.34,2.0,171.24,65.23,231.97,0,1
2026-05-15 21:00:00,27.9,85.0,90.09,2.0,169.82,65.61,231.19,0,1
2026-05-15 22:00:00,28.73,81.62,89.44,2.0,170.76,65.52,236.19,0,1
2026-05-15 23:00:00,24.39,83.73,89.82,2.0,170.42,65.41,234.67,0,1
2026-05-16 00:00:00,25.18,85.0,89.33,2.0,166.89,63.95,238.31,0,1
2026-05-16 01:00:00,22.72,85.0,88.72,2.0,168.85,63.01,237.81,0,1
2026-05-16 02:00:00,24.82,85.0,88.45,2.0,163.73,63.28,234.72,0,1
2026-05-16 03:00:00,23.66,85.0,87.96,2.0,160.21,62.77,233.55,0,1
2026-05-16 04:00:00,25.83,84.88,87.73,2.0,161.35,62.55,230.42,0,1
2026-05-16 05:00:00,23.56,83.04,87.73,2.0,162.44,62.44,228.51,0,1
2026-05-16 06:00:00,23.19,83.74,92.0,2.0,161.4,61.81,226.62,1,1
2026-05-16 07:00:00,24.98,83.65,92.0,2.0,161.81,60.95,222.28,0,1
2026-05-16 08:00:00,24.47,85.0,91.34,2.0,157.38,59.53,226.7,0,1
2026-05-16 09:00:00,27.83,85.0,90.77,2.0,158.96,59.47,227.64,0,1
2026-05-16 10:00:00,26.14,81.94,90.31,2.0,159.65,60.1,226.29,0,1
2026-05-16 11:00:00,28.72,83.86,89.19,2.0,159.78,58.68,227.28,0,1
2026-05-16 12:00:00,27.27,85.0,92.0,2.0,160.03,58.76,225.58,1,1
2026-05-16 13:00:00,29.01,85.0,90.97,2.0,161.11,59.11,219.37,0,1
2026-05-16 14:00:00,30.72,85.0,90.97,2.0,161.22,58.3,227.55,0,1
2026-05-16 15:00:00,29.4,85.0,92.0,2.0,157.99,59.7,228.39,1,1
2026-05-16 16:00:00,28.03,85.0,91.35,2.0,162.23,59.42,227.25,0,1
2026-05-16 17:00:00,28.41,85.0,90.53,2.0,164.5,59.4,222.8,0,1
2026-05-16 18:00:00,28.02,84.0,89.75,2.0,162.21,59.34,219.68,0,1
2026-05-16 19:00:00,27.93,82.85,90.22,2.0,161.7,57.82,224.58,0,1
2026-05-16 20:00:00,25.74,85.0,90.29,2.0,161.4,58.86,228.86,0,1
2026-05-16 21:00:00,26.96,80.3,89.62,2.0,163.49,58.09,231.05,0,1
2026-05-16 22:00:00,23.46,84.53,89.87,2.0,159.66,57.99,228.46,0,1
2026-05-16 23:00:00,24.83,84.5,90.02,2.0,158.98,58.65,232.56,0,1
2026-05-17 00:00:00,24.52,81.97,89.73,2.0,156.05,60.07,233.81,0,1
2026-05-17 01:00:00,25.17,82.94,89.61,2.0,155.9,59.15,235.5,0,1
2026-05-17 02:00:00,24.35,85.0,89.4,2.0,155.41,58.84,236.59,0,1
2026-05-17 03:00:00,22.89,85.0,89.79,2.0,155.94,60.18,232.75,0,1
2026-05-17 04:00:00,23.21,85.0,89.35,2.0,155.21,60.65,229.86,0,1
2026-05-17 05:00:00,24.44,85.0,89.19,2.0,154.25,61.29,228.84,0,1
2026-05-17 06:00:00,24.64,85.0,92.0,2.0,155.8,60.37,230.76,1,1
2026-05-17 07:00:00,24.88,85.0,91.36,2.0,156.98,60.08,227.52,0,1
2026-05-17 08:00:00,25.82,85.0,91.45,2.0,158.3,59.98,227.46,0,1
2026-05-17 09:00:00,27.78,81.67,90.5,2.0,158.25,59.27,227.39,0,1
2026-05-17 10:00:00,27.53,85.0,89.98,2.0,157.49,57.85,229.76,0,1
2026-05-17 11:00:00,28.61,85.0,88.87,2.0,157.57,57.51,231.7,0,1
2026-05-17 12:00:00,31.1,83.51,92.0,2.0,158.77,58.86,229.34,1,1
2026-05-17 13:00:00,28.02,82.04,91.54,2.0,155.1,59.01,233.24,0,1
2026-05-17 14:00:00,27.58,85.0,90.7,2.0,156.21,60.34,230.42,0,1
2026-05-17 15:00:00,29.78,84.55,92.0,2.0,157.12,60.55,233.38,1,1
2026-05-17 16:00:00,28.19,85.0,91.33,2.0,157.54,59.9,232.09,0,1
2026-05-17 17:00:00,28.15,84.07,91.09,2.0,157.57,61.12,232.64,0,1
2026-05-17 18:00:00,27.3,83.01,90.91,2.0,153.25,61.33,233.33,0,1
2026-05-17 19:00:00,27.27,85.0,90.52,2.0,152.93,62.22,233.9,0,1
2026-05-17 20:00:00,28.41,85.0,90.33,2.0,156.63,61.25,235.64,0,1
2026-05-17 21:00:00,27.15,85.0,90.17,2.0,156.99,62.21,236.59,0,1
2026-05-17 22:00:00,26.67,85.0,90.15,2.0,156.76,63.17,238.47,0,1
2026-05-17 23:00:00,24.13,84.87,89.94,2.0,157.12,63.39,239.46,0,1
2026-05-18 00:00:00,23.92,85.0,89.8,2.0,158.07,62.62,236.07,0,1
2026-05-18 01:00:00,22.04,85.0,89.52,2.0,159.54,62.56,236.7,0,1
2026-05-18 02:00:00,23.6,85.0,89.35,2.0,159.34,63.1,235.2,0,1
2026-05-18 03:00:00,25.02,84.63,89.54,2.0,160.33,63.27,232.42,0,1
2026-05-18 04:00:00,24.57,85.0,89.52,2.0,163.54,63.78,231.82,0,1
2026-05-18 05:00:00,24.06,80.3,89.53,2.0,165.41,64.64,232.44,0,1
2026-05-18 06:00:00,24.69,85.0,92.0,2.0,169.6,63.97,233.19,1,1
2026-05-18 07:00:00,24.78,81.2,91.75,2.0,168.24,62.87,235.92,0,1
2026-05-18 08:00:00,26.43,83.54,91.26,2.0,171.12,62.81,239.14,0,1
2026-05-18 09:00:00,27.84,84.79,90.35,2.0,169.46,62.49,239.78,0,1
2026-05-18 10:00:00,26.55,84.53,90.15,2.0,169.91,63.19,240.83,0,1
2026-05-18 11:00:00,28.96,85.0,88.72,2.0,171.04,62.18,240.78,0,1
2026-05-18 12:00:00,29.98,82.48,92.0,2.0,169.88,63.1,242.41,1,1
2026-05-18 13:00:00,28.93,85.0,91.75,2.0,169.84,64.28,243.25,0,1
2026-05-18 14:00:00,29.87,83.53,90.74,2.0,171.28,64.21,242.71,0,1
2026-05-18 15:00:00,31.61,85.0,92.0,2.0,169.75,64.2,247.7,1,1
2026-05-18 16:00:00,28.71,84.68,91.2,2.0,172.57,63.44,245.7,0,1
2026-05-18 17:00:00,28.79,85.0,90.5,2.0,169.77,62.91,248.8,0,1
2026-05-18 18:00:00,27.34,83.64,90.19,2.0,173.07,62.52,244.73,0,1
2026-05-18 19:00:00,27.67,83.75,90.04,2.0,174.55,63.8,246.27,0,1
2026-05-18 20:00:00,27.39,85.0,89.22,2.0,174.01,63.68,249.3,0,1
2026-05-18 21:00:00,26.6,85.0,88.71,2.0,172.93,62.44,243.82,0,1
2026-05-18 22:00:00,24.98,83.61,88.8,2.0,171.7,62.66,243.72,0,1
2026-05-18 23:00:00,25.59,83.04,88.72,2.0,171.18,63.38,245.08,0,1
2026-05-19 00:00:00,26.28,85.0,89.04,2.0,170.85,63.32,245.2,0,1
2026-05-19 01:00:00,25.0,84.91,89.34,2.0,172.87,64.6,245.64,0,1
2026-05-19 02:00:00,25.19,85.0,89.03,2.0,176.1,65.22,245.45,0,1
2026-05-19 03:00:00,23.94,83.01,89.57,2.0,176.02,64.18,242.19,0,1
2026-05-19 04:00:00,24.77,81.09,89.37,2.0,174.05,63.62,247.75,0,1
2026-05-19 05:00:00,24.51,83.82,88.88,2.0,172.71,63.77,245.85,0,1
2026-05-19 06:00:00,23.85,83.29,92.0,2.0,172.07,62.22,246.4,1,1
2026-05-19 07:00:00,25.69,84.78,91.11,2.0,169.94,62.52,244.21,0,1
2026-05-19 08:00:00,25.36,83.52,91.02,2.0,167.62,60.92,238.06,0,1
2026-05-19 09:00:00,26.58,85.0,90.92,2.0,171.29,61.87,235.59,0,1
2026-05-19 10:00:00,28.17,84.22,90.03,2.0,171.58,62.69,231.95,0,1
2026-05-19 11:00:00,28.96,85.0,89.36,2.0,169.82,63.12,234.83,0,1
2026-05-19 12:00:00,28.07,85.0,92.0,2.0,171.09,62.48,233.32,1,1
2026-05-19 13:00:00,30.25,85.0,91.11,2.0,168.73,62.62,232.12,0,1
2026-05-19 14:00:00,29.76,84.75,89.98,2.0,166.61,62.14,229.6,0,1
2026-05-19 15:00:00,28.44,85.0,92.0,2.0,165.1,61.21,230.11,1,1
2026-05-19 16:00:00,27.42,83.07,91.32,2.0,168.07,60.93,228.56,0,1
2026-05-19 17:00:00,28.31,85.0,90.61,2.0,167.49,61.59,231.36,0,1
2026-05-19 18:00:00,27.6,84.33,90.09,2.0,163.0,61.64,232.3,0,1
2026-05-19 19:00:00,27.61,81.98,90.31,2.0,165.26,62.96,231.0,0,1
2026-05-19 20:00:00,26.64,85.0,90.0,2.0,164.69,63.62,233.33,0,1
2026-05-19 21:00:00,24.62,83.04,89.85,2.0,161.38,64.16,233.43,0,1
2026-05-19 22:00:00,25.55,85.0,89.86,2.0,160.95,62.65,233.57,0,1
2026-05-19 23:00:00,25.12,85.0,89.82,2.0,162.05,62.37,229.98,0,1
2026-05-20 00:00:00,25.53,83.24,89.42,2.0,162.9,61.4,230.05,0,1
2026-05-20 01:00:00,23.97,85.0,89.25,2.0,166.22,61.26,231.11,0,1
2026-05-20 02:00:00,25.84,81.13,89.2,2.0,164.64,60.65,234.63,0,1
2026-05-20 03:00:00,22.44,85.0,88.66,2.0,164.73,60.36,232.77,0,1
2026-05-20 04:00:00,25.28,83.05,88.83,2.0,163.49,61.36,238.58,0,1
2026-05-20 05:00:00,24.05,83.62,89.06,2.0,160.77,61.81,239.79,0,1
2026-05-20 06:00:00,25.48,82.55,92.0,2.0,162.53,62.72,235.75,1,1
2026-05-20 07:00:00,25.47,85.0,91.85,2.0,163.47,61.26,233.6,0,1
2026-05-20 08:00:00,27.27,85.0,91.46,2.0,164.04,61.33,237.23,0,1
2026-05-20 09:00:00,26.8,84.93,90.71,2.0,164.84,62.22,240.22,0,1
2026-05-20 10:00:00,27.01,82.95,90.27,2.0,163.62,63.57,240.01,0,1
2026-05-20 11:00:00,29.97,85.0,89.72,2.0,161.86,62.13,240.13,0,1
2026-05-20 12:00:00,29.04,83.16,92.0,2.0,162.06,61.81,236.96,1,1
2026-05-20 13:00:00,29.5,80.3,91.54,2.0,164.26,62.75,240.17,0,1
2026-05-20 14:00:00,30.35,85.0,90.6,2.0,167.19,62.55,237.44,0,1
2026-05-20 15:00:00,28.15,82.38,92.0,2.0,168.53,61.71,239.43,1,1
2026-05-20 16:00:00,29.34,85.0,91.2,2.0,168.44,60.33,242.59,0,1
2026-05-20 17:00:00,27.91,83.99,90.56,2.0,168.79,59.52,242.33,0,1
2026-05-20 18:00:00,27.88,85.0,90.39,2.0,168.66,58.08,244.38,0,1
2026-05-20 19:00:00,27.57,85.0,90.32,2.0,166.67,58.25,248.53,0,1
2026-05-20 20:00:00,25.62,82.23,89.79,2.0,166.64,59.17,248.53,0,1
2026-05-20 21:00:00,25.73,83.67,89.28,2.0,164.18,58.12,247.41,0,1
2026-05-20 22:00:00,27.11,84.76,88.88,2.0,163.99,58.47,246.62,0,1
2026-05-20 23:00:00,26.2,85.0,88.79,2.0,166.97,59.33,244.18,0,1
2026-05-21 00:00:00,24.9,83.52,88.69,2.0,168.37,59.41,241.81,0,1
2026-05-21 01:00:00,24.82,83.67,88.23,2.0,166.58,58.04,242.58,0,1
2026-05-21 02:00:00,24.06,85.0,87.68,2.0,166.38,58.51,241.79,0,1
2026-05-21 03:00:00,25.38,83.73,87.55,2.0,164.83,58.56,242.27,0,1
2026-05-21 04:00:00,23.92,85.0,87.29,2.0,164.72,58.52,238.18,0,1
2026-05-21 05:00:00,24.47,81.58,87.74,2.0,166.61,58.14,237.79,0,1
2026-05-21 06:00:00,25.74,85.0,92.0,2.0,167.72,58.33,240.22,1,1
2026-05-21 07:00:00,24.7,81.99,92.0,2.0,172.08,58.9,237.17,0,1
2026-05-21 08:00:00,27.65,84.21,91.06,2.0,173.94,61.14,237.1,0,1
2026-05-21 09:00:00,25.77,84.81,90.01,2.0,173.95,61.27,232.36,0,1
2026-05-21 10:00:00,29.47,85.0,89.08,2.0,174.81,62.65,229.23,0,1
2026-05-21 11:00:00,28.36,81.91,88.84,2.0,174.06,62.95,231.53,0,1
2026-05-21 12:00:00,28.92,85.0,92.0,2.0,171.66,62.84,230.93,1,1
2026-05-21 13:00:00,27.6,85.0,91.18,2.0,173.75,62.94,235.69,0,1
2026-05-21 14:00:00,28.83,85.0,90.45,2.0,175.21,61.82,236.74,0,1
2026-05-21 15:00:00,28.14,82.64,92.0,2.0,174.37,62.1,237.98,1,1
2026-05-21 16:00:00,28.26,85.0,90.87,2.0,174.49,60.3,235.14,0,1
2026-05-21 17:00:00,28.32,83.24,90.49,2.0,176.34,59.58,234.17,0,1
2026-05-21 18:00:00,28.86,85.0,89.96,2.0,177.41,59.75,232.38,0,1
2026-05-21 19:00:00,27.69,82.73,89.75,2.0,174.28,60.89,229.85,0,1
2026-05-21 20:00:00,27.25,84.64,89.12,2.0,174.35,62.21,231.76,0,1
2026-05-21 21:00:00,25.44,83.69,89.4,2.0,173.68,61.99,234.09,0,1
2026-05-21 22:00:00,25.1,82.76,89.04,2.0,175.33,62.13,235.13,0,1
2026-05-21 23:00:00,27.02,85.0,88.99,2.0,176.77,63.01,233.05,0,1
2026-05-22 00:00:00,24.3,85.0,88.35,2.0,178.68,61.79,233.98,0,1
2026-05-22 01:00:00,26.09,85.0,88.08,2.0,176.12,62.16,229.25,0,1
2026-05-22 02:00:00,24.11,81.08,87.96,2.0,174.26,61.41,232.84,0,1
2026-05-22 03:00:00,24.16,85.0,87.86,2.0,175.9,61.27,229.7,0,1
2026-05-22 04:00:00,25.06,85.0,87.7,2.0,174.4,60.88,227.17,0,1
2026-05-22 05:00:00,25.4,84.0,87.64,2.0,171.28,61.31,227.85,0,1
2026-05-22 06:00:00,24.61,85.0,92.0,2.0,171.99,61.82,228.72,1,1
2026-05-22 07:00:00,25.05,84.37,91.85,2.0,170.72,62.63,228.85,0,1
2026-05-22 08:00:00,26.2,81.9,91.31,2.0,173.72,62.92,226.38,0,1
2026-05-22 09:00:00,27.46,84.21,90.79,2.0,173.9,63.05,229.64,0,1
2026-05-22 10:00:00,28.8,85.0,90.22,2.0,173.83,64.69,225.7,0,1
2026-05-22 11:00:00,28.7,82.98,89.24,2.0,172.82,63.23,222.45,0,1
2026-05-22 12:00:00,29.7,83.49,92.0,2.0,175.37,64.72,222.81,1,1
2026-05-22 13:00:00,30.77,85.0,90.73,2.0,175.6,64.38,220.26,0,1
2026-05-22 14:00:00,29.59,84.81,90.37,2.0,174.44,64.82,224.06,0,1
2026-05-22 15:00:00,29.36,85.0,92.0,2.0,172.63,64.45,221.66,1,1
2026-05-22 16:00:00,27.44,85.0,91.67,2.0,172.19,63.74,226.22,0,1
2026-05-22 17:00:00,26.07,85.0,91.18,2.0,170.15,64.12,229.24,0,1
2026-05-22 18:00:00,28.35,83.9,89.95,2.0,171.79,65.0,232.62,0,1
2026-05-22 19:00:00,27.42,85.0,89.43,2.0,168.27,65.33,237.46,0,1
2026-05-22 20:00:00,26.51,82.85,89.27,2.0,167.88,64.75,237.54,0,1
2026-05-22 21:00:00,26.65,85.0,89.1,2.0,168.87,67.91,234.88,0,1
2026-05-22 22:00:00,25.84,83.54,88.82,2.0,169.33,68.82,234.63,0,1
2026-05-22 23:00:00,26.42,85.0,88.72,2.0,167.86,69.45,233.23,0,1
2026-05-23 00:00:00,25.04,84.45,88.52,2.0,168.94,68.91,231.54,0,1
2026-05-23 01:00:00,23.92,85.0,88.35,2.0,167.19,68.14,232.09,0,1
2026-05-23 02:00:00,25.22,83.9,87.95,2.0,167.06,67.7,231.46,0,1
2026-05-23 03:00:00,23.96,82.76,88.04,2.0,168.15,68.51,229.76,0,1
2026-05-23 04:00:00,24.57,81.16,87.71,2.0,168.86,67.42,229.41,0,1
2026-05-23 05:00:00,23.83,82.67,87.1,2.0,167.49,66.29,231.06,0,1
2026-05-23 06:00:00,24.12,84.26,92.0,2.0,169.54,66.65,233.65,1,1
2026-05-23 07:00:00,25.48,85.0,91.69,2.0,169.52,66.8,229.71,0,1
2026-05-23 08:00:00,26.26,85.0,91.41,2.0,170.67,65.96,229.21,0,1
2026-05-23 09:00:00,27.58,83.9,90.81,2.0,173.2,64.86,229.15,0,1
2026-05-23 10:00:00,27.76,82.91,90.16,2.0,174.88,66.07,226.48,0,1
2026-05-23 11:00:00,27.04,81.65,89.21,2.0,176.5,66.27,226.61,0,1
2026-05-23 12:00:00,28.75,85.0,92.0,2.0,176.39,64.91,227.4,1,1
2026-05-23 13:00:00,30.01,85.0,91.2,2.0,177.36,63.66,229.08,0,1
2026-05-23 14:00:00,28.98,85.0,90.58,2.0,177.25,63.29,229.57,0,1
2026-05-23 15:00:00,28.85,85.0,92.0,2.0,174.59,63.91,227.64,1,1
2026-05-23 16:00:00,29.69,85.0,91.55,2.0,174.75,64.39,233.03,0,1
2026-05-23 17:00:00,27.8,85.0,90.48,2.0,174.82,65.33,235.21,0,1
2026-05-23 18:00:00,26.61,85.0,89.36,2.0,175.48,63.89,236.58,0,1
2026-05-23 19:00:00,27.36,85.0,89.13,2.0,174.83,64.04,239.01,0,1
2026-05-23 20:00:00,26.54,84.18,88.56,2.0,173.06,65.26,239.42,0,1
2026-05-23 21:00:00,25.56,81.91,88.54,2.0,173.92,66.36,242.42,0,1
2026-05-23 22:00:00,25.74,83.43,88.35,2.0,171.2,66.55,242.19,0,1
2026-05-23 23:00:00,25.84,84.93,88.19,2.0,173.58,68.53,241.83,0,1
2026-05-24 00:00:00,24.95,85.0,87.77,2.0,172.82,68.88,243.08,0,1
2026-05-24 01:00:00,24.87,85.0,88.08,2.0,172.95,69.61,246.62,0,1
2026-05-24 02:00:00,25.96,85.0,88.73,2.0,173.64,69.43,249.82,0,1
2026-05-24 03:00:00,23.85,85.0,88.44,2.0,174.35,68.5,250.56,0,1
2026-05-24 04:00:00,24.35,84.04,88.34,2.0,171.44,67.52,251.07,0,1
2026-05-24 05:00:00,23.8,84.31,88.16,2.0,172.67,67.51,252.01,0,1
2026-05-24 06:00:00,23.95,82.05,92.0,2.0,172.91,67.16,253.62,1,1
2026-05-24 07:00:00,24.87,83.32,91.54,2.0,171.45,65.41,255.94,0,1
2026-05-24 08:00:00,25.82,85.0,90.64,2.0,169.84,64.39,254.3,0,1
2026-05-24 09:00:00,27.48,84.9,89.72,2.0,169.05,64.03,256.63,0,1
2026-05-24 10:00:00,30.11,85.0,89.23,2.0,166.55,64.62,256.4,0,1
2026-05-24 11:00:00,28.05,85.0,88.49,2.0,169.59,64.53,256.96,0,1
2026-05-24 12:00:00,28.77,84.03,92.0,2.0,172.08,64.39,259.32,1,1
2026-05-24 13:00:00,29.24,85.0,91.54,2.0,172.61,63.43,259.97,0,1
2026-05-24 14:00:00,29.6,84.6,90.92,2.0,171.9,63.41,261.01,0,1
2026-05-24 15:00:00,29.31,85.0,92.0,2.0,171.27,64.55,258.74,1,1
2026-05-24 16:00:00,29.96,83.94,91.51,2.0,172.38,64.62,261.3,0,1
2026-05-24 17:00:00,26.26,85.0,90.49,2.0,175.25,63.18,261.72,0,1
2026-05-24 18:00:00,25.85,85.0,89.24,2.0,173.82,62.02,260.7,0,1
2026-05-24 19:00:00,27.06,85.0,88.82,2.0,171.45,62.55,262.17,0,1
2026-05-24 20:00:00,27.96,80.3,88.41,2.0,173.98,62.33,267.28,0,1
2026-05-24 21:00:00,25.02,84.95,88.49,2.0,170.4,62.25,262.74,0,1
2026-05-24 22:00:00,23.19,85.0,88.28,2.0,168.37,61.69,259.35,0,1
2026-05-24 23:00:00,25.91,85.0,88.41,2.0,167.79,62.16,264.84,0,1
2026-05-25 00:00:00,25.18,85.0,87.81,2.0,164.87,61.88,264.42,0,1
2026-05-25 01:00:00,23.62,81.19,87.9,2.0,166.88,61.72,263.42,0,1
2026-05-25 02:00:00,23.44,83.41,87.91,2.0,168.35,60.96,261.71,0,1
2026-05-25 03:00:00,23.28,85.0,87.1,2.0,167.18,61.82,263.4,0,1
2026-05-25 04:00:00,24.2,85.0,87.29,2.0,169.39,61.63,268.51,0,1
2026-05-25 05:00:00,23.69,85.0,87.11,2.0,171.83,62.18,265.17,0,1
2026-05-25 06:00:00,25.15,84.66,92.0,2.0,171.35,61.1,263.42,1,1
2026-05-25 07:00:00,22.83,85.0,91.54,2.0,170.28,62.69,261.12,0,1
2026-05-25 08:00:00,25.48,84.95,91.35,2.0,174.14,63.82,261.65,0,1
2026-05-25 09:00:00,26.14,82.71,90.42,2.0,175.07,62.05,263.37,0,1
2026-05-25 10:00:00,27.77,80.3,90.08,2.0,175.13,61.32,266.0,0,1
2026-05-25 11:00:00,28.21,85.0,89.73,2.0,177.18,61.77,266.37,0,1
2026-05-25 12:00:00,29.86,85.0,92.0,2.0,177.24,60.59,271.1,1,1
2026-05-25 13:00:00,27.63,83.44,92.0,2.0,175.84,60.52,267.86,0,1
2026-05-25 14:00:00,29.28,81.24,91.47,2.0,175.55,60.95,264.13,0,1
2026-05-25 15:00:00,29.58,85.0,92.0,2.0,177.0,60.81,266.35,1,1
2026-05-25 16:00:00,30.47,84.23,90.94,2.0,172.93,61.33,265.09,0,1
2026-05-25 17:00:00,28.01,85.0,90.98,2.0,172.09,60.73,260.14,0,1
2026-05-25 18:00:00,28.29,85.0,90.02,2.0,174.3,58.75,258.09,0,1
2026-05-25 19:00:00,25.88,80.3,90.12,2.0,173.01,59.73,257.58,0,1
2026-05-25 20:00:00,24.82,83.35,89.62,2.0,175.47,60.67,254.83,0,1
2026-05-25 21:00:00,27.19,84.45,89.22,2.0,177.6,62.97,251.31,0,1
2026-05-25 22:00:00,25.89,85.0,89.24,2.0,176.98,60.95,249.97,0,1
2026-05-25 23:00:00,26.46,81.35,89.34,2.0,175.47,61.66,246.56,0,1
2026-05-26 00:00:00,23.72,85.0,88.76,2.0,174.54,59.9,247.57,0,1
2026-05-26 01:00:00,25.06,85.0,88.88,2.0,178.95,61.54,242.08,0,1
2026-05-26 02:00:00,26.01,84.78,88.98,2.0,181.77,61.99,241.96,0,1
2026-05-26 03:00:00,24.53,84.56,88.49,2.0,181.32,61.14,242.91,0,1
2026-05-26 04:00:00,24.35,84.04,88.77,2.0,179.57,61.87,242.28,0,1
2026-05-26 05:00:00,24.26,85.0,88.12,2.0,179.2,61.37,244.65,0,1
2026-05-26 06:00:00,23.29,82.63,92.0,2.0,179.07,61.66,240.74,1,1
2026-05-26 07:00:00,26.62,85.0,91.93,2.0,176.27,61.86,238.7,0,1
2026-05-26 08:00:00,25.7,84.07,91.1,2.0,175.97,63.43,237.69,0,1
2026-05-26 09:00:00,27.61,83.21,90.59,2.0,177.91,65.02,239.34,0,1
2026-05-26 10:00:00,26.59,85.0,90.09,2.0,174.15,64.39,239.67,0,1
2026-05-26 11:00:00,27.63,85.0,89.44,2.0,175.27,65.27,244.8,0,1
2026-05-26 12:00:00,30.43,85.0,92.0,2.0,177.34,65.49,242.29,1,1
2026-05-26 13:00:00,28.99,85.0,91.34,2.0,175.84,64.12,238.44,0,1
2026-05-26 14:00:00,30.55,81.68,90.8,2.0,178.45,63.43,242.74,0,1
2026-05-26 15:00:00,29.0,85.0,92.0,2.0,176.67,65.49,238.78,1,1
2026-05-26 16:00:00,27.15,80.3,91.65,2.0,177.0,65.71,240.29,0,1
2026-05-26 17:00:00,29.24,83.14,91.29,2.0,175.97,66.49,237.58,0,1
2026-05-26 18:00:00,27.47,83.84,90.36,2.0,174.97,66.17,232.28,0,1
2026-05-26 19:00:00,28.13,85.0,90.3,2.0,173.46,65.56,231.48,0,1
2026-05-26 20:00:00,26.99,85.0,89.83,2.0,174.38,65.47,233.9,0,1
2026-05-26 21:00:00,25.04,84.54,89.24,2.0,175.54,65.13,230.9,0,1
2026-05-26 22:00:00,26.04,84.9,89.0,2.0,175.0,63.69,232.55,0,1
2026-05-26 23:00:00,27.38,82.8,88.52,2.0,172.15,62.74,234.58,0,1
2026-05-27 00:00:00,25.4,81.67,88.55,2.0,172.59,63.35,231.42,0,1
2026-05-27 01:00:00,24.54,85.0,88.59,2.0,173.05,62.97,231.03,0,1
2026-05-27 02:00:00,25.29,85.0,87.81,2.0,172.33,62.97,235.17,0,1
2026-05-27 03:00:00,24.35,85.0,87.35,2.0,175.4,63.15,236.79,0,1
2026-05-27 04:00:00,24.29,83.26,86.71,2.0,172.17,63.39,236.05,0,1
2026-05-27 05:00:00,23.27,85.0,86.37,2.0,167.89,64.39,237.03,0,1
2026-05-27 06:00:00,24.92,84.35,92.0,2.0,166.46,63.32,235.22,1,1
2026-05-27 07:00:00,26.33,85.0,91.72,2.0,167.68,63.8,237.99,0,1
2026-05-27 08:00:00,25.5,85.0,90.97,2.0,165.67,64.42,240.62,0,1
2026-05-27 09:00:00,28.43,85.0,90.76,2.0,163.88,65.24,240.65,0,1
2026-05-27 10:00:00,27.92,84.1,89.48,2.0,165.64,63.87,240.94,0,1
2026-05-27 11:00:00,27.89,85.0,89.27,2.0,166.44,64.04,238.15,0,1
2026-05-27 12:00:00,30.04,85.0,92.0,2.0,167.07,65.53,234.61,1,1
2026-05-27 13:00:00,29.04,83.29,91.38,2.0,168.39,65.33,233.69,0,1
2026-05-27 14:00:00,29.93,81.88,90.62,2.0,167.49,65.67,233.53,0,1
2026-05-27 15:00:00,28.81,84.17,92.0,2.0,166.71,66.26,236.26,1,1
2026-05-27 16:00:00,28.75,85.0,91.04,2.0,168.1,65.21,238.51,0,1
2026-05-27 17:00:00,28.88,85.0,90.44,2.0,165.55,66.76,238.79,0,1
2026-05-27 18:00:00,28.26,82.4,90.01,2.0,161.67,67.07,241.58,0,1
2026-05-27 19:00:00,25.71,82.3,89.32,2.0,161.03,67.38,238.89,0,1
2026-05-27 20:00:00,25.96,85.0,88.83,2.0,162.86,65.73,241.39,0,1
2026-05-27 21:00:00,27.26,82.41,88.58,2.0,163.41,66.33,239.1,0,1
2026-05-27 22:00:00,25.78,85.0,88.1,2.0,165.01,66.66,241.99,0,1
2026-05-27 23:00:00,24.93,83.59,87.65,2.0,161.38,67.98,241.61,0,1
2026-05-28 00:00:00,23.74,85.0,87.34,2.0,162.1,67.52,236.28,0,1
2026-05-28 01:00:00,23.62,83.29,87.33,2.0,163.39,66.46,238.04,0,1
2026-05-28 02:00:00,22.51,85.0,87.03,2.0,161.02,65.72,239.91,0,1
2026-05-28 03:00:00,24.07,85.0,87.15,2.0,162.73,65.15,238.53,0,1
2026-05-28 04:00:00,23.56,85.0,86.64,2.0,162.62,64.05,237.42,0,1
2026-05-28 05:00:00,23.39,80.66,86.06,2.0,168.25,65.15,236.9,0,1
2026-05-28 06:00:00,24.65,80.3,92.0,2.0,164.2,66.25,231.99,1,1
2026-05-28 07:00:00,25.73,84.46,91.59,2.0,166.69,65.95,226.23,0,1
2026-05-28 08:00:00,28.13,85.0,90.61,2.0,165.92,65.47,229.93,0,1
2026-05-28 09:00:00,25.79,82.41,89.51,2.0,162.97,63.74,228.12,0,1
2026-05-28 10:00:00,29.04,82.45,89.24,2.0,162.1,64.31,233.1,0,1
2026-05-28 11:00:00,29.57,85.0,88.54,2.0,162.72,65.73,236.62,0,1
2026-05-28 12:00:00,28.44,85.0,92.0,2.0,164.68,65.04,240.46,1,1
2026-05-28 13:00:00,29.48,84.5,91.35,2.0,167.79,64.85,238.56,0,1
2026-05-28 14:00:00,28.83,85.0,91.06,2.0,170.24,65.15,234.36,0,1
2026-05-28 15:00:00,29.24,82.23,92.0,2.0,168.29,66.61,231.68,1,1
2026-05-28 16:00:00,30.16,84.04,92.0,2.0,170.19,66.65,230.73,0,1
2026-05-28 17:00:00,28.98,85.0,91.44,2.0,170.69,66.69,225.01,0,1
2026-05-28 18:00:00,28.46,85.0,91.17,2.0,169.28,66.71,224.32,0,1
2026-05-28 19:00:00,27.12,85.0,91.2,2.0,168.73,65.28,224.35,0,1
2026-05-28 20:00:00,25.64,85.0,90.98,2.0,167.3,63.88,221.64,0,1
2026-05-28 21:00:00,26.24,81.83,90.59,2.0,167.28,63.1,219.71,0,1
2026-05-28 22:00:00,26.98,85.0,90.48,2.0,165.87,63.98,219.92,0,1
2026-05-28 23:00:00,24.03,85.0,90.43,2.0,163.99,63.62,221.57,0,1
2026-05-29 00:00:00,24.01,84.25,90.05,2.0,164.89,63.09,220.01,0,1
2026-05-29 01:00:00,24.71,85.0,89.9,2.0,166.03,62.57,221.49,0,1
2026-05-29 02:00:00,23.44,82.83,90.06,2.0,165.65,62.43,222.51,0,1
2026-05-29 03:00:00,23.44,83.49,90.48,2.0,168.08,63.95,223.25,0,1
2026-05-29 04:00:00,23.72,85.0,90.53,2.0,167.49,63.75,222.21,0,1
2026-05-29 05:00:00,23.03,85.0,90.89,2.0,166.85,62.99,219.52,0,1
2026-05-29 06:00:00,23.83,85.0,92.0,2.0,167.96,62.98,224.53,1,1
2026-05-29 07:00:00,26.03,85.0,92.0,2.0,167.61,64.53,226.63,0,1
2026-05-29 08:00:00,25.07,84.77,91.83,2.0,167.65,64.01,229.56,0,1
2026-05-29 09:00:00,25.71,85.0,90.99,2.0,163.01,62.88,229.63,0,1
2026-05-29 10:00:00,27.43,84.1,90.26,2.0,163.12,62.4,229.48,0,1
2026-05-29 11:00:00,29.35,85.0,90.18,2.0,159.91,62.51,230.99,0,1
2026-05-29 12:00:00,28.97,85.0,92.0,2.0,157.91,63.11,226.6,1,1
2026-05-29 13:00:00,28.88,85.0,91.0,2.0,155.79,63.99,224.23,0,1
2026-05-29 14:00:00,29.28,85.0,90.86,2.0,154.28,62.98,222.78,0,1
2026-05-29 15:00:00,27.5,81.28,92.0,2.0,153.72,62.1,222.25,1,1
2026-05-29 16:00:00,29.25,82.35,91.53,2.0,153.3,61.81,220.69,0,1
2026-05-29 17:00:00,28.78,85.0,90.92,2.0,154.96,62.43,222.24,0,1
2026-05-29 18:00:00,27.63,81.14,90.2,2.0,155.77,61.28,223.08,0,1
2026-05-29 19:00:00,28.41,85.0,90.07,2.0,152.71,60.76,227.16,0,1
2026-05-29 20:00:00,25.96,85.0,90.34,2.0,153.35,60.26,233.73,0,1
2026-05-29 21:00:00,27.44,85.0,90.2,2.0,154.39,61.16,230.64,0,1
2026-05-29 22:00:00,26.04,82.46,90.64,2.0,154.23,61.66,231.23,0,1
2026-05-29 23:00:00,25.1,85.0,90.16,2.0,154.55,62.48,231.78,0,1
2026-05-30 00:00:00,24.94,85.0,89.95,2.0,155.31,63.67,231.9,0,1
2026-05-30 01:00:00,24.5,85.0,89.63,2.0,157.07,63.35,229.35,0,1
2026-05-30 02:00:00,25.42,85.0,89.1,2.0,154.55,62.24,227.34,0,1
2026-05-30 03:00:00,23.19,85.0,88.85,2.0,154.53,61.17,228.32,0,1
2026-05-30 04:00:00,23.41,85.0,88.77,2.0,157.67,59.54,226.29,0,1
2026-05-30 05:00:00,25.19,84.73,88.72,2.0,160.51,59.2,227.13,0,1
2026-05-30 06:00:00,24.17,84.9,92.0,2.0,162.22,58.94,226.9,1,1
2026-05-30 07:00:00,26.21,85.0,91.93,2.0,163.3,59.74,227.66,0,1
2026-05-30 08:00:00,27.78,85.0,91.69,2.0,166.34,59.82,225.65,0,1
2026-05-30 09:00:00,26.79,81.8,91.12,2.0,169.74,59.45,226.51,0,1
2026-05-30 10:00:00,28.61,84.62,91.03,2.0,169.32,59.42,224.73,0,1
2026-05-30 11:00:00,27.65,82.23,91.17,2.0,167.4,58.56,225.65,0,1
2026-05-30 12:00:00,29.82,85.0,92.0,2.0,166.82,59.59,229.46,1,1
2026-05-30 13:00:00,29.48,83.51,91.1,2.0,172.32,58.95,230.39,0,1
2026-05-30 14:00:00,29.67,81.63,90.34,2.0,169.2,58.02,231.43,0,1
2026-05-30 15:00:00,28.49,85.0,92.0,2.0,168.19,58.87,233.65,1,1
2026-05-30 16:00:00,27.31,85.0,91.55,2.0,165.52,59.48,230.21,0,1
2026-05-30 17:00:00,28.89,85.0,91.17,2.0,165.72,58.01,234.74,0,1
2026-05-30 18:00:00,26.14,85.0,90.73,2.0,163.53,58.9,232.12,0,1
2026-05-30 19:00:00,27.22,85.0,90.52,2.0,163.39,58.32,234.46,0,1
2026-05-30 20:00:00,27.82,85.0,90.11,2.0,159.95,58.1,236.36,0,1
2026-05-30 21:00:00,26.6,82.99,90.02,2.0,161.26,58.38,234.03,0,1
2026-05-30 22:00:00,27.65,84.68,90.36,2.0,163.61,59.02,236.6,0,1
2026-05-30 23:00:00,26.32,83.95,90.46,2.0,162.97,59.51,237.77,0,1
2026-05-31 00:00:00,24.37,82.4,90.41,2.0,162.81,59.54,242.35,0,1
2026-05-31 01:00:00,24.62,84.26,90.52,2.0,162.61,59.23,242.47,0,1
2026-05-31 02:00:00,24.28,85.0,90.2,2.0,163.03,59.68,241.82,0,1
2026-05-31 03:00:00,22.73,85.0,89.85,2.0,163.04,59.65,240.2,0,1
2026-05-31 04:00:00,23.25,85.0,89.42,2.0,164.5,61.34,235.58,0,1
2026-05-31 05:00:00,23.75,85.0,89.18,2.0,166.74,61.89,234.75,0,1
2026-05-31 06:00:00,22.88,85.0,92.0,2.0,165.2,61.06,234.08,1,1
2026-05-31 07:00:00,25.44,83.19,92.0,2.0,164.64,60.66,234.78,0,1
2026-05-31 08:00:00,26.02,84.24,91.28,2.0,166.28,60.74,231.23,0,1
2026-05-31 09:00:00,25.65,85.0,90.47,2.0,163.67,61.95,230.82,0,1
2026-05-31 10:00:00,28.36,85.0,90.46,2.0,160.17,63.22,232.47,0,1
2026-05-31 11:00:00,29.34,85.0,89.72,2.0,160.77,62.83,234.29,0,1
2026-05-31 12:00:00,29.35,84.5,92.0,2.0,161.83,61.96,229.67,1,1
2026-05-31 13:00:00,29.01,83.97,91.54,2.0,160.66,61.01,231.71,0,1
2026-05-31 14:00:00,29.78,85.0,90.6,2.0,159.79,61.27,231.25,0,1
2026-05-31 15:00:00,29.69,85.0,92.0,2.0,158.63,63.36,230.98,1,1
2026-05-31 16:00:00,29.08,85.0,91.59,2.0,157.33,63.81,225.27,0,1
2026-05-31 17:00:00,27.7,84.32,91.47,2.0,158.88,62.32,229.49,0,1
2026-05-31 18:00:00,28.25,83.86,90.68,2.0,157.0,61.66,230.21,0,1
2026-05-31 19:00:00,28.58,84.58,90.49,2.0,156.84,61.1,226.62,0,1
2026-05-31 20:00:00,26.43,85.0,90.29,2.0,155.54,60.39,227.97,0,1
2026-05-31 21:00:00,28.32,80.77,90.16,2.0,153.3,60.09,229.19,0,1
2026-05-31 22:00:00,25.42,81.48,89.51,2.0,155.33,60.48,232.53,0,1
2026-05-31 23:00:00,25.43,83.55,89.34,2.0,154.78,61.14,231.88,0,1
