soil_moisture,soil_temperature,air_temperature,air_humidity,irrigation_action
55.0,27.6,25.2,78.9,1
52.2,26.1,24.6,80.2,1
50.5,25.8,24.3,76.8,1
49.6,25.0,24.6,79.5,1
49.4,26.5,23.9,78.9,1
48.0,25.4,23.0,79.6,1
58.8,25.6,25.2,75.9,1
57.5,24.8,25.8,74.2,1
55.0,25.0,27.1,73.5,1
53.6,25.4,28.8,70.6,1
51.2,25.1,30.2,70.5,1
48.8,26.3,32.0,66.3,1
58.1,27.3,32.3,67.1,1
57.2,28.1,32.1,66.4,1
55.3,29.0,31.3,66.2,1
65.3,29.0,30.8,58.3,0
63.4,28.8,31.4,64.1,0
61.0,28.6,31.7,67.5,0
60.5,28.6,30.0,65.6,0
58.7,29.4,29.2,68.6,1
56.2,28.4,28.8,72.4,1
55.8,28.0,26.4,72.9,1
54.4,28.3,26.5,73.8,1
53.3,27.4,26.4,79.1,1
52.3,27.0,26.0,76.6,1
51.7,25.9,24.6,80.5,1
49.7,26.4,24.6,79.2,1
47.8,25.2,24.3,80.0,1
47.4,25.3,24.6,79.4,1
46.1,24.7,23.4,78.0,1
56.0,25.7,25.4,77.7,1
53.8,25.2,24.8,73.5,1
51.6,25.0,25.2,74.5,1
48.9,25.1,28.2,70.8,1
46.6,25.8,29.3,67.2,1
44.2,26.7,31.8,67.3,1
54.9,26.6,32.3,62.6,1
53.2,28.3,31.0,60.5,1
51.0,28.9,32.6,64.9,1
60.0,28.8,30.9,62.2,0
57.6,29.1,31.2,63.0,1
56.5,29.4,30.4,66.9,1
56.2,29.1,30.1,69.7,1
55.9,28.7,29.9,68.1,1
54.3,28.1,28.9,69.6,1
53.4,27.8,27.9,75.5,1
51.9,27.6,27.3,71.9,1
50.2,26.4,26.4,77.5,1
50.4,26.9,24.8,78.1,1
50.2,25.9,24.2,77.2,1
50.0,26.1,24.0,79.1,1
49.1,25.7,24.5,78.3,1
47.5,25.2,23.8,78.8,1
47.0,24.5,26.1,79.2,1
57.7,25.2,24.3,76.9,1
55.8,25.1,25.1,73.0,1
52.7,25.2,27.9,74.7,1
50.5,25.6,29.8,69.5,1
49.8,25.7,30.4,69.4,1
48.5,27.1,31.7,65.6,1
57.6,27.4,32.9,69.5,1
56.1,28.3,31.9,65.0,1
54.9,28.2,30.8,61.8,1
65.8,28.6,31.2,62.2,0
63.8,29.1,32.0,63.9,0
61.0,29.1,29.5,65.9,0
60.0,28.8,30.0,65.0,0
59.5,29.1,29.4,67.5,1
58.1,27.7,28.2,71.2,1
57.4,28.0,28.2,70.0,1
56.4,27.1,27.2,74.3,1
56.0,27.9,27.9,76.4,1
54.9,26.9,25.8,75.5,1
54.0,27.0,24.3,79.6,1
53.2,26.6,23.9,79.5,1
52.5,25.4,23.4,81.8,1
52.3,25.2,24.8,81.2,1
51.8,25.7,23.8,79.1,1
60.8,24.7,24.9,77.8,0
60.2,24.9,26.6,76.8,0
58.5,25.0,26.7,74.1,1
56.3,25.0,28.5,67.6,1
54.5,26.8,28.5,69.7,1
52.3,26.9,30.2,64.9,1
62.1,27.2,31.3,66.5,0
60.0,27.5,32.3,64.3,0
57.8,28.5,32.9,63.0,1
67.8,29.1,31.6,64.7,0
65.6,29.7,31.4,68.1,0
63.3,29.8,30.8,65.3,0
62.5,28.9,30.9,64.9,0
61.2,29.3,30.0,69.1,0
59.9,28.4,28.6,73.4,1
58.3,28.4,26.8,75.7,1
57.0,27.7,27.5,76.3,1
55.7,27.0,26.3,72.2,1
54.9,27.4,26.3,76.9,1
53.9,26.3,24.7,77.6,1
52.4,25.7,25.9,79.0,1
51.4,25.3,23.8,77.9,1
50.5,25.7,25.3,79.5,1
48.9,25.5,24.3,77.4,1
58.9,25.4,24.5,82.3,1
56.8,25.1,25.1,76.1,1
55.2,24.6,27.2,72.5,1
53.0,26.0,29.8,68.4,1
50.4,26.3,30.7,69.7,1
48.8,26.8,31.6,66.9,1
59.3,27.0,29.9,66.6,1
57.8,27.7,32.6,64.6,1
55.2,28.8,32.4,63.3,1
64.7,28.6,31.2,63.4,0
62.4,29.3,30.7,64.2,0
60.1,29.0,30.7,65.9,0
59.1,29.0,31.4,69.2,1
58.7,29.0,28.4,68.5,1
57.0,28.7,28.1,71.7,1
56.7,28.1,28.7,74.2,1
54.4,27.3,26.4,73.7,1
55.0,27.1,25.7,77.8,1
53.2,27.3,25.4,78.1,1
50.9,26.5,23.8,79.2,1
49.3,26.7,24.5,79.3,1
49.3,25.1,23.1,80.1,1
48.7,26.0,24.7,78.5,1
49.1,24.8,24.2,78.0,1
59.3,24.5,26.8,78.6,1
57.1,24.6,26.2,77.6,1
54.7,24.7,28.4,73.0,1
53.1,26.1,27.7,71.5,1
51.0,25.6,29.9,67.6,1
48.7,26.8,31.3,64.5,1
58.8,27.3,33.2,64.5,1
57.7,27.4,30.7,64.7,1
56.8,28.7,32.7,62.9,1
65.9,28.9,32.1,63.6,0
65.0,28.5,32.5,64.6,0
63.4,29.4,31.2,67.0,0
63.7,28.5,30.0,65.3,0
62.1,27.9,28.8,70.0,0
61.5,28.8,27.4,71.6,0
61.1,27.8,27.7,73.2,0
59.8,27.2,26.6,73.5,1
59.4,27.0,27.6,76.5,1
60.3,26.6,24.8,75.4,0
60.0,26.4,25.0,77.1,0
58.5,25.5,23.1,80.7,1
57.9,26.1,23.8,77.4,1
57.0,25.6,24.2,78.8,1
55.7,25.1,24.9,78.5,1
66.0,25.8,26.1,79.3,0
63.0,25.1,26.0,73.4,0
61.5,25.3,26.4,72.3,0
60.1,25.4,29.1,68.7,0
58.0,26.0,30.4,71.0,1
55.3,27.2,31.5,65.4,1
65.4,27.1,31.2,63.5,0
64.0,28.3,32.9,64.2,0
61.9,28.2,32.0,65.7,0
72.1,28.6,32.2,61.0,0
70.8,28.6,32.3,63.6,0
69.3,28.4,31.2,67.0,0
67.9,29.0,30.2,66.9,0
66.6,28.1,31.0,66.9,0
66.3,28.7,28.6,69.9,0
65.3,28.4,27.3,73.1,0
63.9,27.5,26.9,75.1,0
62.7,27.5,27.2,79.5,0
61.7,27.0,25.4,74.4,0
61.0,26.8,25.2,75.8,0
59.6,25.6,25.3,77.1,1
59.7,25.8,23.7,81.6,1
59.0,25.8,22.6,78.4,1
57.5,25.1,24.5,76.8,1
67.7,25.2,25.1,79.6,0
66.4,24.8,25.5,74.7,0
64.6,26.0,28.0,75.4,0
62.1,25.8,29.2,71.0,0
59.1,25.9,29.2,66.8,1
56.5,27.2,31.5,67.5,1
66.9,27.3,31.6,66.0,0
66.1,28.1,30.8,66.7,0
63.5,28.8,32.3,63.4,0
73.5,29.5,31.6,64.1,0
70.8,28.9,30.6,68.2,0
67.4,29.8,31.1,68.6,0
66.3,29.2,30.4,68.5,0
66.3,29.0,28.8,68.0,0
65.9,28.7,28.7,69.3,0
64.1,28.4,28.4,70.3,0
62.1,27.8,26.2,72.7,0
61.8,27.3,26.3,75.6,0
60.3,27.4,25.3,75.2,0
59.4,26.5,26.6,79.8,1
58.1,26.3,22.9,74.7,1
57.4,25.3,24.6,78.4,1
57.1,26.0,23.8,78.8,1
56.4,25.3,24.2,80.6,1
66.4,25.6,26.5,79.1,0
63.4,25.2,26.0,73.8,0
61.2,25.1,29.1,73.8,0
58.2,25.8,28.3,68.7,1
56.2,25.7,30.3,68.5,1
53.9,25.9,30.7,63.7,1
63.6,27.0,31.2,64.7,0
60.6,28.5,32.0,66.6,0
59.1,28.2,31.7,67.8,1
69.7,28.7,31.8,66.6,0
67.1,29.4,29.6,63.7,0
66.0,29.2,32.3,65.7,0
64.1,28.5,29.9,66.3,0
63.5,28.6,30.6,68.4,0
63.4,28.2,27.6,68.0,0
62.3,28.3,27.8,71.7,0
61.4,27.8,29.3,76.5,0
60.6,26.8,25.3,80.0,0
60.6,26.3,24.1,78.1,0
59.7,25.7,24.3,78.8,1
58.6,26.2,24.7,80.5,1
57.8,25.9,24.6,77.0,1
56.0,25.5,25.0,78.5,1
54.9,24.8,24.0,81.0,1
64.3,24.6,23.7,77.7,0
61.5,25.3,25.7,75.3,0
57.7,24.1,28.3,74.9,1
54.8,25.7,29.1,67.2,1
53.1,25.8,28.4,70.1,1
49.9,26.5,31.0,64.4,1
60.8,28.2,32.9,65.5,0
58.8,28.3,33.7,64.0,1
57.4,28.6,32.4,65.5,1
67.5,28.8,31.9,66.5,0
65.2,28.4,30.2,63.7,0
63.3,28.5,30.0,68.2,0
61.8,28.1,30.0,68.9,0
61.5,28.6,29.6,72.1,0
60.5,27.8,28.9,70.2,0
60.5,28.0,27.2,75.0,0
60.1,27.5,25.8,75.8,0
59.4,27.4,25.4,75.2,1
59.2,26.8,24.4,79.2,1
58.0,26.3,25.3,77.8,1
57.4,25.9,22.5,81.0,1
57.3,25.3,23.8,79.6,1
56.2,25.5,24.4,80.2,1
55.2,25.2,25.5,79.6,1
65.1,25.9,25.0,80.0,0
62.2,25.4,26.8,75.8,0
61.7,25.2,27.0,74.4,0
60.5,25.9,28.1,71.7,0
58.2,25.5,29.5,66.5,1
55.9,26.4,32.3,67.5,1
66.1,26.8,32.6,67.1,0
64.9,28.3,32.4,64.9,0
63.3,28.8,34.6,64.9,0
73.5,28.5,31.6,63.2,0
71.4,29.4,31.7,67.8,0
68.9,29.1,30.9,63.9,0
67.7,28.4,29.8,68.3,0
66.2,28.6,31.1,72.3,0
65.6,28.2,29.6,69.9,0
64.4,28.8,26.5,73.8,0
63.3,27.5,26.4,73.2,0
61.4,27.5,26.3,77.2,0
59.9,26.8,26.0,74.8,1
58.8,27.1,23.7,77.7,1
58.4,25.7,22.5,78.2,1
57.1,26.0,22.6,80.0,1
55.7,25.4,23.9,76.9,1
54.6,25.0,24.2,82.2,1
64.6,25.1,25.2,78.7,0
63.3,25.6,25.4,75.1,0
62.4,25.4,26.3,76.1,0
60.9,25.2,27.1,70.6,0
59.0,25.7,30.3,68.5,1
57.8,27.0,31.4,66.4,1
68.0,27.8,32.6,67.3,0
65.9,27.7,32.6,64.3,0
63.0,28.2,31.8,62.3,0
71.4,28.6,32.7,64.9,0
69.0,28.5,31.1,66.3,0
66.2,29.2,30.1,66.6,0
64.7,28.9,29.6,66.8,0
63.2,28.4,28.8,68.1,0
62.2,27.7,26.7,68.1,0
62.0,27.8,27.7,73.7,0
61.9,27.2,27.0,73.0,0
60.4,27.5,25.7,74.8,0
60.3,27.0,24.8,78.3,0
58.4,26.6,25.1,80.4,1
57.4,25.9,25.7,77.4,1
56.1,26.0,24.1,79.2,1
54.7,25.7,23.6,79.3,1
53.0,25.4,23.8,80.4,1
63.2,25.6,24.9,76.3,0
60.1,24.9,25.0,74.6,0
58.4,24.7,27.2,74.1,1
57.2,25.0,28.7,69.5,1
54.7,26.7,31.5,66.1,1
52.2,26.2,31.8,65.9,1
62.4,27.5,32.6,62.8,0
60.9,28.0,31.4,63.5,0
60.1,28.5,32.4,66.5,0
69.6,29.4,30.7,64.4,0
68.0,29.6,31.5,65.3,0
66.3,28.7,31.0,65.8,0
66.3,28.9,29.4,65.3,0
65.2,28.7,30.8,69.8,0
64.1,27.8,28.9,73.0,0
62.7,28.3,26.1,75.1,0
61.4,27.8,27.2,79.6,0
60.7,27.2,25.7,75.5,0
58.2,27.4,25.3,77.7,1
57.9,25.7,25.1,76.5,1
57.3,26.3,24.7,82.6,1
57.0,25.4,22.5,81.6,1
55.8,25.0,23.1,81.7,1
54.3,25.5,24.9,80.6,1
64.2,25.0,26.0,77.9,0
62.6,24.8,27.5,71.4,0
61.3,25.8,28.7,75.6,0
59.9,25.0,27.1,71.8,1
57.6,25.5,30.6,68.5,1
55.5,26.4,29.5,64.4,1
65.2,27.5,33.0,66.0,0
63.4,28.0,32.2,64.5,0
61.0,28.5,31.0,64.5,0
70.4,28.5,33.3,62.7,0
68.0,28.6,31.8,63.5,0
66.0,29.1,29.2,66.5,0
64.0,28.1,30.2,67.8,0
62.1,28.9,28.7,67.7,0
60.9,28.2,28.5,74.3,0
60.8,28.4,27.2,72.0,0
59.8,27.8,27.9,74.4,1
58.3,27.4,24.9,76.5,1
56.4,26.9,25.6,80.0,1
54.7,25.5,26.2,77.1,1
54.4,26.2,23.7,79.0,1
54.1,25.6,24.3,77.5,1
52.5,25.8,24.2,81.9,1
52.2,24.8,23.7,80.3,1
61.4,24.6,25.5,78.4,0
58.7,25.4,26.1,76.5,1
57.3,24.8,26.6,76.7,1
55.0,25.8,30.1,70.4,1
53.5,25.5,30.6,66.9,1
52.4,26.6,30.9,64.8,1
62.6,27.5,31.2,66.3,0
61.2,27.9,31.4,65.1,0
60.4,28.4,32.9,65.0,0
70.8,29.2,31.5,63.5,0
69.7,28.2,31.6,66.5,0
68.0,28.6,30.5,67.7,0
66.6,28.2,30.5,68.2,0
65.9,28.2,29.1,69.3,0
65.6,28.0,29.0,72.0,0
64.0,28.2,27.4,73.6,0
63.1,27.5,27.4,73.6,0
62.9,27.4,26.5,75.4,0
62.7,27.2,25.2,74.3,0
61.4,27.0,24.1,79.5,0
60.2,25.9,23.6,79.1,0
59.2,24.5,23.5,82.6,1
59.7,25.5,23.2,76.8,1
58.3,25.6,24.9,79.8,1
67.4,24.6,24.9,79.2,0
66.0,24.7,27.3,74.7,0
63.1,25.4,29.1,74.3,0
61.3,25.7,28.7,71.1,0
59.0,26.2,28.8,69.0,1
57.7,26.9,30.8,65.5,1
67.4,26.6,31.7,58.8,0
66.0,28.3,30.8,64.1,0
63.6,28.3,31.7,64.3,0
74.1,29.7,31.9,63.4,0
72.4,29.7,30.9,63.1,0
70.4,28.9,30.1,67.6,0
70.3,29.4,29.4,68.7,0
69.6,28.3,30.7,72.4,0
68.4,28.5,28.3,69.7,0
67.5,28.2,26.9,75.0,0
65.5,28.0,26.5,74.5,0
64.9,26.6,26.8,75.1,0
63.7,27.6,24.8,78.3,0
63.3,26.5,25.1,80.0,0
62.1,26.5,24.9,78.4,0
61.4,25.5,24.7,82.7,0
60.4,25.4,25.1,80.0,0
59.8,25.1,23.8,77.3,1
69.6,25.1,25.8,76.1,0
67.4,24.9,25.4,77.9,0
64.9,25.4,27.0,72.4,0
62.2,26.4,29.7,70.8,0
59.6,25.4,30.7,68.2,1
58.6,26.4,31.1,65.7,1
69.3,26.6,30.8,66.2,0
67.6,27.9,32.4,63.1,0
65.4,28.5,31.4,62.2,0
75.3,29.1,30.9,60.5,0
72.8,28.8,30.7,65.3,0
71.6,28.2,30.9,66.2,0
70.7,28.4,28.3,70.2,0
68.3,28.8,29.5,68.3,0
67.1,28.3,28.6,73.0,0
66.8,28.8,27.1,72.3,0
65.6,28.3,27.6,77.6,0
65.1,27.2,26.5,74.2,0
64.1,27.1,24.8,76.6,0
62.2,26.6,24.2,79.7,0
61.3,26.6,24.9,81.4,0
60.5,26.0,22.9,81.3,0
59.1,25.3,23.7,77.6,1
58.4,24.8,23.7,81.5,1
69.2,24.7,25.0,78.1,0
67.9,25.0,26.2,73.1,0
66.5,24.8,27.3,72.4,0
63.7,25.1,29.6,70.0,0
61.6,26.1,30.2,66.6,0
59.9,26.0,30.8,68.2,1
69.8,27.0,30.8,65.4,0
67.1,28.8,32.6,66.1,0
65.2,27.7,32.3,62.6,0
75.9,29.3,32.8,61.7,0
74.1,29.1,30.6,66.3,0
71.8,28.6,30.7,66.7,0
70.1,29.1,30.0,69.6,0
69.1,28.1,29.2,70.7,0
68.2,28.4,28.4,71.4,0
67.4,27.9,26.2,74.3,0
66.1,27.6,27.4,74.6,0
64.9,27.2,26.5,76.4,0
64.4,27.0,26.2,80.9,0
62.9,26.7,26.6,80.8,0
62.0,26.6,24.1,77.4,0
60.9,25.5,24.1,77.0,0
60.2,25.4,24.0,82.4,0
59.1,25.4,25.8,78.7,1
68.5,25.3,23.6,77.9,0
67.4,24.4,26.4,75.1,0
64.6,25.1,26.1,74.0,0
61.5,25.7,26.6,69.9,0
59.7,26.7,28.4,65.9,1
57.2,26.0,30.0,62.7,1
67.2,27.8,32.6,60.2,0
64.1,27.5,31.3,62.1,0
62.6,28.7,31.7,66.4,0
74.1,28.9,30.7,63.0,0
72.5,28.7,31.7,65.5,0
70.4,28.9,29.8,68.7,0
70.6,29.0,31.1,70.4,0
69.3,29.0,28.4,68.5,0
67.5,28.3,27.8,72.4,0
67.6,28.4,27.7,72.2,0
67.5,27.1,26.8,71.0,0
66.6,26.9,27.1,77.7,0
65.4,26.2,25.4,77.6,0
64.0,26.4,23.8,76.9,0
63.5,26.1,23.9,79.7,0
61.5,26.0,23.6,80.4,0
59.5,25.4,24.6,80.3,1
59.1,25.5,24.5,77.8,1
69.6,24.3,24.8,77.8,0
67.4,25.1,26.7,76.5,0
65.4,24.8,26.9,74.7,0
63.4,25.7,28.6,70.2,0
61.1,25.8,30.1,66.1,0
58.6,26.7,32.3,66.6,1
68.7,28.0,31.7,66.7,0
67.5,28.5,31.7,62.9,0
66.3,28.5,31.1,65.1,0
75.2,28.6,32.2,66.6,0
73.0,29.3,30.8,67.4,0
70.8,28.9,31.0,69.1,0
70.0,28.7,28.5,68.5,0
69.4,28.4,30.1,72.1,0
68.8,28.0,27.4,73.6,0
68.2,28.1,27.0,71.3,0
66.2,28.1,27.6,75.0,0
65.0,27.6,24.9,76.4,0
64.1,26.6,25.3,76.1,0
62.6,25.7,24.8,77.9,0
62.5,25.3,23.5,75.7,0
60.5,25.7,25.2,81.1,0
59.4,25.0,25.2,81.5,1
57.8,25.2,22.7,81.6,1
68.0,25.1,23.8,80.6,0
65.9,25.3,26.6,74.9,0
64.3,24.3,26.3,73.1,0
61.7,25.4,28.4,73.4,0
59.7,26.0,30.1,69.9,1
57.2,26.5,31.6,64.5,1
68.1,27.4,31.6,60.2,0
65.7,27.7,32.1,63.6,0
63.0,28.4,31.3,62.3,0
72.6,29.2,32.7,64.8,0
71.3,28.6,30.8,67.3,0
70.3,29.1,30.9,64.0,0
69.1,29.1,29.6,68.5,0
67.7,28.5,29.3,67.3,0
67.6,28.3,28.3,75.6,0
66.3,27.6,27.5,72.9,0
65.1,27.8,26.0,75.3,0
65.1,26.9,26.6,74.1,0
65.2,26.4,26.5,73.5,0
65.5,26.7,25.0,76.7,0
63.7,26.1,24.9,77.6,0
62.9,25.9,24.8,81.9,0
61.3,24.7,24.7,77.9,0
60.2,24.5,24.5,81.0,0
70.5,24.8,25.1,78.9,0
69.2,24.8,26.7,75.8,0
66.2,25.1,27.4,68.9,0
65.2,25.4,27.9,69.6,0
63.5,25.9,30.0,69.7,0
61.2,25.9,29.6,66.8,0
71.5,27.9,31.8,64.8,0
69.3,28.3,32.3,61.4,0
66.9,29.1,32.9,64.4,0
77.2,28.5,31.8,65.1,0
75.1,28.4,32.0,64.7,0
74.0,28.8,30.7,67.4,0
72.2,28.5,29.2,66.7,0
71.7,28.6,28.1,65.9,0
69.7,28.4,27.6,70.0,0
68.9,28.2,26.5,71.6,0
67.7,26.8,27.3,76.7,0
67.3,27.0,25.8,77.3,0
66.3,26.9,25.8,77.3,0
65.7,27.1,24.8,77.5,0
64.8,26.3,25.2,80.3,0
63.2,25.5,24.9,82.5,0
61.7,25.5,23.5,78.3,0
60.8,25.8,24.0,78.4,0
71.0,25.1,24.5,80.2,0
68.7,25.0,24.7,76.9,0
67.8,26.1,27.8,72.6,0
65.2,25.6,29.6,72.7,0
63.1,26.3,30.0,69.0,0
59.4,26.9,30.7,64.2,1
68.4,27.1,32.6,65.0,0
65.7,28.0,30.1,64.0,0
63.7,28.4,32.1,67.1,0
74.8,29.2,31.8,65.8,0
71.3,29.0,30.8,66.4,0
69.5,28.7,31.8,66.9,0
69.1,28.8,30.8,68.9,0
67.7,28.8,29.0,67.0,0
66.2,28.5,28.3,68.5,0
66.0,27.4,27.3,73.5,0
64.7,28.1,26.4,75.2,0
63.8,27.7,25.0,75.3,0
62.8,26.8,26.4,73.8,0
61.3,26.5,25.6,76.5,0
60.9,26.6,25.0,80.3,0
59.9,25.9,23.2,80.1,1
58.5,25.4,25.7,78.8,1
57.2,24.8,25.8,77.8,1
67.5,25.8,25.1,78.6,0
66.2,25.1,25.3,75.7,0
64.0,24.9,26.6,73.1,0
62.2,25.3,29.0,69.7,0
59.8,25.9,29.3,68.3,1
56.8,25.9,31.0,66.4,1
66.5,27.5,32.6,63.4,0
64.4,28.5,30.8,67.0,0
62.0,28.4,33.5,63.1,0
72.4,29.2,32.9,65.0,0
70.6,28.9,30.2,62.7,0
69.3,28.9,29.5,64.8,0
69.2,28.8,29.8,69.7,0
68.7,28.9,28.4,70.8,0
67.7,28.3,28.2,71.6,0
67.2,28.6,25.5,71.6,0
66.5,27.3,26.6,75.1,0
65.8,27.3,27.4,74.2,0
64.8,27.7,24.4,79.3,0
63.8,27.0,24.5,73.7,0
63.3,25.6,23.2,78.6,0
62.8,25.5,24.6,78.4,0
62.6,25.8,23.8,82.3,0
61.5,24.9,25.8,79.2,0
71.5,25.0,25.1,80.4,0
69.8,25.1,25.7,78.6,0
68.4,24.7,27.7,74.2,0
66.2,25.5,28.3,67.7,0
64.1,25.6,28.9,66.6,0
61.1,27.0,31.3,65.0,0
71.4,27.6,31.6,65.2,0
70.0,28.2,32.1,64.7,0
67.6,28.9,32.2,61.8,0
77.1,28.8,31.2,66.1,0
76.0,29.0,31.6,63.7,0
73.5,29.3,32.1,66.0,0
73.1,28.3,29.1,68.5,0
71.5,28.4,30.6,69.3,0
70.6,28.0,28.2,74.0,0
70.5,28.6,27.0,74.9,0
68.4,27.8,28.7,72.1,0
67.1,27.2,26.1,74.0,0
66.8,27.2,26.4,79.4,0
64.8,27.1,25.4,78.7,0
63.7,25.7,23.0,80.4,0
62.4,25.7,24.2,79.9,0
60.8,25.7,23.6,82.2,0
60.4,25.6,23.2,80.9,0
70.0,24.4,23.5,79.5,0
67.9,25.1,26.1,74.8,0
65.3,24.9,27.8,74.5,0
62.9,25.3,29.0,67.7,0
60.8,26.0,29.8,67.6,0
58.5,26.3,30.4,64.7,1
68.6,27.2,31.0,63.1,0
66.4,28.3,31.6,62.3,0
64.5,28.7,31.1,60.6,0
74.3,29.2,31.5,66.9,0
72.0,28.6,31.2,65.1,0
70.2,28.8,30.0,66.3,0
68.2,29.4,29.8,68.9,0
68.0,28.6,28.6,71.4,0
66.6,28.4,28.4,73.6,0
67.1,27.3,28.0,72.1,0
65.8,27.3,26.9,74.8,0
65.3,27.1,26.4,74.4,0
64.0,26.6,24.0,78.7,0
63.4,26.1,24.5,78.5,0
63.1,25.9,24.6,80.9,0
61.3,25.2,24.6,81.3,0
60.0,26.2,22.7,81.4,0
58.9,24.2,24.4,80.5,1
67.7,25.2,25.9,78.3,0
66.6,25.1,25.9,73.8,0
64.4,25.0,27.2,74.0,0
62.6,25.1,29.1,73.6,0
59.8,26.0,30.2,67.2,1
57.0,26.4,31.6,64.7,1
66.6,27.3,31.8,65.6,0
64.7,27.8,32.1,67.0,0
63.4,27.5,31.3,62.3,0
73.5,29.3,31.5,60.3,0
71.8,29.4,32.2,64.4,0
69.3,29.1,30.5,66.8,0
67.5,29.2,29.9,67.7,0
66.5,29.3,28.8,69.1,0
66.3,27.7,29.0,70.3,0
65.7,28.1,26.9,71.7,0
64.4,27.2,27.5,73.0,0
62.9,27.1,25.3,76.6,0
61.7,26.7,24.5,78.4,0
60.1,26.8,24.9,75.6,0
59.5,25.8,24.4,82.2,1
57.9,26.5,24.3,80.6,1
56.1,25.2,24.9,81.0,1
55.4,24.7,23.9,79.0,1
65.1,24.8,25.3,78.6,0
63.3,24.7,25.3,74.0,0
60.8,25.0,28.3,76.2,0
59.6,25.3,29.2,73.2,1
57.3,25.7,30.4,67.6,1
55.3,26.6,31.2,63.5,1
65.7,26.9,31.1,63.9,0
64.1,27.6,31.7,65.1,0
61.1,28.2,32.3,63.5,0
70.4,28.8,31.6,63.3,0
67.8,28.1,31.3,65.8,0
66.1,29.2,29.6,65.1,0
65.7,29.4,30.1,70.4,0
65.2,28.3,28.7,71.2,0
63.1,28.5,27.6,72.4,0
61.8,27.8,27.5,71.6,0
60.9,26.9,25.3,74.8,0
60.0,27.1,26.6,78.0,0
59.2,27.2,26.0,73.6,1
58.7,26.4,24.7,78.8,1
57.8,26.1,23.6,81.8,1
57.4,25.8,23.3,83.1,1
56.0,25.7,23.9,78.3,1
54.3,25.1,22.3,80.0,1
64.2,25.3,25.1,80.0,0
62.7,25.6,26.5,78.2,0
61.1,24.8,27.1,70.1,0
59.6,25.4,28.3,67.0,1
57.2,26.4,30.1,68.3,1
54.6,26.8,31.3,66.8,1
64.2,27.6,32.6,64.3,0
62.6,28.3,32.0,63.4,0
60.3,28.3,31.4,66.5,0
71.0,28.8,31.3,67.4,0
69.9,28.4,31.4,64.5,0
67.9,28.3,31.9,66.9,0
66.6,28.7,29.7,65.9,0
65.8,29.4,28.4,72.7,0
64.2,28.7,27.7,68.6,0
63.5,27.6,25.9,70.9,0
61.3,27.4,27.0,72.9,0
60.0,27.7,24.9,74.1,0
58.9,26.5,24.3,79.7,1
58.2,26.6,23.2,82.7,1
56.9,25.4,23.5,79.8,1
55.1,25.5,24.5,79.2,1
53.9,25.6,23.0,81.3,1
54.0,25.3,22.8,77.9,1
63.6,25.0,25.1,80.5,0
60.9,24.7,25.7,75.9,0
58.8,25.1,27.7,74.1,1
56.3,25.7,29.3,69.4,1
54.0,26.2,30.0,67.6,1
52.3,26.1,30.0,63.0,1
63.2,27.4,31.7,64.5,0
61.1,27.6,32.4,65.6,0
58.5,28.6,31.4,60.8,1
68.1,28.3,30.5,62.9,0
66.1,28.9,32.1,64.7,0
63.7,29.7,30.3,66.1,0
62.2,29.2,29.7,67.8,0
62.3,28.2,29.2,69.4,0
61.7,28.1,29.2,71.7,0
60.7,28.0,27.8,72.8,0
57.7,27.9,26.5,71.4,1
56.7,26.0,26.5,76.6,1
55.3,27.4,27.0,79.5,1
54.2,26.8,25.9,78.9,1
53.7,26.1,24.9,76.1,1
53.5,25.9,23.2,80.2,1
52.1,25.6,27.0,80.9,1
51.5,24.9,23.3,77.7,1
60.5,25.1,24.6,78.3,0
58.2,24.9,25.4,78.3,1
56.1,24.7,28.6,76.3,1
55.1,25.4,29.0,70.8,1
53.6,25.8,28.9,68.9,1
51.8,26.3,31.3,65.6,1
62.1,27.1,32.2,63.7,0
60.0,28.0,31.7,66.5,0
56.7,28.2,30.9,65.9,1
66.8,28.7,31.1,65.8,0
64.7,28.7,30.9,64.6,0
63.2,29.3,30.7,69.3,0
62.8,28.6,29.6,69.9,0
62.0,29.1,29.8,67.2,0
60.0,27.5,27.7,73.1,0
58.5,27.8,26.2,73.1,1
57.3,28.2,26.2,75.0,1
56.8,26.4,27.1,72.4,1
55.8,27.5,24.9,74.7,1
54.0,26.1,26.6,80.3,1
53.1,25.8,24.7,77.9,1
52.0,24.9,23.2,81.3,1
50.7,25.0,23.3,77.6,1
49.4,25.0,24.4,76.9,1
59.1,25.2,24.0,81.6,1
57.7,24.4,27.9,77.6,1
55.7,24.7,26.5,73.2,1
53.3,25.3,29.2,71.0,1
51.4,25.9,31.2,66.7,1
49.2,26.7,31.0,66.5,1
59.0,27.0,31.0,66.6,1
57.4,28.3,31.8,63.3,1
55.3,28.2,32.2,65.0,1
65.6,28.3,32.4,61.6,0
63.7,29.1,31.3,68.8,0
62.0,29.5,29.6,68.5,0
61.3,29.8,30.0,67.9,0
61.0,28.6,28.7,68.9,0
60.6,28.2,26.7,73.7,0
59.4,28.2,27.0,71.9,1
57.8,27.6,25.6,75.1,1
55.9,27.2,26.5,75.4,1
55.1,26.3,26.9,75.7,1
54.9,26.6,26.3,80.3,1
54.1,26.3,23.9,78.6,1
53.1,25.7,23.7,80.7,1
51.9,25.7,24.6,79.4,1
51.3,25.4,25.1,79.3,1
61.7,25.0,24.6,77.8,0
60.0,25.9,25.9,74.8,0
58.3,25.0,29.1,74.7,1
56.9,25.4,28.6,70.5,1
55.6,25.9,29.6,69.6,1
52.7,27.1,31.2,67.2,1
63.0,27.9,32.2,66.7,0
60.3,28.2,31.2,63.1,0
57.1,28.5,31.7,65.4,1
67.2,29.4,30.7,64.4,0
63.8,29.7,31.0,65.5,0
62.1,28.8,32.2,65.4,0
61.9,29.4,30.6,67.1,0
60.9,27.9,29.2,70.7,0
59.7,28.9,27.7,70.5,1
58.1,28.0,27.3,71.5,1
56.9,27.2,27.6,76.0,1
55.5,27.2,25.6,76.6,1
55.1,27.3,26.5,75.2,1
53.8,25.9,23.7,78.7,1
52.2,26.0,24.1,81.3,1
52.0,25.6,25.5,81.8,1
50.2,26.2,22.4,79.0,1
49.3,25.3,25.2,77.5,1
59.0,25.4,23.5,77.5,1
57.0,25.5,25.9,78.4,1
54.5,25.3,27.2,74.7,1
52.9,25.3,29.4,66.5,1
51.2,25.3,27.5,69.5,1
49.4,27.0,29.5,61.9,1
58.6,27.9,31.3,68.0,1
56.3,28.2,32.0,65.5,1
54.1,28.7,31.2,63.5,1
64.1,28.9,31.5,64.9,0
62.1,27.9,30.3,66.7,0
59.3,28.6,30.4,65.8,1
56.8,29.0,29.3,68.8,1
56.1,29.1,29.4,69.3,1
55.5,29.1,28.9,70.7,1
55.3,28.1,28.7,75.6,1
55.1,27.8,26.2,70.8,1
53.3,26.9,25.7,76.1,1
51.8,26.6,25.4,74.8,1
49.8,25.5,24.5,78.1,1
49.9,25.2,24.3,78.0,1
48.7,25.2,22.8,84.4,1
46.6,24.4,24.3,79.1,1
46.5,25.1,23.5,79.3,1
56.9,24.4,24.2,77.0,1
54.3,25.4,24.7,77.6,1
51.4,25.0,28.2,72.5,1
49.6,25.3,28.6,69.4,1
48.5,26.2,30.9,71.4,1
46.2,26.2,31.3,67.3,1
56.0,27.3,30.4,65.0,1
53.8,27.8,31.1,68.3,1
51.1,28.2,32.5,63.0,1
61.4,29.0,31.0,63.2,0
59.4,29.2,30.4,64.1,1
57.7,29.4,30.5,68.8,1
56.7,29.1,29.9,66.9,1
55.6,29.2,28.4,71.7,1
55.2,28.4,28.2,70.0,1
53.8,28.0,27.2,69.6,1
53.3,27.6,24.7,73.0,1
51.9,27.6,26.4,76.5,1
51.3,26.5,24.7,79.5,1
50.7,26.8,25.8,80.8,1
49.5,25.8,23.4,80.0,1
49.9,25.2,22.8,81.1,1
49.1,25.2,25.0,75.2,1
48.9,25.2,23.0,80.0,1
58.2,25.6,24.4,78.2,1
58.0,25.3,26.5,75.4,1
56.3,25.3,27.0,72.2,1
54.9,26.0,27.4,72.2,1
52.6,26.7,30.2,70.1,1
50.4,26.5,30.9,69.4,1
60.7,27.4,32.8,64.1,0
58.8,27.7,32.5,62.6,1
57.5,28.4,34.3,67.6,1
68.2,29.0,30.3,64.1,0
66.5,29.0,31.2,64.6,0
65.4,28.7,29.8,64.1,0
64.8,29.1,30.9,68.8,0
64.4,28.1,29.9,70.6,0
63.2,28.6,29.0,72.7,0
62.3,27.8,27.0,73.2,0
61.2,27.6,26.2,75.5,0
60.3,27.0,24.4,77.0,0
59.6,27.4,26.7,78.3,1
58.4,26.6,25.2,80.6,1
58.3,26.1,24.1,80.8,1
57.7,25.9,24.8,80.2,1
56.4,25.3,24.6,79.0,1
55.3,25.4,25.0,81.0,1
66.5,25.4,23.6,77.1,0
64.9,25.8,25.4,75.7,0
62.1,25.3,27.5,72.1,0
59.9,25.8,29.0,74.5,1
57.5,25.9,30.8,66.3,1
55.4,26.4,30.3,67.1,1
64.9,26.8,31.9,65.7,0
62.9,28.0,33.8,65.6,0
61.2,28.2,32.5,64.1,0
70.3,29.3,32.4,64.8,0
67.4,28.5,31.2,65.2,0
64.8,29.1,31.3,61.8,0
64.2,28.9,31.4,66.6,0
63.9,28.5,29.3,72.0,0
62.5,28.5,29.4,69.7,0
60.6,27.7,26.9,73.1,0
60.6,27.4,27.2,79.2,0
59.5,27.1,26.7,74.3,1
58.7,26.7,24.7,76.4,1
56.8,26.0,25.6,78.0,1
56.2,26.3,23.8,75.7,1
55.7,25.0,23.4,78.3,1
54.7,25.5,24.0,77.4,1
53.4,25.8,25.8,80.5,1
63.6,24.3,25.2,77.7,0
61.6,25.0,26.7,72.2,0
60.3,25.2,26.7,74.8,0
59.2,25.3,28.8,72.4,1
57.9,26.0,29.1,67.3,1
55.9,26.3,30.6,67.6,1
66.5,27.2,32.4,65.5,0
65.1,28.0,32.0,62.4,0
63.6,29.0,33.1,64.7,0
73.7,29.3,31.5,65.0,0
70.7,29.1,31.1,64.0,0
68.5,29.2,31.7,64.8,0
67.5,28.5,29.5,68.7,0
67.8,28.4,28.0,73.7,0
67.0,28.0,29.5,71.1,0
66.2,28.4,27.9,73.2,0
64.5,28.2,25.0,72.6,0
63.9,27.3,26.0,75.5,0
63.3,26.2,25.0,77.0,0
62.3,25.8,26.2,77.8,0
61.1,26.4,23.8,78.1,0
60.4,25.7,23.6,79.7,0
60.1,25.1,23.3,79.0,0
58.4,25.7,23.4,81.8,1
68.2,25.8,24.4,81.8,0
66.5,25.5,24.9,74.6,0
63.7,25.0,26.5,72.7,0
61.4,25.9,27.4,71.4,0
59.5,26.0,28.8,69.0,1
58.4,26.7,29.8,64.5,1
68.6,27.5,31.3,63.5,0
67.5,27.6,31.5,65.1,0
65.4,28.2,30.9,61.2,0
75.0,28.7,32.0,68.7,0
73.1,28.4,31.2,66.1,0
71.7,29.4,30.3,66.1,0
70.9,28.8,29.6,67.7,0
69.9,29.0,30.5,67.6,0
69.6,28.0,28.6,74.4,0
68.6,28.5,28.0,72.7,0
67.8,27.3,24.7,73.7,0
68.0,28.2,25.5,79.2,0
67.4,27.3,23.6,79.2,0
65.9,25.9,24.4,78.1,0
65.4,26.4,24.6,80.1,0
64.4,25.4,23.5,79.2,0
63.9,24.8,24.4,79.3,0
63.0,25.5,23.4,79.1,0
72.6,25.4,25.4,78.7,0
70.6,24.9,24.8,78.0,0
68.5,25.6,27.1,76.9,0
66.1,25.6,29.0,66.7,0
64.0,26.7,30.4,72.2,0
61.2,26.3,31.0,67.7,0
71.1,28.3,33.3,64.5,0
68.7,27.8,31.7,63.2,0
67.2,28.9,31.6,60.8,0
76.8,29.9,29.4,66.8,0
75.0,29.0,32.7,63.6,0
73.3,28.7,30.4,67.8,0
72.3,28.3,29.1,67.3,0
71.7,29.5,30.3,66.6,0
70.8,28.7,29.4,71.9,0
69.2,27.9,27.7,73.7,0
67.1,27.7,25.6,72.8,0
66.3,26.5,26.3,77.5,0
65.9,26.6,24.8,80.6,0
65.5,26.4,23.8,79.4,0
63.3,26.2,25.2,80.1,0
61.8,25.7,22.4,78.5,0
61.0,25.6,24.5,78.1,0
59.4,24.9,24.6,78.8,1
69.7,25.3,26.6,78.3,0
67.8,25.1,26.3,76.0,0
65.6,25.2,25.7,73.0,0
62.9,25.6,28.0,75.1,0
60.6,26.0,30.1,69.0,0
59.0,27.3,31.3,64.1,1
68.2,27.6,32.5,62.3,0
66.1,27.7,30.4,60.9,0
64.1,28.2,31.6,62.4,0
74.7,28.9,32.4,65.7,0
72.6,28.4,32.5,65.0,0
70.1,29.1,32.2,65.4,0
69.4,28.5,29.7,69.1,0
68.0,27.8,30.1,70.5,0
67.7,28.0,29.8,71.8,0
66.7,27.3,28.5,72.8,0
64.7,27.4,27.3,74.4,0
64.4,26.6,26.7,73.6,0
63.7,27.0,24.7,74.0,0
62.5,26.5,23.6,77.0,0
61.2,26.0,25.1,77.9,0
60.2,25.4,23.8,78.4,0
59.4,25.5,24.0,79.7,1
57.9,24.3,23.8,78.7,1
67.3,25.3,24.6,75.8,0
63.9,24.4,26.2,75.8,0
61.5,24.8,26.5,74.0,0
60.4,25.7,28.7,69.7,0
58.7,26.4,30.2,69.5,1
56.8,26.9,31.0,66.4,1
65.6,27.3,31.2,65.2,0
63.3,27.5,32.6,63.3,0
60.9,28.6,33.4,64.9,0
71.4,29.4,31.2,65.9,0
69.4,29.0,32.2,62.1,0
67.6,28.6,31.4,68.6,0
66.6,28.4,27.9,67.1,0
65.7,29.2,28.6,70.7,0
64.5,27.8,27.9,67.0,0
62.9,27.6,28.2,72.1,0
61.5,28.1,26.9,71.4,0
60.7,26.9,26.4,75.7,0
59.2,27.0,25.8,77.7,1
58.7,26.6,24.0,79.2,1
56.8,26.1,23.7,79.3,1
56.3,26.1,23.1,77.6,1
55.0,25.1,23.9,82.3,1
52.6,25.7,24.1,77.1,1
61.5,24.8,25.1,77.5,0
58.9,25.1,25.4,74.6,1
56.3,24.6,28.0,72.3,1
54.5,26.0,29.4,68.1,1
53.3,27.0,31.2,70.0,1
50.9,26.9,31.6,67.2,1
59.8,27.1,31.9,64.6,1
57.3,28.1,32.5,63.7,1
55.8,28.2,32.4,62.4,1
65.6,28.2,31.1,64.5,0
64.2,28.8,32.3,63.9,0
62.0,29.0,32.1,66.8,0
61.2,28.8,31.6,68.7,0
60.3,28.4,29.3,69.1,0
59.8,28.8,28.7,71.9,1
59.5,27.5,27.9,73.9,1
58.7,28.0,26.8,75.9,1
57.6,27.2,26.5,79.6,1
57.1,26.4,25.2,74.8,1
56.3,26.2,24.6,76.3,1
55.8,25.6,25.8,77.1,1
55.2,25.8,24.2,79.5,1
55.1,25.8,24.1,77.1,1
54.9,25.1,24.9,78.6,1
64.7,25.1,25.1,79.6,0
62.1,24.7,26.2,77.3,0
59.6,25.1,27.3,76.3,1
59.3,26.0,27.7,72.1,1
56.3,25.4,30.0,69.8,1
54.2,26.2,30.2,64.9,1
64.2,27.0,31.9,63.8,0
61.9,28.1,31.1,65.6,0
58.6,28.2,32.6,65.7,1
69.0,28.9,32.3,61.2,0
67.5,28.6,31.5,63.0,0
66.4,28.9,30.6,64.9,0
65.3,29.1,30.3,66.5,0
65.0,27.5,27.7,71.9,0
64.1,28.0,27.5,74.4,0
62.0,27.9,27.5,73.4,0
60.9,27.5,27.0,75.1,0
59.5,27.0,25.9,79.5,1
58.4,26.3,24.5,78.2,1
57.6,27.2,24.9,79.5,1
56.7,25.8,24.0,80.0,1
56.2,25.5,23.2,80.5,1
55.9,25.6,24.3,82.4,1
56.0,24.6,24.1,80.8,1
66.2,24.9,25.9,78.3,0
64.0,25.0,26.5,75.3,0
61.8,25.1,27.9,73.9,0
61.1,25.7,29.0,67.6,0
58.5,25.6,29.3,68.8,1
57.5,26.7,30.3,66.1,1
67.1,27.8,30.6,65.1,0
65.2,27.6,34.3,61.9,0
64.1,28.5,31.0,65.0,0
74.1,29.2,31.5,65.0,0
71.3,28.8,30.9,65.5,0
68.3,29.7,30.5,67.3,0
66.6,28.6,29.5,66.5,0
65.7,28.6,27.7,66.9,0
64.1,28.3,27.6,72.0,0
63.3,28.1,26.5,68.9,0
62.5,27.4,26.7,75.5,0
63.0,27.7,25.5,79.7,0
61.8,26.5,24.8,78.0,0
60.7,26.2,24.9,80.0,0
59.0,26.6,23.9,82.2,1
56.9,25.8,24.8,81.7,1
54.8,25.4,23.7,84.1,1
54.4,25.3,24.4,77.9,1
64.1,25.6,23.9,77.5,0
62.6,25.4,26.5,76.9,0
59.5,24.8,27.0,70.5,1
58.8,25.2,29.0,70.6,1
56.6,25.8,30.3,68.1,1
55.0,27.7,30.9,68.2,1
64.7,27.2,31.9,66.4,0
63.3,27.7,31.7,65.4,0
62.1,28.9,33.0,65.4,0
70.9,28.2,32.4,64.8,0
69.3,28.9,31.6,66.1,0
66.8,28.5,29.7,68.0,0
66.4,28.7,29.1,69.8,0
66.1,28.7,28.7,68.2,0
64.8,28.2,28.2,72.0,0
63.1,28.2,27.9,72.7,0
62.4,28.2,26.0,75.0,0
61.3,27.1,26.9,78.1,0
60.3,27.1,25.3,76.9,0
59.8,26.1,23.2,76.8,1
59.8,26.2,24.0,77.7,1
58.8,25.6,22.0,78.8,1
58.0,26.0,23.4,81.1,1
56.3,24.9,23.8,79.2,1
66.4,25.0,24.4,77.1,0
65.4,25.0,25.7,77.4,0
64.0,25.4,27.0,73.7,0
62.3,25.4,28.2,71.9,0
59.8,25.5,31.2,71.9,1
58.5,26.0,32.0,69.3,1
68.9,27.6,30.8,65.1,0
67.7,27.6,33.0,64.6,0
66.1,28.7,30.6,66.2,0
76.5,29.1,31.0,67.0,0
74.6,29.0,32.5,64.9,0
73.3,29.3,28.9,64.4,0
71.8,28.0,30.5,69.6,0
69.9,28.5,28.2,69.9,0
68.3,28.4,28.3,72.3,0
66.8,28.7,27.4,73.8,0
65.4,27.3,28.1,73.2,0
64.7,27.5,25.4,75.1,0
63.5,26.8,25.3,79.3,0
62.4,26.0,25.3,78.2,0
60.8,26.0,24.1,77.9,0
60.7,25.0,23.4,79.3,0
59.3,25.3,24.0,80.7,1
58.9,25.8,24.3,78.6,1
68.1,24.3,25.6,81.3,0
66.3,24.5,25.2,77.5,0
64.4,25.0,26.9,70.7,0
61.8,25.2,29.0,71.0,0
60.5,25.9,29.9,70.8,0
58.5,26.7,30.9,71.8,1
69.5,27.2,31.7,63.6,0
67.7,28.1,31.4,64.0,0
65.1,28.5,31.3,61.7,0
75.0,29.4,32.0,65.7,0
73.1,29.3,30.4,66.4,0
71.8,28.9,31.6,67.2,0
70.3,28.8,30.2,66.0,0
69.5,28.7,28.2,70.9,0
68.9,28.3,28.6,74.5,0
68.7,28.1,27.7,75.3,0
67.1,27.5,27.4,75.1,0
65.6,27.8,26.9,75.9,0
64.4,27.0,25.0,79.0,0
63.2,25.9,24.2,78.2,0
62.4,25.8,23.9,74.8,0
62.1,25.4,23.3,76.7,0
60.8,24.7,23.4,82.5,0
60.3,25.8,24.5,81.9,0
69.7,25.4,24.9,77.9,0
67.4,25.0,25.6,74.6,0
65.1,24.9,26.7,72.8,0
62.3,25.8,29.0,68.3,0
59.4,25.4,29.6,67.5,1
58.2,26.8,30.2,69.0,1
67.8,27.5,31.6,63.4,0
65.6,28.6,31.8,62.6,0
64.4,28.4,31.1,61.8,0
74.1,28.6,32.3,65.1,0
72.4,29.8,31.9,63.8,0
70.3,29.1,30.7,67.8,0
70.1,29.4,30.1,67.4,0
69.8,28.5,29.7,72.6,0
68.9,28.0,28.4,72.2,0
67.8,27.9,28.3,73.7,0
67.0,27.9,28.1,71.9,0
66.8,28.3,26.1,76.0,0
65.8,26.6,25.7,77.9,0
65.1,26.6,25.5,79.1,0
64.3,25.8,24.1,79.9,0
63.9,26.2,23.2,80.0,0
62.8,25.9,24.7,77.9,0
61.9,25.3,23.0,75.2,0
70.7,25.2,26.4,76.1,0
68.1,25.3,26.7,77.8,0
66.5,23.9,27.5,74.8,0
65.0,26.0,28.7,72.7,0
63.5,27.1,31.4,68.6,0
60.6,26.8,30.3,66.3,0
70.1,26.9,30.8,64.5,0
68.2,27.8,31.5,60.9,0
67.0,28.6,31.7,64.5,0
76.3,29.8,30.8,63.5,0
74.1,29.4,31.4,64.4,0
71.2,29.4,30.8,64.9,0
69.4,28.9,29.3,67.9,0
68.7,28.5,30.5,71.2,0
68.0,28.6,27.3,72.6,0
65.2,29.2,26.6,71.1,0
64.5,27.4,27.1,74.9,0
63.5,27.1,25.8,75.9,0
61.8,27.2,25.7,73.7,0
60.3,27.0,24.3,80.2,0
59.0,26.0,23.5,78.1,1
57.8,25.3,23.6,80.9,1
56.7,24.8,23.5,78.6,1
55.5,25.5,24.7,80.9,1
65.9,24.6,24.6,80.4,0
64.3,25.3,26.6,76.5,0
61.6,25.0,27.8,74.4,0
59.7,25.8,29.5,69.4,1
56.7,26.7,30.7,67.4,1
54.1,27.2,31.7,63.9,1
64.8,28.0,32.4,66.4,0
62.0,27.8,31.6,66.1,0
59.3,28.3,31.7,63.3,1
70.5,29.3,30.2,64.8,0
68.5,28.4,31.5,64.3,0
66.5,29.5,30.1,64.3,0
65.2,28.4,30.3,67.1,0
64.4,28.6,29.7,67.4,0
64.3,28.5,27.3,67.7,0
63.8,27.6,26.8,73.4,0
62.4,27.8,26.5,72.7,0
61.6,27.1,25.6,75.9,0
60.6,26.7,25.5,72.6,0
59.6,26.9,23.8,78.6,1
59.3,25.8,24.4,78.1,1
58.8,26.0,22.7,78.7,1
58.1,25.8,22.3,81.6,1
57.1,25.9,24.8,79.3,1
67.0,24.6,23.9,78.7,0
65.7,25.4,25.6,76.1,0
64.8,25.5,26.2,74.3,0
62.7,25.4,27.6,69.2,0
61.2,25.6,29.7,68.0,0
59.4,26.2,30.7,65.5,1
69.7,27.7,32.5,65.8,0
68.1,28.4,32.4,63.0,0
66.4,29.1,31.7,65.5,0
76.8,28.9,32.3,65.6,0
74.8,28.9,32.1,64.5,0
72.8,28.0,31.0,68.0,0
71.9,28.7,29.7,67.3,0
70.4,28.9,30.1,68.4,0
69.1,27.9,29.8,69.7,0
69.1,27.8,28.1,70.9,0
68.5,27.9,28.2,75.0,0
66.1,27.4,26.7,75.6,0
65.3,26.8,26.0,76.8,0
64.3,25.6,23.9,80.0,0
62.2,25.7,23.5,80.9,0
61.6,25.2,24.0,80.0,0
60.9,25.9,22.7,76.5,0
58.9,24.6,23.8,80.4,1
68.7,25.2,25.6,74.6,0
66.2,25.3,25.5,74.4,0
63.6,25.3,27.7,73.1,0
62.5,25.3,27.6,73.4,0
60.3,26.8,29.6,63.5,0
58.7,26.3,31.9,63.1,1
68.2,27.2,31.9,63.2,0
66.0,28.3,32.2,65.2,0
63.9,28.7,33.3,61.2,0
74.3,28.7,32.7,63.3,0
72.5,28.7,30.5,67.7,0
68.6,29.0,31.7,68.2,0
67.4,27.9,29.5,66.9,0
66.6,27.9,29.2,71.4,0
64.5,28.6,28.4,71.3,0
62.6,27.0,28.4,71.2,0
60.6,27.4,25.9,73.2,0
58.6,27.2,26.4,74.9,1
56.6,26.5,25.7,75.4,1
54.8,26.2,25.4,79.3,1
53.5,26.2,24.2,81.1,1
51.5,25.5,24.9,77.2,1
50.2,24.4,23.4,81.2,1
49.2,25.4,25.2,77.6,1
60.9,25.1,25.2,78.0,0
58.2,25.0,24.9,76.5,1
56.7,24.8,27.6,75.2,1
53.4,24.7,28.8,70.6,1
51.9,26.8,29.7,68.4,1
49.5,26.6,30.5,68.8,1
59.9,27.7,31.6,67.4,1
58.1,28.2,30.8,65.9,1
55.9,28.5,33.3,65.5,1
65.7,29.5,30.8,65.6,0
64.1,29.5,30.7,68.5,0
61.7,29.4,31.6,68.0,0
61.5,28.5,30.5,66.8,0
61.2,28.2,29.8,69.7,0
60.7,28.8,29.6,71.9,0
59.6,28.1,27.3,70.3,1
57.7,27.6,25.9,73.4,1
57.5,26.9,26.7,79.1,1
56.8,26.2,26.0,75.3,1
55.3,26.8,24.5,79.4,1
54.4,26.0,23.3,79.9,1
53.2,25.3,25.1,81.6,1
51.6,25.3,24.5,78.6,1
50.4,24.7,23.1,78.1,1
59.9,24.8,25.6,78.2,1
58.1,24.7,24.8,74.9,1
56.2,25.3,26.9,76.2,1
54.1,25.6,27.8,70.9,1
51.9,25.9,29.5,69.5,1
50.3,27.4,30.4,64.1,1
59.7,27.4,31.3,65.5,1
57.8,27.8,32.6,68.5,1
54.7,28.7,32.1,64.1,1
64.9,29.2,32.2,62.7,0
63.4,28.5,32.1,67.6,0
60.6,29.7,30.4,65.8,0
60.1,28.9,30.1,65.7,0
59.6,28.4,29.7,67.5,1
59.1,28.8,29.8,69.0,1
58.1,28.3,28.3,73.8,1
57.6,28.4,27.9,72.9,1
57.3,27.6,26.8,74.4,1
56.5,26.5,26.2,76.7,1
56.3,26.4,23.3,79.2,1
55.5,26.0,25.1,80.9,1
54.2,26.0,24.3,82.0,1
52.8,24.7,24.0,79.4,1
52.3,25.4,23.8,81.3,1
62.9,24.9,24.6,76.7,0
60.5,24.5,26.3,79.1,0
58.4,24.6,28.0,74.5,1
56.2,25.1,27.5,71.1,1
54.8,26.2,30.2,65.1,1
51.9,26.9,30.6,67.6,1
62.8,27.4,31.0,63.6,0
61.0,28.4,32.3,62.9,0
58.0,28.3,31.6,62.7,1
67.4,29.1,31.1,63.6,0
65.2,29.2,30.6,66.4,0
63.0,28.9,30.9,67.4,0
62.0,28.5,30.0,68.1,0
61.1,28.3,28.4,72.9,0
59.7,28.0,27.7,68.9,1
59.7,28.1,27.4,73.4,1
58.8,27.6,27.1,72.1,1
57.6,26.6,25.2,77.0,1
57.2,27.0,25.7,78.4,1
55.5,26.6,24.1,78.7,1
55.3,25.6,26.5,80.2,1
53.6,26.0,23.3,80.9,1
53.7,25.7,23.4,80.9,1
51.7,25.2,24.4,77.0,1
61.3,24.9,24.2,79.7,0
59.1,25.5,26.7,79.1,1
57.6,25.1,28.7,75.4,1
55.7,26.1,28.4,70.1,1
54.8,26.0,30.1,71.5,1
52.8,25.3,30.6,66.3,1
62.7,26.9,31.8,66.6,0
61.5,28.3,33.1,65.2,0
60.4,28.7,32.6,66.8,0
69.6,29.2,30.9,61.8,0
68.4,29.4,32.5,64.1,0
67.2,29.6,31.6,67.6,0
65.4,28.7,30.4,67.6,0
64.7,29.0,28.7,68.9,0
63.4,28.6,28.5,73.9,0
61.5,27.7,26.9,71.8,0
61.0,27.9,27.1,75.0,0
60.6,27.6,25.7,76.7,0
59.8,27.2,23.5,76.9,1
58.3,27.1,25.5,74.3,1
58.1,27.0,24.5,76.0,1
57.1,25.7,25.0,79.4,1
56.3,25.2,23.9,84.0,1
55.0,25.5,24.4,78.2,1
64.1,25.1,25.8,78.1,0
62.3,25.3,26.3,79.7,0
60.7,25.2,27.5,73.5,0
58.9,24.8,31.3,71.5,1
57.3,25.8,29.9,68.6,1
56.4,26.3,31.2,64.4,1
66.1,26.5,33.1,62.9,0
63.0,28.2,31.4,63.1,0
61.6,29.2,31.1,64.2,0
71.3,28.5,30.5,63.4,0
68.7,29.4,31.7,64.6,0
65.9,28.4,31.2,67.1,0
65.5,28.5,30.6,70.2,0
64.0,28.6,28.2,73.8,0
62.6,28.5,29.2,69.9,0
61.9,28.6,28.5,73.3,0
61.1,27.5,26.7,72.7,0
60.1,27.3,26.0,74.9,0
58.8,26.7,25.9,74.3,1
56.7,26.5,25.1,81.6,1
56.8,25.5,24.9,78.5,1
54.3,25.5,23.2,81.6,1
53.3,25.3,23.9,78.1,1
51.6,24.4,23.3,75.3,1
61.4,25.2,25.4,81.2,0
59.3,25.0,26.4,73.1,1
57.4,24.8,27.2,71.5,1
55.5,25.3,28.9,72.8,1
51.9,26.0,28.8,68.2,1
50.5,27.3,31.8,65.5,1
60.6,27.1,31.4,66.9,0
58.0,27.5,32.1,63.5,1
55.9,28.6,32.8,65.6,1
65.5,29.5,31.0,62.5,0
61.7,28.9,32.2,68.1,0
60.5,29.0,30.8,65.6,0
60.4,28.4,30.0,68.3,0
59.8,28.3,29.7,68.2,1
59.5,28.6,27.4,69.7,1
59.1,28.1,28.1,72.3,1
57.9,27.7,26.8,76.1,1
56.9,27.1,26.8,75.6,1
55.8,27.2,25.2,77.7,1
55.0,26.1,24.5,77.6,1
53.4,26.3,24.6,81.7,1
53.0,25.8,24.0,77.2,1
52.0,24.9,23.1,77.0,1
51.0,24.9,24.1,82.1,1
61.3,24.6,25.9,74.2,0
59.4,25.1,25.9,79.1,1
57.2,25.2,26.6,73.4,1
55.0,25.1,29.3,71.4,1
51.7,25.8,28.5,68.6,1
50.4,26.5,29.4,64.7,1
60.6,27.5,31.8,65.4,0
58.8,28.1,32.1,67.7,1
57.8,28.7,32.1,66.4,1
67.3,29.4,30.9,63.4,0
65.4,29.1,31.1,67.8,0
62.9,29.4,29.6,64.5,0
62.6,28.3,30.2,67.6,0
60.8,28.4,27.9,69.8,0
60.5,28.5,28.3,73.4,0
60.2,27.9,27.8,70.3,0
59.5,28.1,25.4,76.4,1
59.3,26.8,25.6,75.3,1
58.2,27.0,26.0,74.4,1
56.8,27.1,26.0,80.3,1
56.2,25.7,23.1,78.6,1
54.7,25.4,24.4,76.2,1
53.6,26.1,23.0,81.4,1
53.2,25.2,23.2,76.5,1
63.7,24.7,26.2,77.4,0
61.7,24.7,26.5,74.0,0
59.0,25.3,26.7,71.9,1
57.4,25.9,28.9,72.6,1
55.0,25.0,30.5,69.1,1
53.0,26.6,31.2,63.2,1
61.6,27.1,33.6,64.1,0
60.4,28.8,32.5,64.1,0
58.7,28.5,29.5,66.6,1
68.2,29.2,31.4,65.5,0
66.5,28.7,30.6,63.3,0
63.9,28.8,30.5,64.3,0
63.5,27.8,30.0,69.2,0
62.3,29.0,28.7,70.9,0
61.6,28.8,27.6,70.1,0
61.0,27.8,28.7,71.7,0
61.2,27.2,27.2,75.4,0
61.3,28.2,25.5,76.5,0
61.2,26.6,25.9,72.6,0
60.8,26.4,25.3,78.0,0
60.5,26.4,25.4,80.8,0
58.6,25.8,23.2,77.2,1
57.9,25.1,24.6,81.6,1
56.2,26.0,23.8,77.3,1
65.5,24.5,25.9,78.5,0
64.4,25.2,25.8,74.5,0
62.3,24.9,25.5,70.5,0
59.5,25.4,28.7,71.0,1
56.7,26.1,28.6,67.8,1
55.3,26.0,30.9,68.6,1
65.6,27.5,31.7,66.0,0
63.8,28.5,31.7,61.1,0
60.8,28.3,30.7,64.8,0
70.8,29.3,30.8,66.5,0
69.3,29.3,30.6,67.1,0
66.7,29.2,30.5,70.0,0
64.9,28.4,31.0,71.5,0
63.7,28.3,29.8,68.3,0
62.8,28.5,28.0,71.9,0
62.3,28.2,28.6,77.2,0
60.7,27.7,25.7,76.8,0
59.4,26.5,26.5,74.8,1
58.7,27.1,25.2,74.6,1
58.3,25.9,25.0,75.7,1
57.6,26.6,24.9,80.5,1
56.4,26.5,23.5,79.6,1
54.6,26.0,24.6,79.7,1
54.6,25.1,24.2,78.5,1
65.1,25.2,26.9,76.6,0
62.6,24.3,25.8,77.1,0
60.2,25.0,28.3,73.3,0
58.2,26.4,29.2,71.4,1
56.4,25.2,29.1,65.1,1
54.0,26.8,32.2,69.1,1
64.8,27.3,30.9,66.6,0
63.6,28.2,30.2,65.9,0
61.7,28.3,32.6,60.5,0
71.8,29.2,32.5,66.3,0
69.4,29.0,31.3,62.9,0
67.3,28.5,30.5,67.4,0
65.6,28.5,31.3,70.1,0
65.1,28.8,29.8,71.5,0
64.8,27.8,27.9,72.5,0
63.9,28.3,28.2,76.2,0
64.1,26.8,25.8,74.8,0
63.1,27.8,25.6,74.5,0
62.1,26.4,24.5,76.4,0
61.8,27.0,23.0,78.5,0
59.9,26.7,23.4,80.8,1
59.1,25.6,25.1,77.9,1
57.2,26.0,23.1,81.5,1
55.2,25.2,23.8,79.5,1
65.1,25.2,24.0,77.3,0
62.6,25.6,26.7,74.3,0
61.0,25.0,27.3,72.5,0
58.7,25.8,29.1,71.2,1
58.0,25.7,29.9,67.6,1
56.3,27.3,30.1,67.2,1
65.8,27.1,31.0,61.6,0
64.0,28.5,32.7,61.4,0
62.4,28.6,31.9,62.3,0
73.7,29.1,32.3,66.7,0
71.0,28.2,28.7,65.3,0
68.9,28.9,31.6,66.7,0
68.6,29.1,29.6,69.1,0
67.8,28.8,31.0,70.7,0
66.4,28.1,28.0,70.2,0
64.8,28.4,27.6,70.3,0
63.7,27.5,27.3,73.8,0
63.5,26.8,25.3,73.2,0
62.8,26.9,26.0,77.2,0
62.0,26.4,24.2,77.1,0
61.9,25.7,25.4,79.8,0
60.8,25.1,24.7,80.2,0
59.8,25.8,24.4,79.3,1
58.4,24.9,23.7,80.7,1
67.4,24.9,24.8,83.2,0
65.7,25.5,26.2,72.7,0
62.9,25.0,25.7,77.8,0
60.9,25.6,28.3,68.9,0
59.7,25.8,30.8,65.6,1
58.1,26.4,30.0,64.1,1
68.7,26.7,32.8,65.8,0
65.8,28.7,31.5,64.4,0
63.8,28.7,32.2,63.1,0
74.5,29.0,30.7,63.6,0
71.8,29.0,31.6,64.2,0
70.0,28.6,31.0,67.7,0
68.3,28.9,30.9,70.3,0
66.6,28.2,30.3,69.1,0
65.9,28.5,29.4,69.9,0
64.6,28.2,27.7,72.2,0
63.5,27.5,25.8,70.3,0
63.2,27.5,27.1,75.9,0
61.6,27.0,24.3,78.0,0
62.4,26.5,24.4,77.8,0
62.1,25.4,24.9,78.4,0
60.8,25.4,24.4,81.8,0
60.5,25.3,25.3,80.6,0
60.0,25.7,24.2,80.2,0
70.5,25.0,23.6,79.0,0
68.4,25.1,25.8,76.3,0
67.0,25.1,27.4,75.8,0
65.4,25.3,28.4,68.1,0
63.9,26.1,31.1,67.9,0
62.1,26.0,30.9,61.8,0
72.2,27.0,30.6,63.7,0
70.1,28.7,32.4,67.6,0
67.3,28.9,31.0,61.9,0
77.3,28.6,33.0,62.7,0
74.7,29.2,31.5,65.4,0
72.7,28.8,29.6,68.2,0
72.1,28.4,30.9,69.2,0
72.1,28.7,31.1,68.5,0
70.4,28.0,26.8,74.2,0
69.0,28.5,28.3,72.7,0
67.3,27.5,27.2,76.5,0
66.5,26.9,26.1,78.9,0
65.9,26.8,25.6,75.6,0
64.7,26.3,25.2,75.8,0
63.5,26.3,23.8,80.3,0
64.3,25.9,25.2,80.2,0
63.0,25.0,22.9,80.1,0
61.6,25.5,25.8,80.0,0
71.0,25.5,26.2,77.9,0
68.2,25.1,25.1,78.8,0
66.9,25.5,27.3,68.0,0
65.6,25.2,29.8,72.9,0
63.3,26.4,29.6,68.5,0
62.0,26.7,30.9,65.6,0
72.0,27.8,31.4,62.7,0
69.8,28.1,32.9,66.2,0
67.8,28.7,31.4,62.1,0
76.6,28.2,31.6,64.9,0
73.9,28.5,31.7,67.6,0
72.1,29.0,30.5,63.7,0
71.3,28.4,29.3,68.6,0
70.4,28.1,28.2,70.1,0
69.3,27.3,27.2,71.9,0
68.4,27.6,26.6,72.0,0
68.7,27.7,25.4,75.5,0
68.6,26.7,25.4,77.9,0
67.7,27.0,25.6,76.8,0
66.2,25.6,24.8,82.2,0
65.6,26.8,23.7,77.3,0
65.6,26.1,23.3,78.6,0
65.5,24.4,23.2,82.2,0
63.6,24.4,23.1,79.1,0
73.6,25.1,23.9,76.4,0
71.2,24.3,26.6,75.2,0
68.6,24.8,26.2,76.1,0
66.8,25.6,28.7,72.0,0
64.1,25.2,29.5,66.3,0
62.1,26.9,33.0,62.5,0
72.1,27.3,30.3,67.2,0
70.6,27.4,32.2,64.4,0
68.8,29.1,31.6,63.4,0
78.1,29.1,31.0,63.1,0
76.8,28.7,31.5,61.8,0
74.5,29.4,30.8,64.3,0
74.8,28.6,29.1,68.5,0
73.9,27.9,29.6,68.6,0
73.6,28.3,28.7,74.1,0
73.4,28.0,28.6,74.5,0
72.0,27.6,26.3,73.4,0
70.9,27.2,27.2,74.3,0
69.7,26.8,25.2,79.7,0
68.5,26.3,23.2,77.8,0
67.5,26.1,24.8,84.1,0
65.9,26.1,24.0,80.0,0
64.9,25.4,23.3,77.5,0
63.9,25.5,25.0,75.8,0
72.8,24.9,24.6,76.8,0
70.5,24.7,26.8,78.6,0
68.2,24.5,27.2,72.9,0
65.8,25.6,29.3,66.1,0
64.9,26.1,30.5,66.9,0
61.9,26.1,31.4,65.3,0
71.3,26.8,30.9,66.9,0
69.4,28.7,32.7,64.8,0
67.2,28.7,31.9,63.9,0
77.5,28.7,33.3,65.2,0
76.5,29.0,31.6,69.5,0
75.6,28.7,31.3,68.6,0
74.8,28.9,29.4,66.7,0
73.5,28.7,28.9,70.8,0
72.7,27.7,28.5,73.2,0
70.9,27.5,26.6,77.0,0
70.7,27.7,25.8,75.0,0
71.1,26.7,25.9,75.4,0
69.6,27.1,25.3,78.0,0
68.0,26.3,24.9,77.6,0
66.7,25.9,25.2,79.6,0
65.8,25.9,23.8,78.4,0
64.9,25.5,24.5,80.0,0
63.6,25.5,24.1,76.9,0
73.0,24.8,24.8,79.6,0
71.9,25.1,26.2,77.4,0
69.8,25.4,25.7,70.4,0
67.5,25.4,28.7,72.0,0
65.6,25.9,29.5,67.0,0
64.5,26.8,30.3,68.4,0
74.6,27.7,30.2,66.3,0
73.0,27.7,31.6,66.0,0
70.8,28.7,30.4,65.2,0
81.0,28.5,32.4,62.8,0
79.1,28.4,31.0,61.8,0
78.1,29.2,29.3,66.9,0
75.5,28.8,29.5,65.7,0
74.6,28.2,29.8,69.9,0
74.1,28.0,27.9,68.5,0
73.4,28.1,27.4,74.2,0
71.7,27.7,26.5,75.4,0
71.3,27.6,25.9,73.7,0
70.8,26.9,24.0,75.6,0
70.5,26.2,24.7,79.2,0
69.2,26.4,23.9,80.9,0
68.3,26.5,26.5,80.2,0
66.6,25.3,23.8,78.8,0
65.5,25.0,23.9,79.8,0
75.5,25.1,25.7,77.7,0
73.6,24.8,25.9,75.0,0
70.6,24.6,27.5,70.9,0
67.9,25.5,28.0,70.7,0
66.3,26.0,31.2,66.5,0
64.2,26.3,30.6,65.6,0
74.5,27.8,32.1,60.9,0
71.7,29.1,32.9,65.5,0
69.6,28.6,31.7,63.2,0
79.3,28.5,31.7,64.8,0
77.1,29.0,31.7,68.2,0
74.2,29.2,31.2,69.4,0
72.6,28.8,29.1,69.2,0
70.8,28.6,29.4,67.7,0
69.7,28.5,27.7,71.0,0
68.0,27.6,27.0,73.4,0
66.8,27.9,26.2,75.0,0
65.6,26.9,27.0,76.3,0
64.3,27.5,26.6,78.8,0
62.5,26.1,26.8,79.7,0
61.3,25.3,24.3,81.5,0
59.6,26.0,23.4,81.3,1
57.8,24.9,23.2,78.7,1
57.0,26.7,25.5,78.9,1
67.0,25.5,23.7,78.1,0
65.2,25.3,25.7,76.7,0
62.6,24.8,26.9,72.5,0
59.9,25.8,30.1,70.6,1
58.7,26.3,29.2,67.4,1
55.6,26.6,31.9,64.9,1
65.0,27.1,32.8,65.2,0
63.8,27.7,31.9,65.6,0
62.0,28.7,32.3,67.4,0
73.0,29.1,30.4,66.5,0
72.0,28.8,31.2,64.8,0
70.8,28.9,30.5,68.9,0
70.7,29.2,27.9,65.4,0
69.8,29.1,29.6,70.3,0
68.2,28.3,28.7,70.2,0
67.7,27.9,26.2,71.8,0
66.0,27.9,25.6,78.0,0
64.0,26.4,25.4,75.2,0
62.5,26.6,24.9,77.8,0
61.5,26.1,24.5,79.5,0
60.6,25.8,23.6,79.3,0
60.4,25.8,23.3,77.4,0
59.3,25.8,24.2,80.6,1
59.7,26.0,23.9,78.9,1
69.8,25.7,24.9,77.9,0
68.2,24.9,25.8,76.0,0
65.9,25.2,27.7,74.2,0
64.0,25.2,28.6,71.4,0
62.2,26.1,30.7,65.3,0
59.7,26.5,31.1,66.3,1
69.8,27.6,32.5,67.7,0
67.2,28.4,33.0,60.6,0
66.6,28.3,30.7,62.5,0
76.0,29.4,32.4,63.4,0
74.1,29.3,32.7,62.0,0
71.9,28.8,29.9,63.4,0
70.0,28.5,30.0,66.3,0
69.4,29.2,29.0,71.6,0
68.7,27.9,28.8,70.5,0
66.9,28.7,28.0,71.2,0
65.3,28.4,26.2,74.2,0
65.0,27.4,27.1,76.9,0
64.5,26.9,24.6,78.2,0
63.9,26.3,24.7,78.5,0
62.3,25.6,25.2,84.1,0
61.1,26.0,25.7,80.3,0
60.9,25.2,23.6,80.8,0
58.7,25.1,24.9,78.6,1
67.9,25.9,25.1,76.6,0
65.6,25.1,24.7,73.9,0
63.7,26.1,26.5,71.1,0
62.7,26.1,27.7,71.6,0
61.8,26.3,29.6,68.3,0
59.4,26.9,30.7,64.7,1
70.0,28.1,31.8,63.9,0
67.0,27.9,33.0,65.9,0
65.4,28.3,32.3,63.8,0
76.3,28.8,33.8,64.8,0
73.4,28.5,31.0,66.0,0
71.3,28.6,31.3,67.5,0
71.3,28.7,30.3,66.6,0
70.3,29.0,30.4,65.1,0
69.6,28.5,28.1,67.7,0
68.8,27.9,28.3,73.5,0
67.3,27.4,28.1,73.4,0
66.2,26.9,25.4,75.4,0
65.8,26.3,25.3,74.3,0
65.1,26.0,25.2,77.0,0
63.6,25.3,24.0,79.5,0
62.7,25.8,23.4,79.9,0
61.4,25.5,25.5,78.1,0
60.6,25.0,24.1,77.4,0
70.3,25.1,26.3,81.6,0
68.6,25.2,25.6,75.6,0
66.1,25.4,27.1,73.2,0
64.6,25.4,29.3,68.2,0
61.8,26.2,29.8,66.6,0
60.8,26.7,30.3,65.4,0
70.9,26.7,31.2,62.4,0
69.4,28.5,32.2,64.2,0
67.7,28.8,31.4,62.1,0
78.8,29.1,31.7,63.4,0
76.2,29.2,29.4,64.1,0
73.0,29.5,30.2,63.7,0
72.8,28.3,29.9,65.2,0
71.4,29.6,28.8,69.7,0
70.5,28.1,27.6,69.3,0
70.2,27.6,26.9,72.5,0
70.1,26.9,26.8,74.2,0
68.7,26.8,27.2,76.6,0
67.8,26.8,24.2,78.8,0
67.2,26.2,24.5,77.3,0
66.9,25.5,25.1,77.2,0
65.4,25.9,24.4,80.2,0
65.3,24.6,23.9,81.5,0
64.3,24.7,23.9,78.9,0
74.2,25.9,24.9,78.0,0
72.8,25.2,25.9,75.7,0
71.2,25.0,25.6,73.1,0
70.3,25.6,28.1,71.8,0
67.9,26.1,28.4,67.3,0
66.3,26.9,32.1,67.0,0
77.1,27.4,32.4,65.2,0
75.0,28.1,31.4,67.9,0
72.6,28.6,32.6,62.9,0
83.0,28.7,33.6,66.8,0
81.5,28.8,30.7,67.0,0
78.4,29.4,31.7,64.4,0
78.3,28.5,30.3,69.0,0
78.2,28.7,29.0,70.6,0
76.7,27.8,27.5,70.1,0
75.3,27.5,27.1,68.4,0
74.7,27.2,26.4,75.8,0
74.3,27.0,24.1,73.7,0
73.5,26.9,25.7,77.0,0
71.6,26.9,24.5,75.3,0
70.3,25.8,24.7,80.4,0
69.5,25.6,23.8,76.5,0
68.4,25.3,26.4,78.9,0
66.0,25.8,22.9,78.5,0
75.2,25.4,24.2,78.1,0
72.4,24.8,26.6,73.3,0
69.6,25.4,29.2,74.2,0
67.8,25.3,27.9,71.5,0
65.6,26.2,31.5,67.3,0
63.7,26.2,30.3,65.4,0
73.5,26.8,32.8,59.5,0
71.6,27.8,32.1,66.9,0
69.8,28.4,33.7,63.8,0
80.6,28.6,33.1,65.9,0
77.9,28.9,30.7,65.9,0
76.0,28.9,33.0,66.7,0
76.1,28.4,29.1,69.2,0
75.2,29.0,29.0,68.4,0
74.0,28.5,29.9,73.0,0
72.6,28.0,27.0,75.7,0
71.5,27.7,26.3,74.8,0
70.7,27.6,26.1,75.7,0
69.7,27.2,25.7,79.1,0
68.3,26.7,25.1,79.2,0
67.5,25.8,23.7,78.6,0
68.0,26.4,24.2,79.2,0
67.1,25.2,24.5,80.2,0
66.1,25.6,25.4,80.9,0
77.0,25.2,25.2,77.2,0
75.3,25.0,25.0,77.4,0
73.2,25.4,27.3,76.9,0
70.2,25.1,28.2,71.7,0
68.2,25.2,31.1,67.9,0
65.7,27.2,29.7,66.9,0
75.5,27.6,32.2,63.7,0
73.2,28.0,31.1,62.0,0
72.2,28.7,32.9,62.8,0
82.7,28.6,32.3,62.2,0
81.3,29.6,31.4,67.3,0
78.5,29.0,31.1,65.8,0
77.7,28.5,29.7,64.7,0
75.6,29.0,29.8,70.4,0
74.1,28.8,28.4,71.8,0
72.8,28.6,28.2,73.4,0
72.0,26.9,26.8,72.1,0
70.9,27.1,24.0,74.0,0
71.4,26.6,24.9,80.5,0
70.5,26.6,26.0,77.4,0
68.9,26.5,25.5,80.1,0
67.7,25.5,24.2,80.0,0
65.2,25.3,23.9,77.5,0
64.4,25.3,24.0,76.9,0
73.7,25.3,25.4,79.0,0
72.1,25.5,26.5,75.4,0
70.6,24.6,26.5,72.9,0
69.0,24.9,29.2,72.5,0
66.0,26.0,31.0,65.1,0
65.1,26.4,30.3,65.8,0
75.7,27.9,31.6,66.6,0
73.7,27.8,32.4,65.5,0
71.5,28.7,32.5,63.7,0
81.5,28.6,31.3,65.5,0
79.7,29.9,30.8,66.7,0
77.2,28.7,30.3,65.1,0
76.8,28.6,30.3,65.3,0
75.5,29.4,29.6,71.1,0
74.2,29.2,28.4,71.3,0
73.5,27.9,26.5,76.1,0
73.1,27.4,25.9,73.3,0
71.6,27.3,26.5,77.8,0
72.2,26.8,24.3,78.8,0
71.4,26.4,24.9,79.4,0
69.4,26.0,24.1,79.4,0
67.8,26.2,23.6,78.1,0
67.0,25.0,24.0,79.5,0
66.4,26.0,25.6,78.6,0
76.1,24.3,25.2,78.2,0
74.3,24.3,25.8,74.1,0
72.0,25.5,26.1,73.8,0
69.4,25.6,29.1,73.8,0
67.3,26.5,30.9,66.4,0
65.2,27.2,31.6,66.8,0
76.0,27.4,32.7,61.1,0
74.6,27.3,32.4,64.9,0
72.7,28.8,30.9,64.6,0
83.0,28.8,31.6,63.1,0
81.7,29.1,31.7,66.5,0
81.7,28.4,31.3,66.8,0
80.6,28.6,29.6,71.3,0
80.7,28.8,29.2,69.7,0
78.8,28.4,28.7,71.9,0
77.0,27.9,28.6,72.6,0
76.0,27.9,27.6,72.5,0
75.5,27.1,26.5,80.7,0
74.4,27.0,25.6,77.7,0
73.6,26.3,23.9,79.0,0
74.0,25.9,23.5,79.5,0
73.2,24.7,24.0,77.2,0
71.4,25.6,24.8,77.6,0
70.8,25.5,24.6,76.5,0
80.3,24.7,25.4,80.5,0
78.4,24.4,24.8,76.9,0
76.5,25.3,26.1,72.8,0
74.2,25.5,29.6,68.0,0
72.8,25.9,30.0,66.5,0
70.3,26.8,30.0,65.7,0
80.5,27.0,32.5,62.3,0
79.0,27.7,32.2,65.6,0
77.2,28.4,34.3,62.7,0
86.8,28.6,32.7,64.2,0
84.4,29.5,31.5,65.3,0
82.0,29.4,30.6,62.7,0
81.4,28.7,30.2,69.5,0
80.6,28.7,29.2,69.6,0
79.9,29.2,27.3,67.2,0
79.3,27.9,28.3,72.1,0
77.6,27.4,27.0,73.9,0
76.0,27.5,23.8,74.1,0
74.9,27.2,24.8,78.0,0
73.9,26.4,24.1,80.6,0
72.6,26.2,25.1,79.9,0
70.7,25.5,24.1,77.3,0
69.8,24.9,25.2,78.8,0
68.6,25.3,23.0,76.0,0
77.8,25.5,24.1,78.5,0
74.7,24.6,26.9,74.2,0
72.0,25.3,26.8,73.9,0
70.2,24.8,27.8,72.1,0
68.4,26.0,29.6,69.6,0
67.2,26.8,30.5,66.2,0
77.8,27.9,32.2,64.0,0
76.1,28.0,32.9,61.1,0
74.0,28.2,30.6,68.1,0
84.1,28.7,31.4,68.7,0
82.1,29.4,31.2,65.4,0
79.8,28.5,30.7,67.4,0
79.3,29.4,30.7,65.9,0
79.1,27.7,29.3,68.8,0
77.8,27.8,28.0,71.2,0
77.7,28.3,26.7,71.8,0
77.0,27.8,25.3,77.6,0
76.1,27.0,25.7,76.6,0
75.2,26.7,25.3,76.2,0
74.1,26.1,25.5,77.7,0
72.5,26.0,24.0,79.7,0
71.6,26.1,25.9,77.0,0
71.7,24.7,23.9,80.9,0
71.6,25.5,23.9,79.4,0
81.2,25.2,25.2,79.7,0
79.5,25.0,25.2,76.6,0
77.7,25.7,27.5,72.2,0
75.9,25.9,27.0,69.4,0
73.9,26.0,30.5,70.5,0
72.4,27.1,31.1,66.6,0
82.8,26.8,31.9,65.6,0
80.4,27.7,32.1,65.1,0
79.4,29.1,30.9,64.0,0
88.3,29.3,30.9,62.7,0
85.8,28.9,32.5,68.8,0
84.1,28.5,31.1,66.3,0
83.3,29.0,29.5,70.3,0
81.3,28.3,29.6,69.4,0
80.8,27.4,28.7,73.2,0
80.1,27.9,29.1,71.3,0
78.9,27.2,27.7,72.1,0
78.3,27.6,26.3,75.5,0
77.5,26.2,25.0,76.5,0
76.5,26.0,26.2,79.7,0
75.1,26.5,24.3,79.9,0
75.2,25.5,23.4,77.0,0
73.1,25.9,23.0,78.7,0
71.6,25.6,23.6,77.0,0
80.9,24.7,24.6,76.8,0
78.8,25.5,26.6,75.8,0
77.7,25.5,28.0,72.3,0
75.5,25.2,29.6,72.7,0
73.4,25.5,30.1,68.8,0
71.1,27.1,31.7,64.3,0
82.6,26.9,33.6,66.8,0
79.6,28.6,32.7,65.6,0
77.6,28.8,33.2,64.5,0
87.3,28.5,30.4,64.0,0
84.2,28.1,30.6,69.0,0
81.5,28.8,30.1,68.1,0
80.6,29.0,27.9,66.1,0
80.5,28.1,29.3,69.8,0
79.1,28.4,29.5,69.7,0
77.6,27.4,27.2,74.4,0
76.3,28.1,26.9,72.6,0
75.7,27.3,25.3,74.9,0
74.8,27.7,24.9,76.2,0
73.8,26.5,25.0,79.3,0
72.6,26.7,23.4,77.4,0
72.2,26.2,25.0,79.8,0
71.2,25.6,22.5,76.1,0
71.0,24.6,24.5,81.0,0
80.8,25.2,24.5,73.3,0
79.8,24.8,27.2,76.3,0
77.6,25.3,27.9,73.8,0
76.5,25.1,27.0,69.7,0
74.6,26.3,28.1,70.0,0
72.6,26.6,30.3,67.9,0
82.5,27.2,31.4,66.4,0
79.7,28.0,31.8,66.0,0
78.9,27.3,31.9,64.8,0
89.3,29.2,32.2,64.0,0
86.9,28.9,30.1,66.0,0
84.0,29.7,29.2,68.6,0
82.9,29.0,30.2,67.9,0
81.9,29.3,28.9,65.2,0
80.7,28.0,28.3,68.1,0
78.9,27.9,27.1,76.1,0
77.7,27.3,26.6,73.0,0
78.0,27.4,27.2,74.9,0
76.1,27.1,24.0,79.1,0
75.7,25.7,23.8,80.1,0
74.7,26.2,24.9,80.3,0
72.7,25.4,25.3,80.1,0
70.9,24.9,23.8,76.2,0
70.4,24.7,23.2,83.5,0
80.3,25.2,23.3,77.4,0
78.3,24.8,26.2,78.0,0
75.9,25.2,26.3,73.6,0
73.3,25.3,30.4,69.6,0
71.9,25.9,31.9,67.5,0
70.2,26.1,31.2,65.6,0
80.7,27.2,32.1,67.5,0
78.9,28.4,31.9,61.7,0
76.9,28.7,32.8,64.9,0
87.7,29.2,31.7,67.9,0
85.5,28.9,31.3,64.6,0
82.8,29.6,31.8,66.7,0
81.4,28.4,30.5,65.9,0
79.9,29.2,30.9,72.5,0
79.2,28.9,27.1,69.1,0
79.2,27.6,27.1,74.0,0
77.6,28.0,26.0,70.9,0
77.3,27.1,26.7,74.4,0
76.6,27.2,24.9,77.8,0
75.5,26.7,25.2,76.5,0
73.8,26.5,23.4,78.8,0
73.7,25.3,24.0,77.4,0
72.9,24.8,25.8,80.2,0
72.0,24.9,25.6,77.4,0
82.6,24.7,23.4,76.2,0
80.5,24.9,26.3,76.5,0
79.5,25.0,28.0,70.0,0
77.1,25.2,28.3,71.7,0
73.7,26.5,29.1,66.5,0
71.3,26.9,31.6,68.7,0
80.6,27.6,31.8,63.5,0
78.4,27.7,32.4,62.4,0
77.2,28.5,31.8,64.4,0
87.7,29.5,33.5,66.5,0
85.6,28.6,30.5,61.1,0
83.6,28.9,30.3,65.5,0
82.7,29.0,30.4,70.3,0
81.1,28.5,29.8,67.7,0
80.1,29.0,27.3,69.0,0
79.3,27.8,28.6,70.0,0
78.0,27.9,25.6,73.8,0
76.8,27.0,26.0,73.7,0
76.2,26.6,25.1,78.2,0
74.4,26.3,24.2,75.8,0
72.6,26.4,25.3,78.5,0
72.0,25.7,22.2,79.5,0
71.2,25.9,23.4,78.9,0
69.8,25.3,23.5,79.1,0
80.1,24.9,25.6,76.4,0
78.5,24.7,27.2,74.4,0
76.2,24.4,27.9,75.6,0
74.8,25.5,29.8,71.4,0
73.3,26.3,28.2,68.8,0
71.4,26.6,31.2,67.8,0
81.5,27.4,30.7,65.2,0
80.1,28.6,31.7,63.4,0
79.5,28.5,32.1,65.2,0
89.4,28.9,31.7,64.2,0
87.0,29.0,32.3,68.7,0
85.2,29.0,29.1,67.0,0
83.7,28.2,29.3,68.1,0
82.8,28.1,28.1,72.3,0
81.6,27.9,27.1,72.6,0
80.6,28.3,28.4,71.6,0
79.5,27.2,26.9,75.3,0
79.7,27.0,27.2,73.7,0
79.0,27.1,26.3,76.9,0
77.2,26.0,24.8,78.8,0
76.6,25.4,23.6,79.6,0
75.6,25.1,24.9,79.5,0
74.6,26.0,23.4,78.3,0
73.7,25.1,23.3,80.2,0
83.0,24.7,24.0,79.1,0
81.6,23.9,26.1,74.8,0
79.2,25.2,28.3,73.3,0
77.2,25.2,28.7,71.5,0
75.6,25.4,31.0,68.9,0
73.8,27.3,31.1,66.5,0
83.6,27.7,31.4,65.3,0
81.3,27.9,34.2,65.1,0
79.6,27.9,33.4,65.5,0
90.5,29.7,31.8,65.5,0
89.5,29.5,30.6,64.6,0
87.3,29.5,29.4,67.2,0
87.2,29.1,30.3,66.8,0
87.5,28.6,29.0,68.5,0
86.2,28.1,28.8,71.8,0
84.2,27.9,27.8,72.9,0
83.5,28.3,27.1,73.3,0
83.2,27.1,26.9,77.0,0
82.2,26.3,25.6,76.0,0
81.9,26.4,24.2,79.3,0
80.8,25.7,23.7,76.9,0
80.5,26.3,24.6,82.2,0
78.6,24.9,23.1,80.9,0
78.3,24.8,24.8,80.4,0
88.7,24.9,25.5,78.2,0
86.2,24.4,26.0,73.6,0
83.8,24.0,26.7,70.4,0
81.9,25.1,27.3,70.7,0
80.1,25.5,29.1,67.3,0
78.5,26.8,29.8,66.5,0
88.4,27.9,31.8,66.4,0
85.8,28.2,31.6,64.7,0
82.7,28.1,31.2,62.4,0
93.1,28.9,32.4,65.8,0
89.9,29.2,31.3,64.4,0
88.2,28.9,30.7,67.4,0
87.7,28.4,30.4,69.1,0
86.5,28.4,30.1,68.6,0
85.4,28.7,27.1,73.8,0
83.8,28.1,28.1,72.2,0
82.9,27.8,25.3,74.5,0
82.7,27.0,25.4,78.3,0
81.9,26.7,26.1,77.7,0
81.5,26.2,25.3,77.0,0
80.5,25.9,24.9,78.7,0
80.0,25.2,24.2,80.2,0
79.3,26.0,25.1,79.2,0
78.8,25.0,23.0,78.6,0
89.6,24.9,24.7,79.8,0
87.2,24.5,26.0,75.7,0
85.1,24.8,28.9,76.5,0
81.7,24.6,29.5,70.3,0
80.4,26.3,30.8,66.2,0
79.2,26.6,30.5,65.4,0
89.8,26.9,33.6,66.2,0
87.8,28.1,32.4,63.0,0
85.4,28.4,31.1,66.2,0
94.6,28.6,33.5,64.7,0
93.7,28.3,30.1,66.2,0
91.8,28.6,30.0,65.3,0
90.1,29.0,29.8,68.1,0
89.9,28.5,28.5,69.5,0
88.4,27.8,28.8,73.1,0
87.1,27.9,27.8,72.0,0
85.4,27.6,26.9,71.7,0
83.5,27.3,27.5,74.0,0
82.9,26.3,24.0,76.1,0
81.5,26.0,25.9,79.6,0
80.5,25.9,23.7,77.7,0
78.9,25.8,25.3,78.1,0
78.5,25.9,25.5,79.5,0
78.2,25.1,26.1,79.5,0
88.6,24.4,24.8,78.0,0
86.2,24.9,25.1,73.7,0
85.1,25.1,27.6,72.8,0
82.9,25.2,28.7,72.3,0
80.2,25.5,28.6,68.7,0
78.2,26.3,31.7,66.6,0
87.9,27.5,31.0,63.1,0
85.7,28.2,33.2,63.5,0
83.7,28.3,32.7,61.9,0
95.0,28.5,31.4,65.7,0
93.6,29.1,31.3,67.0,0
91.3,29.1,30.5,66.2,0
90.7,29.3,29.6,67.3,0
88.7,28.4,31.7,68.0,0
87.4,28.7,27.7,70.9,0
86.1,27.9,27.6,75.8,0
84.8,27.1,27.6,73.2,0
83.3,27.5,25.7,76.4,0
82.1,27.0,24.8,79.0,0
81.8,26.7,23.7,78.3,0
80.5,26.3,25.3,77.0,0
78.4,25.9,24.7,80.4,0
76.8,25.2,24.4,82.7,0
75.9,24.4,23.0,79.8,0
85.5,24.8,25.3,78.1,0
84.0,25.0,26.2,75.9,0
81.9,24.9,27.0,69.6,0
80.1,25.6,27.6,71.2,0
78.2,26.6,30.0,67.1,0
75.8,26.6,30.4,64.2,0
85.8,27.0,31.8,66.7,0
83.8,28.6,32.1,62.3,0
81.5,28.5,31.6,64.3,0
92.2,28.9,32.4,62.5,0
90.4,28.1,31.2,66.1,0
87.9,28.3,31.1,64.1,0
86.4,29.2,30.3,68.4,0
84.6,28.8,30.0,69.7,0
82.8,28.8,27.6,72.5,0
81.9,28.9,27.3,70.5,0
81.7,27.6,27.5,73.7,0
81.0,27.2,26.1,74.5,0
80.4,26.7,26.2,78.6,0
79.3,26.4,25.4,75.4,0
78.9,26.4,24.0,78.6,0
77.9,25.4,24.8,80.7,0
77.3,26.0,23.8,80.3,0
77.0,24.4,25.0,76.8,0
87.7,25.3,26.4,80.1,0
85.4,25.5,26.9,76.1,0
83.4,25.2,29.1,75.2,0
80.0,25.7,27.5,69.8,0
78.8,25.5,29.6,68.1,0
76.2,27.3,30.9,66.2,0
86.9,27.8,31.4,63.7,0
84.9,27.7,32.3,68.0,0
83.0,27.8,31.6,63.7,0
93.6,28.5,32.5,65.3,0
92.2,28.8,32.0,64.4,0
90.3,28.2,31.0,65.6,0
89.3,28.9,29.2,67.7,0
88.4,28.8,29.7,68.2,0
87.6,28.4,29.0,69.5,0
87.4,27.9,27.9,72.9,0
86.1,28.1,26.8,73.7,0
85.1,27.3,27.1,79.8,0
84.4,27.7,24.9,77.0,0
83.3,26.1,24.5,77.3,0
81.6,26.1,24.9,80.4,0
80.8,25.3,24.5,83.0,0
79.5,25.3,24.7,77.1,0
78.9,25.5,24.0,81.7,0
88.5,25.2,23.9,76.2,0
86.5,25.4,25.0,75.1,0
84.3,25.5,27.0,70.9,0
82.4,25.2,29.3,69.8,0
80.1,24.9,30.6,65.5,0
78.5,25.8,29.6,64.8,0
88.8,28.2,32.2,63.9,0
87.3,27.5,31.9,63.7,0
85.4,29.0,31.1,64.6,0
95.0,28.7,33.4,65.2,0
93.9,28.7,31.4,65.4,0
92.1,29.2,31.3,69.0,0
90.6,29.2,32.1,68.3,0
89.7,29.0,28.8,71.7,0
88.3,28.1,28.1,71.4,0
87.6,28.3,28.8,71.7,0
86.0,27.7,25.7,72.0,0
84.2,27.9,26.1,71.0,0
84.3,26.9,25.4,76.6,0
83.9,26.8,25.5,76.4,0
83.3,25.4,24.7,79.3,0
82.5,26.4,23.4,82.1,0
81.6,26.0,24.8,75.9,0
81.0,24.8,24.9,80.7,0
91.0,25.6,24.1,75.4,0
88.5,24.7,25.4,72.7,0
86.2,25.2,26.9,77.4,0
84.8,25.3,27.8,72.0,0
82.2,25.4,30.9,62.6,0
80.2,26.6,30.8,68.3,0
89.5,27.1,31.5,64.1,0
86.9,28.4,31.2,66.7,0
85.5,28.1,31.6,62.5,0
95.0,28.7,32.8,65.0,0
92.7,28.6,31.8,65.7,0
90.7,29.3,29.4,62.9,0
89.0,28.9,29.2,68.2,0
88.8,29.0,29.7,71.0,0
88.5,28.1,28.0,69.4,0
87.4,28.1,27.1,73.8,0
87.5,28.0,26.1,75.7,0
86.5,27.1,24.9,76.0,0
84.4,26.6,25.4,79.4,0
83.9,26.4,24.5,79.6,0
83.1,26.2,25.3,82.2,0
82.5,25.7,24.0,80.3,0
82.2,24.9,23.2,81.9,0
81.3,25.0,24.8,79.3,0
91.0,24.6,26.0,79.3,0
89.5,26.2,25.4,76.6,0
87.9,25.2,25.9,74.2,0
85.4,24.8,28.3,71.9,0
83.4,25.8,28.9,67.4,0
80.8,26.2,32.4,65.3,0
90.6,28.3,30.6,61.2,0
89.2,28.3,31.7,64.4,0
86.3,28.3,33.1,62.1,0
95.0,29.4,32.4,63.3,0
92.6,29.4,30.8,64.8,0
90.7,28.7,30.1,67.8,0
88.4,28.4,29.9,69.0,0
86.7,28.1,29.0,70.4,0
86.3,28.2,29.6,70.8,0
85.6,28.0,27.5,73.3,0
84.4,27.5,25.7,72.9,0
82.8,27.5,26.8,78.8,0
81.8,26.9,26.2,80.3,0
80.5,26.4,24.6,77.4,0
79.9,26.4,25.0,77.1,0
78.6,24.9,24.1,77.7,0
78.6,25.3,23.0,78.3,0
77.6,24.7,24.2,77.8,0
88.5,25.2,24.0,78.7,0
85.9,25.3,25.5,76.3,0
84.1,24.8,26.6,74.9,0
83.0,24.6,29.0,70.9,0
80.9,26.8,30.1,68.4,0
78.6,27.2,30.0,65.3,0
88.4,27.8,31.0,67.3,0
86.5,27.6,32.0,66.9,0
85.1,28.8,32.3,62.8,0
95.0,29.0,31.7,65.2,0
93.0,29.2,29.5,65.1,0
90.6,29.5,31.7,66.2,0
90.0,29.7,31.4,67.0,0
89.3,28.7,30.5,67.5,0
88.6,28.5,28.9,70.7,0
88.4,28.6,28.1,74.5,0
88.3,27.7,26.2,76.9,0
87.7,27.2,26.2,77.7,0
87.0,26.8,24.4,77.6,0
86.3,27.1,24.9,80.9,0
85.6,26.6,23.2,79.2,0
84.3,24.7,24.6,79.6,0
83.5,26.1,23.7,77.6,0
82.8,25.1,24.9,81.7,0
92.3,24.5,25.1,80.0,0
89.8,25.6,25.6,74.3,0
87.0,25.3,28.0,71.1,0
85.0,25.5,27.8,74.2,0
83.3,26.0,29.8,68.4,0
80.8,27.2,30.6,63.9,0
89.7,27.7,32.4,63.9,0
86.8,27.7,31.9,65.0,0
83.6,27.8,32.1,66.1,0
92.9,28.5,32.1,66.1,0
90.8,28.8,29.4,68.4,0
90.3,28.8,29.9,68.0,0
89.1,29.3,30.1,68.8,0
87.4,28.2,30.0,71.7,0
85.7,28.3,28.9,70.3,0
85.1,28.6,28.6,71.8,0
83.9,27.3,26.6,71.9,0
82.9,27.4,26.1,77.4,0
82.5,26.6,24.9,76.1,0
81.6,27.2,24.4,78.9,0
80.3,26.2,23.7,79.5,0
78.6,25.2,23.7,79.2,0
77.1,24.9,23.8,79.3,0
76.0,24.8,23.7,81.3,0
86.4,24.6,25.0,81.0,0
84.2,25.4,24.5,75.2,0
82.6,24.6,27.6,72.0,0
81.6,25.7,28.8,74.1,0
80.8,26.1,30.4,68.2,0
80.2,27.2,30.7,64.9,0
90.1,28.0,31.4,63.9,0
88.5,28.6,32.8,65.5,0
86.4,28.3,31.8,64.0,0
95.0,28.9,33.2,64.9,0
93.2,28.6,30.1,63.2,0
90.7,29.8,30.5,65.2,0
89.7,28.8,29.1,70.0,0
88.6,29.2,28.6,70.3,0
88.0,28.7,27.8,73.0,0
87.5,27.8,27.2,69.8,0
85.5,27.3,27.4,73.4,0
84.5,27.1,25.1,76.6,0
83.7,26.6,25.8,78.6,0
83.3,26.3,23.6,82.2,0
81.3,26.5,24.0,79.7,0
79.7,26.2,25.1,78.2,0
78.6,26.1,24.4,78.6,0
76.9,24.5,24.5,77.1,0
87.6,24.6,25.4,80.5,0
85.1,24.8,26.5,75.7,0
83.6,26.0,27.8,72.2,0
81.4,26.4,29.8,72.7,0
78.1,25.8,29.2,70.4,0
75.7,26.7,31.0,65.3,0
85.5,27.4,32.3,63.5,0
83.2,28.8,32.6,64.5,0
81.8,28.8,32.4,61.1,0
90.7,29.5,32.7,65.6,0
88.0,29.1,30.8,66.8,0
86.1,28.7,29.6,67.0,0
84.7,28.5,31.0,69.3,0
83.9,28.3,29.2,69.6,0
81.6,28.7,28.0,71.5,0
79.6,28.4,27.6,75.3,0
77.5,28.5,26.4,74.7,0
76.3,27.4,26.8,78.9,0
75.6,26.8,26.0,78.9,0
74.1,26.1,25.0,78.0,0
73.6,26.1,24.8,79.2,0
73.0,26.0,24.1,78.6,0
71.5,24.5,24.8,82.2,0
71.3,24.8,22.4,84.5,0
80.9,24.5,24.0,77.7,0
77.4,25.8,26.0,76.5,0
75.4,25.4,27.0,74.3,0
73.7,25.3,27.9,70.8,0
71.9,26.2,30.5,67.7,0
69.8,27.2,30.3,67.0,0
80.1,27.2,31.9,61.9,0
77.8,28.1,32.1,62.4,0
76.2,28.5,32.0,64.6,0
85.0,29.0,31.0,64.8,0
82.7,29.1,31.1,65.9,0
79.5,29.2,31.7,67.7,0
77.9,28.6,30.4,70.2,0
78.1,28.3,30.0,67.6,0
76.6,28.4,28.4,69.9,0
75.5,27.9,26.2,74.8,0
74.7,27.6,26.4,74.6,0
73.2,27.7,25.9,76.3,0
73.0,26.6,26.4,79.5,0
71.6,26.3,25.7,75.2,0
70.3,26.1,24.7,82.0,0
70.0,25.6,23.4,80.2,0
68.7,25.2,24.1,77.7,0
66.8,24.8,24.0,81.7,0
77.5,24.5,24.7,81.4,0
76.0,24.9,25.0,78.7,0
75.1,25.6,27.7,72.9,0
73.1,26.3,28.7,71.9,0
71.8,25.8,30.6,69.0,0
70.1,26.8,29.9,63.4,0
80.0,27.6,30.9,69.1,0
77.4,28.2,34.9,62.2,0
76.1,28.2,31.2,67.9,0
86.6,29.2,31.9,64.6,0
84.5,29.3,31.6,66.0,0
81.5,28.3,29.9,66.2,0
81.4,29.0,31.4,70.5,0
79.9,28.8,29.2,72.7,0
81.0,28.0,28.5,71.5,0
80.8,27.6,29.0,71.7,0
79.6,28.1,26.1,73.2,0
78.2,27.5,25.6,77.2,0
76.9,27.6,25.0,73.3,0
77.1,25.9,23.7,75.6,0
75.2,25.8,24.6,79.3,0
74.4,25.4,24.5,80.4,0
73.0,25.1,24.1,79.1,0
71.8,24.9,24.8,78.7,0
82.2,25.0,25.6,75.0,0
80.2,24.4,26.3,75.3,0
78.0,24.8,27.1,73.1,0
75.6,25.2,29.7,71.1,0
73.4,26.4,29.4,69.0,0
71.5,26.6,32.2,62.4,0
81.1,27.5,31.6,67.3,0
79.9,27.9,32.6,60.2,0
77.7,28.2,33.4,65.1,0
88.5,28.8,29.8,63.9,0
86.5,29.4,31.1,67.3,0
84.4,29.4,30.4,67.6,0
83.1,29.3,31.4,67.7,0
83.2,29.5,28.9,69.0,0
81.8,29.2,30.6,68.2,0
81.1,28.0,26.4,72.7,0
79.9,27.6,27.0,73.2,0
79.3,27.3,25.7,74.3,0
78.7,26.9,25.7,75.3,0
77.5,26.2,24.3,78.5,0
76.4,25.4,24.0,78.5,0
75.8,25.8,22.6,81.4,0
74.6,25.1,24.1,79.0,0
73.9,25.1,23.0,76.8,0
84.4,24.4,23.9,76.7,0
82.9,25.4,26.1,76.0,0
80.8,24.5,27.2,70.1,0
79.3,26.2,29.5,73.0,0
76.9,25.6,28.9,67.6,0
75.8,26.9,31.4,65.6,0
85.2,27.3,32.0,64.7,0
83.1,27.6,31.8,65.2,0
82.3,28.2,31.3,65.4,0
91.8,29.1,31.6,63.3,0
89.0,28.8,31.9,64.2,0
87.7,29.3,30.4,70.2,0
86.9,28.8,30.7,64.2,0
85.7,28.4,29.0,67.7,0
84.4,28.4,29.8,69.6,0
82.8,28.3,27.6,74.5,0
80.9,27.9,26.6,75.0,0
80.6,28.0,24.7,76.6,0
79.7,26.5,24.2,75.8,0
79.1,25.9,25.1,79.0,0
76.9,26.4,24.2,77.6,0
76.1,25.4,24.3,78.8,0
74.7,25.4,23.5,78.6,0
73.1,24.8,24.1,78.2,0
83.3,24.9,24.4,76.3,0
80.8,24.8,26.2,76.4,0
78.5,25.2,27.1,73.9,0
76.3,25.6,30.2,69.1,0
74.6,25.8,29.4,67.2,0
72.4,26.4,32.0,66.6,0
82.4,27.7,30.9,64.7,0
81.2,27.4,31.6,66.6,0
78.7,28.4,31.2,63.7,0
89.7,28.8,32.7,65.3,0
88.0,29.1,31.6,66.7,0
85.6,29.5,30.8,64.8,0
83.6,29.0,30.2,66.0,0
83.1,28.9,28.4,67.0,0
80.8,28.1,29.5,71.9,0
81.1,28.0,28.7,72.5,0
80.6,27.0,26.7,74.9,0
79.0,27.4,26.0,76.2,0
78.7,26.3,25.8,77.7,0
77.6,26.8,24.6,79.6,0
76.4,25.9,24.2,78.6,0
75.8,26.3,23.7,81.2,0
74.8,25.2,23.7,81.1,0
74.1,25.1,23.9,77.0,0
83.8,24.5,25.5,77.7,0
82.1,25.4,25.7,78.8,0
80.5,25.3,27.0,79.8,0
78.1,25.9,28.2,70.5,0
76.9,25.2,28.8,68.0,0
75.2,26.8,32.3,62.9,0
85.1,28.0,32.2,64.7,0
83.6,28.7,32.7,63.9,0
81.7,28.2,31.5,63.2,0
92.6,29.7,32.8,67.9,0
90.4,28.5,31.4,65.9,0
89.4,28.5,31.8,64.9,0
89.3,29.3,30.0,66.0,0
88.4,28.2,29.2,70.9,0
86.6,28.4,28.0,70.0,0
85.5,27.8,27.6,71.2,0
84.3,28.4,26.9,71.4,0
84.6,27.3,27.2,75.8,0
83.5,27.5,26.6,78.4,0
82.7,26.6,24.8,79.9,0
82.0,25.7,25.3,79.7,0
80.6,26.5,21.9,82.8,0
79.2,25.4,23.6,77.9,0
78.8,25.4,24.4,79.9,0
89.7,25.2,25.6,78.8,0
88.1,25.7,26.3,73.0,0
87.0,24.5,27.3,73.0,0
84.7,26.1,28.3,68.6,0
82.4,25.4,29.4,68.4,0
80.3,26.3,32.6,64.4,0
89.1,26.7,32.7,65.7,0
87.2,28.1,33.0,66.9,0
84.7,28.5,31.9,63.8,0
94.4,29.1,31.2,63.5,0
90.8,28.2,31.7,63.3,0
88.1,28.6,30.7,67.4,0
88.1,29.1,29.9,66.3,0
86.9,29.0,29.2,71.2,0
85.5,27.8,27.9,74.1,0
84.6,27.9,26.9,75.9,0
83.9,27.9,26.6,77.7,0
82.3,27.6,24.9,76.2,0
80.5,25.7,25.8,78.2,0
78.6,26.6,25.4,77.1,0
77.9,25.7,23.7,76.9,0
77.2,24.9,22.6,81.2,0
76.9,26.0,24.3,77.4,0
75.8,25.1,24.4,81.3,0
85.8,25.3,25.0,76.6,0
83.4,25.3,24.9,75.6,0
81.9,25.1,25.8,76.5,0
79.5,25.3,30.1,71.1,0
76.3,25.7,29.8,68.9,0
74.8,26.9,31.5,65.4,0
83.9,27.4,31.7,66.0,0
81.9,28.1,32.3,63.5,0
80.3,28.3,30.9,62.5,0
89.7,28.2,31.3,62.9,0
88.0,29.5,30.2,62.7,0
86.7,28.7,29.8,64.4,0
85.6,29.2,29.4,69.2,0
84.7,29.4,27.8,69.4,0
83.8,29.3,28.0,69.4,0
83.0,27.8,27.0,74.2,0
82.0,26.9,25.8,74.8,0
81.3,26.9,25.9,76.8,0
81.1,27.6,25.3,75.6,0
80.1,26.3,24.1,77.6,0
78.8,26.2,26.0,79.9,0
77.5,25.8,24.7,79.3,0
76.5,25.3,24.9,81.8,0
75.8,25.6,24.0,80.9,0
85.4,25.8,25.7,80.8,0
83.9,26.0,26.6,76.6,0
82.3,25.3,26.5,72.2,0
80.5,24.9,28.1,70.7,0
78.7,26.3,32.3,72.2,0
75.8,26.6,30.7,67.8,0
84.6,27.1,32.1,64.2,0
83.1,27.1,31.8,65.3,0
81.0,29.0,32.6,63.8,0
91.9,29.2,30.9,64.1,0
89.7,29.0,30.4,67.6,0
87.4,28.9,31.6,67.4,0
86.1,29.1,30.2,69.7,0
86.1,28.4,27.3,72.7,0
85.8,28.7,28.4,70.3,0
84.2,28.7,27.4,73.4,0
82.2,27.7,27.3,76.2,0
80.3,27.5,26.3,77.4,0
79.7,25.9,25.6,76.7,0
78.6,26.3,24.8,78.6,0
78.8,25.1,24.6,82.8,0
77.9,25.7,23.2,78.8,0
76.3,25.7,23.3,80.8,0
74.8,25.3,23.6,80.4,0
85.7,24.9,23.9,75.6,0
84.0,25.4,26.6,77.2,0
82.3,25.0,28.2,71.0,0
80.7,25.5,29.2,71.0,0
78.6,26.0,29.5,70.2,0
76.5,26.0,30.6,65.0,0
86.2,27.2,31.4,61.7,0
85.5,28.0,32.9,64.0,0
83.1,28.3,32.3,64.1,0
92.2,28.8,33.0,64.9,0
90.2,29.6,30.5,65.9,0
88.2,28.9,30.5,67.2,0
86.7,28.8,29.0,65.4,0
86.2,28.5,28.1,71.5,0
85.2,27.7,28.3,67.3,0
85.4,28.6,27.3,72.2,0
84.3,27.5,26.4,75.9,0
82.5,27.3,24.8,74.6,0
81.1,26.5,25.5,74.7,0
79.6,25.8,24.5,77.1,0
77.8,25.6,25.1,78.4,0
77.1,26.3,24.5,83.4,0
75.8,25.8,23.0,77.3,0
75.4,24.6,24.6,80.3,0
85.2,24.7,24.5,77.8,0
82.4,25.2,27.2,74.5,0
81.2,25.7,27.3,70.9,0
77.8,25.2,28.3,68.5,0
74.5,25.6,29.7,68.6,0
72.7,26.5,29.9,67.1,0
83.6,27.3,32.8,66.8,0
81.9,28.9,33.7,62.3,0
79.7,28.7,30.5,60.4,0
90.5,28.8,31.5,65.7,0
87.9,28.8,31.1,66.5,0
84.8,28.7,30.2,68.8,0
84.0,28.6,31.0,64.6,0
83.8,28.6,30.2,72.2,0
83.1,28.6,28.2,71.4,0
81.6,27.3,29.2,76.5,0
80.6,27.7,26.8,74.1,0
79.3,27.3,25.8,78.5,0
77.6,26.6,25.5,76.3,0
77.0,26.5,24.2,82.3,0
76.3,26.2,25.5,78.4,0
74.7,25.0,24.6,77.1,0
73.8,25.4,23.7,80.4,0
73.7,25.1,24.1,81.6,0
82.5,25.8,24.2,80.4,0
80.7,25.1,26.2,75.9,0
77.8,25.5,26.3,74.1,0
75.8,25.1,28.7,70.6,0
73.8,26.3,29.6,70.4,0
71.6,27.1,31.5,67.8,0
81.3,27.7,32.6,63.6,0
78.8,27.7,32.6,65.8,0
77.2,29.0,31.8,64.1,0
88.2,28.4,31.1,66.8,0
86.6,29.2,31.0,64.8,0
84.3,29.1,30.7,66.8,0
83.0,28.8,30.4,67.0,0
82.3,28.4,28.8,66.7,0
80.7,28.3,27.6,69.0,0
79.5,27.8,27.7,74.9,0
78.7,28.4,27.9,75.6,0
77.6,27.7,27.5,74.6,0
75.5,27.5,26.0,78.2,0
75.0,26.4,24.0,78.5,0
74.2,26.0,25.5,80.7,0
72.2,25.8,23.4,79.0,0
70.7,25.7,23.4,80.0,0
70.6,25.3,24.6,77.4,0
80.2,24.6,23.8,80.2,0
77.8,24.9,26.6,76.9,0
76.3,25.5,27.3,73.6,0
74.2,26.6,29.0,75.0,0
72.0,25.8,29.3,70.1,0
68.8,26.5,31.7,68.4,0
78.2,27.2,32.2,65.1,0
75.9,28.6,31.7,63.1,0
74.4,28.6,32.7,65.0,0
85.8,28.8,29.5,64.8,0
83.9,29.0,31.5,64.9,0
82.7,29.0,30.6,68.8,0
82.3,28.9,29.4,67.4,0
80.9,28.9,29.4,70.0,0
79.7,28.6,28.8,71.4,0
78.4,28.4,27.0,70.1,0
78.0,28.2,26.7,75.4,0
76.8,27.1,26.0,77.4,0
76.1,26.7,25.6,77.5,0
75.1,26.2,25.7,78.9,0
74.1,26.1,24.0,78.7,0
73.4,26.0,25.1,78.7,0
72.7,25.6,23.0,78.9,0
71.4,25.2,24.5,76.3,0
81.5,24.7,23.6,79.1,0
80.4,24.6,26.1,73.6,0
78.5,24.7,27.9,72.6,0
76.3,25.2,30.3,66.9,0
74.1,25.9,30.0,66.8,0
72.0,27.1,30.5,66.9,0
81.8,27.6,32.6,64.6,0
79.3,27.4,32.0,64.1,0
78.6,28.0,32.0,64.6,0
87.7,28.8,32.4,61.6,0
85.3,29.3,32.1,67.1,0
82.0,28.9,29.3,65.9,0
81.6,28.8,30.0,68.1,0
80.0,28.5,29.2,70.3,0
79.4,28.7,27.6,66.4,0
78.0,28.1,26.3,75.4,0
76.5,27.6,26.7,73.9,0
74.9,26.7,25.6,77.0,0
73.6,26.9,24.7,76.7,0
72.7,26.2,24.7,77.4,0
72.0,26.1,24.1,81.7,0
70.3,25.0,24.1,77.7,0
69.4,26.0,25.3,80.5,0
69.1,25.2,24.2,78.6,0
79.5,25.5,26.4,79.1,0
77.5,25.3,27.0,77.6,0
75.2,25.4,28.1,74.6,0
72.7,25.3,28.1,71.6,0
69.9,25.7,29.8,66.9,0
69.4,26.1,30.3,65.4,0
79.7,27.6,32.1,65.1,0
77.2,28.1,31.9,66.2,0
73.7,28.8,32.3,65.0,0
83.1,28.5,31.9,64.3,0
80.9,29.0,31.4,65.9,0
78.4,28.5,30.4,68.3,0
77.2,28.1,29.2,68.8,0
77.0,28.6,28.9,71.1,0
74.8,27.8,29.0,70.4,0
74.6,29.4,27.5,74.5,0
73.3,27.8,26.7,73.8,0
73.1,27.7,26.7,76.2,0
71.5,27.2,25.7,78.4,0
70.4,26.5,23.6,76.1,0
69.7,25.6,24.3,78.9,0
69.5,25.8,23.4,80.3,0
69.1,26.1,24.0,80.3,0
67.9,24.8,24.6,81.0,0
78.3,25.5,25.3,73.9,0
77.1,24.9,27.3,73.0,0
74.9,25.5,26.9,75.2,0
73.1,25.2,28.5,71.9,0
70.2,26.4,30.5,71.5,0
68.4,27.2,31.8,65.7,0
78.6,27.3,30.9,66.6,0
76.9,28.0,32.5,68.0,0
75.0,28.8,32.4,60.1,0
86.1,29.1,31.5,61.7,0
84.5,29.6,31.0,64.6,0
82.7,28.9,31.3,64.1,0
81.0,28.8,30.3,70.7,0
78.6,28.7,29.6,69.0,0
78.9,28.5,27.8,69.9,0
77.3,27.4,26.2,75.1,0
76.0,27.9,26.7,75.6,0
75.7,27.7,25.8,75.0,0
74.3,26.9,25.7,78.6,0
73.3,26.5,24.2,76.8,0
72.3,25.8,24.9,78.1,0
70.6,25.8,24.4,81.9,0
70.0,25.3,23.4,78.5,0
68.6,25.2,25.0,78.6,0
78.9,24.8,24.7,77.3,0
76.6,25.2,25.4,75.0,0
74.0,25.6,27.5,68.8,0
71.4,25.3,28.7,67.8,0
69.8,26.1,29.3,68.3,0
66.7,27.1,31.6,68.3,0
75.9,27.3,31.8,65.7,0
74.1,27.6,31.4,63.1,0
72.0,28.8,30.5,63.9,0
82.2,28.8,32.0,61.7,0
79.7,29.1,31.3,65.1,0
77.1,28.9,30.8,66.2,0
76.9,29.0,31.1,66.9,0
77.0,28.6,27.2,70.6,0
76.3,28.1,29.4,71.9,0
75.9,28.4,28.7,73.8,0
75.0,27.5,26.0,78.4,0
73.5,27.5,26.8,77.0,0
73.2,27.5,24.7,73.8,0
72.0,26.1,23.9,76.0,0
71.1,25.9,24.3,79.2,0
70.0,25.7,25.5,78.2,0
67.3,25.3,24.3,79.5,0
65.6,25.4,24.3,82.1,0
75.2,24.6,25.6,78.3,0
73.9,24.6,25.5,73.8,0
71.7,24.9,28.5,76.0,0
70.4,25.6,30.0,70.2,0
68.9,26.2,30.3,67.9,0
66.7,26.9,30.4,66.3,0
76.5,27.2,32.6,65.4,0
74.3,27.3,32.2,62.7,0
71.9,28.8,32.4,64.3,0
82.2,28.6,32.6,66.9,0
81.1,29.1,31.6,67.7,0
78.3,28.9,30.0,65.2,0
76.7,28.4,31.2,68.0,0
76.0,28.8,29.5,72.3,0
75.5,28.4,28.7,70.7,0
74.7,28.3,28.1,70.4,0
74.0,27.7,27.0,73.3,0
72.6,28.0,26.6,77.1,0
71.8,26.5,25.5,77.2,0
70.3,27.2,24.6,78.5,0
71.0,26.7,23.9,79.8,0
70.5,25.5,23.7,79.3,0
68.8,24.9,23.8,80.9,0
68.5,25.0,25.0,81.9,0
78.1,24.9,24.7,78.9,0
75.4,25.2,25.9,76.9,0
73.1,25.4,27.2,75.4,0
70.8,25.7,29.1,71.9,0
69.3,25.3,30.5,70.0,0
67.9,25.9,32.6,62.2,0
77.6,27.4,30.6,64.5,0
75.1,28.5,31.8,64.7,0
73.3,28.6,32.4,63.9,0
83.1,29.6,30.3,63.2,0
81.5,28.6,32.6,65.3,0
80.6,29.0,30.6,65.3,0
78.8,29.3,29.4,68.6,0
77.8,28.7,30.0,70.7,0
76.3,28.9,26.7,70.7,0
75.3,28.4,27.8,74.8,0
74.5,27.5,26.0,73.5,0
74.2,27.1,26.0,74.9,0
72.7,26.2,25.6,77.5,0
70.6,26.4,25.4,77.8,0
70.4,26.8,24.7,81.1,0
68.6,25.0,25.8,79.5,0
67.0,25.3,24.0,81.0,0
66.1,25.6,24.0,81.2,0
77.0,25.2,25.9,75.2,0
75.3,24.3,25.9,75.9,0
72.9,25.1,27.6,73.6,0
70.5,25.7,25.5,67.3,0
68.7,26.1,30.4,68.1,0
67.6,26.5,31.0,65.5,0
76.7,27.4,31.4,61.9,0
74.7,28.6,31.5,66.4,0
73.4,28.2,32.6,64.4,0
83.0,29.5,30.0,60.6,0
80.2,28.8,33.8,64.7,0
77.9,29.0,31.6,66.1,0
76.8,28.8,30.3,67.8,0
76.3,29.0,30.8,68.2,0
75.4,28.9,28.6,69.2,0
73.7,27.9,26.9,73.3,0
73.1,26.9,27.6,72.7,0
70.7,27.0,24.7,77.7,0
69.9,26.2,25.8,78.2,0
69.8,25.6,25.7,78.9,0
68.8,25.8,24.8,78.3,0
66.8,25.5,22.9,80.0,0
65.5,25.3,24.2,80.1,0
63.4,24.5,24.1,79.8,0
73.2,25.3,24.3,75.2,0
71.1,25.7,24.2,76.0,0
69.6,25.0,26.4,69.3,0
67.7,26.2,28.3,70.8,0
65.7,25.3,30.9,72.4,0
64.3,27.0,33.3,64.1,0
73.8,27.7,32.4,63.0,0
72.5,28.0,31.4,65.5,0
71.1,28.6,31.6,62.7,0
81.6,29.0,32.5,62.8,0
80.1,28.6,31.7,65.1,0
78.6,28.4,31.0,66.9,0
77.8,29.2,30.2,69.6,0
77.3,28.8,30.2,68.7,0
75.9,28.5,30.2,70.1,0
75.2,27.9,27.6,72.4,0
75.0,27.3,26.9,73.2,0
74.1,26.8,26.4,76.5,0
72.6,26.2,25.0,79.8,0
70.8,26.0,23.0,77.0,0
69.9,26.2,24.7,77.2,0
69.1,25.9,23.5,79.7,0
67.9,25.3,25.1,79.0,0
66.9,25.8,24.4,76.9,0
77.1,24.8,26.1,75.7,0
74.9,25.1,25.3,72.7,0
73.6,25.8,28.2,73.3,0
71.1,26.2,27.4,69.3,0
70.4,26.6,30.8,71.2,0
68.9,27.2,30.9,66.6,0
79.6,27.0,32.5,62.6,0
76.5,27.9,31.7,62.0,0
74.1,28.3,32.5,63.3,0
84.7,29.5,32.1,62.2,0
83.5,28.5,31.5,65.4,0
81.3,28.8,31.0,68.6,0
80.5,28.6,31.3,67.4,0
80.3,28.3,28.8,68.3,0
79.9,28.0,29.5,67.6,0
77.7,28.7,27.3,70.2,0
77.0,27.9,27.7,74.6,0
76.5,27.3,27.9,75.8,0
75.0,26.3,24.7,77.7,0
73.6,26.2,23.0,75.9,0
72.4,26.1,24.5,80.9,0
70.7,25.6,23.5,78.9,0
69.3,25.3,23.6,76.7,0
69.1,25.0,24.0,77.5,0
77.8,25.2,24.5,77.0,0
75.2,25.1,27.1,75.9,0
73.0,25.4,28.2,70.4,0
71.4,25.9,29.6,72.2,0
68.2,26.3,31.8,68.0,0
65.1,26.5,30.4,67.4,0
74.1,27.4,29.8,67.1,0
72.1,26.9,33.6,63.5,0
70.7,28.3,32.1,63.0,0
80.5,29.2,31.6,65.7,0
79.0,29.0,29.8,62.4,0
76.7,28.5,29.6,68.6,0
76.2,28.4,30.6,67.9,0
75.6,28.5,29.1,68.8,0
74.8,28.1,26.7,69.1,0
73.2,27.7,26.8,70.5,0
72.1,28.0,27.6,73.9,0
71.5,27.8,27.0,76.8,0
70.1,27.0,25.5,77.3,0
69.6,26.0,27.0,74.3,0
69.6,26.7,25.2,78.1,0
69.1,26.2,25.5,80.7,0
68.9,25.4,25.1,83.3,0
68.6,25.5,24.9,79.2,0
79.5,24.7,23.9,78.8,0
77.8,24.6,24.7,76.0,0
76.4,25.8,26.7,72.7,0
74.6,25.7,28.9,68.5,0
73.2,26.0,30.0,66.3,0
71.1,26.8,31.4,63.5,0
81.0,27.4,31.7,65.3,0
79.1,28.3,32.4,65.5,0
77.8,29.0,32.7,63.8,0
87.1,29.5,31.7,63.5,0
84.8,28.6,31.0,67.3,0
82.4,29.0,28.6,70.6,0
80.4,28.8,30.7,64.9,0
78.5,28.0,28.6,70.5,0
78.2,29.0,27.7,71.4,0
77.3,28.1,28.3,73.4,0
76.1,27.0,27.5,75.7,0
75.6,27.2,26.5,78.8,0
72.9,26.6,26.1,77.1,0
71.3,25.9,23.9,82.3,0
69.5,26.5,24.2,77.2,0
69.2,25.8,23.6,81.2,0
67.7,25.5,25.4,77.4,0
66.5,25.7,24.9,77.0,0
77.5,25.7,24.7,78.9,0
75.8,25.0,26.7,77.3,0
73.7,24.8,27.6,72.3,0
71.8,25.3,28.6,71.6,0
69.6,26.2,30.4,66.7,0
67.2,26.5,31.7,67.9,0
76.6,27.5,31.6,61.8,0
74.8,28.5,31.0,64.4,0
72.7,29.1,32.2,64.7,0
82.5,28.5,31.4,65.1,0
82.4,28.9,30.3,65.5,0
80.0,29.5,30.1,66.4,0
80.1,28.6,29.8,63.4,0
79.5,28.6,29.3,66.9,0
78.7,28.5,28.9,73.0,0
78.0,28.5,27.4,74.1,0
75.9,27.4,27.1,76.9,0
75.2,27.5,25.7,76.1,0
74.1,26.8,25.8,80.4,0
73.4,26.6,25.1,78.2,0
71.7,26.0,24.8,81.2,0
70.6,25.8,25.2,79.0,0
70.2,24.9,23.8,79.0,0
69.6,24.8,23.0,81.1,0
80.5,24.6,24.9,75.5,0
78.4,25.0,26.6,78.7,0
75.4,25.2,27.3,76.7,0
73.4,25.6,28.9,70.6,0
71.0,26.2,28.6,70.5,0
70.3,26.0,30.4,64.9,0
81.7,27.5,32.2,64.0,0
79.4,27.8,32.6,64.4,0
77.1,27.9,31.3,63.2,0
87.3,28.6,31.9,66.0,0
85.5,29.3,30.7,67.1,0
82.0,28.4,29.8,67.8,0
82.1,29.4,30.1,67.1,0
81.4,28.1,29.4,66.8,0
81.6,28.3,28.7,71.9,0
80.6,28.1,28.2,72.2,0
80.0,27.3,28.1,71.6,0
79.0,26.8,26.8,73.8,0
78.7,27.0,25.0,76.8,0
78.5,26.2,25.5,81.2,0
77.9,25.7,23.2,80.0,0
76.6,25.6,24.2,78.2,0
75.1,25.4,24.8,78.1,0
72.7,25.4,24.8,77.7,0
83.1,24.8,25.6,76.3,0
82.3,25.4,27.5,76.3,0
80.4,25.0,26.7,75.4,0
78.8,24.8,29.3,75.5,0
77.3,25.6,29.9,71.2,0
74.5,26.8,32.0,65.0,0
83.9,27.4,31.9,66.2,0
81.4,27.1,32.6,64.2,0
80.6,28.0,33.2,67.3,0
91.0,28.9,32.2,65.6,0
89.2,29.2,31.1,64.6,0
87.1,28.4,30.4,68.4,0
86.2,29.0,29.4,66.6,0
85.6,28.6,30.1,68.4,0
84.4,28.3,29.5,70.6,0
83.5,28.0,27.4,72.4,0
83.3,27.7,25.3,70.7,0
82.4,27.2,25.5,77.8,0
80.3,27.1,25.7,82.2,0
79.4,26.4,24.0,76.2,0
78.5,26.4,22.8,81.7,0
77.4,25.7,23.7,76.8,0
77.7,25.2,22.4,79.9,0
76.7,24.2,24.5,78.0,0
86.6,25.4,24.6,78.5,0
83.9,25.2,26.0,76.9,0
81.8,24.5,28.3,71.1,0
80.8,24.6,28.0,70.3,0
78.4,26.0,28.3,69.3,0
76.8,26.3,31.0,64.2,0
85.8,27.2,32.1,66.7,0
83.9,28.6,30.9,66.3,0
81.8,28.5,31.6,63.3,0
91.5,29.0,31.4,67.2,0
89.6,29.2,31.3,62.0,0
88.2,29.1,30.2,65.5,0
88.1,27.9,32.1,69.0,0
86.7,28.9,29.0,71.2,0
86.9,29.2,28.6,73.1,0
87.0,27.9,27.2,74.6,0
86.4,28.0,24.6,74.5,0
85.1,27.6,27.1,77.2,0
82.8,27.5,22.8,77.4,0
81.7,26.2,25.8,75.8,0
82.0,26.7,23.3,80.9,0
80.0,25.0,23.0,80.8,0
79.2,25.5,23.9,79.8,0
79.3,25.3,26.0,78.5,0
90.1,25.0,25.2,81.6,0
87.5,24.6,25.8,74.3,0
84.8,25.6,26.7,73.5,0
82.6,25.1,29.2,69.3,0
81.0,26.0,29.7,67.9,0
79.9,26.7,31.6,67.9,0
90.5,27.2,30.2,65.2,0
87.5,27.9,32.4,63.4,0
84.8,28.4,32.2,65.6,0
95.0,28.6,30.6,66.4,0
92.9,28.7,30.4,65.4,0
90.4,29.2,30.6,65.9,0
90.0,29.2,29.6,66.7,0
87.7,28.7,29.5,66.1,0
86.4,28.1,27.3,74.0,0
85.9,28.1,26.9,71.6,0
85.6,28.5,28.5,72.4,0
84.3,27.3,25.3,74.5,0
82.9,26.2,25.0,75.3,0
82.0,25.5,24.6,80.5,0
80.9,26.4,24.1,79.2,0
80.3,25.2,25.1,78.1,0
80.0,25.3,23.5,78.5,0
79.3,24.9,24.9,77.7,0
88.5,25.0,24.3,80.2,0
86.3,25.6,26.6,73.4,0
83.7,25.4,27.1,73.5,0
81.8,25.4,28.6,71.5,0
79.3,25.7,29.9,68.7,0
77.2,26.0,31.5,66.3,0
88.0,27.5,30.8,64.2,0
85.9,28.0,31.2,59.8,0
82.4,27.8,33.5,64.1,0
91.6,28.6,32.1,63.8,0
89.6,28.4,30.9,63.2,0
86.7,28.7,31.2,69.3,0
86.0,29.0,30.0,70.3,0
85.3,28.0,27.4,68.9,0
84.5,28.3,28.5,71.8,0
83.7,27.7,27.5,72.8,0
82.9,27.9,27.0,71.1,0
82.6,27.4,25.4,75.2,0
81.8,27.0,25.1,78.9,0
80.9,25.9,25.7,78.3,0
79.9,25.4,24.2,77.5,0
78.4,26.3,23.7,81.9,0
75.7,25.3,24.3,80.6,0
73.7,24.7,23.9,77.4,0
83.4,24.8,25.8,77.1,0
81.3,25.5,25.9,75.2,0
79.2,24.7,27.6,71.6,0
78.6,25.8,28.1,72.0,0
75.8,25.2,29.0,67.0,0
74.8,27.5,31.6,66.1,0
85.3,27.4,32.0,67.7,0
83.8,27.8,32.5,62.8,0
81.3,28.1,32.5,62.2,0
90.9,28.1,30.5,64.7,0
87.9,28.8,31.3,64.7,0
86.6,28.6,29.1,66.0,0
85.3,29.0,30.4,66.4,0
83.8,28.6,28.4,66.7,0
83.4,28.3,28.8,70.5,0
82.1,28.2,28.2,70.5,0
80.8,28.1,26.3,72.5,0
79.3,26.9,26.0,81.1,0
78.9,26.3,26.3,81.7,0
77.8,26.5,23.4,82.8,0
75.5,25.6,24.9,78.8,0
74.8,24.9,24.2,77.8,0
73.9,24.9,24.8,81.0,0
73.5,25.9,22.9,77.7,0
84.7,25.3,24.9,77.6,0
83.6,25.0,26.9,74.3,0
81.3,24.8,28.4,75.0,0
79.3,25.9,28.1,70.4,0
78.1,26.0,29.8,68.6,0
76.1,25.9,32.5,64.8,0
86.2,26.4,30.6,64.1,0
84.4,27.5,32.0,60.7,0
82.2,28.7,32.1,64.0,0
92.5,28.2,31.8,64.1,0
90.7,28.4,30.5,66.3,0
88.3,29.4,31.4,65.8,0
86.5,29.7,30.7,66.2,0
85.4,27.8,30.7,69.7,0
85.6,27.9,27.8,73.8,0
83.5,27.9,27.2,72.6,0
83.5,27.3,27.6,77.7,0
83.4,27.1,27.5,71.5,0
81.8,25.9,25.3,75.8,0
81.6,26.1,23.5,78.0,0
80.6,26.0,24.2,76.9,0
80.1,25.1,24.9,74.9,0
80.7,25.5,24.5,80.1,0
79.5,24.7,25.1,77.7,0
90.1,24.7,26.5,76.7,0
88.2,25.7,25.7,75.7,0
86.1,24.5,26.6,73.0,0
83.4,26.1,27.7,69.5,0
81.4,25.3,29.9,69.1,0
78.6,26.5,31.9,64.5,0
88.6,27.4,33.1,66.5,0
86.4,28.4,32.2,66.2,0
84.8,28.0,31.9,61.3,0
95.0,29.2,31.5,63.1,0
93.0,29.4,32.2,67.2,0
91.6,29.3,30.1,64.4,0
89.9,28.1,29.9,67.0,0
88.4,28.8,29.2,69.8,0
87.9,28.5,28.4,73.0,0
86.4,27.8,29.0,74.9,0
86.1,28.3,26.1,74.2,0
85.4,27.2,28.0,77.0,0
84.1,26.6,24.8,77.9,0
82.8,26.4,24.1,81.4,0
81.2,26.1,23.8,79.3,0
79.3,25.8,24.6,79.6,0
77.3,25.7,24.0,79.6,0
75.7,25.1,25.1,77.2,0
86.2,24.4,24.3,75.8,0
84.5,25.4,24.7,71.2,0
84.0,24.9,27.0,76.0,0
81.5,25.4,28.9,74.1,0
79.2,26.0,28.8,64.9,0
77.3,26.6,31.0,67.4,0
87.6,27.5,32.2,65.2,0
86.2,28.0,31.4,63.6,0
83.9,28.8,31.3,65.3,0
94.0,29.5,30.8,64.5,0
91.7,29.3,31.1,70.3,0
89.5,29.1,31.0,68.3,0
88.7,29.2,32.2,66.6,0
86.6,28.5,30.2,67.6,0
86.3,28.1,27.4,73.6,0
85.1,28.3,26.4,72.4,0
84.3,27.5,26.7,74.1,0
83.4,26.9,27.3,76.3,0
82.1,26.6,25.8,77.5,0
80.7,26.6,24.3,80.6,0
79.0,25.5,25.1,77.6,0
78.3,25.9,25.2,75.7,0
77.2,24.8,25.2,79.0,0
76.1,25.2,23.4,78.1,0
86.4,25.5,25.3,77.0,0
85.7,25.1,25.0,73.0,0
83.0,25.5,26.7,71.7,0
81.1,25.5,27.7,68.0,0
78.6,26.6,29.8,69.7,0
76.9,26.8,29.9,63.9,0
87.4,27.6,32.4,64.1,0
85.4,27.7,32.0,66.6,0
82.5,28.4,31.2,63.6,0
92.0,28.8,32.0,65.4,0
90.3,28.8,32.5,67.3,0
87.4,28.4,31.0,67.7,0
86.6,28.2,29.5,67.0,0
86.0,29.5,29.0,67.7,0
85.5,28.2,28.3,73.5,0
84.9,28.0,27.0,73.2,0
83.1,28.1,25.4,73.2,0
81.3,27.3,25.7,75.4,0
79.0,27.2,26.3,77.3,0
78.6,26.1,24.1,75.3,0
77.7,25.8,22.8,80.2,0
76.5,25.6,24.0,81.7,0
75.9,25.3,24.9,78.8,0
74.0,24.5,22.9,78.0,0
84.0,25.4,25.1,77.4,0
81.7,24.8,26.3,75.6,0
79.6,25.1,27.7,77.0,0
77.7,25.2,29.1,72.1,0
76.0,26.1,30.5,68.3,0
73.4,26.6,29.8,64.8,0
82.6,27.1,32.3,64.6,0
81.0,28.6,33.1,63.7,0
79.2,28.7,31.7,62.1,0
88.0,28.7,32.0,63.9,0
85.8,29.0,30.4,66.3,0
83.7,29.0,31.7,64.7,0
82.3,29.4,29.5,65.6,0
81.4,29.2,30.6,69.2,0
80.2,28.5,28.1,70.4,0
79.4,27.1,28.1,69.7,0
78.1,27.2,26.3,76.6,0
77.6,27.4,27.5,78.1,0
75.7,26.2,23.7,81.1,0
74.4,26.5,25.1,77.6,0
73.7,25.3,22.7,80.3,0
72.1,26.3,23.1,82.0,0
70.0,25.3,25.5,81.0,0
68.8,25.1,25.0,81.6,0
78.1,24.5,23.3,78.4,0
76.6,24.7,26.0,75.1,0
74.1,24.3,26.8,74.2,0
70.3,25.5,29.2,71.5,0
67.9,25.9,31.5,69.2,0
65.8,26.9,31.6,67.8,0
75.9,27.3,32.1,64.8,0
73.9,28.3,32.4,63.6,0
71.7,28.7,31.0,66.3,0
81.3,29.0,32.2,64.4,0
80.0,29.1,32.0,64.1,0
78.5,28.7,30.2,68.4,0
77.6,28.8,29.5,64.2,0
76.5,28.6,30.4,71.5,0
75.8,28.5,28.6,72.7,0
74.8,27.3,26.7,72.8,0
73.8,28.2,26.4,76.5,0
72.9,26.8,25.6,75.3,0
71.6,27.0,25.3,77.9,0
71.8,26.5,24.7,75.9,0
70.2,25.7,24.1,77.1,0
68.3,26.2,25.4,80.6,0
67.3,25.5,24.7,79.3,0
65.2,24.9,25.4,77.5,0
75.4,24.5,23.6,79.8,0
72.3,25.2,26.1,75.9,0
70.2,25.3,28.2,72.2,0
69.0,25.4,29.3,70.3,0
66.8,26.4,29.5,70.7,0
64.6,27.2,30.5,67.8,0
75.8,27.8,32.5,64.6,0
73.7,27.8,31.8,65.2,0
70.7,28.2,32.4,63.1,0
81.2,29.0,31.8,67.9,0
79.6,29.0,31.1,67.9,0
78.0,28.9,30.8,66.0,0
77.3,28.2,29.3,68.4,0
76.7,28.5,30.6,71.2,0
76.4,28.2,28.9,72.9,0
75.3,27.9,28.7,74.7,0
73.7,27.3,26.3,75.7,0
72.8,27.3,25.6,76.6,0
72.0,26.4,25.1,74.5,0
71.2,26.2,24.1,81.1,0
70.7,26.3,24.9,78.7,0
70.1,25.8,24.7,80.3,0
69.3,25.7,23.6,80.0,0
67.7,25.1,24.0,81.4,0
77.3,24.3,25.2,77.4,0
75.4,25.5,25.4,73.9,0
73.1,25.8,27.0,76.0,0
70.9,25.0,29.9,71.9,0
67.5,26.2,29.4,70.8,0
66.2,26.8,30.7,65.8,0
75.8,26.8,33.8,65.1,0
74.6,27.7,30.3,65.6,0
71.7,27.3,31.0,62.3,0
82.7,29.3,33.1,61.9,0
81.3,28.8,30.9,64.0,0
78.3,29.2,31.1,65.5,0
77.6,29.5,31.7,71.2,0
75.9,28.9,28.7,74.2,0
75.4,28.5,27.9,70.8,0
74.9,28.4,27.9,73.0,0
73.8,27.3,26.7,73.9,0
72.7,27.1,25.6,75.6,0
71.5,26.9,25.2,78.0,0
70.9,26.6,23.7,79.1,0
70.7,26.0,24.7,78.7,0
70.3,25.6,24.8,79.6,0
69.8,26.0,23.9,78.9,0
69.9,25.4,24.1,78.2,0
80.4,25.5,25.4,77.4,0
78.3,25.4,25.6,77.2,0
76.3,25.1,27.1,74.3,0
74.2,25.4,28.6,69.7,0
71.8,26.2,31.2,69.7,0
69.9,26.5,31.0,66.0,0
79.9,28.0,31.7,66.2,0
78.8,27.6,31.9,63.7,0
76.4,28.6,31.6,67.4,0
86.1,28.6,30.9,67.2,0
84.0,28.5,30.5,66.8,0
81.0,29.0,31.4,69.2,0
80.7,29.1,29.5,66.8,0
80.6,28.8,29.3,72.7,0
79.6,28.0,28.0,69.0,0
78.4,27.6,26.5,73.0,0
77.8,27.7,26.4,73.4,0
76.8,27.0,27.1,72.6,0
76.5,27.1,25.0,75.0,0
75.6,26.7,24.2,77.7,0
75.6,26.1,24.0,80.2,0
75.3,25.5,23.8,79.2,0
74.0,24.2,24.2,81.7,0
73.3,25.1,23.9,78.9,0
83.8,24.8,24.9,76.5,0
82.0,24.9,25.6,78.4,0
79.6,25.1,27.6,75.6,0
77.8,24.7,28.9,70.2,0
74.8,25.8,30.2,65.1,0
73.4,26.9,31.6,63.9,0
83.6,27.3,31.7,63.6,0
81.0,28.1,33.0,64.1,0
78.9,27.8,32.3,66.3,0
89.3,29.2,32.8,64.8,0
86.4,29.0,31.2,66.1,0
85.5,28.9,30.9,67.4,0
84.0,28.4,29.5,65.9,0
83.4,27.8,29.2,71.6,0
83.0,27.9,29.1,73.9,0
83.0,28.3,27.3,73.8,0
81.2,28.1,28.0,77.3,0
78.9,26.7,26.0,75.5,0
77.9,27.2,26.6,77.4,0
76.3,26.8,23.9,80.9,0
74.2,26.2,24.1,79.0,0
73.6,24.9,23.7,78.7,0
73.6,25.0,24.8,83.2,0
71.8,24.6,24.8,79.2,0
82.3,25.3,24.9,76.7,0
79.5,25.5,25.6,76.0,0
77.5,25.0,27.3,69.5,0
76.6,26.1,29.3,72.5,0
73.6,25.9,30.7,70.4,0
72.4,26.7,31.0,63.6,0
81.9,27.5,31.4,63.3,0
79.9,28.1,32.1,67.3,0
77.6,28.7,32.0,65.9,0
87.1,28.7,31.9,64.1,0
85.3,28.8,30.9,65.2,0
81.8,28.7,32.1,67.4,0
80.3,28.5,29.5,70.6,0
80.5,28.9,30.4,70.9,0
80.6,28.7,29.5,72.2,0
79.9,27.2,28.3,72.5,0
79.7,27.5,28.3,77.2,0
78.8,27.7,26.4,77.0,0
77.4,26.6,25.1,75.4,0
76.6,26.7,24.3,77.8,0
76.4,26.5,23.8,82.6,0
76.0,25.5,24.8,76.6,0
75.4,24.8,22.8,78.1,0
72.8,25.7,23.1,80.5,0
82.7,24.8,26.2,77.9,0
80.5,24.4,26.8,74.0,0
78.8,25.6,27.6,67.1,0
76.7,25.2,29.4,70.0,0
73.8,25.7,30.6,70.1,0
72.4,26.2,30.9,64.1,0
82.7,27.2,30.6,62.4,0
80.4,28.0,33.0,65.4,0
77.4,28.2,32.3,66.7,0
87.5,28.9,30.6,63.1,0
85.5,28.4,31.3,64.9,0
84.1,28.9,30.3,63.9,0
82.9,28.8,29.9,68.0,0
81.3,28.9,29.0,68.2,0
80.9,28.3,28.9,70.9,0
79.1,28.3,27.4,68.4,0
78.5,27.3,25.8,76.1,0
77.0,27.2,26.5,72.7,0
76.5,27.5,25.7,74.9,0
76.8,25.9,23.6,78.0,0
75.9,25.7,24.7,75.7,0
74.6,25.5,24.8,76.9,0
73.5,25.1,23.9,78.3,0
72.3,25.9,24.4,76.2,0
81.9,24.6,24.3,76.9,0
80.0,25.0,24.6,75.8,0
77.2,25.1,27.7,76.5,0
74.5,25.9,28.6,72.2,0
72.7,25.6,30.3,63.6,0
70.1,26.1,30.9,65.5,0
80.5,27.5,31.6,62.9,0
78.2,27.9,32.1,64.8,0
76.2,28.6,31.9,63.6,0
86.8,28.5,32.3,65.3,0
84.7,28.9,30.9,66.7,0
83.2,28.6,29.5,65.9,0
81.5,28.5,30.1,65.0,0
80.0,28.5,28.2,68.8,0
78.9,28.5,26.4,72.3,0
77.7,27.5,26.7,73.9,0
76.4,27.9,26.4,74.1,0
74.5,27.8,25.4,77.2,0
71.9,27.2,24.1,77.2,0
71.0,26.0,24.6,76.1,0
69.7,26.2,25.3,79.6,0
68.3,26.3,24.8,81.3,0
67.7,25.5,24.0,82.4,0
67.2,25.0,25.0,78.5,0
77.1,24.8,24.6,78.3,0
74.8,24.6,25.3,75.6,0
73.0,25.1,27.8,71.0,0
71.6,25.9,27.8,71.2,0
69.0,25.9,30.3,66.3,0
67.4,27.2,31.0,66.0,0
77.7,27.1,31.5,63.3,0
76.0,27.9,31.6,62.9,0
74.8,28.3,32.8,64.1,0
83.7,28.7,30.4,64.8,0
81.0,29.7,31.5,66.4,0
79.3,28.8,30.4,65.9,0
78.7,28.9,29.4,67.5,0
77.0,28.6,29.3,70.2,0
75.5,28.7,28.7,70.4,0
74.4,28.9,27.5,72.9,0
73.4,28.0,27.0,73.4,0
71.9,27.0,27.1,75.9,0
71.1,27.3,24.8,78.8,0
70.9,26.4,25.1,79.9,0
70.8,25.9,23.0,80.8,0
70.2,26.2,24.5,82.0,0
69.3,25.4,22.5,80.3,0
67.3,25.3,24.7,81.3,0
77.4,24.0,24.6,77.5,0
74.8,25.5,26.1,77.8,0
73.2,24.7,26.1,74.7,0
71.4,25.2,28.7,73.6,0
69.4,25.8,30.7,69.5,0
66.6,26.8,31.6,67.1,0
76.9,27.5,31.7,65.1,0
74.2,28.3,32.0,63.1,0
72.2,28.6,32.8,63.0,0
81.5,28.8,32.2,66.2,0
79.2,29.2,30.7,63.2,0
76.9,28.7,30.2,69.5,0
76.8,28.5,29.5,68.4,0
75.7,28.5,29.2,70.6,0
75.3,28.5,27.5,72.9,0
73.7,27.1,25.9,73.3,0
72.2,27.5,26.6,74.3,0
71.0,27.0,26.2,72.1,0
70.1,27.2,25.5,78.0,0
68.0,26.1,25.6,79.5,0
67.0,26.4,23.3,76.7,0
66.4,25.7,23.7,80.2,0
64.3,25.2,22.8,79.8,0
63.8,24.9,24.4,81.4,0
74.2,24.8,24.9,75.1,0
72.0,25.1,25.6,75.0,0
70.7,24.7,27.3,73.0,0
69.2,25.1,28.1,69.1,0
67.0,25.9,29.2,68.3,0
64.4,27.2,32.3,62.2,0
74.8,27.5,32.4,60.4,0
72.9,27.8,31.9,64.0,0
70.7,28.2,30.7,65.2,0
79.9,28.8,31.5,63.2,0
78.6,29.1,31.7,66.2,0
76.2,29.7,30.8,67.2,0
75.1,28.9,30.8,69.0,0
73.6,28.4,30.2,69.7,0
73.6,27.6,28.4,68.1,0
73.0,27.3,27.2,72.8,0
72.8,28.2,26.4,74.7,0
72.2,27.6,25.7,78.7,0
70.1,27.1,26.0,74.7,0
68.9,26.3,24.4,82.6,0
68.2,25.8,23.0,79.2,0
68.1,25.7,24.5,77.9,0
65.6,25.5,23.9,79.5,0
64.8,24.9,23.9,81.5,0
75.1,24.8,23.4,78.2,0
72.5,25.1,26.9,74.6,0
70.6,25.3,27.9,74.6,0
68.4,25.7,27.8,72.4,0
67.2,26.2,30.1,68.0,0
66.3,26.8,30.2,68.9,0
76.7,27.2,30.7,68.3,0
75.0,28.5,30.3,59.6,0
73.7,28.2,32.5,64.2,0
83.7,28.6,32.4,68.0,0
82.4,29.0,31.0,66.4,0
80.4,29.1,30.6,69.3,0
79.4,29.4,31.4,69.0,0
79.0,28.9,28.6,66.9,0
77.4,27.7,27.5,70.0,0
76.7,28.2,27.7,72.8,0
76.6,27.2,27.2,76.9,0
76.2,27.6,25.8,75.9,0
75.4,26.4,24.2,76.5,0
74.0,26.7,24.2,77.5,0
72.4,25.9,24.9,79.6,0
71.4,26.5,24.7,80.2,0
71.3,24.7,22.7,84.1,0
69.1,25.2,23.3,79.3,0
79.3,24.7,24.1,75.9,0
77.3,24.9,26.0,77.1,0
75.0,24.6,29.1,73.9,0
72.0,25.5,28.5,70.9,0
71.4,26.3,30.0,66.7,0
69.5,26.2,30.4,66.7,0
79.8,26.9,33.8,63.6,0
78.8,28.4,31.5,63.0,0
76.6,28.0,31.5,63.1,0
86.7,28.5,31.8,66.5,0
84.6,28.5,30.2,62.9,0
82.8,29.4,31.3,66.5,0
82.7,28.9,30.0,67.5,0
81.5,29.0,28.6,70.9,0
79.5,28.1,27.9,70.8,0
77.9,28.2,26.1,74.5,0
77.3,27.5,26.3,73.1,0
76.9,27.5,24.2,76.8,0
75.3,26.4,25.0,77.9,0
74.2,26.1,24.4,78.6,0
73.1,26.9,23.9,82.1,0
72.7,25.8,23.6,80.8,0
71.6,25.4,23.3,80.5,0
70.4,25.8,25.2,81.5,0
81.1,24.4,26.1,78.8,0
79.2,25.2,25.9,75.5,0
76.8,24.8,28.2,75.1,0
74.1,25.7,28.4,74.6,0
72.4,25.7,29.8,67.0,0
71.4,27.0,30.4,67.0,0
79.9,27.2,32.3,64.7,0
77.2,27.1,32.5,64.2,0
75.5,28.8,30.9,60.8,0
84.8,29.0,31.8,63.5,0
82.8,29.1,30.8,64.1,0
80.8,29.3,30.0,69.2,0
79.7,29.3,30.0,66.0,0
79.2,28.6,27.7,71.9,0
78.6,28.7,28.1,69.5,0
76.9,28.7,29.1,72.5,0
76.3,27.3,27.1,73.7,0
75.6,26.8,25.1,75.0,0
74.7,27.1,25.8,74.5,0
73.7,25.7,24.8,81.0,0
72.0,26.4,24.1,81.3,0
71.3,25.6,23.6,82.0,0
70.1,25.4,24.0,81.7,0
69.2,25.0,23.8,81.2,0
80.6,25.2,24.8,80.4,0
78.0,24.9,26.6,74.6,0
77.5,25.1,28.0,74.4,0
76.1,25.3,27.7,73.2,0
74.7,26.8,29.6,68.6,0
73.3,27.1,32.3,65.6,0
83.5,27.0,33.2,62.9,0
80.8,28.1,32.3,63.5,0
77.5,28.7,33.2,63.3,0
86.2,28.6,32.6,59.3,0
83.7,29.2,31.1,66.4,0
81.9,28.8,29.1,69.4,0
80.4,28.6,30.0,69.1,0
79.4,29.1,28.2,69.8,0
78.5,28.4,28.5,69.9,0
78.2,28.2,29.0,72.4,0
78.0,28.2,27.0,77.0,0
78.0,27.4,25.4,73.5,0
77.8,27.0,24.4,81.4,0
76.4,25.4,23.2,75.8,0
74.9,26.2,22.8,80.9,0
73.4,25.6,25.4,78.6,0
72.5,24.5,24.7,79.2,0
71.2,24.9,24.1,75.6,0
81.3,25.3,24.8,79.8,0
79.7,24.8,26.0,76.8,0
77.5,25.2,27.3,75.3,0
75.1,25.2,29.8,69.7,0
72.8,26.0,30.3,70.4,0
71.0,26.5,29.5,66.2,0
81.8,27.9,32.6,64.2,0
79.5,28.4,30.5,63.1,0
76.9,28.6,31.6,66.4,0
87.6,29.1,30.5,65.3,0
85.7,28.3,31.3,66.3,0
83.1,29.1,29.7,64.0,0
82.2,28.8,28.9,67.9,0
80.3,28.4,28.4,67.7,0
79.1,28.6,29.1,69.7,0
77.7,27.9,27.4,69.5,0
77.4,28.4,27.3,75.5,0
76.0,27.3,27.1,75.8,0
74.7,26.8,25.5,77.4,0
74.6,25.9,25.2,76.7,0
74.3,26.5,23.6,79.6,0
73.3,25.7,24.0,78.0,0
72.7,25.6,23.1,79.8,0
72.9,25.2,24.7,80.7,0
82.9,25.3,25.7,78.8,0
81.4,25.1,26.8,77.1,0
79.3,25.7,27.3,72.2,0
77.2,26.1,29.4,67.1,0
74.8,26.3,29.9,68.5,0
73.4,26.2,30.6,64.0,0
84.4,27.3,32.2,63.9,0
82.5,28.3,32.6,61.9,0
80.4,28.6,33.7,63.8,0
90.4,29.1,32.2,65.9,0
87.8,29.0,30.4,64.9,0
85.0,29.5,29.9,64.4,0
82.8,28.8,29.0,68.3,0
82.0,28.5,29.3,70.0,0
80.9,28.3,27.5,71.2,0
79.7,28.0,28.7,73.3,0
78.1,26.9,26.5,76.7,0
77.8,27.4,26.5,79.0,0
76.4,26.6,25.4,78.6,0
75.0,26.0,25.0,77.8,0
73.5,25.6,23.5,80.0,0
73.1,25.6,24.1,77.3,0
72.9,24.4,23.7,80.0,0
71.2,25.0,24.2,82.9,0
81.0,25.4,25.0,78.0,0
79.0,24.9,26.5,76.0,0
77.6,24.6,26.9,72.0,0
75.2,25.1,29.4,72.6,0
74.0,26.0,30.3,67.5,0
71.7,26.0,32.4,66.4,0
81.5,26.9,29.1,63.9,0
79.1,27.9,31.5,61.8,0
76.8,28.1,32.9,63.9,0
86.6,28.9,29.6,62.9,0
84.1,29.1,32.4,64.3,0
82.0,28.7,30.7,65.6,0
80.5,28.5,28.4,71.1,0
78.1,28.4,29.8,70.7,0
78.0,28.2,27.6,71.7,0
76.8,28.5,26.9,71.7,0
76.3,27.3,27.9,75.6,0
75.5,27.4,25.7,75.8,0
74.6,26.5,24.6,79.6,0
73.5,26.6,26.4,78.1,0
72.6,26.0,25.1,82.4,0
71.7,25.7,23.8,79.4,0
70.6,24.9,23.4,80.2,0
69.5,25.4,24.1,78.7,0
79.7,25.5,26.2,78.1,0
77.3,25.6,25.2,74.2,0
75.4,25.3,26.3,71.3,0
72.4,24.8,29.7,67.6,0
70.6,25.8,29.8,66.5,0
68.2,26.4,31.1,64.2,0
77.8,27.3,32.2,65.0,0
76.2,28.1,31.7,62.8,0
74.7,28.6,30.0,63.9,0
83.7,29.3,31.5,67.1,0
81.6,28.6,32.2,66.6,0
79.5,29.0,32.4,63.8,0
78.2,28.0,29.9,68.7,0
77.4,28.8,29.2,70.6,0
75.8,27.9,29.5,70.9,0
74.4,28.1,28.1,71.1,0
73.8,28.5,27.0,75.1,0
73.1,27.5,24.4,75.5,0
71.4,27.5,25.0,77.8,0
70.5,25.8,24.9,79.5,0
70.0,26.0,23.1,80.1,0
69.3,25.8,23.8,78.9,0
68.1,25.0,25.4,77.1,0
66.7,25.3,24.0,79.7,0
77.3,24.8,23.8,77.9,0
74.9,24.6,24.5,75.7,0
72.8,24.8,27.3,74.0,0
71.1,25.3,28.2,71.6,0
69.4,25.5,29.3,66.1,0
68.4,26.6,31.2,67.4,0
78.9,28.1,32.0,65.1,0
76.7,27.7,32.1,64.3,0
74.3,28.2,32.2,64.3,0
83.5,28.9,30.7,68.6,0
80.4,29.3,30.7,66.3,0
79.0,29.8,30.4,66.5,0
78.0,29.5,30.0,65.1,0
77.6,29.7,30.0,69.0,0
76.8,28.7,27.8,72.0,0
75.4,28.5,27.0,70.5,0
74.3,27.6,28.0,74.2,0
73.5,27.3,26.1,76.3,0
72.4,26.9,24.2,78.8,0
71.6,26.9,24.5,75.8,0
69.9,26.4,23.4,79.0,0
68.9,25.7,23.2,79.4,0
67.9,25.5,22.9,80.0,0
67.2,24.7,23.6,80.3,0
76.6,24.8,26.6,79.7,0
74.5,24.8,26.8,78.0,0
72.7,25.6,28.4,78.1,0
71.0,25.6,29.6,71.0,0
69.6,26.3,29.9,68.8,0
67.4,27.0,31.4,65.6,0
77.9,26.7,31.8,64.3,0
75.2,28.1,31.1,62.4,0
72.0,29.2,31.0,63.9,0
81.9,29.0,32.4,63.5,0
79.2,28.9,30.3,63.2,0
77.5,28.4,30.8,66.9,0
75.8,29.8,30.5,67.0,0
75.4,29.0,29.8,69.9,0
74.9,28.7,28.7,70.7,0
74.4,27.8,26.6,73.7,0
73.8,27.4,27.2,77.1,0
72.3,26.8,25.9,77.0,0
71.4,26.7,24.5,76.7,0
70.8,26.1,23.2,77.8,0
69.3,26.6,24.7,79.7,0
68.3,26.4,22.8,79.1,0
66.6,25.7,22.6,79.4,0
65.4,25.4,25.6,81.6,0
75.6,25.0,24.0,78.6,0
73.9,25.1,25.7,75.1,0
71.1,24.8,27.4,73.7,0
69.6,26.4,28.8,70.4,0
67.8,26.2,29.2,67.1,0
66.0,27.1,30.5,66.3,0
76.6,26.7,32.4,63.8,0
73.9,28.4,31.8,62.9,0
71.5,28.8,31.9,65.5,0
82.1,29.3,29.9,63.5,0
79.6,29.0,30.8,68.0,0
76.1,29.8,31.4,64.4,0
75.8,29.0,29.4,68.8,0
74.4,28.6,28.5,70.2,0
74.1,28.5,28.7,71.8,0
72.1,27.8,28.1,73.4,0
70.6,27.5,27.0,76.1,0
69.5,27.2,25.5,75.5,0
68.2,25.7,25.9,76.7,0
66.5,26.6,26.1,77.9,0
65.3,26.4,25.3,82.9,0
63.6,25.4,22.8,78.0,0
62.7,25.8,26.3,81.9,0
61.2,25.4,23.2,78.0,0
71.2,25.5,24.0,79.1,0
70.0,24.7,26.2,78.0,0
67.6,25.9,27.2,71.2,0
66.1,25.4,29.0,69.0,0
64.9,26.3,31.0,69.6,0
62.3,26.6,31.8,68.0,0
72.1,26.6,31.0,63.4,0
68.9,27.7,32.1,67.1,0
66.7,28.7,32.7,63.7,0
76.9,28.5,32.5,65.4,0
75.4,28.8,32.1,67.8,0
73.1,28.5,31.3,65.3,0
73.5,28.5,30.6,71.0,0
72.6,28.0,28.8,68.2,0
71.1,27.8,27.4,71.0,0
70.1,27.7,27.9,72.1,0
67.8,27.9,26.4,78.7,0
66.4,26.6,27.0,76.1,0
64.5,26.8,24.6,78.9,0
63.0,27.1,24.5,80.6,0
61.6,25.7,24.0,78.5,0
59.5,25.8,24.9,81.4,1
58.0,25.7,24.6,79.4,1
57.6,25.0,24.3,76.4,1
66.5,26.3,25.2,77.5,0
64.0,24.8,27.3,76.1,0
62.9,25.6,25.9,69.4,0
60.4,25.6,29.3,68.5,0
59.0,26.1,30.9,67.9,1
58.0,26.4,32.0,66.6,1
67.6,27.6,32.4,65.6,0
65.7,27.5,31.4,64.0,0
63.6,28.7,31.5,63.0,0
74.0,28.6,32.2,65.7,0
72.5,29.4,30.8,63.1,0
69.6,28.8,30.5,67.9,0
68.1,28.9,28.8,65.3,0
66.2,28.8,28.3,71.2,0
64.3,28.0,28.7,69.5,0
64.0,27.9,27.2,75.6,0
62.1,27.6,26.2,73.7,0
61.3,26.8,25.8,74.9,0
59.8,26.7,25.6,75.5,1
58.0,26.5,24.6,79.5,1
56.8,26.2,24.5,77.1,1
56.3,26.1,24.2,79.4,1
55.0,25.5,23.8,80.8,1
54.0,25.1,24.2,77.9,1
64.1,24.7,24.2,76.5,0
61.7,25.8,25.6,75.1,0
60.4,24.4,25.8,70.9,0
57.9,25.8,27.8,69.3,1
57.4,26.3,29.1,68.0,1
56.4,27.0,30.7,63.1,1
65.9,28.3,32.7,64.5,0
64.2,28.2,32.0,64.1,0
61.1,28.7,32.0,64.5,0
71.3,29.1,30.9,64.7,0
70.0,29.3,31.5,61.3,0
68.5,28.6,32.0,65.0,0
67.0,29.3,29.9,68.6,0
65.4,28.5,28.6,69.2,0
64.9,27.7,27.5,69.1,0
64.7,28.4,27.8,75.7,0
64.2,27.5,26.0,76.7,0
62.9,27.7,26.6,73.5,0
61.6,26.9,24.5,77.1,0
59.6,26.6,23.4,79.4,1
58.6,25.8,24.7,82.2,1
57.8,26.0,23.1,76.0,1
56.5,25.5,24.5,81.1,1
55.9,25.3,25.1,78.8,1
66.2,25.1,24.5,78.4,0
64.9,24.9,26.2,75.5,0
62.8,24.7,28.4,76.4,0
60.3,25.4,28.3,74.1,0
58.2,26.9,31.3,67.5,1
56.9,27.2,30.8,64.2,1
66.5,27.6,31.0,69.1,0
64.6,27.5,32.1,64.8,0
62.5,28.6,32.1,62.2,0
72.8,28.9,32.6,66.7,0
69.9,29.1,31.9,65.2,0
68.7,29.1,31.0,66.0,0
66.8,29.2,30.5,69.9,0
64.8,28.6,29.4,66.4,0
63.3,28.0,29.1,72.8,0
62.6,27.3,27.2,73.2,0
61.0,27.3,25.9,75.1,0
59.5,27.6,26.2,76.3,1
58.3,27.6,27.5,74.4,1
58.0,26.6,25.4,77.1,1
57.9,25.9,23.8,80.0,1
57.6,25.8,25.2,80.7,1
56.3,24.3,22.5,79.9,1
55.5,24.6,24.0,76.5,1
66.5,24.5,25.3,77.6,0
65.5,24.5,25.5,74.6,0
64.1,25.2,26.8,72.0,0
61.8,25.7,28.6,71.5,0
60.4,25.0,29.6,68.5,0
58.4,27.5,30.4,63.2,1
67.4,27.8,30.9,64.2,0
64.5,28.3,30.8,65.0,0
62.7,28.2,31.1,64.5,0
72.8,28.6,31.6,64.4,0
69.9,29.2,32.0,65.5,0
68.2,28.7,30.1,64.5,0
68.0,29.3,29.0,71.4,0
68.0,28.8,30.5,69.8,0
67.2,28.3,27.5,69.6,0
66.5,28.6,27.7,69.5,0
65.8,27.6,26.0,71.3,0
64.7,27.0,25.4,74.9,0
63.7,26.3,25.6,79.2,0
63.4,26.0,25.1,77.4,0
62.2,26.8,25.4,78.8,0
62.2,25.8,24.6,78.0,0
59.9,25.1,24.1,82.7,1
58.5,24.6,24.7,83.6,1
69.4,25.2,24.1,73.2,0
67.2,24.6,27.0,75.3,0
65.5,24.8,27.7,74.3,0
63.5,25.4,29.1,71.5,0
61.3,25.9,30.5,67.1,0
60.0,26.3,29.9,65.0,0
70.3,27.4,30.9,65.7,0
68.8,27.7,32.1,66.7,0
65.8,28.9,32.0,61.0,0
76.4,28.8,32.1,63.4,0
73.6,28.9,31.3,66.3,0
72.2,29.2,30.5,64.8,0
71.3,29.0,31.0,67.0,0
70.7,28.8,29.5,71.9,0
69.3,28.8,29.0,71.7,0
68.2,28.3,28.5,71.9,0
66.8,27.8,27.8,75.3,0
66.3,27.3,26.3,73.5,0
65.6,26.6,25.9,77.6,0
64.2,26.5,25.0,79.3,0
62.2,26.6,25.2,81.5,0
60.6,26.0,25.9,81.0,0
59.7,25.2,23.2,80.2,1
57.6,24.7,23.6,79.2,1
68.3,25.0,26.2,77.7,0
67.1,24.6,26.1,78.2,0
65.6,25.5,27.0,75.6,0
62.8,25.9,28.1,71.6,0
60.7,26.5,30.7,68.1,0
58.3,26.5,31.5,64.3,1
68.2,26.5,33.4,62.0,0
66.2,27.5,31.9,63.2,0
65.0,28.6,32.6,65.6,0
74.8,29.3,33.0,65.0,0
72.0,29.2,30.1,67.8,0
68.4,29.0,29.8,66.3,0
67.0,28.9,30.2,65.1,0
67.1,28.8,28.8,68.3,0
66.0,29.1,28.1,72.7,0
64.4,28.2,27.1,73.3,0
63.7,27.6,26.6,74.7,0
63.3,27.5,25.3,75.9,0
62.1,26.2,24.3,76.4,0
61.1,26.4,25.1,79.6,0
61.0,25.5,24.4,78.4,0
60.7,26.0,24.9,80.5,0
58.9,25.3,24.4,80.0,1
57.9,25.4,24.6,76.6,1
68.6,24.6,25.5,80.9,0
66.8,25.9,25.3,75.5,0
65.3,24.8,26.9,74.9,0
63.5,25.6,28.9,71.7,0
61.3,26.4,30.7,68.0,0
59.2,26.4,31.6,65.0,1
69.8,27.3,31.6,64.8,0
67.7,28.0,31.9,63.0,0
65.5,28.7,32.1,62.7,0
76.0,27.9,30.7,63.8,0
74.5,28.6,31.9,62.5,0
72.6,29.2,31.3,64.8,0
72.3,29.1,30.7,67.7,0
70.1,28.6,30.0,70.5,0
69.5,28.6,29.2,67.5,0
67.9,27.8,26.1,73.7,0
66.7,26.8,26.9,76.9,0
65.7,26.6,24.9,77.6,0
64.2,27.3,24.6,79.8,0
64.5,26.0,24.7,76.3,0
63.5,25.4,25.3,77.6,0
62.3,26.0,24.4,77.3,0
62.0,25.0,24.2,82.5,0
60.7,24.7,25.7,83.4,0
71.0,25.2,25.1,75.2,0
69.9,24.6,25.2,75.7,0
68.3,25.6,26.2,71.0,0
66.1,25.5,28.0,67.2,0
64.2,26.2,30.1,66.3,0
64.0,26.2,29.8,68.5,0
75.4,27.4,32.1,63.6,0
72.0,28.3,32.2,65.4,0
70.3,28.2,31.3,65.4,0
80.0,28.3,31.7,63.2,0
77.7,28.5,31.6,67.9,0
74.6,28.9,30.2,64.7,0
73.4,29.8,30.6,67.1,0
72.9,27.8,28.7,70.3,0
71.6,27.9,28.9,70.6,0
70.5,27.6,28.7,72.4,0
71.1,26.7,27.0,75.9,0
70.3,27.6,25.0,78.1,0
69.2,26.9,25.4,74.1,0
67.9,26.0,24.8,78.5,0
66.2,25.9,23.7,81.6,0
66.3,25.2,23.1,82.7,0
66.6,24.7,23.7,75.5,0
65.9,25.0,24.9,78.1,0
75.9,25.4,25.6,78.3,0
73.4,25.1,27.0,75.2,0
71.7,24.7,27.3,74.7,0
70.3,25.8,30.3,71.5,0
68.0,26.1,29.3,69.0,0
66.7,26.2,31.4,65.4,0
77.2,28.0,31.6,64.2,0
74.9,27.4,33.2,65.7,0
72.4,29.0,31.9,65.1,0
81.6,28.6,30.8,65.3,0
79.4,29.0,31.4,65.7,0
76.5,29.3,29.8,65.3,0
75.0,28.5,29.3,66.6,0
74.7,28.4,30.0,69.8,0
73.3,28.2,28.4,73.0,0
72.1,28.6,28.3,71.0,0
71.1,27.9,26.1,75.1,0
69.6,27.3,27.0,76.7,0
68.6,27.0,25.2,76.9,0
67.7,26.2,23.2,78.3,0
65.3,26.0,23.6,80.5,0
64.9,26.2,23.0,78.4,0
63.2,26.3,22.8,82.5,0
62.2,25.4,24.6,76.4,0
72.1,24.7,25.2,79.3,0
70.5,25.1,26.5,77.2,0
69.1,24.2,26.7,75.9,0
67.2,25.9,29.1,66.9,0
64.7,26.1,28.8,66.1,0
62.2,26.4,30.7,67.8,0
71.7,27.5,31.6,63.1,0
69.7,27.5,31.5,63.9,0
68.2,28.1,32.0,66.1,0
78.5,29.1,31.6,62.8,0
76.4,29.7,31.6,63.6,0
74.1,28.7,30.9,64.9,0
72.0,28.6,30.8,67.9,0
71.1,28.4,28.9,68.2,0
69.4,28.2,28.9,71.3,0
68.6,27.9,27.8,72.6,0
67.4,27.9,27.0,75.4,0
65.7,27.2,26.1,74.8,0
64.8,26.6,23.6,78.3,0
63.9,26.1,26.3,80.0,0
62.8,26.2,23.6,80.9,0
62.9,25.9,23.5,80.6,0
61.6,25.9,23.7,79.2,0
62.3,25.1,23.2,79.7,0
71.9,24.8,26.3,75.6,0
70.1,25.4,25.5,76.5,0
67.2,25.3,26.8,75.0,0
65.7,26.0,28.0,69.4,0
62.8,26.5,30.3,70.5,0
61.0,26.9,32.2,67.4,0
70.0,27.4,32.0,68.0,0
68.5,28.0,31.4,62.0,0
66.6,29.0,33.0,64.3,0
76.8,29.4,31.9,63.5,0
75.4,29.0,30.7,64.8,0
73.2,29.5,30.6,68.0,0
72.2,28.6,30.1,70.1,0
70.4,28.3,29.4,69.5,0
69.5,28.6,28.4,70.6,0
67.5,27.8,27.6,70.9,0
66.9,27.7,28.3,74.4,0
66.3,27.4,28.3,76.5,0
65.2,27.1,25.5,78.5,0
64.3,26.2,24.0,80.2,0
63.9,25.5,23.5,78.3,0
62.9,25.5,24.7,78.6,0
61.3,26.4,22.7,82.4,0
60.4,25.6,24.1,80.0,0
70.2,25.6,25.3,75.0,0
68.0,24.4,26.1,78.9,0
65.2,25.4,27.0,72.2,0
63.0,25.5,30.2,72.1,0
60.8,26.1,30.6,67.4,0
59.1,26.0,30.7,66.0,1
69.0,28.3,32.4,67.5,0
67.6,27.6,31.9,60.7,0
64.5,28.9,31.5,63.6,0
74.9,29.2,31.3,63.4,0
72.8,29.5,32.2,65.0,0
71.0,29.4,30.2,66.1,0
70.3,28.9,29.9,69.7,0
69.2,28.2,30.1,70.3,0
68.6,28.8,28.7,70.3,0
68.0,28.4,27.8,75.5,0
67.2,27.6,26.2,76.0,0
66.0,27.4,27.9,74.4,0
64.6,26.9,26.0,76.7,0
64.5,26.0,22.9,77.3,0
62.6,25.8,25.4,79.7,0
60.9,25.8,23.1,79.1,0
59.2,26.0,22.9,81.3,1
57.8,25.0,23.7,78.6,1
68.3,25.5,25.9,78.1,0
67.4,24.7,25.8,74.9,0
65.4,25.8,27.5,72.3,0
63.6,25.3,27.4,72.1,0
61.7,26.2,30.9,65.3,0
59.3,26.6,30.9,66.3,1
68.5,27.1,30.7,66.0,0
66.7,28.4,32.3,66.4,0
64.3,28.4,32.3,62.5,0
74.0,28.6,31.7,66.9,0
71.9,29.7,32.3,65.3,0
69.1,28.9,31.1,66.8,0
68.9,28.6,31.2,68.5,0
68.4,28.9,29.2,67.2,0
66.6,27.8,28.5,73.5,0
66.3,28.4,28.3,74.1,0
65.5,28.0,27.7,73.3,0
64.3,27.5,25.7,74.9,0
63.1,26.9,26.8,81.6,0
61.9,26.1,24.9,78.1,0
60.7,26.2,24.3,79.2,0
59.7,26.2,24.4,76.9,1
57.9,25.5,23.3,79.6,1
56.1,24.5,22.9,80.5,1
66.3,26.2,26.6,77.1,0
64.2,25.5,26.9,76.3,0
61.6,25.2,26.6,74.0,0
59.5,26.0,28.8,69.9,1
55.8,26.4,30.5,69.8,1
54.3,26.4,30.7,65.5,1
63.7,27.4,32.9,64.3,0
61.8,27.6,31.6,64.0,0
60.2,28.4,32.7,60.9,0
70.8,28.7,31.1,65.7,0
69.1,29.4,31.6,66.9,0
67.0,29.1,31.9,68.0,0
66.4,29.2,30.4,68.8,0
65.3,28.6,28.8,69.4,0
64.7,29.3,28.6,72.1,0
64.4,27.9,28.2,77.7,0
62.8,27.4,26.4,72.5,0
62.0,26.9,25.7,77.1,0
61.6,27.3,26.7,78.2,0
61.4,25.5,25.9,80.0,0
61.2,26.1,23.8,76.7,0
60.5,25.5,23.0,83.4,0
59.7,25.7,23.0,82.3,1
58.2,24.7,23.3,79.1,1
68.6,24.9,24.7,81.4,0
66.5,24.9,25.9,76.3,0
64.1,25.4,26.2,77.2,0
61.7,25.8,28.8,71.0,0
59.8,26.6,27.7,64.4,1
57.0,26.6,31.2,65.8,1
67.6,27.0,33.0,63.7,0
66.3,28.5,31.0,61.5,0
65.5,29.3,29.6,62.4,0
75.6,29.0,31.8,65.2,0
73.7,28.9,31.8,64.2,0
70.8,29.3,30.3,68.4,0
69.3,29.0,30.2,65.0,0
68.4,28.3,30.3,69.1,0
68.6,28.4,29.8,72.0,0
67.4,27.9,28.1,73.6,0
66.5,27.3,25.8,73.5,0
65.2,28.2,26.1,76.5,0
64.0,27.0,24.5,75.5,0
63.8,26.6,24.8,77.2,0
62.6,25.8,24.2,76.8,0
62.2,25.8,23.6,82.2,0
61.3,25.2,25.2,79.3,0
60.1,25.5,24.1,77.7,0
70.1,25.5,23.8,77.6,0
68.4,25.2,26.3,78.5,0
66.7,25.4,27.9,76.6,0
64.1,25.6,28.7,69.0,0
63.1,26.0,29.4,71.3,0
61.2,26.7,30.7,65.8,0
71.2,27.7,31.3,66.6,0
68.4,28.0,31.6,65.6,0
66.6,28.3,31.4,62.8,0
77.4,28.1,31.5,63.5,0
76.0,29.5,30.2,62.5,0
74.6,28.7,30.9,66.7,0
73.7,29.1,29.4,68.7,0
72.9,28.3,29.9,69.2,0
72.1,28.6,28.7,68.9,0
70.6,28.2,28.8,73.7,0
69.4,27.2,25.7,75.9,0
69.1,27.9,27.1,76.3,0
68.3,26.9,25.2,76.2,0
67.9,26.6,25.3,79.1,0
66.4,26.1,25.1,77.6,0
65.0,25.4,24.9,80.3,0
64.0,25.3,24.0,80.7,0
64.1,25.9,24.6,81.4,0
74.3,24.6,24.9,81.5,0
71.7,24.8,26.6,79.3,0
71.0,25.6,26.6,75.0,0
69.1,24.9,29.0,69.7,0
66.1,25.5,31.2,69.2,0
64.7,26.5,32.7,63.3,0
72.6,27.2,32.6,64.5,0
70.9,27.7,33.2,63.8,0
69.1,28.2,32.3,63.3,0
79.6,28.8,32.5,65.6,0
76.2,29.5,32.8,64.8,0
74.1,28.5,30.6,70.3,0
73.1,29.7,28.7,67.7,0
72.1,28.8,29.1,73.0,0
71.6,27.8,28.6,71.7,0
72.1,28.3,26.9,71.0,0
71.7,27.6,25.8,74.7,0
71.2,27.3,25.6,79.9,0
69.3,27.7,24.3,77.1,0
68.0,26.8,25.5,78.6,0
68.0,25.8,25.7,80.3,0
67.3,25.6,24.6,81.3,0
66.1,24.9,22.9,81.4,0
65.6,25.2,24.4,76.5,0
76.3,24.7,24.2,76.8,0
74.8,25.4,26.2,75.0,0
72.9,25.1,26.6,78.9,0
71.1,26.0,29.5,69.2,0
69.8,25.3,30.6,68.2,0
67.9,26.4,30.8,70.7,0
77.5,27.6,32.2,65.4,0
75.4,28.1,32.1,66.4,0
72.0,28.2,33.3,65.7,0
81.9,28.5,30.1,61.8,0
79.1,29.4,31.6,64.7,0
76.7,28.5,31.7,66.2,0
76.8,29.1,29.7,64.8,0
76.0,28.6,28.8,65.8,0
74.3,28.3,28.6,73.0,0
73.7,27.8,26.8,76.3,0
73.4,28.4,26.3,72.6,0
72.5,27.0,25.2,75.8,0
71.9,25.6,25.2,80.0,0
70.5,26.3,23.1,80.4,0
69.1,26.5,23.9,76.8,0
69.2,25.7,24.5,79.8,0
69.0,25.3,23.7,80.7,0
67.7,25.9,23.9,76.1,0
77.8,25.1,25.7,77.2,0
74.7,24.7,27.3,75.0,0
72.9,25.0,26.7,69.2,0
70.9,25.4,29.7,69.2,0
68.8,26.1,28.6,68.2,0
67.1,27.2,30.4,66.6,0
77.0,27.5,32.2,62.1,0
76.1,28.5,32.2,65.0,0
73.7,28.3,32.0,63.8,0
83.3,29.2,32.3,64.5,0
81.9,28.3,31.1,64.5,0
80.0,28.5,31.3,62.7,0
79.1,28.8,29.6,69.6,0
78.7,28.9,28.7,70.4,0
78.2,28.5,26.9,71.1,0
78.3,27.8,28.1,71.9,0
78.3,27.1,26.1,72.0,0
76.0,27.5,26.8,76.7,0
74.7,25.7,26.1,76.5,0
74.6,26.4,24.6,79.5,0
74.2,25.8,24.4,80.5,0
72.6,25.8,24.2,78.9,0
71.4,25.4,23.8,78.7,0
70.4,25.4,23.1,79.2,0
79.9,25.3,26.1,78.7,0
77.4,25.5,25.5,72.9,0
74.9,25.6,27.7,73.7,0
72.3,25.9,28.9,68.0,0
70.7,26.1,30.2,67.3,0
67.6,26.7,31.2,70.0,0
78.1,28.0,32.5,62.7,0
77.0,28.0,31.3,62.2,0
74.9,28.5,32.7,63.4,0
85.4,28.3,31.8,64.3,0
83.8,29.2,31.3,63.2,0
83.1,29.2,30.3,67.3,0
82.1,29.3,30.0,69.1,0
80.7,28.5,29.7,70.4,0
79.7,28.0,27.5,71.8,0
78.5,27.5,26.2,72.3,0
77.6,27.7,26.5,72.8,0
76.6,27.2,26.6,76.1,0
74.9,27.0,25.1,78.3,0
73.0,26.6,25.9,76.9,0
70.6,26.4,25.4,78.9,0
69.9,26.2,25.2,79.8,0
68.9,25.6,25.2,84.1,0
68.4,24.4,24.5,81.5,0
78.5,24.9,25.4,80.6,0
76.7,25.4,25.5,77.3,0
74.4,24.8,25.2,72.3,0
72.2,25.0,29.0,71.7,0
70.3,25.7,29.4,70.7,0
67.5,26.7,30.9,64.1,0
78.1,27.2,29.8,64.6,0
76.2,27.8,32.7,64.2,0
72.8,28.0,31.8,65.2,0
83.0,29.5,31.2,66.8,0
79.5,29.4,30.3,65.2,0
77.8,28.5,30.0,66.4,0
77.6,27.9,29.3,73.7,0
76.5,28.7,28.5,68.7,0
75.2,28.1,27.3,68.7,0
74.4,28.1,27.4,73.1,0
73.9,27.4,26.5,73.5,0
73.0,27.3,26.7,75.7,0
72.7,26.9,23.9,77.1,0
71.2,25.6,24.4,74.4,0
70.2,26.0,23.6,79.5,0
69.4,25.2,24.4,80.2,0
68.3,25.4,24.0,82.1,0
67.6,25.4,24.9,79.8,0
77.9,25.0,26.4,80.2,0
76.5,25.3,26.0,79.0,0
74.4,25.4,27.7,74.3,0
72.3,26.1,28.1,71.4,0
70.7,25.3,29.9,67.4,0
68.7,26.8,31.1,67.0,0
78.6,27.8,33.5,63.9,0
76.9,28.2,31.1,59.8,0
75.1,28.4,31.8,63.9,0
85.0,29.1,31.7,66.7,0
82.4,29.2,30.6,67.1,0
80.7,29.7,31.0,66.2,0
79.5,29.4,30.0,66.6,0
79.8,27.7,29.3,69.0,0
78.9,28.3,27.8,71.1,0
78.4,28.5,28.2,70.7,0
77.4,27.4,26.0,72.7,0
76.4,27.3,25.7,75.9,0
75.6,26.9,26.0,77.7,0
75.3,25.8,25.9,79.5,0
74.4,25.1,23.7,77.9,0
73.4,26.4,24.6,76.4,0
72.9,24.8,23.9,79.7,0
71.8,25.0,25.1,81.3,0
81.2,25.2,25.0,75.5,0
79.2,25.2,27.4,74.5,0
77.5,24.9,28.5,72.2,0
76.2,25.7,27.9,73.6,0
74.2,26.6,29.7,70.0,0
71.3,27.1,30.5,65.3,0
80.9,27.0,31.7,65.9,0
79.2,28.0,30.5,62.7,0
77.2,28.4,30.6,64.1,0
87.9,29.0,32.5,61.4,0
86.7,29.2,31.5,63.8,0
86.2,28.9,31.3,64.9,0
85.4,29.1,29.3,65.9,0
84.7,28.4,28.4,70.5,0
83.2,28.4,28.3,69.4,0
82.3,29.0,28.7,74.6,0
80.4,28.3,26.8,75.5,0
79.6,26.9,26.1,76.4,0
78.3,26.0,26.3,79.5,0
75.9,26.0,25.1,78.9,0
74.9,26.5,24.5,78.0,0
73.9,25.4,24.4,79.0,0
72.1,25.4,23.8,81.2,0
70.1,25.2,25.5,77.2,0
79.9,25.4,24.9,79.8,0
77.7,24.9,25.4,75.6,0
74.7,24.9,27.9,74.5,0
72.3,25.0,29.5,70.8,0
69.9,26.0,29.6,66.6,0
67.0,26.6,31.6,68.7,0
76.7,27.4,32.6,64.0,0
74.1,28.2,29.3,64.5,0
73.9,28.3,30.5,63.2,0
85.2,29.5,32.0,63.2,0
82.8,29.0,30.5,65.7,0
81.3,29.7,32.0,65.7,0
79.7,28.3,30.3,67.9,0
78.3,28.3,29.2,69.8,0
77.3,27.8,28.5,70.2,0
76.3,27.1,27.3,74.6,0
75.5,27.3,26.3,75.6,0
75.5,27.1,26.1,72.3,0
74.0,26.4,26.1,75.7,0
73.7,26.8,23.5,77.8,0
72.6,26.3,24.5,77.5,0
71.4,25.4,23.7,78.5,0
70.0,25.6,24.1,81.2,0
69.2,24.9,23.6,80.4,0
79.4,25.1,25.1,75.2,0
78.1,24.5,25.1,73.7,0
74.8,24.7,27.3,73.8,0
73.1,25.5,28.5,70.1,0
71.2,25.4,28.7,69.5,0
69.6,26.4,31.4,64.7,0
79.2,28.0,29.5,64.5,0
76.8,28.5,31.7,62.4,0
74.2,28.6,30.7,63.7,0
83.9,29.7,31.9,65.8,0
82.2,29.1,31.0,66.2,0
79.2,29.4,31.3,64.6,0
78.2,29.0,29.8,69.9,0
77.7,28.6,29.1,69.4,0
76.6,27.9,29.3,71.9,0
75.9,27.0,27.2,73.6,0
74.9,27.4,26.7,73.7,0
73.8,27.3,27.1,77.6,0
74.0,26.8,25.9,76.0,0
73.5,26.1,26.4,77.8,0
72.6,26.3,24.7,77.1,0
71.4,25.8,23.7,77.0,0
70.8,25.7,24.9,84.0,0
69.7,25.0,25.0,79.2,0
79.7,25.6,24.7,77.4,0
77.1,25.0,26.4,79.4,0
76.4,25.8,27.2,70.3,0
74.0,24.9,29.1,72.8,0
71.8,26.8,30.0,68.4,0
68.9,27.2,31.0,65.6,0
78.5,27.2,33.1,64.1,0
76.9,27.9,32.4,63.5,0
74.4,28.5,30.8,66.9,0
84.5,29.4,31.8,66.5,0
82.7,29.0,31.0,65.3,0
81.0,28.0,30.9,65.2,0
80.1,28.9,30.2,68.0,0
79.8,29.1,29.5,67.7,0
78.2,28.3,27.1,69.7,0
77.5,28.2,26.3,72.3,0
75.6,27.6,27.9,73.1,0
74.4,26.6,26.0,74.8,0
73.3,27.2,26.4,76.7,0
71.0,26.2,25.2,76.6,0
69.9,26.7,23.9,82.0,0
68.5,25.6,22.7,76.0,0
66.9,25.5,24.4,81.3,0
65.1,25.1,24.7,80.7,0
74.5,24.8,26.3,77.8,0
72.8,25.0,25.8,75.7,0
70.8,25.1,27.4,73.6,0
69.0,25.5,27.2,70.7,0
66.8,25.7,29.5,69.3,0
64.1,25.8,31.3,66.8,0
74.0,27.4,31.5,63.7,0
72.4,27.5,31.3,62.2,0
70.6,28.9,33.0,64.7,0
80.4,29.4,32.9,65.7,0
78.7,29.5,30.4,66.9,0
76.9,28.9,30.8,65.7,0
77.2,28.7,29.7,72.5,0
76.0,28.4,30.4,66.4,0
74.7,28.5,28.6,74.5,0
73.1,27.7,28.1,71.4,0
73.5,27.9,26.0,74.3,0
72.8,27.3,27.1,79.1,0
73.8,26.9,25.1,80.7,0
73.3,26.1,26.3,81.3,0
72.3,26.0,25.2,80.7,0
71.5,25.8,23.6,80.6,0
70.7,24.9,24.4,77.5,0
69.9,25.3,24.4,77.4,0
78.5,25.7,24.8,78.0,0
75.9,25.1,26.6,77.1,0
73.8,25.1,27.3,74.7,0
70.9,25.1,28.7,72.1,0
68.6,26.0,29.5,70.5,0
67.4,26.0,30.5,68.4,0
77.1,27.6,31.8,64.6,0
75.5,27.6,32.1,60.2,0
71.9,28.2,32.8,66.0,0
81.8,28.2,30.6,64.3,0
79.9,29.2,31.3,64.7,0
77.3,29.3,32.0,66.9,0
75.2,28.9,29.5,65.7,0
74.3,28.7,28.4,69.1,0
73.4,28.7,27.7,68.6,0
72.0,28.7,28.2,68.7,0
71.1,27.5,25.8,73.2,0
70.7,27.3,26.0,78.6,0
69.9,26.9,24.8,77.6,0
69.2,26.5,24.3,79.9,0
68.2,25.6,24.1,79.1,0
66.5,25.9,23.8,80.5,0
65.2,25.3,23.7,76.6,0
64.1,24.9,24.2,78.2,0
74.1,24.9,25.2,76.5,0
72.0,24.4,25.6,73.5,0
69.0,25.5,27.7,73.6,0
67.8,25.1,28.3,71.3,0
67.3,26.4,29.6,68.6,0
66.0,26.3,31.1,65.8,0
76.7,27.9,30.4,65.7,0
75.3,27.9,31.3,64.1,0
73.0,28.3,31.4,64.7,0
82.8,29.3,30.8,63.6,0
81.0,29.3,31.1,66.5,0
78.8,28.5,30.1,67.4,0
77.4,28.7,29.3,66.1,0
75.8,28.4,30.0,68.3,0
74.7,28.1,30.1,73.1,0
73.1,28.1,28.4,70.5,0
72.1,27.8,27.0,73.7,0
71.1,26.8,26.9,77.8,0
69.6,26.6,25.6,78.6,0
69.1,26.9,24.6,80.2,0
67.0,26.6,24.4,80.4,0
66.8,25.3,23.8,79.2,0
65.3,25.5,22.2,76.8,0
64.0,24.9,23.6,83.2,0
74.9,24.8,24.3,79.6,0
73.4,25.7,26.4,74.4,0
71.3,25.0,26.9,73.6,0
69.4,25.5,27.3,69.5,0
67.7,25.4,30.0,67.8,0
64.1,26.3,31.3,66.9,0
74.7,27.4,32.4,63.2,0
73.0,28.1,32.3,67.4,0
70.6,28.5,33.8,63.6,0
80.7,28.4,31.0,63.9,0
78.6,29.3,32.3,67.6,0
76.2,28.6,31.4,64.6,0
74.8,28.4,29.5,68.2,0
74.5,29.0,29.1,73.3,0
73.5,28.2,27.8,71.3,0
72.5,27.3,27.5,73.2,0
70.7,27.9,26.4,73.4,0
69.9,27.3,25.6,74.3,0
69.9,27.3,25.3,77.0,0
68.5,25.9,23.9,82.6,0
67.5,26.0,25.2,81.0,0
66.6,25.8,24.8,80.8,0
66.4,25.7,23.4,81.2,0
64.8,24.8,24.9,81.2,0
75.1,25.5,24.1,77.5,0
72.8,25.2,24.6,76.0,0
71.0,25.5,27.6,73.3,0
69.9,25.7,29.1,71.4,0
67.5,26.3,29.4,66.3,0
65.5,26.8,31.5,63.5,0
75.2,26.6,33.3,63.2,0
71.8,27.8,34.4,64.7,0
70.2,29.0,31.2,62.2,0
78.8,29.0,31.9,66.1,0
77.9,29.1,30.3,63.5,0
74.7,28.8,32.9,66.3,0
73.6,29.0,29.7,65.5,0
72.5,28.0,29.9,70.6,0
70.9,28.5,28.5,68.4,0
69.4,28.1,26.7,69.2,0
69.1,27.2,26.6,74.6,0
67.8,27.4,24.9,76.6,0
67.0,26.7,24.8,78.7,0
67.2,26.3,24.5,78.8,0
67.5,26.0,24.5,80.1,0
67.3,25.2,22.3,80.2,0
66.0,24.9,23.9,80.4,0
63.1,24.0,26.3,82.0,0
73.8,25.0,24.2,77.7,0
72.2,25.1,26.3,74.2,0
69.7,25.2,27.0,75.7,0
68.0,25.5,26.4,72.4,0
65.6,26.0,29.2,69.0,0
63.1,26.6,30.5,64.9,0
72.7,27.4,32.4,65.4,0
71.1,27.9,32.0,67.0,0
68.3,28.2,31.7,63.3,0
77.5,29.5,32.2,65.9,0
75.1,29.2,31.3,63.1,0
73.0,28.5,30.5,65.0,0
72.2,29.1,30.5,69.8,0
71.4,28.7,28.1,70.7,0
70.4,28.5,28.3,70.5,0
68.7,27.9,28.6,70.9,0
67.7,27.7,25.1,73.1,0
66.1,26.7,25.4,79.7,0
65.2,26.3,25.4,77.5,0
64.5,26.9,24.9,80.0,0
63.8,26.0,24.1,80.4,0
63.5,25.1,24.4,80.3,0
61.7,25.2,23.3,80.8,0
60.5,24.0,25.0,78.9,0
71.0,24.8,25.1,80.2,0
68.1,25.6,27.5,76.2,0
66.6,25.3,28.0,72.8,0
64.4,25.0,29.1,71.6,0
62.6,25.9,31.1,67.9,0
60.8,27.0,30.4,66.6,0
71.0,27.6,31.5,63.0,0
69.1,28.4,30.6,60.8,0
66.5,28.9,32.6,60.2,0
76.5,29.4,33.0,62.0,0
75.5,28.7,30.8,63.7,0
73.1,28.9,29.7,65.6,0
72.6,28.1,30.9,68.0,0
71.2,28.5,28.6,70.4,0
70.1,28.8,28.0,72.1,0
69.9,28.6,28.8,70.7,0
68.8,27.5,26.5,77.9,0
67.7,27.8,25.9,75.8,0
67.2,27.2,26.6,76.3,0
66.6,26.5,25.2,78.3,0
64.7,26.4,23.5,79.8,0
64.4,25.8,25.3,80.5,0
64.0,25.9,22.6,79.0,0
62.6,25.3,25.0,82.3,0
72.6,25.4,25.3,75.3,0
69.9,25.0,25.6,76.9,0
67.7,25.1,26.7,74.8,0
65.6,25.8,27.8,70.5,0
63.7,25.8,31.4,66.3,0
61.4,27.0,31.2,66.0,0
71.1,26.9,31.3,66.2,0
69.2,28.0,32.5,64.1,0
68.1,28.1,32.9,63.2,0
78.3,29.2,31.9,61.0,0
75.6,29.0,31.8,66.1,0
74.3,29.2,31.4,63.1,0
72.5,28.8,30.0,70.0,0
71.4,28.9,29.5,68.1,0
69.6,28.1,28.3,73.2,0
68.4,28.5,26.8,74.6,0
68.5,27.1,25.8,74.4,0
65.7,27.8,26.4,75.6,0
64.2,26.9,24.8,80.9,0
62.2,26.0,24.7,78.0,0
61.9,26.6,24.1,78.8,0
62.1,25.8,24.9,79.0,0
61.2,25.3,24.2,78.7,0
61.0,25.1,24.5,79.5,0
69.2,25.2,24.7,77.9,0
67.4,25.4,25.9,71.2,0
65.7,25.4,27.0,71.5,0
64.1,25.1,28.9,72.9,0
61.7,25.5,28.6,69.5,0
59.5,26.2,31.0,70.1,1
69.1,27.9,32.1,61.5,0
67.2,28.1,32.3,60.4,0
64.8,27.9,31.1,66.1,0
75.0,28.2,31.3,62.8,0
72.8,29.2,30.9,67.1,0
70.4,28.8,30.2,65.5,0
69.7,29.1,29.0,70.1,0
68.6,28.7,28.4,69.0,0
66.9,28.5,28.4,70.9,0
67.3,28.1,27.9,75.5,0
66.4,27.0,26.9,75.8,0
65.1,27.7,25.3,74.8,0
64.1,27.2,25.6,72.4,0
63.0,26.7,24.6,81.3,0
60.8,26.0,23.9,79.1,0
58.4,25.7,23.3,80.3,1
58.6,25.2,23.6,78.4,1
57.7,25.0,24.8,79.3,1
67.9,25.2,24.8,76.7,0
65.8,24.8,25.9,74.8,0
63.5,25.6,26.5,68.9,0
60.4,25.3,30.9,71.9,0
58.8,26.4,28.2,68.4,1
55.9,26.5,29.4,64.4,1
64.9,26.9,31.3,66.6,0
63.2,28.5,32.2,63.6,0
61.3,28.4,33.3,63.4,0
71.0,28.9,32.1,62.8,0
70.4,29.0,31.5,68.3,0
68.8,29.2,31.4,70.4,0
69.1,29.4,30.1,66.1,0
67.8,28.9,27.7,67.7,0
66.8,28.1,28.6,70.7,0
66.5,27.8,27.8,74.2,0
66.1,27.9,28.5,74.6,0
65.1,27.7,25.4,75.7,0
63.3,26.5,26.3,78.8,0
61.4,25.8,23.7,78.8,0
60.6,25.8,25.6,78.8,0
58.7,25.8,24.2,79.5,1
58.3,25.4,24.7,79.3,1
57.9,25.6,24.8,81.3,1
68.5,25.0,25.5,78.1,0
65.4,24.6,26.1,75.9,0
64.3,25.0,26.8,73.4,0
62.4,25.0,28.6,72.3,0
59.0,26.1,29.4,67.3,1
56.6,27.0,31.0,69.4,1
65.9,27.4,30.5,62.9,0
63.9,27.8,32.1,61.3,0
61.7,29.1,32.7,64.6,0
71.4,28.3,32.6,65.3,0
69.4,28.7,32.3,64.8,0
66.7,30.1,30.8,72.6,0
64.8,28.5,29.9,68.8,0
63.0,28.9,29.0,71.8,0
61.2,28.3,28.7,72.3,0
59.9,27.3,28.2,73.5,1
59.4,27.7,27.0,72.8,1
58.7,27.1,24.9,76.3,1
57.8,26.6,26.4,78.3,1
56.9,26.5,25.1,76.1,1
56.5,25.8,25.1,75.2,1
55.7,25.3,24.1,82.0,1
55.4,25.2,23.8,81.1,1
54.4,24.9,25.8,80.3,1
64.2,25.9,24.1,77.6,0
62.9,24.8,24.6,77.5,0
60.6,25.3,28.9,70.9,0
58.0,25.5,28.9,69.6,1
55.0,25.7,29.7,67.0,1
53.0,26.9,30.6,68.0,1
63.0,27.3,30.2,64.0,0
61.4,28.3,33.5,62.9,0
59.9,27.9,32.5,65.7,1
70.0,28.5,32.1,66.4,0
67.0,28.1,31.9,65.3,0
63.6,28.9,29.9,67.4,0
62.9,28.9,30.4,65.7,0
62.0,28.0,30.1,68.5,0
61.1,28.0,26.7,69.5,0
60.0,28.4,28.1,72.3,0
58.7,27.4,27.4,75.8,1
56.5,27.2,26.1,74.6,1
54.4,27.1,24.6,78.6,1
54.1,26.3,24.6,80.0,1
54.2,26.4,24.0,77.7,1
52.6,25.6,24.4,83.7,1
50.5,25.5,23.6,79.5,1
48.0,25.0,24.9,77.5,1
57.1,25.0,24.5,76.4,1
55.1,24.9,25.6,76.8,1
53.8,25.1,28.2,73.0,1
52.1,25.3,28.6,70.8,1
50.3,26.2,30.4,63.8,1
48.1,26.4,30.0,64.2,1
58.5,27.6,33.0,61.8,1
55.9,27.9,30.8,65.4,1
54.1,28.6,32.0,63.0,1
64.9,28.5,31.5,63.7,0
61.9,29.1,30.6,65.6,0
61.0,28.7,30.5,68.8,0
60.1,28.6,31.0,69.6,0
58.2,29.2,30.6,71.1,1
56.9,28.1,28.2,69.8,1
55.8,28.2,27.3,72.2,1
54.3,27.7,25.3,74.5,1
52.5,27.4,27.4,74.2,1
52.5,27.2,24.5,77.2,1
51.4,26.7,24.0,78.6,1
50.4,25.4,24.4,80.6,1
48.9,25.6,24.7,76.4,1
47.2,25.5,25.2,79.4,1
45.9,24.7,26.0,79.7,1
56.9,24.8,25.5,81.3,1
55.7,24.8,25.6,77.1,1
54.6,24.7,26.8,72.4,1
53.0,25.2,28.6,69.3,1
50.9,26.1,30.6,69.2,1
49.2,26.9,31.8,66.7,1
58.6,27.1,32.3,62.9,1
58.5,28.2,30.5,64.2,1
56.9,28.7,31.5,66.9,1
66.1,29.7,32.8,65.8,0
63.5,29.4,30.8,64.2,0
60.4,28.4,30.6,64.0,0
59.0,29.7,32.2,69.2,1
58.0,28.4,29.2,69.9,1
57.9,28.0,29.6,73.0,1
57.9,27.7,29.1,75.2,1
57.1,27.6,27.4,73.2,1
55.8,26.9,25.7,76.0,1
54.3,26.4,23.5,75.8,1
52.5,26.7,24.1,75.3,1
51.8,25.6,24.9,78.8,1
50.9,25.7,24.6,81.3,1
51.0,24.6,24.9,80.2,1
50.5,24.9,23.4,79.5,1
60.2,25.1,25.1,75.4,0
58.2,25.0,24.4,76.3,1
55.0,25.4,26.6,73.4,1
53.3,26.1,29.1,70.6,1
51.7,26.1,28.3,67.3,1
49.6,26.7,31.7,65.3,1
58.5,27.9,33.2,65.5,1
57.4,28.4,30.9,64.7,1
54.7,28.7,31.7,60.8,1
64.6,29.0,33.0,65.3,0
62.7,28.3,31.6,65.0,0
61.1,28.4,31.0,66.9,0
59.9,28.8,30.1,69.3,1
57.8,29.0,28.1,70.8,1
58.0,27.7,28.3,74.5,1
57.9,28.1,28.6,72.5,1
56.6,27.6,26.8,75.7,1
55.8,27.5,26.6,74.1,1
53.5,27.0,25.0,78.5,1
53.1,26.4,24.1,76.0,1
53.1,25.9,24.0,80.9,1
51.8,25.3,23.2,77.9,1
50.0,25.9,22.9,77.7,1
48.1,25.2,24.2,80.6,1
57.3,25.1,24.8,79.5,1
54.8,25.4,25.2,79.1,1
52.6,25.2,27.9,72.8,1
51.0,25.3,27.9,69.7,1
48.5,26.3,30.3,67.9,1
46.5,26.8,31.5,63.6,1
56.6,27.5,33.1,63.0,1
55.4,28.1,32.3,64.2,1
52.9,27.9,32.5,61.9,1
62.0,28.8,31.7,60.7,0
59.4,28.9,30.1,62.9,1
57.6,29.4,31.4,66.8,1
56.1,28.9,31.3,65.8,1
55.1,29.0,29.1,71.3,1
54.5,27.6,30.1,72.6,1
53.3,28.1,28.3,74.0,1
52.5,27.0,28.4,74.1,1
50.9,26.9,25.9,76.2,1
50.0,26.6,24.6,75.1,1
49.3,26.5,24.8,79.1,1
47.6,25.8,23.8,80.8,1
46.2,24.7,24.2,79.9,1
45.5,25.0,23.8,77.7,1
44.4,24.9,24.4,76.5,1
54.0,25.4,24.9,77.7,1
51.3,25.2,25.2,75.6,1
48.0,24.9,26.9,77.2,1
46.3,25.8,29.7,68.1,1
44.0,26.8,29.9,65.2,1
41.7,27.2,30.0,66.4,1
51.7,27.1,30.1,63.6,1
49.2,27.3,31.7,69.0,1
48.1,28.4,32.1,62.0,1
58.5,29.3,30.7,67.5,1
56.2,28.4,29.8,63.9,1
53.7,29.3,31.1,66.6,1
52.7,29.1,32.6,67.5,1
52.4,28.1,29.9,67.8,1
51.4,28.4,27.6,73.6,1
50.7,27.6,27.5,73.8,1
49.0,27.2,26.7,72.8,1
46.6,27.2,25.0,78.3,1
46.3,26.1,24.2,75.8,1
45.1,26.7,24.6,80.9,1
44.6,26.6,25.0,79.6,1
43.0,25.8,24.3,78.4,1
42.9,25.5,23.5,80.1,1
42.1,25.3,24.6,78.0,1
52.0,25.1,25.4,75.0,1
49.8,24.9,25.2,78.5,1
47.7,25.4,26.3,72.3,1
45.0,25.5,29.2,69.2,1
43.2,26.5,30.9,65.4,1
41.4,26.6,31.4,66.3,1
51.1,27.5,32.7,60.8,1
48.2,28.4,33.2,62.1,1
45.6,28.7,30.7,64.5,1
55.4,28.8,32.0,62.5,1
53.4,29.1,32.3,66.6,1
51.1,28.9,31.6,67.8,1
50.4,29.1,31.1,69.6,1
49.9,29.0,28.8,69.1,1
48.3,28.1,29.0,69.8,1
47.3,28.6,28.2,71.6,1
45.2,27.8,26.3,77.9,1
43.8,27.4,26.2,77.0,1
42.9,27.0,24.3,77.8,1
41.7,27.2,24.1,79.2,1
40.9,25.5,24.6,82.6,1
40.1,26.2,24.9,82.4,1
38.4,25.1,24.0,77.0,1
37.3,25.2,25.5,80.0,1
45.5,24.6,26.1,81.4,1
43.5,24.8,25.2,75.6,1
40.9,25.4,27.2,73.2,1
38.6,25.1,28.3,69.3,1
36.7,25.2,30.7,68.9,1
34.3,26.3,31.6,65.2,1
44.8,26.5,31.1,66.8,1
43.2,27.2,32.7,62.1,1
41.2,28.7,30.9,63.6,1
51.6,28.6,32.6,65.0,1
49.0,29.2,29.3,64.9,1
46.3,28.9,30.5,66.1,1
46.1,28.7,29.4,68.4,1
45.1,29.1,29.8,69.0,1
43.4,28.7,28.6,71.4,1
43.4,26.9,25.8,70.4,1
42.4,27.7,25.7,76.7,1
40.4,26.8,25.5,72.6,1
39.6,26.9,26.3,76.1,1
38.7,27.2,26.1,81.0,1
38.4,26.6,24.9,75.4,1
37.2,25.3,25.2,83.6,1
36.6,25.0,23.4,78.9,1
36.0,25.1,24.6,79.0,1
46.0,25.2,25.0,78.1,1
43.0,25.6,25.1,77.9,1
41.4,25.0,27.0,73.1,1
39.8,25.3,28.4,71.8,1
37.2,26.3,30.4,69.7,1
34.9,26.9,31.5,68.7,1
45.5,27.3,31.3,64.9,1
43.6,27.9,31.6,62.9,1
41.7,28.7,30.4,62.0,1
51.2,28.5,32.1,63.4,1
49.0,29.5,31.2,64.9,1
47.1,28.9,30.7,65.6,1
45.5,29.1,30.4,69.4,1
42.8,28.7,28.8,66.0,1
41.5,27.5,27.6,70.0,1
40.9,27.6,27.1,74.3,1
39.6,27.5,26.5,73.8,1
38.1,26.8,26.2,75.8,1
37.1,26.8,24.8,78.5,1
36.7,27.1,24.4,81.1,1
35.8,25.6,23.3,81.5,1
34.8,26.0,23.8,78.5,1
33.9,24.5,22.6,76.6,1
32.6,24.8,23.7,79.6,1
42.1,24.6,25.4,76.3,1
40.3,25.3,26.1,75.1,1
38.9,25.4,27.2,71.9,1
38.0,24.7,28.5,72.6,1
36.5,25.6,30.7,67.1,1
34.6,26.0,30.1,65.5,1
45.1,26.9,32.1,66.2,1
42.9,27.5,31.4,64.8,1
39.3,28.5,32.1,63.7,1
48.8,28.3,31.5,65.2,1
47.2,29.1,30.8,68.3,1
45.7,28.2,30.9,68.1,1
45.4,29.2,29.5,67.7,1
44.5,28.9,28.3,70.4,1
44.2,28.8,28.0,71.5,1
43.0,28.6,26.6,75.3,1
40.9,27.1,26.9,73.8,1
39.4,26.9,25.5,77.1,1
38.0,26.6,24.3,81.1,1
37.0,26.3,25.1,77.0,1
35.8,25.7,24.7,79.3,1
34.7,25.5,23.9,82.6,1
35.1,25.5,23.8,83.3,1
33.5,24.3,25.0,81.0,1
43.4,24.4,24.7,78.8,1
41.2,24.7,26.2,75.9,1
38.9,25.7,26.4,70.3,1
36.5,24.7,29.1,69.0,1
33.5,26.1,29.9,69.9,1
31.6,26.5,31.5,65.0,1
41.2,27.7,31.5,64.0,1
39.1,27.4,31.4,64.4,1
37.2,28.6,31.0,63.9,1
46.1,29.6,31.5,63.9,1
43.9,29.1,30.9,61.6,1
42.0,28.5,29.6,67.4,1
40.3,27.9,31.0,68.0,1
38.4,28.2,30.1,70.0,1
37.0,28.9,26.8,70.4,1
36.5,28.2,25.9,74.0,1
35.4,28.1,25.5,72.9,1
34.7,27.3,26.1,78.6,1
33.2,27.1,27.5,78.8,1
32.2,26.9,23.8,80.2,1
31.3,25.6,24.1,78.9,1
30.6,25.8,25.2,75.8,1
30.4,25.8,23.6,78.1,1
29.2,24.8,25.1,76.4,1
39.7,25.2,25.7,78.2,1
37.7,25.2,26.0,76.7,1
