jam,soil_moisture,soil_temperature,air_temperature,air_humidity,nitrogen,fosfor,kalium,ec,plant_age,fase,recommendation
0,55.0,27.6,25.2,78.9,62.7,86.9,104.9,2.5,0,establishment,0
1,52.2,26.1,24.6,80.2,64.5,91.1,102.7,2.33,0,establishment,0
2,50.5,25.8,24.3,76.8,62.9,92.3,107.9,2.25,0,establishment,0
3,49.6,25.0,24.6,79.5,62.1,92.0,110.8,2.24,0,establishment,0
4,49.4,26.5,23.9,78.9,63.5,88.0,114.1,2.23,0,establishment,0
5,48.0,25.4,23.0,79.6,62.8,86.6,113.4,2.2,0,establishment,2
6,58.8,25.6,25.2,75.9,63.2,88.2,112.1,2.18,0,establishment,0
7,57.5,24.8,25.8,74.2,63.1,86.6,114.2,2.29,0,establishment,0
8,55.0,25.0,27.1,73.5,62.7,86.7,108.2,2.37,0,establishment,0
9,53.6,25.4,28.8,70.6,64.0,86.3,111.9,2.47,0,establishment,0
10,51.2,25.1,30.2,70.5,61.9,88.1,114.0,2.43,0,establishment,0
11,48.8,26.3,32.0,66.3,62.7,88.4,110.6,2.49,0,establishment,0
12,58.1,27.3,32.3,67.1,63.8,94.7,113.4,2.52,0,establishment,0
13,57.2,28.1,32.1,66.4,64.4,95.6,110.7,2.71,0,establishment,0
14,55.3,29.0,31.3,66.2,66.3,92.4,110.0,2.85,0,establishment,0
15,65.3,29.0,30.8,58.3,67.4,90.8,110.3,2.8,0,establishment,0
16,63.4,28.8,31.4,64.1,65.5,91.6,108.1,2.82,0,establishment,0
17,61.0,28.6,31.7,67.5,65.7,96.2,106.2,2.72,0,establishment,0
18,60.5,28.6,30.0,65.6,66.3,94.6,106.1,2.59,0,establishment,0
19,58.7,29.4,29.2,68.6,68.4,95.3,110.9,2.49,0,establishment,0
20,56.2,28.4,28.8,72.4,72.6,94.2,109.1,2.35,0,establishment,0
21,55.8,28.0,26.4,72.9,73.0,88.7,106.2,2.33,0,establishment,0
22,54.4,28.3,26.5,73.8,73.5,92.1,104.3,2.37,0,establishment,0
23,53.3,27.4,26.4,79.1,73.5,88.7,105.1,2.55,0,establishment,0
0,52.3,27.0,26.0,76.6,69.4,85.2,102.7,2.66,1,establishment,3
1,51.7,25.9,24.6,80.5,70.7,85.1,102.2,2.61,1,establishment,0
2,49.7,26.4,24.6,79.2,68.0,85.0,101.3,2.54,1,establishment,0
3,47.8,25.2,24.3,80.0,65.2,86.8,100.6,2.48,1,establishment,0
4,47.4,25.3,24.6,79.4,65.3,86.4,102.0,2.55,1,establishment,0
5,46.1,24.7,23.4,78.0,66.3,95.0,99.3,2.54,1,establishment,0
6,56.0,25.7,25.4,77.7,66.0,96.4,99.7,2.4,1,establishment,0
7,53.8,25.2,24.8,73.5,67.8,96.2,99.7,2.47,1,establishment,0
8,51.6,25.0,25.2,74.5,70.7,95.1,99.3,2.58,1,establishment,0
9,48.9,25.1,28.2,70.8,72.8,94.6,101.8,2.63,1,establishment,0
10,46.6,25.8,29.3,67.2,76.0,90.5,103.0,2.64,1,establishment,0
11,44.2,26.7,31.8,67.3,74.5,87.3,108.8,2.5,1,establishment,0
12,54.9,26.6,32.3,62.6,75.4,85.5,106.4,2.44,1,establishment,0
13,53.2,28.3,31.0,60.5,76.2,84.1,107.6,2.43,1,establishment,0
14,51.0,28.9,32.6,64.9,74.1,86.1,111.5,2.29,1,establishment,0
15,60.0,28.8,30.9,62.2,73.4,89.1,112.3,2.29,1,establishment,0
16,57.6,29.1,31.2,63.0,72.9,90.8,113.3,2.22,1,establishment,0
17,56.5,29.4,30.4,66.9,73.1,88.4,114.0,2.24,1,establishment,0
18,56.2,29.1,30.1,69.7,73.7,86.8,115.4,2.17,1,establishment,0
19,55.9,28.7,29.9,68.1,71.1,86.5,117.9,2.08,1,establishment,0
20,54.3,28.1,28.9,69.6,72.1,82.5,121.5,2.07,1,establishment,0
21,53.4,27.8,27.9,75.5,73.0,83.7,120.7,1.99,1,establishment,0
22,51.9,27.6,27.3,71.9,76.5,83.8,120.8,2.06,1,establishment,0
23,50.2,26.4,26.4,77.5,76.4,87.7,116.3,2.1,1,establishment,0
0,50.4,26.9,24.8,78.1,76.5,90.5,115.6,2.09,2,establishment,0
1,50.2,25.9,24.2,77.2,77.0,86.8,112.0,1.98,2,establishment,0
2,50.0,26.1,24.0,79.1,78.5,86.9,111.4,1.86,2,establishment,0
3,49.1,25.7,24.5,78.3,80.6,82.2,107.3,1.95,2,establishment,0
4,47.5,25.2,23.8,78.8,79.5,84.0,104.3,1.87,2,establishment,0
5,47.0,24.5,26.1,79.2,78.3,83.5,103.3,2.1,2,establishment,0
6,57.7,25.2,24.3,76.9,77.6,84.2,103.9,2.03,2,establishment,0
7,55.8,25.1,25.1,73.0,78.8,84.1,104.9,2.16,2,establishment,0
8,52.7,25.2,27.9,74.7,78.1,81.8,104.8,1.99,2,establishment,0
9,50.5,25.6,29.8,69.5,77.1,81.2,105.0,2.05,2,establishment,0
10,49.8,25.7,30.4,69.4,75.3,81.9,104.8,1.88,2,establishment,0
11,48.5,27.1,31.7,65.6,75.3,80.1,102.4,1.98,2,establishment,0
12,57.6,27.4,32.9,69.5,74.4,77.9,105.8,2.0,2,establishment,2
13,56.1,28.3,31.9,65.0,70.2,75.0,106.1,1.82,2,establishment,2
14,54.9,28.2,30.8,61.8,68.9,75.3,107.9,1.67,2,establishment,2
15,65.8,28.6,31.2,62.2,64.9,75.2,111.4,1.59,2,establishment,2
16,63.8,29.1,32.0,63.9,66.1,78.1,113.4,1.59,2,establishment,2
17,61.0,29.1,29.5,65.9,66.4,76.5,110.9,1.6,2,establishment,2
18,60.0,28.8,30.0,65.0,61.8,75.8,110.6,1.78,2,establishment,2
19,59.5,29.1,29.4,67.5,62.2,74.0,108.7,1.8,2,establishment,2
20,58.1,27.7,28.2,71.2,61.5,71.3,109.9,1.82,2,establishment,2
21,57.4,28.0,28.2,70.0,63.5,68.5,113.3,1.9,2,establishment,2
22,56.4,27.1,27.2,74.3,62.6,72.2,112.3,1.96,2,establishment,2
23,56.0,27.9,27.9,76.4,63.4,72.6,111.9,2.0,2,establishment,2
0,54.9,26.9,25.8,75.5,59.3,72.8,113.3,2.17,3,establishment,2
1,54.0,27.0,24.3,79.6,57.6,72.5,115.5,2.12,3,establishment,2
2,53.2,26.6,23.9,79.5,53.5,73.8,118.6,2.1,3,establishment,2
3,52.5,25.4,23.4,81.8,53.5,69.3,118.3,2.01,3,establishment,2
4,52.3,25.2,24.8,81.2,55.1,73.4,117.8,1.92,3,establishment,2
5,51.8,25.7,23.8,79.1,56.9,73.5,118.7,1.94,3,establishment,2
6,60.8,24.7,24.9,77.8,60.6,73.8,119.2,1.96,3,establishment,2
7,60.2,24.9,26.6,76.8,62.6,73.8,120.3,1.91,3,establishment,2
8,58.5,25.0,26.7,74.1,66.7,73.6,118.7,2.0,3,establishment,2
9,56.3,25.0,28.5,67.6,65.7,73.5,118.2,1.82,3,establishment,2
10,54.5,26.8,28.5,69.7,66.6,70.6,122.1,1.83,3,establishment,2
11,52.3,26.9,30.2,64.9,69.3,71.1,121.0,1.77,3,establishment,2
12,62.1,27.2,31.3,66.5,71.6,71.5,116.3,1.82,3,establishment,2
13,60.0,27.5,32.3,64.3,72.3,73.5,115.5,1.83,3,establishment,2
14,57.8,28.5,32.9,63.0,73.4,77.1,119.1,1.9,3,establishment,2
15,67.8,29.1,31.6,64.7,67.9,72.7,119.5,1.89,3,establishment,2
16,65.6,29.7,31.4,68.1,69.8,73.3,117.2,1.98,3,establishment,2
17,63.3,29.8,30.8,65.3,69.8,75.0,122.3,2.02,3,establishment,2
18,62.5,28.9,30.9,64.9,69.6,73.9,123.0,2.0,3,establishment,2
19,61.2,29.3,30.0,69.1,69.9,76.2,125.2,2.06,3,establishment,2
20,59.9,28.4,28.6,73.4,72.3,73.8,123.4,1.97,3,establishment,2
21,58.3,28.4,26.8,75.7,71.9,72.6,123.7,2.09,3,establishment,2
22,57.0,27.7,27.5,76.3,68.3,71.5,127.1,2.15,3,establishment,0
23,55.7,27.0,26.3,72.2,67.9,72.8,127.1,1.98,3,establishment,2
0,54.9,27.4,26.3,76.9,68.4,72.9,125.0,2.06,4,establishment,2
1,53.9,26.3,24.7,77.6,70.3,74.2,126.1,1.94,4,establishment,2
2,52.4,25.7,25.9,79.0,68.3,74.9,123.3,1.97,4,establishment,2
3,51.4,25.3,23.8,77.9,63.7,77.3,124.6,2.17,4,establishment,2
4,50.5,25.7,25.3,79.5,60.0,75.8,121.2,2.16,4,establishment,2
5,48.9,25.5,24.3,77.4,58.7,74.8,117.2,2.22,4,establishment,2
6,58.9,25.4,24.5,82.3,61.7,76.6,116.0,2.11,4,establishment,2
7,56.8,25.1,25.1,76.1,62.3,75.5,114.4,2.0,4,establishment,2
8,55.2,24.6,27.2,72.5,65.0,80.0,118.2,1.91,4,establishment,0
9,53.0,26.0,29.8,68.4,67.2,81.0,119.0,1.96,4,establishment,0
10,50.4,26.3,30.7,69.7,69.4,84.1,119.4,1.96,4,establishment,0
11,48.8,26.8,31.6,66.9,71.6,86.4,120.4,2.13,4,establishment,0
12,59.3,27.0,29.9,66.6,71.2,87.8,119.5,2.36,4,establishment,0
13,57.8,27.7,32.6,64.6,70.2,87.7,121.7,2.45,4,establishment,0
14,55.2,28.8,32.4,63.3,69.8,85.8,122.9,2.44,4,establishment,0
15,64.7,28.6,31.2,63.4,70.5,85.8,127.2,2.42,4,establishment,0
16,62.4,29.3,30.7,64.2,69.7,87.8,124.8,2.43,4,establishment,0
17,60.1,29.0,30.7,65.9,68.2,87.4,126.8,2.26,4,establishment,0
18,59.1,29.0,31.4,69.2,69.3,88.6,124.6,2.26,4,establishment,0
19,58.7,29.0,28.4,68.5,74.3,89.8,120.5,2.33,4,establishment,0
20,57.0,28.7,28.1,71.7,75.7,92.6,120.1,2.47,4,establishment,0
21,56.7,28.1,28.7,74.2,73.4,92.4,124.2,2.57,4,establishment,0
22,54.4,27.3,26.4,73.7,72.3,92.7,122.7,2.57,4,establishment,0
23,55.0,27.1,25.7,77.8,73.6,96.2,121.0,2.48,4,establishment,0
0,53.2,27.3,25.4,78.1,74.8,93.4,120.1,2.55,5,establishment,0
1,50.9,26.5,23.8,79.2,72.8,95.0,117.3,2.41,5,establishment,0
2,49.3,26.7,24.5,79.3,73.5,97.9,123.3,2.43,5,establishment,0
3,49.3,25.1,23.1,80.1,72.7,98.2,121.3,2.38,5,establishment,0
4,48.7,26.0,24.7,78.5,73.5,95.5,123.3,2.32,5,establishment,0
5,49.1,24.8,24.2,78.0,74.9,95.6,123.5,2.2,5,establishment,0
6,59.3,24.5,26.8,78.6,72.7,97.5,119.0,2.13,5,establishment,0
7,57.1,24.6,26.2,77.6,70.6,101.5,117.1,2.18,5,establishment,0
8,54.7,24.7,28.4,73.0,75.7,103.6,117.6,2.27,5,establishment,0
9,53.1,26.1,27.7,71.5,74.0,101.7,115.9,2.28,5,establishment,0
10,51.0,25.6,29.9,67.6,72.9,98.0,118.3,2.17,5,establishment,0
11,48.7,26.8,31.3,64.5,72.6,96.2,116.1,2.22,5,establishment,0
12,58.8,27.3,33.2,64.5,69.8,97.0,116.5,2.32,5,establishment,0
13,57.7,27.4,30.7,64.7,72.8,98.5,118.5,2.24,5,establishment,0
14,56.8,28.7,32.7,62.9,73.0,96.4,117.4,2.2,5,establishment,0
15,65.9,28.9,32.1,63.6,70.3,95.7,118.4,2.35,5,establishment,0
16,65.0,28.5,32.5,64.6,70.0,96.9,119.4,2.31,5,establishment,0
17,63.4,29.4,31.2,67.0,69.8,101.6,118.2,2.45,5,establishment,0
18,63.7,28.5,30.0,65.3,69.8,100.3,115.2,2.54,5,establishment,0
19,62.1,27.9,28.8,70.0,69.6,102.9,116.3,2.49,5,establishment,0
20,61.5,28.8,27.4,71.6,63.1,104.0,115.7,2.58,5,establishment,0
21,61.1,27.8,27.7,73.2,63.2,105.7,115.5,2.58,5,establishment,0
22,59.8,27.2,26.6,73.5,59.4,105.3,107.6,2.48,5,establishment,0
23,59.4,27.0,27.6,76.5,60.2,103.6,108.3,2.42,5,establishment,0
0,60.3,26.6,24.8,75.4,60.4,104.5,107.0,2.16,6,establishment,0
1,60.0,26.4,25.0,77.1,63.7,106.2,105.6,2.12,6,establishment,0
2,58.5,25.5,23.1,80.7,64.0,104.9,109.6,2.31,6,establishment,0
3,57.9,26.1,23.8,77.4,68.0,102.8,111.1,2.37,6,establishment,0
4,57.0,25.6,24.2,78.8,71.0,106.1,112.7,2.26,6,establishment,0
5,55.7,25.1,24.9,78.5,72.3,102.4,112.2,2.35,6,establishment,0
6,66.0,25.8,26.1,79.3,69.9,106.4,112.9,2.35,6,establishment,4
7,63.0,25.1,26.0,73.4,71.5,109.4,109.8,2.32,6,establishment,0
8,61.5,25.3,26.4,72.3,74.2,107.4,110.5,2.18,6,establishment,0
9,60.1,25.4,29.1,68.7,76.8,106.0,109.0,2.32,6,establishment,0
10,58.0,26.0,30.4,71.0,74.5,106.5,108.4,2.28,6,establishment,0
11,55.3,27.2,31.5,65.4,78.1,108.0,109.2,2.33,6,establishment,0
12,65.4,27.1,31.2,63.5,76.3,109.4,109.4,2.35,6,establishment,0
13,64.0,28.3,32.9,64.2,76.0,106.7,109.4,2.11,6,establishment,0
14,61.9,28.2,32.0,65.7,76.2,110.2,111.7,2.09,6,establishment,0
15,72.1,28.6,32.2,61.0,75.7,109.8,112.1,2.11,6,establishment,0
16,70.8,28.6,32.3,63.6,78.0,108.5,116.1,2.08,6,establishment,0
17,69.3,28.4,31.2,67.0,79.0,106.3,118.4,2.22,6,establishment,0
18,67.9,29.0,30.2,66.9,78.9,104.9,124.1,2.34,6,establishment,0
19,66.6,28.1,31.0,66.9,79.9,107.4,127.6,2.26,6,establishment,0
20,66.3,28.7,28.6,69.9,78.4,104.4,133.3,2.28,6,establishment,0
21,65.3,28.4,27.3,73.1,78.5,105.1,130.0,2.31,6,establishment,0
22,63.9,27.5,26.9,75.1,79.3,105.3,130.4,2.51,6,establishment,0
23,62.7,27.5,27.2,79.5,80.1,111.0,128.0,2.61,6,establishment,0
0,61.7,27.0,25.4,74.4,79.7,110.2,129.1,2.65,7,establishment,0
1,61.0,26.8,25.2,75.8,78.9,107.7,129.8,2.61,7,establishment,0
2,59.6,25.6,25.3,77.1,78.9,110.7,129.6,2.7,7,establishment,0
3,59.7,25.8,23.7,81.6,80.1,113.2,126.2,2.83,7,establishment,0
4,59.0,25.8,22.6,78.4,75.6,107.5,124.9,2.8,7,establishment,0
5,57.5,25.1,24.5,76.8,75.9,108.9,122.8,2.88,7,establishment,0
6,67.7,25.2,25.1,79.6,73.9,109.9,125.9,2.89,7,establishment,0
7,66.4,24.8,25.5,74.7,74.6,109.3,124.4,3.07,7,establishment,8
8,64.6,26.0,28.0,75.4,74.1,107.4,123.9,2.81,7,establishment,0
9,62.1,25.8,29.2,71.0,74.9,101.7,123.1,2.93,7,establishment,0
10,59.1,25.9,29.2,66.8,73.7,100.2,122.0,2.91,7,establishment,0
11,56.5,27.2,31.5,67.5,72.5,101.1,119.9,2.93,7,establishment,0
12,66.9,27.3,31.6,66.0,73.8,101.7,119.9,3.06,7,establishment,0
13,66.1,28.1,30.8,66.7,72.7,96.0,117.8,3.22,7,establishment,0
14,63.5,28.8,32.3,63.4,68.2,94.7,113.3,3.17,7,establishment,0
15,73.5,29.5,31.6,64.1,68.5,98.4,112.7,3.15,7,establishment,0
16,70.8,28.9,30.6,68.2,70.4,100.7,110.2,3.22,7,establishment,0
17,67.4,29.8,31.1,68.6,67.7,100.7,109.1,3.16,7,establishment,0
18,66.3,29.2,30.4,68.5,67.5,96.8,110.4,3.06,7,establishment,0
19,66.3,29.0,28.8,68.0,64.6,102.2,107.5,2.91,7,establishment,0
20,65.9,28.7,28.7,69.3,63.4,101.6,110.6,2.9,7,establishment,0
21,64.1,28.4,28.4,70.3,63.8,102.8,111.4,2.8,7,establishment,0
22,62.1,27.8,26.2,72.7,65.1,103.1,112.4,2.82,7,establishment,0
23,61.8,27.3,26.3,75.6,65.3,101.4,111.9,2.68,7,establishment,0
0,60.3,27.4,25.3,75.2,64.0,102.2,111.3,2.55,8,establishment,0
1,59.4,26.5,26.6,79.8,66.1,100.1,113.4,2.62,8,establishment,0
2,58.1,26.3,22.9,74.7,69.4,93.8,110.0,2.55,8,establishment,0
3,57.4,25.3,24.6,78.4,68.3,95.9,111.8,2.47,8,establishment,7
4,57.1,26.0,23.8,78.8,69.0,100.1,111.1,2.28,8,establishment,0
5,56.4,25.3,24.2,80.6,68.6,102.2,112.7,2.31,8,establishment,0
6,66.4,25.6,26.5,79.1,68.6,103.6,112.1,2.19,8,establishment,0
7,63.4,25.2,26.0,73.8,66.7,101.5,111.2,2.2,8,establishment,0
8,61.2,25.1,29.1,73.8,66.2,103.0,110.2,2.35,8,establishment,0
9,58.2,25.8,28.3,68.7,66.2,105.9,110.6,2.4,8,establishment,0
10,56.2,25.7,30.3,68.5,63.6,100.3,109.6,2.36,8,establishment,0
11,53.9,25.9,30.7,63.7,63.0,102.4,111.7,2.38,8,establishment,0
12,63.6,27.0,31.2,64.7,62.3,98.6,110.5,2.27,8,establishment,0
13,60.6,28.5,32.0,66.6,64.1,98.2,106.3,2.23,8,establishment,0
14,59.1,28.2,31.7,67.8,61.1,97.0,103.7,2.31,8,establishment,0
15,69.7,28.7,31.8,66.6,61.2,98.5,102.3,2.38,8,establishment,0
16,67.1,29.4,29.6,63.7,60.4,99.0,104.0,2.32,8,establishment,0
17,66.0,29.2,32.3,65.7,61.1,97.3,103.6,2.2,8,establishment,0
18,64.1,28.5,29.9,66.3,60.7,97.4,101.7,2.24,8,establishment,0
19,63.5,28.6,30.6,68.4,61.5,97.9,103.5,2.3,8,establishment,0
20,63.4,28.2,27.6,68.0,58.3,98.2,103.0,2.29,8,establishment,3
21,62.3,28.3,27.8,71.7,55.1,97.8,100.3,2.34,8,establishment,0
22,61.4,27.8,29.3,76.5,58.1,96.6,98.7,2.46,8,establishment,0
23,60.6,26.8,25.3,80.0,56.2,96.4,94.5,2.48,8,establishment,0
0,60.6,26.3,24.1,78.1,54.7,98.2,95.6,2.42,9,establishment,0
1,59.7,25.7,24.3,78.8,56.0,96.7,95.1,2.46,9,establishment,0
2,58.6,26.2,24.7,80.5,55.9,94.8,93.3,2.52,9,establishment,0
3,57.8,25.9,24.6,77.0,56.3,97.9,94.1,2.43,9,establishment,0
4,56.0,25.5,25.0,78.5,58.9,93.2,96.4,2.24,9,establishment,0
5,54.9,24.8,24.0,81.0,59.8,92.8,96.3,2.28,9,establishment,0
6,64.3,24.6,23.7,77.7,62.1,93.3,99.9,2.32,9,establishment,0
7,61.5,25.3,25.7,75.3,61.5,95.0,96.9,2.42,9,establishment,0
8,57.7,24.1,28.3,74.9,63.4,95.5,98.4,2.49,9,establishment,0
9,54.8,25.7,29.1,67.2,65.8,97.7,100.3,2.41,9,establishment,0
10,53.1,25.8,28.4,70.1,69.5,97.6,98.2,2.25,9,establishment,0
11,49.9,26.5,31.0,64.4,67.3,100.4,102.0,2.23,9,establishment,0
12,60.8,28.2,32.9,65.5,69.0,101.9,104.6,2.09,9,establishment,0
13,58.8,28.3,33.7,64.0,70.8,103.9,104.6,2.19,9,establishment,0
14,57.4,28.6,32.4,65.5,68.5,101.6,100.4,2.14,9,establishment,0
15,67.5,28.8,31.9,66.5,64.5,103.0,100.0,2.39,9,establishment,0
16,65.2,28.4,30.2,63.7,62.8,101.1,102.2,2.29,9,establishment,0
17,63.3,28.5,30.0,68.2,59.7,99.4,100.1,2.29,9,establishment,0
18,61.8,28.1,30.0,68.9,64.7,97.9,98.7,2.4,9,establishment,0
19,61.5,28.6,29.6,72.1,65.6,97.9,98.8,2.49,9,establishment,0
20,60.5,27.8,28.9,70.2,66.2,95.7,96.0,2.25,9,establishment,0
21,60.5,28.0,27.2,75.0,65.5,92.0,94.5,2.4,9,establishment,0
22,60.1,27.5,25.8,75.8,66.0,94.3,97.4,2.4,9,establishment,0
23,59.4,27.4,25.4,75.2,66.3,90.8,97.0,2.55,9,establishment,0
0,59.2,26.8,24.4,79.2,68.5,92.3,97.9,2.56,10,establishment,0
1,58.0,26.3,25.3,77.8,68.6,90.0,95.3,2.38,10,establishment,0
2,57.4,25.9,22.5,81.0,70.5,96.2,95.2,2.64,10,establishment,0
3,57.3,25.3,23.8,79.6,74.0,94.7,97.1,2.47,10,establishment,0
4,56.2,25.5,24.4,80.2,72.4,98.2,95.1,2.49,10,establishment,0
5,55.2,25.2,25.5,79.6,71.9,97.9,90.6,2.49,10,establishment,0
6,65.1,25.9,25.0,80.0,73.5,96.2,94.6,2.33,10,establishment,0
7,62.2,25.4,26.8,75.8,72.0,95.0,99.6,2.3,10,establishment,0
8,61.7,25.2,27.0,74.4,69.7,94.2,99.8,2.33,10,establishment,0
9,60.5,25.9,28.1,71.7,70.9,98.1,101.7,2.39,10,establishment,0
10,58.2,25.5,29.5,66.5,70.0,96.3,103.7,2.39,10,establishment,0
11,55.9,26.4,32.3,67.5,73.3,94.4,101.5,2.49,10,establishment,0
12,66.1,26.8,32.6,67.1,75.7,93.1,100.1,2.58,10,establishment,0
13,64.9,28.3,32.4,64.9,74.1,94.8,100.3,2.63,10,establishment,0
14,63.3,28.8,34.6,64.9,69.8,95.3,103.4,2.73,10,establishment,0
15,73.5,28.5,31.6,63.2,67.7,97.8,105.3,2.69,10,establishment,0
16,71.4,29.4,31.7,67.8,68.6,99.1,105.2,2.84,10,establishment,0
17,68.9,29.1,30.9,63.9,68.6,98.7,109.1,2.8,10,establishment,0
18,67.7,28.4,29.8,68.3,68.0,97.4,113.0,2.72,10,establishment,0
19,66.2,28.6,31.1,72.3,66.8,96.3,112.3,2.78,10,establishment,0
20,65.6,28.2,29.6,69.9,66.3,96.6,111.8,2.74,10,establishment,0
21,64.4,28.8,26.5,73.8,66.1,95.7,113.3,2.57,10,establishment,0
22,63.3,27.5,26.4,73.2,63.6,93.5,112.4,2.55,10,establishment,0
23,61.4,27.5,26.3,77.2,63.2,91.2,113.1,2.66,10,establishment,0
0,59.9,26.8,26.0,74.8,67.3,88.6,114.4,2.52,11,establishment,0
1,58.8,27.1,23.7,77.7,67.0,89.3,115.8,2.55,11,establishment,0
2,58.4,25.7,22.5,78.2,68.3,89.7,114.0,2.49,11,establishment,0
3,57.1,26.0,22.6,80.0,68.0,89.8,108.5,2.5,11,establishment,0
4,55.7,25.4,23.9,76.9,67.2,85.6,106.5,2.62,11,establishment,0
5,54.6,25.0,24.2,82.2,65.7,85.0,104.7,2.64,11,establishment,0
6,64.6,25.1,25.2,78.7,62.0,82.5,105.7,2.6,11,establishment,0
7,63.3,25.6,25.4,75.1,61.0,84.9,106.1,2.51,11,establishment,0
8,62.4,25.4,26.3,76.1,62.5,87.5,107.4,2.5,11,establishment,0
9,60.9,25.2,27.1,70.6,62.2,90.0,105.2,2.47,11,establishment,0
10,59.0,25.7,30.3,68.5,65.4,92.7,110.9,2.49,11,establishment,0
11,57.8,27.0,31.4,66.4,67.1,91.6,110.5,2.43,11,establishment,0
12,68.0,27.8,32.6,67.3,69.1,92.2,105.1,2.42,11,establishment,0
13,65.9,27.7,32.6,64.3,70.1,94.4,105.7,2.3,11,establishment,0
14,63.0,28.2,31.8,62.3,70.8,89.8,108.3,2.27,11,establishment,0
15,71.4,28.6,32.7,64.9,72.0,90.3,105.6,2.34,11,establishment,0
16,69.0,28.5,31.1,66.3,69.7,91.1,106.4,2.31,11,establishment,0
17,66.2,29.2,30.1,66.6,65.4,91.8,106.0,2.31,11,establishment,0
18,64.7,28.9,29.6,66.8,67.0,89.8,103.3,2.33,11,establishment,0
19,63.2,28.4,28.8,68.1,65.9,89.0,103.9,2.4,11,establishment,0
20,62.2,27.7,26.7,68.1,66.1,88.0,104.1,2.34,11,establishment,0
21,62.0,27.8,27.7,73.7,60.8,88.9,102.2,2.36,11,establishment,0
22,61.9,27.2,27.0,73.0,62.1,84.8,103.9,2.43,11,establishment,0
23,60.4,27.5,25.7,74.8,59.9,83.0,108.3,2.53,11,establishment,0
0,60.3,27.0,24.8,78.3,62.4,82.3,108.3,2.46,12,establishment,0
1,58.4,26.6,25.1,80.4,63.2,84.2,108.2,2.4,12,establishment,0
2,57.4,25.9,25.7,77.4,62.3,86.5,108.4,2.43,12,establishment,0
3,56.1,26.0,24.1,79.2,64.5,84.9,110.8,2.32,12,establishment,0
4,54.7,25.7,23.6,79.3,65.9,83.1,110.3,2.15,12,establishment,0
5,53.0,25.4,23.8,80.4,65.5,84.4,110.0,2.45,12,establishment,0
6,63.2,25.6,24.9,76.3,64.0,81.3,108.5,2.46,12,establishment,0
7,60.1,24.9,25.0,74.6,64.5,81.5,113.5,2.31,12,establishment,0
8,58.4,24.7,27.2,74.1,62.9,81.5,113.1,2.24,12,establishment,0
9,57.2,25.0,28.7,69.5,66.2,80.6,117.8,2.34,12,establishment,0
10,54.7,26.7,31.5,66.1,64.7,80.4,122.0,2.31,12,establishment,0
11,52.2,26.2,31.8,65.9,61.9,81.6,122.5,2.47,12,establishment,0
12,62.4,27.5,32.6,62.8,60.2,78.9,118.6,2.57,12,establishment,2
13,60.9,28.0,31.4,63.5,62.1,82.1,120.7,2.41,12,establishment,0
14,60.1,28.5,32.4,66.5,61.8,81.2,122.7,2.4,12,establishment,0
15,69.6,29.4,30.7,64.4,59.7,77.7,126.8,2.38,12,establishment,2
16,68.0,29.6,31.5,65.3,59.2,78.3,124.1,2.34,12,establishment,2
17,66.3,28.7,31.0,65.8,56.8,76.3,118.7,2.44,12,establishment,2
18,66.3,28.9,29.4,65.3,58.2,76.0,118.3,2.57,12,establishment,4
19,65.2,28.7,30.8,69.8,59.1,76.0,115.3,2.48,12,establishment,2
20,64.1,27.8,28.9,73.0,58.1,75.2,114.5,2.57,12,establishment,2
21,62.7,28.3,26.1,75.1,58.7,81.1,115.4,2.62,12,establishment,0
22,61.4,27.8,27.2,79.6,60.3,82.5,111.1,2.72,12,establishment,0
23,60.7,27.2,25.7,75.5,61.7,80.1,112.4,2.77,12,establishment,0
0,58.2,27.4,25.3,77.7,64.1,76.3,113.8,2.71,13,establishment,2
1,57.9,25.7,25.1,76.5,62.4,76.5,114.5,2.66,13,establishment,2
2,57.3,26.3,24.7,82.6,61.8,78.9,111.1,2.78,13,establishment,2
3,57.0,25.4,22.5,81.6,60.2,78.1,111.2,2.73,13,establishment,2
4,55.8,25.0,23.1,81.7,62.5,78.5,111.5,2.81,13,establishment,2
5,54.3,25.5,24.9,80.6,64.3,79.8,110.1,2.74,13,establishment,2
6,64.2,25.0,26.0,77.9,64.9,77.4,114.3,2.61,13,establishment,2
7,62.6,24.8,27.5,71.4,64.3,78.9,108.6,2.69,13,establishment,2
8,61.3,25.8,28.7,75.6,61.4,78.8,101.6,2.58,13,establishment,2
9,59.9,25.0,27.1,71.8,63.1,78.1,100.5,2.61,13,establishment,2
10,57.6,25.5,30.6,68.5,62.8,79.9,101.4,2.72,13,establishment,2
11,55.5,26.4,29.5,64.4,64.2,81.6,102.1,2.78,13,establishment,0
12,65.2,27.5,33.0,66.0,63.0,85.1,96.9,2.66,13,establishment,0
13,63.4,28.0,32.2,64.5,59.5,88.4,92.0,2.71,13,establishment,0
14,61.0,28.5,31.0,64.5,59.6,89.4,96.4,2.81,13,establishment,0
15,70.4,28.5,33.3,62.7,59.6,84.4,98.7,2.75,13,establishment,0
16,68.0,28.6,31.8,63.5,57.3,84.2,99.5,2.66,13,establishment,0
17,66.0,29.1,29.2,66.5,58.7,82.2,98.7,2.45,13,establishment,0
18,64.0,28.1,30.2,67.8,56.7,79.7,100.5,2.49,13,establishment,2
19,62.1,28.9,28.7,67.7,58.7,81.9,101.6,2.5,13,establishment,0
20,60.9,28.2,28.5,74.3,58.6,84.6,103.6,2.56,13,establishment,0
21,60.8,28.4,27.2,72.0,55.5,84.4,105.2,2.49,13,establishment,0
22,59.8,27.8,27.9,74.4,57.1,84.5,104.5,2.53,13,establishment,0
23,58.3,27.4,24.9,76.5,59.7,83.4,102.2,2.58,13,establishment,0
0,56.4,26.9,25.6,80.0,62.5,84.8,106.3,2.5,14,establishment,0
1,54.7,25.5,26.2,77.1,64.9,88.8,105.5,2.6,14,establishment,0
2,54.4,26.2,23.7,79.0,65.2,89.5,110.7,2.62,14,establishment,0
3,54.1,25.6,24.3,77.5,64.4,90.4,109.6,2.6,14,establishment,0
4,52.5,25.8,24.2,81.9,65.0,88.9,109.1,2.33,14,establishment,0
5,52.2,24.8,23.7,80.3,64.0,87.1,107.0,2.43,14,establishment,0
6,61.4,24.6,25.5,78.4,63.4,88.2,106.8,2.57,14,establishment,0
7,58.7,25.4,26.1,76.5,63.0,87.5,108.6,2.57,14,establishment,0
8,57.3,24.8,26.6,76.7,64.3,89.9,106.6,2.63,14,establishment,0
9,55.0,25.8,30.1,70.4,65.1,86.2,112.0,2.68,14,establishment,0
10,53.5,25.5,30.6,66.9,61.1,87.5,115.7,2.62,14,establishment,0
11,52.4,26.6,30.9,64.8,61.2,86.5,115.8,2.78,14,establishment,0
12,62.6,27.5,31.2,66.3,60.5,83.8,116.2,2.82,14,establishment,0
13,61.2,27.9,31.4,65.1,59.6,82.1,114.6,2.75,14,establishment,0
14,60.4,28.4,32.9,65.0,59.1,85.3,115.7,2.94,14,establishment,0
15,70.8,29.2,31.5,63.5,60.0,89.8,114.5,2.78,14,establishment,0
16,69.7,28.2,31.6,66.5,61.2,90.5,114.0,2.76,14,establishment,3
17,68.0,28.6,30.5,67.7,59.3,86.5,113.9,2.67,14,establishment,0
18,66.6,28.2,30.5,68.2,62.2,82.2,113.3,2.58,14,establishment,0
19,65.9,28.2,29.1,69.3,60.5,80.8,109.4,2.65,14,establishment,0
20,65.6,28.0,29.0,72.0,60.2,80.0,108.0,2.64,14,establishment,0
21,64.0,28.2,27.4,73.6,61.7,77.7,108.4,2.58,14,establishment,2
22,63.1,27.5,27.4,73.6,57.3,80.2,110.9,2.52,14,establishment,0
23,62.9,27.4,26.5,75.4,54.7,80.8,108.7,2.54,14,establishment,0
0,62.7,27.2,25.2,74.3,56.9,82.0,106.5,2.53,15,establishment,0
1,61.4,27.0,24.1,79.5,59.3,79.9,108.9,2.56,15,establishment,2
2,60.2,25.9,23.6,79.1,59.4,82.2,110.2,2.54,15,establishment,0
3,59.2,24.5,23.5,82.6,58.3,80.0,109.0,2.57,15,establishment,0
4,59.7,25.5,23.2,76.8,58.1,83.4,111.0,2.55,15,establishment,0
5,58.3,25.6,24.9,79.8,58.6,84.1,106.3,2.4,15,establishment,0
6,67.4,24.6,24.9,79.2,54.6,87.1,111.9,2.49,15,establishment,0
7,66.0,24.7,27.3,74.7,54.4,82.2,108.5,2.22,15,establishment,0
8,63.1,25.4,29.1,74.3,54.1,81.5,107.5,2.35,15,establishment,0
9,61.3,25.7,28.7,71.1,57.7,77.5,103.5,2.47,15,establishment,2
10,59.0,26.2,28.8,69.0,56.8,79.5,107.9,2.45,15,establishment,2
11,57.7,26.9,30.8,65.5,57.0,77.8,109.7,2.39,15,establishment,2
12,67.4,26.6,31.7,58.8,58.9,81.0,112.7,2.45,15,establishment,0
13,66.0,28.3,30.8,64.1,58.5,83.8,108.4,2.6,15,establishment,0
14,63.6,28.3,31.7,64.3,61.2,82.4,108.5,2.66,15,establishment,0
15,74.1,29.7,31.9,63.4,58.4,83.0,110.0,2.56,15,establishment,0
16,72.4,29.7,30.9,63.1,56.6,82.5,109.2,2.54,15,establishment,0
17,70.4,28.9,30.1,67.6,54.6,78.5,110.2,2.36,15,establishment,2
18,70.3,29.4,29.4,68.7,53.1,82.4,108.9,2.21,15,establishment,0
19,69.6,28.3,30.7,72.4,50.5,81.6,108.1,2.27,15,establishment,0
20,68.4,28.5,28.3,69.7,53.2,82.4,106.1,2.26,15,establishment,0
21,67.5,28.2,26.9,75.0,52.6,86.4,103.3,2.34,15,establishment,0
22,65.5,28.0,26.5,74.5,53.3,84.7,103.6,2.29,15,establishment,0
23,64.9,26.6,26.8,75.1,52.4,85.8,100.8,2.3,15,establishment,0
0,63.7,27.6,24.8,78.3,53.7,86.0,101.8,2.26,16,establishment,0
1,63.3,26.5,25.1,80.0,55.0,89.1,99.7,2.35,16,establishment,0
2,62.1,26.5,24.9,78.4,53.7,91.1,100.4,2.35,16,establishment,0
3,61.4,25.5,24.7,82.7,56.7,91.9,101.8,2.33,16,establishment,0
4,60.4,25.4,25.1,80.0,52.6,93.8,106.3,2.35,16,establishment,0
5,59.8,25.1,23.8,77.3,52.2,95.9,104.9,2.33,16,establishment,0
6,69.6,25.1,25.8,76.1,53.5,94.6,105.8,2.16,16,establishment,0
7,67.4,24.9,25.4,77.9,57.4,91.7,106.1,2.17,16,establishment,0
8,64.9,25.4,27.0,72.4,59.1,89.9,105.1,2.02,16,establishment,0
9,62.2,26.4,29.7,70.8,59.1,85.6,105.1,2.05,16,establishment,0
10,59.6,25.4,30.7,68.2,58.9,87.2,108.6,2.01,16,establishment,0
11,58.6,26.4,31.1,65.7,59.2,87.4,107.2,2.02,16,establishment,0
12,69.3,26.6,30.8,66.2,60.2,84.4,106.4,2.05,16,establishment,0
13,67.6,27.9,32.4,63.1,60.3,84.7,107.7,2.05,16,establishment,0
14,65.4,28.5,31.4,62.2,59.6,85.2,104.9,2.07,16,establishment,0
15,75.3,29.1,30.9,60.5,60.1,83.6,108.5,2.15,16,establishment,0
16,72.8,28.8,30.7,65.3,62.1,87.0,107.7,2.21,16,establishment,0
17,71.6,28.2,30.9,66.2,63.1,86.6,108.2,2.19,16,establishment,3
18,70.7,28.4,28.3,70.2,65.8,82.4,106.8,2.14,16,establishment,0
19,68.3,28.8,29.5,68.3,66.9,78.7,108.0,2.22,16,establishment,2
20,67.1,28.3,28.6,73.0,68.1,78.5,103.3,2.11,16,establishment,2
21,66.8,28.8,27.1,72.3,67.1,79.2,104.7,2.26,16,establishment,2
22,65.6,28.3,27.6,77.6,67.3,76.0,108.0,2.18,16,establishment,2
23,65.1,27.2,26.5,74.2,65.6,71.4,112.7,2.23,16,establishment,2
0,64.1,27.1,24.8,76.6,64.5,70.0,112.9,2.2,17,establishment,2
1,62.2,26.6,24.2,79.7,65.1,68.9,113.6,2.2,17,establishment,2
2,61.3,26.6,24.9,81.4,65.1,68.7,112.5,2.24,17,establishment,2
3,60.5,26.0,22.9,81.3,69.6,66.2,112.8,2.35,17,establishment,2
4,59.1,25.3,23.7,77.6,68.5,65.0,112.3,2.37,17,establishment,2
5,58.4,24.8,23.7,81.5,69.8,65.5,113.8,2.24,17,establishment,2
6,69.2,24.7,25.0,78.1,71.5,70.2,114.5,2.26,17,establishment,2
7,67.9,25.0,26.2,73.1,73.3,70.2,116.0,2.22,17,establishment,2
8,66.5,24.8,27.3,72.4,73.5,65.3,117.2,2.33,17,establishment,2
9,63.7,25.1,29.6,70.0,69.5,66.3,119.1,2.51,17,establishment,2
10,61.6,26.1,30.2,66.6,72.1,69.3,118.3,2.42,17,establishment,2
11,59.9,26.0,30.8,68.2,71.8,67.2,118.8,2.44,17,establishment,2
12,69.8,27.0,30.8,65.4,67.8,66.8,120.0,2.47,17,establishment,2
13,67.1,28.8,32.6,66.1,72.9,71.6,122.6,2.35,17,establishment,2
14,65.2,27.7,32.3,62.6,74.5,68.4,121.7,2.52,17,establishment,2
15,75.9,29.3,32.8,61.7,75.6,67.8,121.9,2.58,17,establishment,2
16,74.1,29.1,30.6,66.3,73.8,69.3,122.4,2.53,17,establishment,2
17,71.8,28.6,30.7,66.7,74.0,72.6,125.4,2.66,17,establishment,2
18,70.1,29.1,30.0,69.6,76.2,74.1,124.8,2.54,17,establishment,2
19,69.1,28.1,29.2,70.7,76.1,74.4,128.6,2.45,17,establishment,2
20,68.2,28.4,28.4,71.4,75.6,73.7,130.7,2.41,17,establishment,2
21,67.4,27.9,26.2,74.3,74.0,73.9,127.6,2.4,17,establishment,2
22,66.1,27.6,27.4,74.6,73.1,71.9,126.6,2.21,17,establishment,2
23,64.9,27.2,26.5,76.4,73.6,73.0,126.9,2.26,17,establishment,2
0,64.4,27.0,26.2,80.9,74.8,71.9,124.1,2.27,18,establishment,2
1,62.9,26.7,26.6,80.8,77.6,69.8,125.6,2.48,18,establishment,2
2,62.0,26.6,24.1,77.4,79.3,70.3,120.9,2.57,18,establishment,2
3,60.9,25.5,24.1,77.0,76.7,71.9,122.4,2.5,18,establishment,2
4,60.2,25.4,24.0,82.4,73.0,70.0,118.5,2.34,18,establishment,2
5,59.1,25.4,25.8,78.7,72.2,71.1,123.0,2.27,18,establishment,2
6,68.5,25.3,23.6,77.9,70.7,67.5,123.2,2.21,18,establishment,2
7,67.4,24.4,26.4,75.1,71.5,66.6,126.4,2.29,18,establishment,2
8,64.6,25.1,26.1,74.0,70.3,70.2,125.5,2.43,18,establishment,2
9,61.5,25.7,26.6,69.9,69.9,73.5,124.1,2.52,18,establishment,2
10,59.7,26.7,28.4,65.9,69.9,77.7,123.2,2.52,18,establishment,2
11,57.2,26.0,30.0,62.7,72.3,75.9,125.6,2.54,18,establishment,2
12,67.2,27.8,32.6,60.2,71.0,78.8,124.8,2.52,18,establishment,2
13,64.1,27.5,31.3,62.1,70.6,77.4,118.8,2.42,18,establishment,2
14,62.6,28.7,31.7,66.4,71.3,75.0,117.5,2.47,18,establishment,2
15,74.1,28.9,30.7,63.0,70.2,76.4,114.7,2.46,18,establishment,2
16,72.5,28.7,31.7,65.5,70.4,75.8,116.9,2.55,18,establishment,2
17,70.4,28.9,29.8,68.7,70.5,79.2,114.2,2.68,18,establishment,2
18,70.6,29.0,31.1,70.4,71.2,77.5,112.9,2.6,18,establishment,2
19,69.3,29.0,28.4,68.5,68.6,80.9,113.1,2.61,18,establishment,0
20,67.5,28.3,27.8,72.4,71.9,79.0,115.7,2.48,18,establishment,2
21,67.6,28.4,27.7,72.2,70.7,80.6,118.8,2.57,18,establishment,0
22,67.5,27.1,26.8,71.0,74.8,81.8,118.1,2.62,18,establishment,0
23,66.6,26.9,27.1,77.7,75.0,82.1,117.3,2.61,18,establishment,0
0,65.4,26.2,25.4,77.6,75.8,83.9,117.5,2.51,19,establishment,0
1,64.0,26.4,23.8,76.9,71.4,81.6,118.0,2.5,19,establishment,0
2,63.5,26.1,23.9,79.7,72.0,82.9,119.2,2.46,19,establishment,8
3,61.5,26.0,23.6,80.4,69.5,81.6,119.9,2.29,19,establishment,0
4,59.5,25.4,24.6,80.3,69.0,84.1,121.5,2.23,19,establishment,0
5,59.1,25.5,24.5,77.8,65.0,82.7,120.8,2.18,19,establishment,0
6,69.6,24.3,24.8,77.8,67.1,88.0,119.7,2.17,19,establishment,0
7,67.4,25.1,26.7,76.5,70.9,83.8,116.9,2.19,19,establishment,1
8,65.4,24.8,26.9,74.7,71.6,86.2,116.6,2.06,19,establishment,0
9,63.4,25.7,28.6,70.2,71.7,84.7,109.9,2.18,19,establishment,0
10,61.1,25.8,30.1,66.1,73.0,82.9,107.1,2.35,19,establishment,0
11,58.6,26.7,32.3,66.6,72.0,81.4,111.6,2.46,19,establishment,0
12,68.7,28.0,31.7,66.7,74.5,80.2,108.2,2.68,19,establishment,0
13,67.5,28.5,31.7,62.9,75.8,79.2,106.2,2.7,19,establishment,2
14,66.3,28.5,31.1,65.1,75.9,82.1,104.4,2.66,19,establishment,0
15,75.2,28.6,32.2,66.6,74.9,80.6,102.4,2.66,19,establishment,0
16,73.0,29.3,30.8,67.4,74.9,81.1,99.0,2.59,19,establishment,0
17,70.8,28.9,31.0,69.1,73.8,81.0,95.7,2.38,19,establishment,0
18,70.0,28.7,28.5,68.5,75.1,83.2,100.3,2.37,19,establishment,0
19,69.4,28.4,30.1,72.1,72.7,81.6,99.1,2.35,19,establishment,0
20,68.8,28.0,27.4,73.6,72.3,80.9,100.0,2.3,19,establishment,0
21,68.2,28.1,27.0,71.3,75.9,83.0,100.6,2.42,19,establishment,0
22,66.2,28.1,27.6,75.0,75.5,84.2,98.0,2.25,19,establishment,0
23,65.0,27.6,24.9,76.4,72.4,86.0,99.6,2.21,19,establishment,0
0,64.1,26.6,25.3,76.1,72.3,91.0,100.0,2.21,20,establishment,0
1,62.6,25.7,24.8,77.9,72.7,90.1,98.3,2.26,20,establishment,0
2,62.5,25.3,23.5,75.7,74.0,91.9,101.9,2.17,20,establishment,0
3,60.5,25.7,25.2,81.1,75.5,92.3,107.5,2.1,20,establishment,0
4,59.4,25.0,25.2,81.5,78.9,90.3,111.2,2.15,20,establishment,0
5,57.8,25.2,22.7,81.6,78.2,86.9,110.4,2.25,20,establishment,0
6,68.0,25.1,23.8,80.6,79.2,83.4,108.9,2.28,20,establishment,0
7,65.9,25.3,26.6,74.9,77.5,82.8,110.4,2.44,20,establishment,0
8,64.3,24.3,26.3,73.1,80.4,80.6,106.6,2.5,20,establishment,0
9,61.7,25.4,28.4,73.4,82.0,78.5,106.8,2.55,20,establishment,2
10,59.7,26.0,30.1,69.9,82.5,78.3,106.7,2.53,20,establishment,2
11,57.2,26.5,31.6,64.5,82.4,77.7,109.4,2.53,20,establishment,2
12,68.1,27.4,31.6,60.2,83.7,83.7,108.9,2.39,20,establishment,0
13,65.7,27.7,32.1,63.6,83.8,86.8,107.3,2.4,20,establishment,0
14,63.0,28.4,31.3,62.3,79.7,88.1,109.9,2.54,20,establishment,0
15,72.6,29.2,32.7,64.8,77.3,90.3,108.0,2.54,20,establishment,0
16,71.3,28.6,30.8,67.3,76.9,89.9,103.4,2.6,20,establishment,0
17,70.3,29.1,30.9,64.0,76.5,93.7,102.6,2.76,20,establishment,0
18,69.1,29.1,29.6,68.5,78.7,90.3,100.4,2.7,20,establishment,0
19,67.7,28.5,29.3,67.3,79.5,88.6,106.0,2.58,20,establishment,0
20,67.6,28.3,28.3,75.6,79.1,89.5,108.3,2.69,20,establishment,0
21,66.3,27.6,27.5,72.9,81.1,92.1,104.7,2.71,20,establishment,0
22,65.1,27.8,26.0,75.3,78.1,94.6,104.3,2.76,20,establishment,0
23,65.1,26.9,26.6,74.1,76.8,96.7,98.6,2.7,20,establishment,9
0,65.2,26.4,26.5,73.5,77.5,98.5,99.9,2.72,21,establishment,0
1,65.5,26.7,25.0,76.7,77.7,96.6,92.8,2.83,21,establishment,0
2,63.7,26.1,24.9,77.6,76.4,96.5,93.3,2.79,21,establishment,0
3,62.9,25.9,24.8,81.9,75.5,96.8,89.1,2.69,21,establishment,0
4,61.3,24.7,24.7,77.9,75.0,99.6,90.4,2.67,21,establishment,0
5,60.2,24.5,24.5,81.0,74.2,98.1,93.9,2.87,21,establishment,0
6,70.5,24.8,25.1,78.9,72.8,99.4,92.8,2.91,21,establishment,0
7,69.2,24.8,26.7,75.8,69.3,99.5,96.2,3.13,21,establishment,0
8,66.2,25.1,27.4,68.9,68.9,95.4,91.3,3.01,21,establishment,0
9,65.2,25.4,27.9,69.6,68.5,91.0,98.6,3.04,21,establishment,0
10,63.5,25.9,30.0,69.7,71.2,92.8,95.0,2.91,21,establishment,8
11,61.2,25.9,29.6,66.8,71.2,90.9,93.8,2.83,21,establishment,0
12,71.5,27.9,31.8,64.8,71.0,89.3,95.3,2.86,21,establishment,0
13,69.3,28.3,32.3,61.4,69.6,88.0,94.2,2.72,21,establishment,0
14,66.9,29.1,32.9,64.4,71.4,87.2,94.7,2.63,21,establishment,0
15,77.2,28.5,31.8,65.1,69.1,86.4,96.1,2.71,21,establishment,0
16,75.1,28.4,32.0,64.7,72.5,81.7,99.3,2.83,21,establishment,0
17,74.0,28.8,30.7,67.4,67.5,87.2,101.5,2.81,21,establishment,0
18,72.2,28.5,29.2,66.7,68.0,89.0,98.7,2.63,21,establishment,0
19,71.7,28.6,28.1,65.9,68.8,87.5,102.2,2.69,21,establishment,0
20,69.7,28.4,27.6,70.0,70.5,89.6,99.7,2.68,21,establishment,0
21,68.9,28.2,26.5,71.6,70.0,91.3,98.5,2.77,21,establishment,0
22,67.7,26.8,27.3,76.7,71.6,95.1,100.9,2.77,21,establishment,0
23,67.3,27.0,25.8,77.3,71.1,93.8,102.5,2.75,21,establishment,0
0,66.3,26.9,25.8,77.3,70.7,94.6,101.3,2.78,22,establishment,0
1,65.7,27.1,24.8,77.5,71.3,98.0,100.2,2.62,22,establishment,0
2,64.8,26.3,25.2,80.3,68.6,98.7,102.8,2.56,22,establishment,0
3,63.2,25.5,24.9,82.5,69.0,97.2,102.9,2.62,22,establishment,0
4,61.7,25.5,23.5,78.3,71.3,99.2,100.6,2.49,22,establishment,0
5,60.8,25.8,24.0,78.4,70.9,98.1,100.7,2.57,22,establishment,0
6,71.0,25.1,24.5,80.2,72.8,96.8,104.3,2.58,22,establishment,2
7,68.7,25.0,24.7,76.9,71.3,96.4,104.2,2.84,22,establishment,0
8,67.8,26.1,27.8,72.6,74.8,97.3,107.1,2.86,22,establishment,0
9,65.2,25.6,29.6,72.7,72.3,96.6,109.2,2.84,22,establishment,0
10,63.1,26.3,30.0,69.0,69.6,99.1,110.4,2.73,22,establishment,0
11,59.4,26.9,30.7,64.2,68.9,98.7,107.5,2.62,22,establishment,0
12,68.4,27.1,32.6,65.0,70.9,96.6,104.6,2.44,22,establishment,0
13,65.7,28.0,30.1,64.0,73.1,95.7,104.4,2.39,22,establishment,0
14,63.7,28.4,32.1,67.1,72.2,94.4,107.2,2.31,22,establishment,0
15,74.8,29.2,31.8,65.8,71.6,92.2,107.3,2.4,22,establishment,0
16,71.3,29.0,30.8,66.4,73.6,94.0,109.5,2.42,22,establishment,3
17,69.5,28.7,31.8,66.9,71.8,91.5,113.0,2.21,22,establishment,4
18,69.1,28.8,30.8,68.9,72.8,90.3,113.7,2.14,22,establishment,0
19,67.7,28.8,29.0,67.0,70.4,90.3,113.5,2.1,22,establishment,0
20,66.2,28.5,28.3,68.5,69.7,93.5,117.7,2.12,22,establishment,0
21,66.0,27.4,27.3,73.5,67.3,94.2,117.7,2.17,22,establishment,0
22,64.7,28.1,26.4,75.2,64.0,94.4,120.4,2.19,22,establishment,0
23,63.8,27.7,25.0,75.3,65.1,92.5,119.8,2.2,22,establishment,0
0,62.8,26.8,26.4,73.8,64.0,90.5,119.4,2.29,23,establishment,0
1,61.3,26.5,25.6,76.5,62.1,90.7,118.5,2.23,23,establishment,5
2,60.9,26.6,25.0,80.3,63.4,90.8,114.5,2.21,23,establishment,0
3,59.9,25.9,23.2,80.1,62.6,92.1,114.4,2.25,23,establishment,0
4,58.5,25.4,25.7,78.8,60.9,96.7,110.8,2.28,23,establishment,1
5,57.2,24.8,25.8,77.8,61.3,95.7,110.1,2.45,23,establishment,0
6,67.5,25.8,25.1,78.6,63.9,95.2,111.7,2.62,23,establishment,0
7,66.2,25.1,25.3,75.7,65.8,97.8,110.1,2.61,23,establishment,0
8,64.0,24.9,26.6,73.1,61.0,94.0,108.5,2.59,23,establishment,0
9,62.2,25.3,29.0,69.7,63.8,92.4,111.2,2.61,23,establishment,0
10,59.8,25.9,29.3,68.3,65.0,92.9,111.6,2.67,23,establishment,0
11,56.8,25.9,31.0,66.4,65.6,93.6,112.3,2.54,23,establishment,0
12,66.5,27.5,32.6,63.4,65.0,90.9,110.4,2.62,23,establishment,0
13,64.4,28.5,30.8,67.0,63.3,87.9,110.8,2.53,23,establishment,0
14,62.0,28.4,33.5,63.1,65.1,90.1,110.3,2.52,23,establishment,0
15,72.4,29.2,32.9,65.0,64.7,91.7,113.3,2.61,23,establishment,0
16,70.6,28.9,30.2,62.7,64.4,92.9,112.6,2.57,23,establishment,0
17,69.3,28.9,29.5,64.8,66.5,92.7,110.3,2.51,23,establishment,0
18,69.2,28.8,29.8,69.7,67.2,94.9,112.5,2.4,23,establishment,0
19,68.7,28.9,28.4,70.8,68.2,96.4,113.4,2.42,23,establishment,0
20,67.7,28.3,28.2,71.6,67.6,96.3,116.3,2.5,23,establishment,0
21,67.2,28.6,25.5,71.6,67.7,97.4,119.0,2.48,23,establishment,0
22,66.5,27.3,26.6,75.1,67.3,99.0,117.2,2.57,23,establishment,0
23,65.8,27.3,27.4,74.2,65.5,96.9,118.3,2.55,23,establishment,0
0,64.8,27.7,24.4,79.3,65.3,95.2,121.2,2.55,24,establishment,0
1,63.8,27.0,24.5,73.7,64.3,98.2,121.0,2.61,24,establishment,0
2,63.3,25.6,23.2,78.6,61.6,93.9,124.0,2.68,24,establishment,0
3,62.8,25.5,24.6,78.4,62.7,94.8,122.3,2.64,24,establishment,0
4,62.6,25.8,23.8,82.3,61.1,92.7,125.8,2.46,24,establishment,0
5,61.5,24.9,25.8,79.2,60.9,91.8,130.7,2.56,24,establishment,0
6,71.5,25.0,25.1,80.4,62.4,89.3,131.6,2.41,24,establishment,0
7,69.8,25.1,25.7,78.6,59.0,91.2,131.1,2.41,24,establishment,7
8,68.4,24.7,27.7,74.2,61.3,91.7,129.9,2.46,24,establishment,0
9,66.2,25.5,28.3,67.7,65.6,93.1,129.7,2.34,24,establishment,0
10,64.1,25.6,28.9,66.6,66.5,97.8,130.7,2.3,24,establishment,0
11,61.1,27.0,31.3,65.0,66.7,98.7,135.1,2.35,24,establishment,0
12,71.4,27.6,31.6,65.2,68.1,96.9,133.3,2.46,24,establishment,0
13,70.0,28.2,32.1,64.7,67.8,95.8,132.7,2.49,24,establishment,9
14,67.6,28.9,32.2,61.8,69.8,95.1,132.1,2.63,24,establishment,0
15,77.1,28.8,31.2,66.1,68.3,93.7,132.7,2.5,24,establishment,3
16,76.0,29.0,31.6,63.7,68.1,90.4,130.9,2.65,24,establishment,0
17,73.5,29.3,32.1,66.0,65.7,91.3,131.7,2.67,24,establishment,0
18,73.1,28.3,29.1,68.5,67.4,89.4,127.4,2.51,24,establishment,0
19,71.5,28.4,30.6,69.3,67.2,86.5,128.0,2.44,24,establishment,0
20,70.6,28.0,28.2,74.0,66.7,87.7,125.6,2.39,24,establishment,0
21,70.5,28.6,27.0,74.9,64.1,86.1,129.1,2.35,24,establishment,6
22,68.4,27.8,28.7,72.1,65.9,82.6,129.7,2.47,24,establishment,0
23,67.1,27.2,26.1,74.0,66.6,82.4,130.6,2.48,24,establishment,0
0,66.8,27.2,26.4,79.4,65.9,83.1,131.8,2.42,25,establishment,0
1,64.8,27.1,25.4,78.7,67.1,87.8,131.5,2.52,25,establishment,0
2,63.7,25.7,23.0,80.4,66.5,87.3,134.0,2.53,25,establishment,0
3,62.4,25.7,24.2,79.9,67.3,93.0,131.4,2.54,25,establishment,0
4,60.8,25.7,23.6,82.2,69.1,91.0,128.8,2.44,25,establishment,0
5,60.4,25.6,23.2,80.9,71.7,90.3,128.9,2.53,25,establishment,0
6,70.0,24.4,23.5,79.5,68.1,86.0,130.3,2.51,25,establishment,0
7,67.9,25.1,26.1,74.8,65.8,84.3,128.1,2.47,25,establishment,5
8,65.3,24.9,27.8,74.5,63.1,81.8,128.8,2.37,25,establishment,0
9,62.9,25.3,29.0,67.7,60.6,78.0,124.8,2.14,25,establishment,2
10,60.8,26.0,29.8,67.6,58.4,76.8,126.0,2.06,25,establishment,2
11,58.5,26.3,30.4,64.7,55.9,76.1,131.8,2.15,25,establishment,2
12,68.6,27.2,31.0,63.1,57.0,74.4,131.0,2.13,25,establishment,2
13,66.4,28.3,31.6,62.3,56.0,76.8,128.3,2.14,25,establishment,2
14,64.5,28.7,31.1,60.6,56.8,75.2,129.4,2.05,25,establishment,2
15,74.3,29.2,31.5,66.9,57.3,76.8,130.5,1.96,25,establishment,2
16,72.0,28.6,31.2,65.1,54.5,77.8,130.3,2.06,25,establishment,2
17,70.2,28.8,30.0,66.3,55.0,78.9,130.5,2.02,25,establishment,2
18,68.2,29.4,29.8,68.9,54.8,80.8,128.9,2.05,25,establishment,0
19,68.0,28.6,28.6,71.4,53.7,83.1,123.7,2.13,25,establishment,0
20,66.6,28.4,28.4,73.6,54.3,82.5,123.7,2.04,25,establishment,0
21,67.1,27.3,28.0,72.1,53.2,80.1,120.7,2.06,25,establishment,0
22,65.8,27.3,26.9,74.8,54.4,80.8,119.2,2.15,25,establishment,4
23,65.3,27.1,26.4,74.4,55.9,80.5,121.5,2.1,25,establishment,0
0,64.0,26.6,24.0,78.7,53.3,83.0,123.3,2.17,26,establishment,0
1,63.4,26.1,24.5,78.5,52.3,80.3,123.7,2.02,26,establishment,0
2,63.1,25.9,24.6,80.9,48.9,81.6,119.4,1.91,26,establishment,0
3,61.3,25.2,24.6,81.3,47.1,83.9,119.3,1.77,26,establishment,0
4,60.0,26.2,22.7,81.4,47.6,80.5,116.9,1.78,26,establishment,0
5,58.9,24.2,24.4,80.5,45.4,81.2,117.1,1.83,26,establishment,0
6,67.7,25.2,25.9,78.3,48.0,80.7,116.1,1.92,26,establishment,6
7,66.6,25.1,25.9,73.8,45.9,81.5,117.2,1.75,26,establishment,0
8,64.4,25.0,27.2,74.0,52.4,79.0,117.9,1.59,26,establishment,2
9,62.6,25.1,29.1,73.6,52.6,78.4,116.9,1.63,26,establishment,2
10,59.8,26.0,30.2,67.2,53.3,78.3,116.7,1.77,26,establishment,2
11,57.0,26.4,31.6,64.7,52.9,76.3,116.9,1.79,26,establishment,2
12,66.6,27.3,31.8,65.6,51.7,76.6,115.6,1.61,26,establishment,2
13,64.7,27.8,32.1,67.0,54.6,76.4,117.0,1.55,26,establishment,2
14,63.4,27.5,31.3,62.3,57.7,77.4,115.2,1.67,26,establishment,2
15,73.5,29.3,31.5,60.3,57.7,74.8,109.7,1.62,26,establishment,2
16,71.8,29.4,32.2,64.4,57.3,73.8,114.0,1.63,26,establishment,2
17,69.3,29.1,30.5,66.8,56.0,73.1,113.5,1.75,26,establishment,8
18,67.5,29.2,29.9,67.7,54.2,77.3,118.5,1.95,26,establishment,2
19,66.5,29.3,28.8,69.1,54.8,76.6,114.8,2.07,26,establishment,2
20,66.3,27.7,29.0,70.3,51.8,76.2,115.2,1.91,26,establishment,2
21,65.7,28.1,26.9,71.7,50.2,76.9,115.5,1.89,26,establishment,2
22,64.4,27.2,27.5,73.0,50.1,78.3,116.9,2.11,26,establishment,4
23,62.9,27.1,25.3,76.6,50.5,81.3,117.1,2.19,26,establishment,0
0,61.7,26.7,24.5,78.4,50.4,80.0,121.6,2.24,27,establishment,0
1,60.1,26.8,24.9,75.6,49.9,82.0,119.5,2.29,27,establishment,0
2,59.5,25.8,24.4,82.2,51.1,85.5,120.1,2.19,27,establishment,0
3,57.9,26.5,24.3,80.6,52.2,85.8,120.3,2.18,27,establishment,0
4,56.1,25.2,24.9,81.0,52.9,83.3,122.1,2.08,27,establishment,0
5,55.4,24.7,23.9,79.0,53.5,81.5,123.3,2.02,27,establishment,0
6,65.1,24.8,25.3,78.6,51.2,79.2,121.1,2.18,27,establishment,2
7,63.3,24.7,25.3,74.0,55.8,77.2,120.0,2.25,27,establishment,2
8,60.8,25.0,28.3,76.2,55.0,77.9,117.0,2.45,27,establishment,2
9,59.6,25.3,29.2,73.2,56.6,76.3,112.6,2.34,27,establishment,2
10,57.3,25.7,30.4,67.6,57.0,77.6,109.9,2.38,27,establishment,2
11,55.3,26.6,31.2,63.5,58.2,76.0,114.4,2.36,27,establishment,2
12,65.7,26.9,31.1,63.9,56.0,80.7,114.9,2.49,27,establishment,0
13,64.1,27.6,31.7,65.1,56.5,78.9,112.4,2.39,27,establishment,2
14,61.1,28.2,32.3,63.5,54.4,79.5,115.8,2.3,27,establishment,2
15,70.4,28.8,31.6,63.3,52.5,78.8,114.7,2.2,27,establishment,2
16,67.8,28.1,31.3,65.8,50.8,82.0,113.3,2.27,27,establishment,0
17,66.1,29.2,29.6,65.1,49.0,80.2,117.3,2.2,27,establishment,0
18,65.7,29.4,30.1,70.4,48.5,77.7,117.9,2.16,27,establishment,2
19,65.2,28.3,28.7,71.2,49.5,76.9,120.2,2.24,27,establishment,2
20,63.1,28.5,27.6,72.4,50.8,75.8,120.4,1.98,27,establishment,3
21,61.8,27.8,27.5,71.6,53.0,78.6,117.8,1.95,27,establishment,2
22,60.9,26.9,25.3,74.8,55.9,78.7,117.2,2.07,27,establishment,2
23,60.0,27.1,26.6,78.0,59.6,76.5,117.0,1.95,27,establishment,2
0,59.2,27.2,26.0,73.6,59.0,77.4,115.9,2.02,28,establishment,2
1,58.7,26.4,24.7,78.8,59.4,76.6,119.9,2.23,28,establishment,2
2,57.8,26.1,23.6,81.8,58.1,78.9,122.1,2.36,28,establishment,2
3,57.4,25.8,23.3,83.1,61.1,74.3,120.5,2.28,28,establishment,0
4,56.0,25.7,23.9,78.3,62.9,72.6,116.6,2.13,28,establishment,2
5,54.3,25.1,22.3,80.0,65.2,72.5,117.5,2.15,28,establishment,2
6,64.2,25.3,25.1,80.0,64.0,69.0,118.3,2.25,28,establishment,2
7,62.7,25.6,26.5,78.2,64.8,69.3,120.2,2.32,28,establishment,2
8,61.1,24.8,27.1,70.1,63.3,72.9,124.6,2.53,28,establishment,2
9,59.6,25.4,28.3,67.0,63.2,75.5,123.3,2.33,28,establishment,2
10,57.2,26.4,30.1,68.3,65.3,74.4,123.5,2.29,28,establishment,2
11,54.6,26.8,31.3,66.8,65.1,78.1,123.4,2.09,28,establishment,2
12,64.2,27.6,32.6,64.3,65.6,77.3,124.1,2.0,28,establishment,2
13,62.6,28.3,32.0,63.4,65.0,77.4,124.8,1.86,28,establishment,2
14,60.3,28.3,31.4,66.5,62.4,78.8,126.9,1.86,28,establishment,2
15,71.0,28.8,31.3,67.4,61.4,79.8,124.0,1.88,28,establishment,2
16,69.9,28.4,31.4,64.5,58.7,83.0,126.3,1.95,28,establishment,0
17,67.9,28.3,31.9,66.9,59.8,76.3,123.8,1.85,28,establishment,6
18,66.6,28.7,29.7,65.9,59.8,78.2,123.1,1.65,28,establishment,2
19,65.8,29.4,28.4,72.7,60.6,78.0,120.9,1.63,28,establishment,2
20,64.2,28.7,27.7,68.6,55.7,77.4,117.1,1.8,28,establishment,2
21,63.5,27.6,25.9,70.9,54.1,80.8,122.2,1.82,28,establishment,0
22,61.3,27.4,27.0,72.9,60.1,80.1,120.7,1.91,28,establishment,0
23,60.0,27.7,24.9,74.1,59.9,76.2,120.4,1.78,28,establishment,2
0,58.9,26.5,24.3,79.7,59.9,77.6,122.7,1.84,29,establishment,2
1,58.2,26.6,23.2,82.7,59.3,78.3,122.0,1.89,29,establishment,2
2,56.9,25.4,23.5,79.8,62.9,75.6,121.6,1.96,29,establishment,2
3,55.1,25.5,24.5,79.2,61.3,75.8,123.8,1.92,29,establishment,2
4,53.9,25.6,23.0,81.3,60.1,79.5,121.9,1.81,29,establishment,2
5,54.0,25.3,22.8,77.9,62.2,81.1,124.4,1.69,29,establishment,0
6,63.6,25.0,25.1,80.5,62.6,78.5,123.6,1.72,29,establishment,2
7,60.9,24.7,25.7,75.9,63.9,77.9,123.9,1.8,29,establishment,2
8,58.8,25.1,27.7,74.1,66.4,75.9,123.8,1.69,29,establishment,2
9,56.3,25.7,29.3,69.4,67.3,78.8,124.2,1.53,29,establishment,2
10,54.0,26.2,30.0,67.6,65.2,83.8,121.4,1.67,29,establishment,0
11,52.3,26.1,30.0,63.0,66.8,81.4,120.2,1.63,29,establishment,0
12,63.2,27.4,31.7,64.5,66.7,82.2,119.0,1.61,29,establishment,0
13,61.1,27.6,32.4,65.6,65.8,81.6,121.3,1.59,29,establishment,8
14,58.5,28.6,31.4,60.8,65.0,82.5,121.4,1.63,29,establishment,0
15,68.1,28.3,30.5,62.9,66.5,80.9,121.8,1.59,29,establishment,0
16,66.1,28.9,32.1,64.7,66.4,83.9,121.6,1.68,29,establishment,3
17,63.7,29.7,30.3,66.1,69.2,83.7,119.6,1.74,29,establishment,0
18,62.2,29.2,29.7,67.8,67.3,81.4,119.8,1.78,29,establishment,0
19,62.3,28.2,29.2,69.4,66.6,83.9,116.0,1.73,29,establishment,0
20,61.7,28.1,29.2,71.7,70.0,85.6,115.0,1.74,29,establishment,0
21,60.7,28.0,27.8,72.8,71.1,87.3,111.0,1.99,29,establishment,0
22,57.7,27.9,26.5,71.4,68.0,85.8,112.5,2.01,29,establishment,0
23,56.7,26.0,26.5,76.6,68.6,86.7,110.7,1.83,29,establishment,0
0,55.3,27.4,27.0,79.5,65.4,90.0,110.6,1.97,30,establishment,0
1,54.2,26.8,25.9,78.9,65.8,92.5,112.5,2.03,30,establishment,0
2,53.7,26.1,24.9,76.1,65.0,96.0,112.5,2.09,30,establishment,0
3,53.5,25.9,23.2,80.2,64.9,90.2,113.7,2.05,30,establishment,0
4,52.1,25.6,27.0,80.9,63.9,88.9,111.7,2.17,30,establishment,0
5,51.5,24.9,23.3,77.7,60.1,88.7,112.9,2.28,30,establishment,0
6,60.5,25.1,24.6,78.3,60.9,89.1,118.5,2.44,30,establishment,0
7,58.2,24.9,25.4,78.3,63.9,89.7,117.2,2.39,30,establishment,0
8,56.1,24.7,28.6,76.3,64.0,86.1,118.8,2.37,30,establishment,0
9,55.1,25.4,29.0,70.8,65.6,87.1,116.4,2.4,30,establishment,0
10,53.6,25.8,28.9,68.9,65.1,83.1,111.6,2.21,30,establishment,0
11,51.8,26.3,31.3,65.6,65.3,80.4,114.1,2.28,30,establishment,0
12,62.1,27.1,32.2,63.7,66.2,80.9,111.6,2.38,30,establishment,8
13,60.0,28.0,31.7,66.5,68.0,82.2,108.5,2.25,30,establishment,0
14,56.7,28.2,30.9,65.9,66.3,80.7,109.0,2.2,30,establishment,9
15,66.8,28.7,31.1,65.8,68.4,77.7,107.8,2.12,30,establishment,2
16,64.7,28.7,30.9,64.6,65.8,78.1,106.8,2.11,30,establishment,2
17,63.2,29.3,30.7,69.3,66.6,77.4,109.0,2.08,30,establishment,2
18,62.8,28.6,29.6,69.9,66.1,78.5,106.7,2.04,30,establishment,2
19,62.0,29.1,29.8,67.2,65.2,81.0,107.6,2.18,30,establishment,0
20,60.0,27.5,27.7,73.1,63.9,79.7,105.9,2.16,30,establishment,2
21,58.5,27.8,26.2,73.1,64.6,82.6,104.8,2.1,30,establishment,0
22,57.3,28.2,26.2,75.0,60.1,81.1,102.8,2.04,30,establishment,0
23,56.8,26.4,27.1,72.4,57.9,82.5,104.9,2.0,30,establishment,0
0,55.8,27.5,24.9,74.7,54.5,83.7,104.9,1.96,31,vegetatif,1
1,54.0,26.1,26.6,80.3,54.4,84.6,107.5,1.96,31,vegetatif,1
2,53.1,25.8,24.7,77.9,53.9,86.1,106.8,1.9,31,vegetatif,1
3,52.0,24.9,23.2,81.3,59.0,85.9,106.8,2.09,31,vegetatif,1
4,50.7,25.0,23.3,77.6,59.2,82.1,104.7,2.11,31,vegetatif,1
5,49.4,25.0,24.4,76.9,59.6,80.8,101.5,2.17,31,vegetatif,1
6,59.1,25.2,24.0,81.6,58.8,79.3,98.4,2.14,31,vegetatif,1
7,57.7,24.4,27.9,77.6,61.5,78.8,106.3,2.14,31,vegetatif,0
8,55.7,24.7,26.5,73.2,62.5,81.5,103.9,2.12,31,vegetatif,0
9,53.3,25.3,29.2,71.0,64.1,81.7,106.5,2.15,31,vegetatif,0
10,51.4,25.9,31.2,66.7,66.5,86.0,104.6,2.1,31,vegetatif,0
11,49.2,26.7,31.0,66.5,70.4,88.5,101.8,2.17,31,vegetatif,0
12,59.0,27.0,31.0,66.6,71.4,88.5,97.5,2.14,31,vegetatif,0
13,57.4,28.3,31.8,63.3,71.9,88.2,101.2,2.06,31,vegetatif,0
14,55.3,28.2,32.2,65.0,74.0,86.6,101.4,2.06,31,vegetatif,0
15,65.6,28.3,32.4,61.6,71.3,89.9,109.9,1.98,31,vegetatif,3
16,63.7,29.1,31.3,68.8,70.6,89.5,111.1,2.07,31,vegetatif,0
17,62.0,29.5,29.6,68.5,74.5,85.5,111.7,2.03,31,vegetatif,0
18,61.3,29.8,30.0,67.9,71.2,85.9,111.6,2.05,31,vegetatif,0
19,61.0,28.6,28.7,68.9,72.1,86.7,109.8,2.07,31,vegetatif,0
20,60.6,28.2,26.7,73.7,72.3,85.4,108.1,1.9,31,vegetatif,0
21,59.4,28.2,27.0,71.9,72.8,84.8,112.1,1.92,31,vegetatif,0
22,57.8,27.6,25.6,75.1,73.5,87.7,112.2,2.1,31,vegetatif,0
23,55.9,27.2,26.5,75.4,75.7,87.1,110.7,2.16,31,vegetatif,0
0,55.1,26.3,26.9,75.7,74.5,84.4,112.9,2.11,32,vegetatif,0
1,54.9,26.6,26.3,80.3,72.2,87.2,112.2,2.12,32,vegetatif,0
2,54.1,26.3,23.9,78.6,69.2,87.2,111.5,2.14,32,vegetatif,0
3,53.1,25.7,23.7,80.7,71.0,88.4,111.4,2.15,32,vegetatif,0
4,51.9,25.7,24.6,79.4,67.5,93.5,109.9,2.09,32,vegetatif,0
5,51.3,25.4,25.1,79.3,65.2,90.8,111.7,2.12,32,vegetatif,0
6,61.7,25.0,24.6,77.8,69.5,93.4,108.5,2.04,32,vegetatif,0
7,60.0,25.9,25.9,74.8,69.1,95.7,111.3,2.13,32,vegetatif,0
8,58.3,25.0,29.1,74.7,68.7,96.1,109.3,2.16,32,vegetatif,9
9,56.9,25.4,28.6,70.5,70.0,97.4,106.4,2.21,32,vegetatif,0
10,55.6,25.9,29.6,69.6,71.7,101.0,104.5,2.18,32,vegetatif,0
11,52.7,27.1,31.2,67.2,69.9,101.4,103.4,2.18,32,vegetatif,0
12,63.0,27.9,32.2,66.7,68.9,101.6,104.8,2.1,32,vegetatif,0
13,60.3,28.2,31.2,63.1,66.2,99.3,109.4,2.14,32,vegetatif,6
14,57.1,28.5,31.7,65.4,65.0,101.7,108.3,2.04,32,vegetatif,0
15,67.2,29.4,30.7,64.4,63.4,101.1,109.3,2.17,32,vegetatif,0
16,63.8,29.7,31.0,65.5,63.8,100.2,110.9,2.18,32,vegetatif,0
17,62.1,28.8,32.2,65.4,66.1,102.8,112.4,2.09,32,vegetatif,0
18,61.9,29.4,30.6,67.1,67.2,104.6,110.3,2.04,32,vegetatif,0
19,60.9,27.9,29.2,70.7,64.7,106.5,110.2,2.14,32,vegetatif,0
20,59.7,28.9,27.7,70.5,66.0,105.1,110.4,2.29,32,vegetatif,0
21,58.1,28.0,27.3,71.5,68.0,105.1,110.5,2.09,32,vegetatif,0
22,56.9,27.2,27.6,76.0,69.7,102.9,113.2,2.1,32,vegetatif,0
23,55.5,27.2,25.6,76.6,72.7,105.2,112.3,2.11,32,vegetatif,0
0,55.1,27.3,26.5,75.2,70.0,105.4,111.3,2.04,33,vegetatif,0
1,53.8,25.9,23.7,78.7,70.9,104.5,108.5,1.99,33,vegetatif,0
2,52.2,26.0,24.1,81.3,72.7,102.7,112.1,2.03,33,vegetatif,0
3,52.0,25.6,25.5,81.8,72.2,100.5,114.5,2.02,33,vegetatif,0
4,50.2,26.2,22.4,79.0,72.2,99.8,110.6,2.36,33,vegetatif,8
5,49.3,25.3,25.2,77.5,73.1,103.4,109.9,2.33,33,vegetatif,0
6,59.0,25.4,23.5,77.5,73.0,105.7,108.3,2.21,33,vegetatif,0
7,57.0,25.5,25.9,78.4,75.6,107.3,109.0,2.21,33,vegetatif,0
8,54.5,25.3,27.2,74.7,75.6,109.8,110.1,2.16,33,vegetatif,0
9,52.9,25.3,29.4,66.5,72.5,106.6,112.5,2.21,33,vegetatif,0
10,51.2,25.3,27.5,69.5,73.1,109.1,109.8,2.18,33,vegetatif,0
11,49.4,27.0,29.5,61.9,75.0,108.8,109.1,2.33,33,vegetatif,0
12,58.6,27.9,31.3,68.0,68.6,111.0,110.0,2.15,33,vegetatif,0
13,56.3,28.2,32.0,65.5,65.9,111.1,112.2,2.1,33,vegetatif,0
14,54.1,28.7,31.2,63.5,67.3,107.6,111.8,2.12,33,vegetatif,0
15,64.1,28.9,31.5,64.9,68.4,104.0,113.0,2.02,33,vegetatif,0
16,62.1,27.9,30.3,66.7,67.2,104.7,113.1,2.11,33,vegetatif,0
17,59.3,28.6,30.4,65.8,67.8,103.4,118.4,2.35,33,vegetatif,0
18,56.8,29.0,29.3,68.8,71.3,104.1,121.0,2.13,33,vegetatif,0
19,56.1,29.1,29.4,69.3,69.0,95.4,121.1,1.92,33,vegetatif,0
20,55.5,29.1,28.9,70.7,70.8,99.2,121.3,2.03,33,vegetatif,0
21,55.3,28.1,28.7,75.6,69.5,96.7,125.9,1.86,33,vegetatif,0
22,55.1,27.8,26.2,70.8,68.0,99.0,125.3,1.87,33,vegetatif,0
23,53.3,26.9,25.7,76.1,64.2,97.0,126.0,1.98,33,vegetatif,0
0,51.8,26.6,25.4,74.8,63.7,98.9,125.0,1.87,34,vegetatif,0
1,49.8,25.5,24.5,78.1,63.5,96.5,126.4,2.14,34,vegetatif,0
2,49.9,25.2,24.3,78.0,63.6,97.7,124.7,2.05,34,vegetatif,0
3,48.7,25.2,22.8,84.4,65.1,96.4,127.3,2.08,34,vegetatif,0
4,46.6,24.4,24.3,79.1,68.0,96.5,123.7,2.24,34,vegetatif,0
5,46.5,25.1,23.5,79.3,67.1,94.6,125.1,2.43,34,vegetatif,0
6,56.9,24.4,24.2,77.0,69.9,94.1,125.0,2.31,34,vegetatif,0
7,54.3,25.4,24.7,77.6,68.8,95.3,130.0,2.37,34,vegetatif,0
8,51.4,25.0,28.2,72.5,67.3,95.9,128.3,2.29,34,vegetatif,0
9,49.6,25.3,28.6,69.4,66.1,97.0,126.0,2.46,34,vegetatif,0
10,48.5,26.2,30.9,71.4,64.5,92.9,128.0,2.43,34,vegetatif,0
11,46.2,26.2,31.3,67.3,64.2,92.9,127.0,2.52,34,vegetatif,0
12,56.0,27.3,30.4,65.0,64.4,89.8,124.8,2.63,34,vegetatif,0
13,53.8,27.8,31.1,68.3,68.3,91.0,121.7,2.47,34,vegetatif,9
14,51.1,28.2,32.5,63.0,70.6,91.7,121.1,2.37,34,vegetatif,0
15,61.4,29.0,31.0,63.2,72.6,87.8,122.2,2.33,34,vegetatif,0
16,59.4,29.2,30.4,64.1,71.8,84.9,118.9,2.22,34,vegetatif,0
17,57.7,29.4,30.5,68.8,71.6,84.1,121.1,2.29,34,vegetatif,8
18,56.7,29.1,29.9,66.9,72.7,86.7,118.6,2.36,34,vegetatif,0
19,55.6,29.2,28.4,71.7,74.6,85.7,114.2,2.36,34,vegetatif,0
20,55.2,28.4,28.2,70.0,72.9,88.6,113.4,2.36,34,vegetatif,0
21,53.8,28.0,27.2,69.6,69.6,84.7,112.8,2.28,34,vegetatif,0
22,53.3,27.6,24.7,73.0,71.6,86.7,116.6,2.2,34,vegetatif,0
23,51.9,27.6,26.4,76.5,70.9,88.5,115.0,2.35,34,vegetatif,0
0,51.3,26.5,24.7,79.5,69.3,87.6,113.2,2.29,35,vegetatif,0
1,50.7,26.8,25.8,80.8,66.8,86.9,111.9,2.28,35,vegetatif,0
2,49.5,25.8,23.4,80.0,69.1,83.5,111.6,2.55,35,vegetatif,2
3,49.9,25.2,22.8,81.1,73.4,80.5,113.5,2.59,35,vegetatif,0
4,49.1,25.2,25.0,75.2,73.2,82.7,111.0,2.66,35,vegetatif,0
5,48.9,25.2,23.0,80.0,72.4,87.0,106.1,2.66,35,vegetatif,0
6,58.2,25.6,24.4,78.2,74.1,83.5,106.6,2.62,35,vegetatif,0
7,58.0,25.3,26.5,75.4,76.1,83.0,107.9,2.76,35,vegetatif,0
8,56.3,25.3,27.0,72.2,78.3,88.8,110.7,2.89,35,vegetatif,0
9,54.9,26.0,27.4,72.2,77.7,90.1,114.4,2.78,35,vegetatif,0
10,52.6,26.7,30.2,70.1,76.7,93.7,118.7,2.82,35,vegetatif,0
11,50.4,26.5,30.9,69.4,74.5,96.8,120.4,2.7,35,vegetatif,0
12,60.7,27.4,32.8,64.1,76.7,96.0,117.5,2.69,35,vegetatif,0
13,58.8,27.7,32.5,62.6,74.2,93.3,118.0,2.28,35,vegetatif,0
14,57.5,28.4,34.3,67.6,75.0,89.1,116.9,2.34,35,vegetatif,5
15,68.2,29.0,30.3,64.1,76.9,88.4,113.9,2.06,35,vegetatif,0
16,66.5,29.0,31.2,64.6,77.7,87.0,118.0,2.19,35,vegetatif,0
17,65.4,28.7,29.8,64.1,75.5,85.1,115.9,2.3,35,vegetatif,0
18,64.8,29.1,30.9,68.8,75.9,87.5,117.8,2.21,35,vegetatif,0
19,64.4,28.1,29.9,70.6,78.4,89.2,114.9,2.18,35,vegetatif,0
20,63.2,28.6,29.0,72.7,76.9,86.9,116.3,2.04,35,vegetatif,0
21,62.3,27.8,27.0,73.2,80.6,89.3,112.1,2.15,35,vegetatif,0
22,61.2,27.6,26.2,75.5,79.4,92.7,111.4,2.22,35,vegetatif,6
23,60.3,27.0,24.4,77.0,79.7,86.7,110.2,2.23,35,vegetatif,0
0,59.6,27.4,26.7,78.3,77.8,86.3,112.1,2.15,36,vegetatif,0
1,58.4,26.6,25.2,80.6,79.2,83.4,112.9,2.01,36,vegetatif,0
2,58.3,26.1,24.1,80.8,77.1,88.1,113.0,2.12,36,vegetatif,0
3,57.7,25.9,24.8,80.2,77.8,87.4,109.7,2.03,36,vegetatif,0
4,56.4,25.3,24.6,79.0,78.9,86.0,109.4,2.42,36,vegetatif,0
5,55.3,25.4,25.0,81.0,78.1,85.6,108.7,2.3,36,vegetatif,0
6,66.5,25.4,23.6,77.1,75.5,81.8,103.9,2.34,36,vegetatif,0
7,64.9,25.8,25.4,75.7,72.8,85.3,100.6,2.32,36,vegetatif,0
8,62.1,25.3,27.5,72.1,72.6,84.3,97.6,2.31,36,vegetatif,0
9,59.9,25.8,29.0,74.5,71.8,84.8,97.7,2.28,36,vegetatif,0
10,57.5,25.9,30.8,66.3,74.7,83.8,101.0,2.4,36,vegetatif,0
11,55.4,26.4,30.3,67.1,68.1,80.3,98.5,2.32,36,vegetatif,0
12,64.9,26.8,31.9,65.7,72.0,80.4,101.2,2.24,36,vegetatif,0
13,62.9,28.0,33.8,65.6,73.2,76.7,99.0,2.23,36,vegetatif,0
14,61.2,28.2,32.5,64.1,72.6,80.4,103.3,2.13,36,vegetatif,0
15,70.3,29.3,32.4,64.8,74.3,83.9,103.8,2.28,36,vegetatif,0
16,67.4,28.5,31.2,65.2,74.5,86.5,100.9,2.43,36,vegetatif,0
17,64.8,29.1,31.3,61.8,70.9,84.0,100.4,2.49,36,vegetatif,0
18,64.2,28.9,31.4,66.6,71.5,79.3,104.7,2.4,36,vegetatif,0
19,63.9,28.5,29.3,72.0,73.3,80.0,108.5,2.46,36,vegetatif,0
20,62.5,28.5,29.4,69.7,72.7,79.0,105.3,2.53,36,vegetatif,0
21,60.6,27.7,26.9,73.1,71.5,79.1,105.2,2.52,36,vegetatif,5
22,60.6,27.4,27.2,79.2,70.8,82.6,102.4,2.55,36,vegetatif,0
23,59.5,27.1,26.7,74.3,68.4,82.3,103.9,2.35,36,vegetatif,0
0,58.7,26.7,24.7,76.4,67.0,83.7,105.5,2.12,37,vegetatif,0
1,56.8,26.0,25.6,78.0,62.6,80.3,103.9,2.05,37,vegetatif,0
2,56.2,26.3,23.8,75.7,63.1,84.0,105.2,2.03,37,vegetatif,0
3,55.7,25.0,23.4,78.3,66.4,80.9,105.6,2.01,37,vegetatif,0
4,54.7,25.5,24.0,77.4,63.6,79.2,107.9,2.13,37,vegetatif,0
5,53.4,25.8,25.8,80.5,64.0,75.7,103.4,2.18,37,vegetatif,0
6,63.6,24.3,25.2,77.7,64.5,75.0,105.3,2.16,37,vegetatif,0
7,61.6,25.0,26.7,72.2,64.4,76.6,103.5,2.01,37,vegetatif,0
8,60.3,25.2,26.7,74.8,67.2,78.6,102.4,2.12,37,vegetatif,0
9,59.2,25.3,28.8,72.4,66.2,77.5,103.3,2.05,37,vegetatif,0
10,57.9,26.0,29.1,67.3,66.9,76.6,100.2,2.14,37,vegetatif,0
11,55.9,26.3,30.6,67.6,64.5,80.7,102.3,2.2,37,vegetatif,0
12,66.5,27.2,32.4,65.5,66.0,80.5,97.0,2.17,37,vegetatif,0
13,65.1,28.0,32.0,62.4,68.1,79.1,95.8,2.1,37,vegetatif,0
14,63.6,29.0,33.1,64.7,68.1,79.9,97.9,1.99,37,vegetatif,0
15,73.7,29.3,31.5,65.0,70.0,78.8,93.4,1.99,37,vegetatif,0
16,70.7,29.1,31.1,64.0,70.8,77.6,93.5,2.02,37,vegetatif,0
17,68.5,29.2,31.7,64.8,73.0,76.9,90.1,2.02,37,vegetatif,0
18,67.5,28.5,29.5,68.7,71.7,78.4,90.5,1.99,37,vegetatif,0
19,67.8,28.4,28.0,73.7,73.4,75.8,89.7,1.98,37,vegetatif,0
20,67.0,28.0,29.5,71.1,76.9,79.1,87.9,1.85,37,vegetatif,0
21,66.2,28.4,27.9,73.2,72.4,78.5,88.9,2.05,37,vegetatif,0
22,64.5,28.2,25.0,72.6,76.2,83.8,87.5,2.11,37,vegetatif,0
23,63.9,27.3,26.0,75.5,80.0,84.7,88.5,2.09,37,vegetatif,0
0,63.3,26.2,25.0,77.0,76.9,85.5,86.4,2.13,38,vegetatif,0
1,62.3,25.8,26.2,77.8,75.9,86.0,84.2,2.14,38,vegetatif,0
2,61.1,26.4,23.8,78.1,74.6,83.5,85.0,2.31,38,vegetatif,0
3,60.4,25.7,23.6,79.7,76.7,86.5,82.2,2.39,38,vegetatif,0
4,60.1,25.1,23.3,79.0,74.9,82.7,86.7,2.31,38,vegetatif,0
5,58.4,25.7,23.4,81.8,77.0,82.1,83.9,2.36,38,vegetatif,0
6,68.2,25.8,24.4,81.8,75.9,83.6,88.4,2.39,38,vegetatif,0
7,66.5,25.5,24.9,74.6,76.3,85.1,90.4,2.43,38,vegetatif,0
8,63.7,25.0,26.5,72.7,79.2,84.5,92.2,2.28,38,vegetatif,9
9,61.4,25.9,27.4,71.4,78.4,88.0,88.1,2.35,38,vegetatif,0
10,59.5,26.0,28.8,69.0,74.0,87.3,90.3,2.21,38,vegetatif,0
11,58.4,26.7,29.8,64.5,71.8,88.3,90.5,2.14,38,vegetatif,6
12,68.6,27.5,31.3,63.5,73.0,89.6,86.5,2.22,38,vegetatif,0
13,67.5,27.6,31.5,65.1,72.2,91.0,87.3,2.31,38,vegetatif,0
14,65.4,28.2,30.9,61.2,69.9,88.2,91.3,2.3,38,vegetatif,0
15,75.0,28.7,32.0,68.7,71.5,90.6,91.5,2.38,38,vegetatif,0
16,73.1,28.4,31.2,66.1,75.4,92.3,91.8,2.38,38,vegetatif,0
17,71.7,29.4,30.3,66.1,73.5,87.2,94.2,2.33,38,vegetatif,0
18,70.9,28.8,29.6,67.7,73.9,89.1,95.5,2.27,38,vegetatif,0
19,69.9,29.0,30.5,67.6,73.7,87.5,94.8,2.18,38,vegetatif,0
20,69.6,28.0,28.6,74.4,75.9,88.3,97.3,2.09,38,vegetatif,0
21,68.6,28.5,28.0,72.7,80.2,91.5,100.8,2.07,38,vegetatif,0
22,67.8,27.3,24.7,73.7,81.2,93.7,100.8,1.99,38,vegetatif,0
23,68.0,28.2,25.5,79.2,82.2,93.1,99.6,1.94,38,vegetatif,0
0,67.4,27.3,23.6,79.2,77.7,95.5,103.5,1.94,39,vegetatif,0
1,65.9,25.9,24.4,78.1,77.7,97.3,99.1,1.97,39,vegetatif,0
2,65.4,26.4,24.6,80.1,76.5,98.1,102.1,2.05,39,vegetatif,0
3,64.4,25.4,23.5,79.2,76.9,98.2,106.6,2.23,39,vegetatif,0
4,63.9,24.8,24.4,79.3,78.9,98.3,104.4,2.2,39,vegetatif,0
5,63.0,25.5,23.4,79.1,79.7,101.0,106.6,2.31,39,vegetatif,0
6,72.6,25.4,25.4,78.7,82.4,102.1,108.4,2.26,39,vegetatif,0
7,70.6,24.9,24.8,78.0,87.2,101.8,109.5,2.21,39,vegetatif,5
8,68.5,25.6,27.1,76.9,89.7,103.1,112.5,2.14,39,vegetatif,0
9,66.1,25.6,29.0,66.7,88.5,102.6,113.3,2.21,39,vegetatif,0
10,64.0,26.7,30.4,72.2,88.1,103.0,109.7,2.17,39,vegetatif,0
11,61.2,26.3,31.0,67.7,88.7,103.8,108.2,2.21,39,vegetatif,0
12,71.1,28.3,33.3,64.5,87.0,104.2,108.4,2.21,39,vegetatif,4
13,68.7,27.8,31.7,63.2,91.6,104.5,107.3,2.19,39,vegetatif,0
14,67.2,28.9,31.6,60.8,92.5,105.3,108.7,2.26,39,vegetatif,0
15,76.8,29.9,29.4,66.8,90.2,103.8,113.4,2.34,39,vegetatif,0
16,75.0,29.0,32.7,63.6,85.1,104.3,110.0,2.41,39,vegetatif,0
17,73.3,28.7,30.4,67.8,86.2,99.3,110.4,2.48,39,vegetatif,0
18,72.3,28.3,29.1,67.3,87.8,98.8,107.8,2.29,39,vegetatif,0
19,71.7,29.5,30.3,66.6,87.1,97.1,107.5,2.3,39,vegetatif,0
20,70.8,28.7,29.4,71.9,85.7,98.0,111.6,2.09,39,vegetatif,3
21,69.2,27.9,27.7,73.7,85.9,98.4,113.7,2.02,39,vegetatif,0
22,67.1,27.7,25.6,72.8,82.1,97.7,113.9,2.01,39,vegetatif,0
23,66.3,26.5,26.3,77.5,79.5,91.4,114.8,1.98,39,vegetatif,0
0,65.9,26.6,24.8,80.6,75.8,88.4,109.3,2.09,40,vegetatif,0
1,65.5,26.4,23.8,79.4,77.7,87.1,112.2,2.03,40,vegetatif,0
2,63.3,26.2,25.2,80.1,74.9,85.0,111.9,2.1,40,vegetatif,0
3,61.8,25.7,22.4,78.5,73.3,87.3,110.8,2.13,40,vegetatif,0
4,61.0,25.6,24.5,78.1,72.5,89.1,108.5,2.14,40,vegetatif,0
5,59.4,24.9,24.6,78.8,73.3,89.5,108.8,2.14,40,vegetatif,0
6,69.7,25.3,26.6,78.3,74.0,87.4,109.7,2.01,40,vegetatif,0
7,67.8,25.1,26.3,76.0,74.6,87.4,109.2,2.04,40,vegetatif,0
8,65.6,25.2,25.7,73.0,72.1,85.3,111.6,2.06,40,vegetatif,0
9,62.9,25.6,28.0,75.1,73.6,82.3,114.2,2.13,40,vegetatif,0
10,60.6,26.0,30.1,69.0,75.6,82.8,116.4,2.13,40,vegetatif,0
11,59.0,27.3,31.3,64.1,74.3,82.7,115.7,2.17,40,vegetatif,0
12,68.2,27.6,32.5,62.3,73.7,82.2,118.4,2.17,40,vegetatif,0
13,66.1,27.7,30.4,60.9,71.4,77.7,122.3,2.09,40,vegetatif,3
14,64.1,28.2,31.6,62.4,69.8,80.8,120.0,2.18,40,vegetatif,0
15,74.7,28.9,32.4,65.7,67.3,80.4,121.6,2.21,40,vegetatif,0
16,72.6,28.4,32.5,65.0,64.3,80.7,121.9,2.14,40,vegetatif,0
17,70.1,29.1,32.2,65.4,63.4,76.9,119.5,2.2,40,vegetatif,0
18,69.4,28.5,29.7,69.1,64.3,76.1,121.6,2.26,40,vegetatif,0
19,68.0,27.8,30.1,70.5,65.4,76.0,121.8,2.38,40,vegetatif,0
20,67.7,28.0,29.8,71.8,60.7,76.8,119.2,2.33,40,vegetatif,0
21,66.7,27.3,28.5,72.8,63.7,76.4,117.3,2.47,40,vegetatif,0
22,64.7,27.4,27.3,74.4,67.1,79.3,115.5,2.24,40,vegetatif,0
23,64.4,26.6,26.7,73.6,64.5,80.2,118.1,2.15,40,vegetatif,0
0,63.7,27.0,24.7,74.0,69.1,79.1,112.9,2.13,41,vegetatif,0
1,62.5,26.5,23.6,77.0,68.6,80.0,114.8,2.25,41,vegetatif,0
2,61.2,26.0,25.1,77.9,67.9,84.4,108.7,2.46,41,vegetatif,0
3,60.2,25.4,23.8,78.4,68.6,86.8,105.9,2.34,41,vegetatif,0
4,59.4,25.5,24.0,79.7,70.1,90.5,107.5,2.29,41,vegetatif,0
5,57.9,24.3,23.8,78.7,70.3,88.3,109.3,2.35,41,vegetatif,0
6,67.3,25.3,24.6,75.8,72.7,85.1,109.0,2.3,41,vegetatif,0
7,63.9,24.4,26.2,75.8,70.4,85.2,104.4,2.28,41,vegetatif,0
8,61.5,24.8,26.5,74.0,70.4,87.6,109.3,2.29,41,vegetatif,0
9,60.4,25.7,28.7,69.7,67.5,86.8,107.2,2.25,41,vegetatif,0
10,58.7,26.4,30.2,69.5,65.1,89.7,104.0,2.18,41,vegetatif,0
11,56.8,26.9,31.0,66.4,64.0,90.2,105.9,2.14,41,vegetatif,0
12,65.6,27.3,31.2,65.2,63.0,90.5,104.0,2.23,41,vegetatif,8
13,63.3,27.5,32.6,63.3,64.7,89.9,101.0,2.07,41,vegetatif,0
14,60.9,28.6,33.4,64.9,63.6,86.6,101.1,2.1,41,vegetatif,0
15,71.4,29.4,31.2,65.9,65.9,87.1,101.8,1.98,41,vegetatif,0
16,69.4,29.0,32.2,62.1,64.5,90.5,99.8,1.91,41,vegetatif,0
17,67.6,28.6,31.4,68.6,68.0,86.8,107.5,1.9,41,vegetatif,0
18,66.6,28.4,27.9,67.1,67.4,90.1,108.0,1.84,41,vegetatif,0
19,65.7,29.2,28.6,70.7,72.2,90.9,108.0,1.91,41,vegetatif,0
20,64.5,27.8,27.9,67.0,69.3,88.1,106.9,1.89,41,vegetatif,0
21,62.9,27.6,28.2,72.1,75.0,91.6,102.8,1.97,41,vegetatif,0
22,61.5,28.1,26.9,71.4,76.0,90.8,103.0,1.93,41,vegetatif,0
23,60.7,26.9,26.4,75.7,73.9,90.8,104.8,1.94,41,vegetatif,0
0,59.2,27.0,25.8,77.7,75.5,87.6,105.4,1.99,42,vegetatif,0
1,58.7,26.6,24.0,79.2,75.8,87.8,103.2,2.12,42,vegetatif,0
2,56.8,26.1,23.7,79.3,74.9,89.0,103.8,2.12,42,vegetatif,0
3,56.3,26.1,23.1,77.6,73.8,92.1,102.6,2.19,42,vegetatif,0
4,55.0,25.1,23.9,82.3,72.2,84.9,105.3,2.36,42,vegetatif,0
5,52.6,25.7,24.1,77.1,74.0,84.2,104.8,2.36,42,vegetatif,0
6,61.5,24.8,25.1,77.5,72.9,81.6,106.3,2.57,42,vegetatif,0
7,58.9,25.1,25.4,74.6,71.9,81.3,104.1,2.54,42,vegetatif,0
8,56.3,24.6,28.0,72.3,72.2,80.6,102.0,2.53,42,vegetatif,0
9,54.5,26.0,29.4,68.1,69.4,84.8,100.7,2.81,42,vegetatif,2
10,53.3,27.0,31.2,70.0,68.8,86.8,100.1,2.92,42,vegetatif,0
11,50.9,26.9,31.6,67.2,69.8,86.0,95.5,2.84,42,vegetatif,0
12,59.8,27.1,31.9,64.6,69.5,85.8,94.1,2.85,42,vegetatif,0
13,57.3,28.1,32.5,63.7,69.8,83.7,95.2,2.85,42,vegetatif,0
14,55.8,28.2,32.4,62.4,65.2,85.5,92.2,2.9,42,vegetatif,0
15,65.6,28.2,31.1,64.5,63.1,83.5,97.7,2.89,42,vegetatif,0
16,64.2,28.8,32.3,63.9,60.5,82.5,97.0,2.76,42,vegetatif,0
17,62.0,29.0,32.1,66.8,60.7,84.5,96.1,2.73,42,vegetatif,0
18,61.2,28.8,31.6,68.7,60.7,84.8,94.2,2.67,42,vegetatif,0
19,60.3,28.4,29.3,69.1,60.9,86.4,88.5,2.75,42,vegetatif,8
20,59.8,28.8,28.7,71.9,65.7,87.9,88.3,2.86,42,vegetatif,0
21,59.5,27.5,27.9,73.9,64.7,88.0,94.2,2.98,42,vegetatif,0
22,58.7,28.0,26.8,75.9,64.8,91.0,89.9,2.87,42,vegetatif,0
23,57.6,27.2,26.5,79.6,65.5,89.5,87.1,2.85,42,vegetatif,0
0,57.1,26.4,25.2,74.8,66.7,87.9,86.7,3.01,43,vegetatif,0
1,56.3,26.2,24.6,76.3,67.8,90.8,88.5,3.08,43,vegetatif,0
2,55.8,25.6,25.8,77.1,68.3,94.2,89.3,3.16,43,vegetatif,0
3,55.2,25.8,24.2,79.5,67.3,96.2,86.9,3.1,43,vegetatif,0
4,55.1,25.8,24.1,77.1,65.8,95.4,90.9,3.27,43,vegetatif,0
5,54.9,25.1,24.9,78.6,65.5,96.6,88.2,3.07,43,vegetatif,0
6,64.7,25.1,25.1,79.6,65.6,96.4,87.8,3.09,43,vegetatif,0
7,62.1,24.7,26.2,77.3,63.3,93.1,90.5,2.78,43,vegetatif,0
8,59.6,25.1,27.3,76.3,63.4,94.6,92.4,2.74,43,vegetatif,0
9,59.3,26.0,27.7,72.1,63.0,94.6,93.1,2.8,43,vegetatif,0
10,56.3,25.4,30.0,69.8,62.4,91.7,94.3,2.78,43,vegetatif,0
11,54.2,26.2,30.2,64.9,64.3,89.5,94.2,2.74,43,vegetatif,3
12,64.2,27.0,31.9,63.8,64.2,89.4,95.1,2.67,43,vegetatif,8
13,61.9,28.1,31.1,65.6,64.4,89.4,94.3,2.65,43,vegetatif,0
14,58.6,28.2,32.6,65.7,65.3,89.7,93.7,2.6,43,vegetatif,0
15,69.0,28.9,32.3,61.2,62.6,93.1,93.4,2.51,43,vegetatif,0
16,67.5,28.6,31.5,63.0,61.3,89.2,92.2,2.48,43,vegetatif,0
17,66.4,28.9,30.6,64.9,62.6,89.6,93.4,2.49,43,vegetatif,0
18,65.3,29.1,30.3,66.5,62.4,93.4,97.1,2.36,43,vegetatif,0
19,65.0,27.5,27.7,71.9,61.1,92.2,97.6,2.47,43,vegetatif,0
20,64.1,28.0,27.5,74.4,63.6,93.3,101.3,2.37,43,vegetatif,0
21,62.0,27.9,27.5,73.4,65.0,91.4,101.7,2.37,43,vegetatif,0
22,60.9,27.5,27.0,75.1,62.7,91.3,102.1,2.55,43,vegetatif,0
23,59.5,27.0,25.9,79.5,64.0,90.0,101.4,2.66,43,vegetatif,0
0,58.4,26.3,24.5,78.2,64.6,87.2,100.1,2.61,44,vegetatif,0
1,57.6,27.2,24.9,79.5,63.2,89.2,97.8,2.61,44,vegetatif,0
2,56.7,25.8,24.0,80.0,63.4,90.4,97.2,2.4,44,vegetatif,0
3,56.2,25.5,23.2,80.5,65.1,86.0,99.4,2.38,44,vegetatif,0
4,55.9,25.6,24.3,82.4,65.5,87.6,102.9,2.22,44,vegetatif,0
5,56.0,24.6,24.1,80.8,66.2,87.2,106.1,2.27,44,vegetatif,0
6,66.2,24.9,25.9,78.3,67.7,88.1,105.3,2.31,44,vegetatif,0
7,64.0,25.0,26.5,75.3,69.2,86.3,103.1,2.28,44,vegetatif,0
8,61.8,25.1,27.9,73.9,69.0,91.0,101.3,2.31,44,vegetatif,0
9,61.1,25.7,29.0,67.6,66.5,89.9,100.4,2.32,44,vegetatif,0
10,58.5,25.6,29.3,68.8,67.3,91.0,106.4,2.19,44,vegetatif,0
11,57.5,26.7,30.3,66.1,68.8,90.2,102.4,2.22,44,vegetatif,0
12,67.1,27.8,30.6,65.1,68.7,88.3,102.1,2.23,44,vegetatif,0
13,65.2,27.6,34.3,61.9,66.6,89.6,100.0,2.29,44,vegetatif,0
14,64.1,28.5,31.0,65.0,67.5,89.9,101.7,2.22,44,vegetatif,0
15,74.1,29.2,31.5,65.0,69.4,90.5,98.6,2.1,44,vegetatif,0
16,71.3,28.8,30.9,65.5,68.7,90.8,101.3,2.08,44,vegetatif,0
17,68.3,29.7,30.5,67.3,69.6,91.1,100.8,2.16,44,vegetatif,0
18,66.6,28.6,29.5,66.5,70.5,90.2,105.9,2.11,44,vegetatif,0
19,65.7,28.6,27.7,66.9,74.8,91.6,106.2,1.95,44,vegetatif,0
20,64.1,28.3,27.6,72.0,74.2,90.7,106.5,1.73,44,vegetatif,0
21,63.3,28.1,26.5,68.9,76.2,92.3,107.0,1.81,44,vegetatif,0
22,62.5,27.4,26.7,75.5,73.8,93.3,110.0,1.85,44,vegetatif,0
23,63.0,27.7,25.5,79.7,71.8,90.1,111.8,1.95,44,vegetatif,0
0,61.8,26.5,24.8,78.0,71.9,89.8,112.9,1.98,45,vegetatif,0
1,60.7,26.2,24.9,80.0,72.2,89.0,112.7,1.99,45,vegetatif,0
2,59.0,26.6,23.9,82.2,69.3,86.3,110.1,1.99,45,vegetatif,0
3,56.9,25.8,24.8,81.7,69.8,88.0,109.5,2.14,45,vegetatif,0
4,54.8,25.4,23.7,84.1,66.9,88.2,111.5,2.15,45,vegetatif,0
5,54.4,25.3,24.4,77.9,69.9,89.8,111.1,2.15,45,vegetatif,8
6,64.1,25.6,23.9,77.5,69.3,85.7,108.5,2.01,45,vegetatif,0
7,62.6,25.4,26.5,76.9,72.5,83.4,108.4,2.1,45,vegetatif,0
8,59.5,24.8,27.0,70.5,67.9,84.3,109.1,2.06,45,vegetatif,2
9,58.8,25.2,29.0,70.6,70.4,80.1,106.0,2.23,45,vegetatif,0
10,56.6,25.8,30.3,68.1,71.9,80.6,106.9,2.22,45,vegetatif,0
11,55.0,27.7,30.9,68.2,72.9,80.5,107.4,2.15,45,vegetatif,0
12,64.7,27.2,31.9,66.4,72.3,79.4,103.3,2.29,45,vegetatif,0
13,63.3,27.7,31.7,65.4,70.3,78.2,103.7,2.26,45,vegetatif,0
14,62.1,28.9,33.0,65.4,69.7,80.7,100.5,2.13,45,vegetatif,0
15,70.9,28.2,32.4,64.8,69.4,84.9,99.1,2.19,45,vegetatif,0
16,69.3,28.9,31.6,66.1,71.2,82.5,100.2,2.08,45,vegetatif,0
17,66.8,28.5,29.7,68.0,71.5,82.3,97.5,2.16,45,vegetatif,0
18,66.4,28.7,29.1,69.8,71.3,83.7,95.8,2.18,45,vegetatif,0
19,66.1,28.7,28.7,68.2,72.1,86.7,92.5,2.25,45,vegetatif,0
20,64.8,28.2,28.2,72.0,69.5,85.0,92.6,2.3,45,vegetatif,0
21,63.1,28.2,27.9,72.7,69.3,86.1,90.5,2.4,45,vegetatif,0
22,62.4,28.2,26.0,75.0,69.3,86.3,90.3,2.44,45,vegetatif,0
23,61.3,27.1,26.9,78.1,67.3,84.2,92.1,2.37,45,vegetatif,0
0,60.3,27.1,25.3,76.9,69.9,86.1,91.0,2.41,46,vegetatif,0
1,59.8,26.1,23.2,76.8,69.3,86.6,89.6,2.47,46,vegetatif,0
2,59.8,26.2,24.0,77.7,65.5,89.8,89.4,2.47,46,vegetatif,0
3,58.8,25.6,22.0,78.8,63.9,88.0,86.4,2.43,46,vegetatif,0
4,58.0,26.0,23.4,81.1,67.3,87.4,86.4,2.38,46,vegetatif,0
5,56.3,24.9,23.8,79.2,67.1,87.6,85.0,2.46,46,vegetatif,0
6,66.4,25.0,24.4,77.1,70.2,89.9,91.5,2.44,46,vegetatif,0
7,65.4,25.0,25.7,77.4,67.8,89.7,89.5,2.34,46,vegetatif,0
8,64.0,25.4,27.0,73.7,65.7,93.4,92.4,2.39,46,vegetatif,0
9,62.3,25.4,28.2,71.9,65.7,89.3,96.2,2.32,46,vegetatif,0
10,59.8,25.5,31.2,71.9,68.7,90.5,96.2,2.36,46,vegetatif,0
11,58.5,26.0,32.0,69.3,69.1,86.2,96.1,2.3,46,vegetatif,0
12,68.9,27.6,30.8,65.1,68.7,87.5,94.7,2.31,46,vegetatif,0
13,67.7,27.6,33.0,64.6,66.3,86.9,96.0,2.25,46,vegetatif,0
14,66.1,28.7,30.6,66.2,66.4,87.3,94.3,2.11,46,vegetatif,0
15,76.5,29.1,31.0,67.0,66.6,86.2,92.8,1.94,46,vegetatif,0
16,74.6,29.0,32.5,64.9,66.7,87.3,94.2,1.88,46,vegetatif,0
17,73.3,29.3,28.9,64.4,66.7,84.9,96.8,1.86,46,vegetatif,0
18,71.8,28.0,30.5,69.6,70.4,89.9,99.9,1.92,46,vegetatif,0
19,69.9,28.5,28.2,69.9,72.0,92.7,101.6,1.77,46,vegetatif,0
20,68.3,28.4,28.3,72.3,71.9,88.4,102.0,1.85,46,vegetatif,0
21,66.8,28.7,27.4,73.8,72.5,89.2,99.0,1.75,46,vegetatif,2
22,65.4,27.3,28.1,73.2,71.7,86.9,102.4,1.65,46,vegetatif,0
23,64.7,27.5,25.4,75.1,71.4,84.2,102.9,1.7,46,vegetatif,0
0,63.5,26.8,25.3,79.3,71.6,81.2,98.3,1.66,47,vegetatif,0
1,62.4,26.0,25.3,78.2,71.6,83.2,102.8,1.83,47,vegetatif,0
2,60.8,26.0,24.1,77.9,68.7,80.8,101.3,1.76,47,vegetatif,0
3,60.7,25.0,23.4,79.3,69.1,79.5,100.9,1.64,47,vegetatif,0
4,59.3,25.3,24.0,80.7,66.6,80.1,107.3,1.56,47,vegetatif,0
5,58.9,25.8,24.3,78.6,68.1,80.5,105.4,1.45,47,vegetatif,0
6,68.1,24.3,25.6,81.3,71.3,82.2,107.2,1.63,47,vegetatif,0
7,66.3,24.5,25.2,77.5,72.4,80.4,110.4,1.71,47,vegetatif,0
8,64.4,25.0,26.9,70.7,72.4,79.6,110.3,1.81,47,vegetatif,0
9,61.8,25.2,29.0,71.0,69.7,81.6,111.5,2.01,47,vegetatif,0
10,60.5,25.9,29.9,70.8,71.8,78.7,111.1,2.12,47,vegetatif,0
11,58.5,26.7,30.9,71.8,72.0,77.2,112.7,2.13,47,vegetatif,0
12,69.5,27.2,31.7,63.6,68.5,80.8,112.4,2.05,47,vegetatif,0
13,67.7,28.1,31.4,64.0,70.7,74.9,115.2,2.15,47,vegetatif,0
14,65.1,28.5,31.3,61.7,71.2,75.4,118.4,2.15,47,vegetatif,0
15,75.0,29.4,32.0,65.7,73.1,77.8,120.4,2.12,47,vegetatif,1
16,73.1,29.3,30.4,66.4,71.6,78.1,123.0,1.93,47,vegetatif,0
17,71.8,28.9,31.6,67.2,67.5,78.8,118.6,1.96,47,vegetatif,0
18,70.3,28.8,30.2,66.0,70.3,77.3,112.9,1.89,47,vegetatif,0
19,69.5,28.7,28.2,70.9,68.0,77.2,111.6,1.71,47,vegetatif,0
20,68.9,28.3,28.6,74.5,65.7,80.2,110.0,1.76,47,vegetatif,0
21,68.7,28.1,27.7,75.3,67.8,82.3,108.7,1.75,47,vegetatif,0
22,67.1,27.5,27.4,75.1,68.0,83.0,108.2,1.77,47,vegetatif,0
23,65.6,27.8,26.9,75.9,66.8,84.9,109.8,2.08,47,vegetatif,0
0,64.4,27.0,25.0,79.0,66.5,83.4,108.8,2.14,48,vegetatif,0
1,63.2,25.9,24.2,78.2,65.2,84.9,109.5,2.01,48,vegetatif,0
2,62.4,25.8,23.9,74.8,67.7,81.1,112.3,1.9,48,vegetatif,0
3,62.1,25.4,23.3,76.7,64.8,74.8,110.4,1.85,48,vegetatif,0
4,60.8,24.7,23.4,82.5,69.4,73.5,109.7,2.09,48,vegetatif,0
5,60.3,25.8,24.5,81.9,67.0,70.8,113.4,1.95,48,vegetatif,0
6,69.7,25.4,24.9,77.9,69.0,74.2,112.9,1.91,48,vegetatif,0
7,67.4,25.0,25.6,74.6,68.5,75.4,115.6,1.92,48,vegetatif,0
8,65.1,24.9,26.7,72.8,67.1,74.7,116.6,1.99,48,vegetatif,0
9,62.3,25.8,29.0,68.3,67.4,78.0,114.3,2.0,48,vegetatif,0
10,59.4,25.4,29.6,67.5,68.8,79.3,114.3,2.05,48,vegetatif,0
11,58.2,26.8,30.2,69.0,68.5,82.3,116.4,1.92,48,vegetatif,0
12,67.8,27.5,31.6,63.4,67.3,78.8,114.2,2.07,48,vegetatif,0
13,65.6,28.6,31.8,62.6,68.5,77.3,112.7,2.06,48,vegetatif,0
14,64.4,28.4,31.1,61.8,68.8,79.9,115.2,1.95,48,vegetatif,0
15,74.1,28.6,32.3,65.1,70.4,83.2,116.9,1.89,48,vegetatif,0
16,72.4,29.8,31.9,63.8,70.1,80.9,117.3,2.08,48,vegetatif,0
17,70.3,29.1,30.7,67.8,71.3,80.2,115.5,2.13,48,vegetatif,0
18,70.1,29.4,30.1,67.4,69.2,81.1,118.2,2.18,48,vegetatif,0
19,69.8,28.5,29.7,72.6,68.4,83.3,115.9,2.21,48,vegetatif,0
20,68.9,28.0,28.4,72.2,68.3,85.1,110.6,2.33,48,vegetatif,0
21,67.8,27.9,28.3,73.7,68.4,87.7,108.6,2.38,48,vegetatif,0
22,67.0,27.9,28.1,71.9,66.2,87.7,112.5,2.45,48,vegetatif,0
23,66.8,28.3,26.1,76.0,69.3,86.9,110.5,2.4,48,vegetatif,0
0,65.8,26.6,25.7,77.9,70.0,89.3,107.4,2.12,49,vegetatif,0
1,65.1,26.6,25.5,79.1,68.0,88.4,105.2,2.22,49,vegetatif,0
2,64.3,25.8,24.1,79.9,66.5,92.0,101.6,2.18,49,vegetatif,0
3,63.9,26.2,23.2,80.0,69.1,89.8,98.7,2.25,49,vegetatif,0
4,62.8,25.9,24.7,77.9,68.5,91.0,102.3,2.29,49,vegetatif,0
5,61.9,25.3,23.0,75.2,71.3,87.1,99.3,2.35,49,vegetatif,0
6,70.7,25.2,26.4,76.1,71.9,86.9,99.6,2.4,49,vegetatif,0
7,68.1,25.3,26.7,77.8,73.9,88.2,105.1,2.46,49,vegetatif,0
8,66.5,23.9,27.5,74.8,75.8,90.1,105.3,2.39,49,vegetatif,0
9,65.0,26.0,28.7,72.7,78.6,88.4,102.9,2.48,49,vegetatif,0
10,63.5,27.1,31.4,68.6,80.3,87.6,107.3,2.33,49,vegetatif,0
11,60.6,26.8,30.3,66.3,81.1,84.9,109.1,2.24,49,vegetatif,0
12,70.1,26.9,30.8,64.5,78.1,89.6,110.9,2.26,49,vegetatif,0
13,68.2,27.8,31.5,60.9,81.7,88.0,110.9,2.17,49,vegetatif,0
14,67.0,28.6,31.7,64.5,80.6,84.7,107.2,2.25,49,vegetatif,0
15,76.3,29.8,30.8,63.5,81.3,82.2,107.2,2.35,49,vegetatif,0
16,74.1,29.4,31.4,64.4,81.5,81.0,109.2,2.36,49,vegetatif,0
17,71.2,29.4,30.8,64.9,81.7,81.1,107.8,2.23,49,vegetatif,0
18,69.4,28.9,29.3,67.9,80.3,84.7,106.8,2.23,49,vegetatif,0
19,68.7,28.5,30.5,71.2,79.1,82.9,105.4,2.14,49,vegetatif,0
20,68.0,28.6,27.3,72.6,79.3,82.7,106.5,2.4,49,vegetatif,0
21,65.2,29.2,26.6,71.1,78.1,79.3,104.2,2.3,49,vegetatif,0
22,64.5,27.4,27.1,74.9,79.0,81.7,104.9,2.29,49,vegetatif,0
23,63.5,27.1,25.8,75.9,78.3,79.8,110.0,2.15,49,vegetatif,0
0,61.8,27.2,25.7,73.7,78.4,82.2,114.0,1.99,50,vegetatif,0
1,60.3,27.0,24.3,80.2,79.1,78.3,110.7,2.09,50,vegetatif,0
2,59.0,26.0,23.5,78.1,80.4,75.8,114.8,1.98,50,vegetatif,0
3,57.8,25.3,23.6,80.9,80.3,79.6,115.1,1.88,50,vegetatif,0
4,56.7,24.8,23.5,78.6,80.8,78.9,113.5,1.93,50,vegetatif,0
5,55.5,25.5,24.7,80.9,78.6,78.0,114.7,1.74,50,vegetatif,0
6,65.9,24.6,24.6,80.4,77.1,79.2,115.1,1.68,50,vegetatif,0
7,64.3,25.3,26.6,76.5,76.1,81.0,117.9,1.76,50,vegetatif,0
8,61.6,25.0,27.8,74.4,77.9,82.9,117.3,1.84,50,vegetatif,0
9,59.7,25.8,29.5,69.4,75.1,82.6,114.5,1.78,50,vegetatif,0
10,56.7,26.7,30.7,67.4,69.4,82.7,115.3,1.85,50,vegetatif,0
11,54.1,27.2,31.7,63.9,70.3,83.1,117.1,1.83,50,vegetatif,0
12,64.8,28.0,32.4,66.4,71.5,81.0,118.3,1.9,50,vegetatif,0
13,62.0,27.8,31.6,66.1,69.5,79.0,120.2,1.77,50,vegetatif,0
14,59.3,28.3,31.7,63.3,68.0,80.2,120.6,1.96,50,vegetatif,0
15,70.5,29.3,30.2,64.8,70.2,78.5,119.5,1.94,50,vegetatif,0
16,68.5,28.4,31.5,64.3,70.1,77.4,118.4,1.99,50,vegetatif,0
17,66.5,29.5,30.1,64.3,69.5,77.8,120.4,1.86,50,vegetatif,0
18,65.2,28.4,30.3,67.1,72.5,76.7,119.7,1.93,50,vegetatif,0
19,64.4,28.6,29.7,67.4,71.4,73.3,119.9,2.02,50,vegetatif,0
20,64.3,28.5,27.3,67.7,74.3,72.2,119.4,2.12,50,vegetatif,0
21,63.8,27.6,26.8,73.4,74.7,73.7,117.8,2.15,50,vegetatif,0
22,62.4,27.8,26.5,72.7,74.2,75.4,119.6,2.34,50,vegetatif,0
23,61.6,27.1,25.6,75.9,69.8,74.5,120.8,2.27,50,vegetatif,0
0,60.6,26.7,25.5,72.6,68.8,75.2,121.5,2.29,51,vegetatif,0
1,59.6,26.9,23.8,78.6,69.3,75.6,123.5,2.29,51,vegetatif,0
2,59.3,25.8,24.4,78.1,64.8,72.3,120.9,2.42,51,vegetatif,0
3,58.8,26.0,22.7,78.7,65.4,69.7,121.6,2.32,51,vegetatif,0
4,58.1,25.8,22.3,81.6,64.9,71.5,121.6,2.23,51,vegetatif,0
5,57.1,25.9,24.8,79.3,64.9,76.6,121.1,2.24,51,vegetatif,0
6,67.0,24.6,23.9,78.7,63.3,79.7,122.4,2.16,51,vegetatif,0
7,65.7,25.4,25.6,76.1,63.2,80.4,122.6,2.01,51,vegetatif,0
8,64.8,25.5,26.2,74.3,59.5,74.2,123.7,2.29,51,vegetatif,1
9,62.7,25.4,27.6,69.2,56.8,76.6,118.7,2.39,51,vegetatif,1
10,61.2,25.6,29.7,68.0,55.6,79.0,116.5,2.23,51,vegetatif,1
11,59.4,26.2,30.7,65.5,54.1,78.1,113.7,2.24,51,vegetatif,1
12,69.7,27.7,32.5,65.8,53.4,79.1,114.0,2.22,51,vegetatif,1
13,68.1,28.4,32.4,63.0,54.7,80.1,113.4,2.38,51,vegetatif,1
14,66.4,29.1,31.7,65.5,51.6,78.2,111.7,2.28,51,vegetatif,1
15,76.8,28.9,32.3,65.6,53.0,81.7,113.9,2.37,51,vegetatif,1
16,74.8,28.9,32.1,64.5,53.4,81.3,110.8,2.2,51,vegetatif,1
17,72.8,28.0,31.0,68.0,52.5,82.2,110.5,2.22,51,vegetatif,1
18,71.9,28.7,29.7,67.3,53.7,83.8,109.8,2.22,51,vegetatif,1
19,70.4,28.9,30.1,68.4,53.2,84.3,109.5,2.3,51,vegetatif,1
20,69.1,27.9,29.8,69.7,51.1,87.8,111.2,2.22,51,vegetatif,1
21,69.1,27.8,28.1,70.9,53.2,88.0,111.0,2.22,51,vegetatif,8
22,68.5,27.9,28.2,75.0,52.7,87.4,110.9,2.21,51,vegetatif,1
23,66.1,27.4,26.7,75.6,54.1,89.3,117.7,2.27,51,vegetatif,1
0,65.3,26.8,26.0,76.8,54.3,91.7,119.3,2.34,52,vegetatif,3
1,64.3,25.6,23.9,80.0,52.1,93.2,120.1,2.36,52,vegetatif,1
2,62.2,25.7,23.5,80.9,54.7,92.4,116.5,2.34,52,vegetatif,1
3,61.6,25.2,24.0,80.0,54.7,89.5,120.4,2.35,52,vegetatif,1
4,60.9,25.9,22.7,76.5,56.0,92.2,122.3,2.2,52,vegetatif,1
5,58.9,24.6,23.8,80.4,53.7,93.9,124.2,2.14,52,vegetatif,1
6,68.7,25.2,25.6,74.6,54.3,89.6,124.4,2.12,52,vegetatif,1
7,66.2,25.3,25.5,74.4,53.3,92.3,124.7,2.15,52,vegetatif,1
8,63.6,25.3,27.7,73.1,54.1,87.6,125.0,2.26,52,vegetatif,1
9,62.5,25.3,27.6,73.4,52.9,83.1,124.3,2.27,52,vegetatif,1
10,60.3,26.8,29.6,63.5,54.5,87.7,126.6,2.32,52,vegetatif,1
11,58.7,26.3,31.9,63.1,53.1,87.7,128.4,2.43,52,vegetatif,1
12,68.2,27.2,31.9,63.2,56.6,89.3,124.1,2.33,52,vegetatif,1
13,66.0,28.3,32.2,65.2,56.4,91.3,126.6,2.29,52,vegetatif,1
14,63.9,28.7,33.3,61.2,57.0,90.1,124.5,2.16,52,vegetatif,1
15,74.3,28.7,32.7,63.3,55.6,89.5,124.3,2.24,52,vegetatif,1
16,72.5,28.7,30.5,67.7,57.2,90.5,121.5,2.27,52,vegetatif,1
17,68.6,29.0,31.7,68.2,58.0,89.0,119.3,2.43,52,vegetatif,1
18,67.4,27.9,29.5,66.9,58.2,91.3,117.7,2.38,52,vegetatif,1
19,66.6,27.9,29.2,71.4,57.9,88.3,117.8,2.46,52,vegetatif,1
20,64.5,28.6,28.4,71.3,54.0,90.7,118.0,2.55,52,vegetatif,1
21,62.6,27.0,28.4,71.2,56.8,89.9,119.2,2.63,52,vegetatif,1
22,60.6,27.4,25.9,73.2,58.5,89.4,122.0,2.47,52,vegetatif,1
23,58.6,27.2,26.4,74.9,58.7,87.8,116.0,2.66,52,vegetatif,1
0,56.6,26.5,25.7,75.4,59.1,87.8,118.5,2.61,53,vegetatif,1
1,54.8,26.2,25.4,79.3,58.3,87.7,118.8,2.46,53,vegetatif,7
2,53.5,26.2,24.2,81.1,58.2,87.1,116.9,2.3,53,vegetatif,1
3,51.5,25.5,24.9,77.2,60.1,88.1,119.1,2.2,53,vegetatif,0
4,50.2,24.4,23.4,81.2,58.2,83.9,117.2,2.27,53,vegetatif,1
5,49.2,25.4,25.2,77.6,53.4,83.9,117.7,2.27,53,vegetatif,1
6,60.9,25.1,25.2,78.0,50.5,86.7,119.5,2.16,53,vegetatif,1
7,58.2,25.0,24.9,76.5,54.0,87.8,121.6,2.14,53,vegetatif,1
8,56.7,24.8,27.6,75.2,55.5,86.1,118.6,2.11,53,vegetatif,1
9,53.4,24.7,28.8,70.6,55.1,82.4,113.1,2.34,53,vegetatif,1
10,51.9,26.8,29.7,68.4,54.5,81.9,113.7,2.42,53,vegetatif,1
11,49.5,26.6,30.5,68.8,56.6,81.6,113.3,2.6,53,vegetatif,1
12,59.9,27.7,31.6,67.4,58.9,82.7,112.0,2.68,53,vegetatif,1
13,58.1,28.2,30.8,65.9,57.5,86.0,112.9,2.63,53,vegetatif,1
14,55.9,28.5,33.3,65.5,60.3,85.4,113.1,2.74,53,vegetatif,0
15,65.7,29.5,30.8,65.6,60.7,85.7,111.8,2.65,53,vegetatif,0
16,64.1,29.5,30.7,68.5,58.6,83.2,110.9,2.63,53,vegetatif,1
17,61.7,29.4,31.6,68.0,57.3,84.7,111.9,2.5,53,vegetatif,1
18,61.5,28.5,30.5,66.8,59.1,85.0,111.0,2.52,53,vegetatif,1
19,61.2,28.2,29.8,69.7,58.1,84.0,108.3,2.37,53,vegetatif,1
20,60.7,28.8,29.6,71.9,57.5,85.7,110.2,2.48,53,vegetatif,1
21,59.6,28.1,27.3,70.3,59.9,88.3,109.2,2.41,53,vegetatif,1
22,57.7,27.6,25.9,73.4,61.9,91.5,113.6,2.33,53,vegetatif,0
23,57.5,26.9,26.7,79.1,62.8,88.8,114.3,2.29,53,vegetatif,0
0,56.8,26.2,26.0,75.3,64.7,94.1,116.8,2.12,54,vegetatif,0
1,55.3,26.8,24.5,79.4,67.8,88.1,116.1,2.14,54,vegetatif,0
2,54.4,26.0,23.3,79.9,68.6,91.9,118.6,2.01,54,vegetatif,0
3,53.2,25.3,25.1,81.6,67.6,93.9,119.7,2.12,54,vegetatif,0
4,51.6,25.3,24.5,78.6,67.9,93.4,119.1,2.35,54,vegetatif,0
5,50.4,24.7,23.1,78.1,69.7,94.1,118.6,2.4,54,vegetatif,0
6,59.9,24.8,25.6,78.2,69.1,91.6,119.4,2.38,54,vegetatif,0
7,58.1,24.7,24.8,74.9,69.9,95.0,120.5,2.32,54,vegetatif,0
8,56.2,25.3,26.9,76.2,67.7,90.6,121.7,2.44,54,vegetatif,0
9,54.1,25.6,27.8,70.9,67.1,87.6,121.8,2.49,54,vegetatif,0
10,51.9,25.9,29.5,69.5,68.7,86.7,120.0,2.46,54,vegetatif,0
11,50.3,27.4,30.4,64.1,70.7,84.7,117.6,2.45,54,vegetatif,0
12,59.7,27.4,31.3,65.5,65.3,85.6,118.4,2.54,54,vegetatif,0
13,57.8,27.8,32.6,68.5,64.4,85.5,119.1,2.55,54,vegetatif,0
14,54.7,28.7,32.1,64.1,63.8,85.0,117.6,2.43,54,vegetatif,0
15,64.9,29.2,32.2,62.7,62.5,84.2,117.7,2.44,54,vegetatif,0
16,63.4,28.5,32.1,67.6,65.5,79.1,118.5,2.33,54,vegetatif,0
17,60.6,29.7,30.4,65.8,67.1,80.2,116.2,2.33,54,vegetatif,0
18,60.1,28.9,30.1,65.7,66.7,82.0,117.3,2.44,54,vegetatif,0
19,59.6,28.4,29.7,67.5,66.2,84.5,114.4,2.41,54,vegetatif,0
20,59.1,28.8,29.8,69.0,67.9,85.8,114.1,2.46,54,vegetatif,0
21,58.1,28.3,28.3,73.8,66.8,86.7,115.7,2.6,54,vegetatif,0
22,57.6,28.4,27.9,72.9,66.7,86.2,117.7,2.7,54,vegetatif,0
23,57.3,27.6,26.8,74.4,69.2,91.0,116.8,2.59,54,vegetatif,0
0,56.5,26.5,26.2,76.7,69.3,90.1,117.8,2.57,55,vegetatif,0
1,56.3,26.4,23.3,79.2,68.7,84.8,116.3,2.76,55,vegetatif,0
2,55.5,26.0,25.1,80.9,65.9,82.8,116.4,2.87,55,vegetatif,0
3,54.2,26.0,24.3,82.0,64.8,87.8,118.0,2.83,55,vegetatif,0
4,52.8,24.7,24.0,79.4,66.3,85.4,118.4,2.89,55,vegetatif,0
5,52.3,25.4,23.8,81.3,67.3,86.0,116.2,2.94,55,vegetatif,0
6,62.9,24.9,24.6,76.7,71.3,82.9,113.9,2.91,55,vegetatif,0
7,60.5,24.5,26.3,79.1,73.0,80.7,116.4,2.79,55,vegetatif,0
8,58.4,24.6,28.0,74.5,70.0,80.4,117.2,2.86,55,vegetatif,0
9,56.2,25.1,27.5,71.1,68.2,78.2,116.8,2.75,55,vegetatif,0
10,54.8,26.2,30.2,65.1,69.3,78.2,116.9,2.68,55,vegetatif,0
11,51.9,26.9,30.6,67.6,71.0,80.8,118.5,2.68,55,vegetatif,0
12,62.8,27.4,31.0,63.6,68.8,79.8,116.8,2.55,55,vegetatif,0
13,61.0,28.4,32.3,62.9,68.2,81.3,116.5,2.64,55,vegetatif,0
14,58.0,28.3,31.6,62.7,67.1,85.3,111.5,2.45,55,vegetatif,0
15,67.4,29.1,31.1,63.6,64.7,89.0,110.4,2.53,55,vegetatif,0
16,65.2,29.2,30.6,66.4,64.8,90.8,107.9,2.68,55,vegetatif,0
17,63.0,28.9,30.9,67.4,64.0,91.8,105.4,2.67,55,vegetatif,0
18,62.0,28.5,30.0,68.1,65.9,89.0,105.7,2.48,55,vegetatif,3
19,61.1,28.3,28.4,72.9,71.1,89.5,108.6,2.46,55,vegetatif,0
20,59.7,28.0,27.7,68.9,71.4,88.2,108.7,2.54,55,vegetatif,0
21,59.7,28.1,27.4,73.4,68.1,89.3,109.6,2.48,55,vegetatif,0
22,58.8,27.6,27.1,72.1,70.0,87.0,110.1,2.33,55,vegetatif,0
23,57.6,26.6,25.2,77.0,70.8,86.0,111.7,2.23,55,vegetatif,0
0,57.2,27.0,25.7,78.4,69.2,84.2,115.2,2.17,56,berbunga,1
1,55.5,26.6,24.1,78.7,67.1,83.7,117.1,2.1,56,berbunga,1
2,55.3,25.6,26.5,80.2,68.0,86.1,118.2,2.2,56,berbunga,1
3,53.6,26.0,23.3,80.9,66.8,86.5,120.3,2.12,56,berbunga,1
4,53.7,25.7,23.4,80.9,70.6,90.3,117.5,2.07,56,berbunga,0
5,51.7,25.2,24.4,77.0,71.6,87.8,119.7,1.89,56,berbunga,0
6,61.3,24.9,24.2,79.7,73.1,87.2,113.2,1.95,56,berbunga,0
7,59.1,25.5,26.7,79.1,73.2,86.9,110.2,1.75,56,berbunga,0
8,57.6,25.1,28.7,75.4,72.8,87.0,113.5,1.67,56,berbunga,0
9,55.7,26.1,28.4,70.1,73.7,87.7,111.8,1.78,56,berbunga,0
10,54.8,26.0,30.1,71.5,76.9,88.1,110.9,1.68,56,berbunga,0
11,52.8,25.3,30.6,66.3,78.7,86.2,110.3,1.75,56,berbunga,0
12,62.7,26.9,31.8,66.6,79.2,86.0,108.6,1.87,56,berbunga,0
13,61.5,28.3,33.1,65.2,80.7,85.6,107.0,1.99,56,berbunga,0
14,60.4,28.7,32.6,66.8,80.5,84.6,105.3,2.11,56,berbunga,6
15,69.6,29.2,30.9,61.8,80.1,88.1,101.5,2.29,56,berbunga,3
16,68.4,29.4,32.5,64.1,79.8,88.6,101.0,2.51,56,berbunga,3
17,67.2,29.6,31.6,67.6,76.6,88.2,99.2,2.46,56,berbunga,3
18,65.4,28.7,30.4,67.6,77.3,85.1,93.3,2.55,56,berbunga,3
19,64.7,29.0,28.7,68.9,76.4,88.8,95.6,2.64,56,berbunga,3
20,63.4,28.6,28.5,73.9,75.4,88.9,94.1,2.5,56,berbunga,3
21,61.5,27.7,26.9,71.8,74.2,87.1,93.8,2.46,56,berbunga,3
22,61.0,27.9,27.1,75.0,73.9,87.3,94.4,2.35,56,berbunga,3
23,60.6,27.6,25.7,76.7,72.0,88.1,92.9,2.45,56,berbunga,3
0,59.8,27.2,23.5,76.9,72.7,87.9,94.2,2.42,57,berbunga,3
1,58.3,27.1,25.5,74.3,71.8,87.6,95.4,2.56,57,berbunga,3
2,58.1,27.0,24.5,76.0,71.8,90.2,96.8,2.54,57,berbunga,3
3,57.1,25.7,25.0,79.4,72.7,93.1,96.5,2.36,57,berbunga,3
4,56.3,25.2,23.9,84.0,73.6,96.3,96.8,2.33,57,berbunga,3
5,55.0,25.5,24.4,78.2,74.7,100.2,96.9,2.17,57,berbunga,3
6,64.1,25.1,25.8,78.1,75.0,101.7,99.8,2.16,57,berbunga,3
7,62.3,25.3,26.3,79.7,73.7,101.1,99.7,2.06,57,berbunga,3
8,60.7,25.2,27.5,73.5,75.4,103.0,104.1,2.07,57,berbunga,3
9,58.9,24.8,31.3,71.5,74.8,104.0,105.1,2.05,57,berbunga,0
10,57.3,25.8,29.9,68.6,77.6,102.2,101.8,1.91,57,berbunga,3
11,56.4,26.3,31.2,64.4,80.4,101.6,100.4,2.0,57,berbunga,3
12,66.1,26.5,33.1,62.9,79.3,97.4,96.9,2.05,57,berbunga,3
13,63.0,28.2,31.4,63.1,78.3,95.8,96.1,1.94,57,berbunga,3
14,61.6,29.2,31.1,64.2,78.6,97.4,95.9,1.9,57,berbunga,3
15,71.3,28.5,30.5,63.4,79.3,96.2,97.2,1.89,57,berbunga,3
16,68.7,29.4,31.7,64.6,76.1,93.8,97.8,2.06,57,berbunga,3
17,65.9,28.4,31.2,67.1,78.0,93.0,99.0,2.2,57,berbunga,3
18,65.5,28.5,30.6,70.2,77.4,97.0,94.0,2.2,57,berbunga,3
19,64.0,28.6,28.2,73.8,80.0,97.2,93.5,2.2,57,berbunga,3
20,62.6,28.5,29.2,69.9,80.7,100.5,95.9,2.17,57,berbunga,3
21,61.9,28.6,28.5,73.3,83.5,102.7,92.0,2.16,57,berbunga,3
22,61.1,27.5,26.7,72.7,86.2,103.3,92.4,2.09,57,berbunga,3
23,60.1,27.3,26.0,74.9,88.1,103.1,95.7,2.03,57,berbunga,3
0,58.8,26.7,25.9,74.3,88.8,100.9,98.1,2.08,58,berbunga,3
1,56.7,26.5,25.1,81.6,85.5,95.5,99.4,1.92,58,berbunga,3
2,56.8,25.5,24.9,78.5,84.5,94.0,102.0,1.76,58,berbunga,3
3,54.3,25.5,23.2,81.6,79.7,94.0,101.0,1.92,58,berbunga,3
4,53.3,25.3,23.9,78.1,82.4,94.2,102.7,1.99,58,berbunga,3
5,51.6,24.4,23.3,75.3,85.5,96.7,104.6,1.9,58,berbunga,3
6,61.4,25.2,25.4,81.2,83.3,95.9,104.5,1.95,58,berbunga,3
7,59.3,25.0,26.4,73.1,81.6,91.0,104.9,1.93,58,berbunga,3
8,57.4,24.8,27.2,71.5,81.9,91.2,107.2,1.93,58,berbunga,0
9,55.5,25.3,28.9,72.8,79.4,90.6,106.7,1.9,58,berbunga,0
10,51.9,26.0,28.8,68.2,82.6,89.1,104.5,1.82,58,berbunga,3
11,50.5,27.3,31.8,65.5,80.9,86.1,103.7,1.86,58,berbunga,3
12,60.6,27.1,31.4,66.9,79.9,85.5,106.5,1.79,58,berbunga,0
13,58.0,27.5,32.1,63.5,78.3,82.1,106.8,1.87,58,berbunga,0
14,55.9,28.6,32.8,65.6,80.4,84.1,106.7,1.82,58,berbunga,0
15,65.5,29.5,31.0,62.5,79.6,85.6,109.1,2.08,58,berbunga,0
16,61.7,28.9,32.2,68.1,82.2,84.2,104.3,2.04,58,berbunga,3
17,60.5,29.0,30.8,65.6,79.2,85.7,107.6,2.16,58,berbunga,0
18,60.4,28.4,30.0,68.3,79.4,85.6,110.6,2.07,58,berbunga,0
19,59.8,28.3,29.7,68.2,82.0,87.4,110.3,1.95,58,berbunga,0
20,59.5,28.6,27.4,69.7,81.6,89.4,113.1,1.9,58,berbunga,0
21,59.1,28.1,28.1,72.3,82.4,89.1,109.6,1.79,58,berbunga,0
22,57.9,27.7,26.8,76.1,82.2,92.3,110.7,1.78,58,berbunga,0
23,56.9,27.1,26.8,75.6,81.9,90.4,113.3,1.87,58,berbunga,0
0,55.8,27.2,25.2,77.7,84.7,93.2,116.7,1.73,59,berbunga,0
1,55.0,26.1,24.5,77.6,81.8,91.4,123.0,1.89,59,berbunga,0
2,53.4,26.3,24.6,81.7,81.6,89.6,123.1,1.93,59,berbunga,0
3,53.0,25.8,24.0,77.2,80.8,90.2,122.6,1.94,59,berbunga,0
4,52.0,24.9,23.1,77.0,77.9,90.6,123.1,1.95,59,berbunga,0
5,51.0,24.9,24.1,82.1,77.5,92.4,123.7,2.13,59,berbunga,0
6,61.3,24.6,25.9,74.2,77.3,93.8,121.2,2.18,59,berbunga,0
7,59.4,25.1,25.9,79.1,75.4,90.3,119.8,2.27,59,berbunga,0
8,57.2,25.2,26.6,73.4,73.0,87.6,116.2,2.44,59,berbunga,0
9,55.0,25.1,29.3,71.4,74.2,86.5,112.4,2.37,59,berbunga,0
10,51.7,25.8,28.5,68.6,76.3,86.8,111.1,2.26,59,berbunga,0
11,50.4,26.5,29.4,64.7,74.6,85.4,112.8,2.2,59,berbunga,0
12,60.6,27.5,31.8,65.4,74.9,84.1,108.0,2.26,59,berbunga,0
13,58.8,28.1,32.1,67.7,76.0,83.7,111.1,2.23,59,berbunga,9
14,57.8,28.7,32.1,66.4,79.1,83.6,109.4,2.32,59,berbunga,0
15,67.3,29.4,30.9,63.4,77.6,84.5,106.9,2.28,59,berbunga,0
16,65.4,29.1,31.1,67.8,74.7,83.6,105.8,2.35,59,berbunga,2
17,62.9,29.4,29.6,64.5,71.0,83.5,101.4,2.21,59,berbunga,3
18,62.6,28.3,30.2,67.6,71.2,81.7,103.2,2.13,59,berbunga,3
19,60.8,28.4,27.9,69.8,72.8,82.2,101.0,2.3,59,berbunga,3
20,60.5,28.5,28.3,73.4,74.5,85.8,100.7,2.34,59,berbunga,3
21,60.2,27.9,27.8,70.3,75.2,88.3,102.8,2.21,59,berbunga,3
22,59.5,28.1,25.4,76.4,73.7,87.9,104.6,2.27,59,berbunga,3
23,59.3,26.8,25.6,75.3,77.3,89.7,104.1,2.34,59,berbunga,3
0,58.2,27.0,26.0,74.4,77.9,89.8,104.5,2.05,60,berbunga,3
1,56.8,27.1,26.0,80.3,79.1,88.9,102.4,2.18,60,berbunga,3
2,56.2,25.7,23.1,78.6,77.8,87.8,100.8,2.2,60,berbunga,3
3,54.7,25.4,24.4,76.2,77.8,85.8,100.7,2.29,60,berbunga,3
4,53.6,26.1,23.0,81.4,73.7,86.3,94.4,2.3,60,berbunga,3
5,53.2,25.2,23.2,76.5,77.4,88.9,95.2,2.41,60,berbunga,3
6,63.7,24.7,26.2,77.4,75.3,93.0,93.8,2.37,60,berbunga,3
7,61.7,24.7,26.5,74.0,72.3,89.8,94.3,2.31,60,berbunga,3
8,59.0,25.3,26.7,71.9,72.8,94.5,93.9,2.32,60,berbunga,3
9,57.4,25.9,28.9,72.6,71.5,93.0,96.5,2.36,60,berbunga,3
10,55.0,25.0,30.5,69.1,70.5,91.3,97.7,2.41,60,berbunga,3
11,53.0,26.6,31.2,63.2,71.5,90.8,95.1,2.55,60,berbunga,3
12,61.6,27.1,33.6,64.1,73.3,91.8,99.0,2.37,60,berbunga,3
13,60.4,28.8,32.5,64.1,73.4,90.3,101.5,2.3,60,berbunga,3
14,58.7,28.5,29.5,66.6,77.8,91.0,103.0,2.57,60,berbunga,3
15,68.2,29.2,31.4,65.5,79.1,89.1,103.4,2.47,60,berbunga,3
16,66.5,28.7,30.6,63.3,81.4,87.6,102.0,2.23,60,berbunga,3
17,63.9,28.8,30.5,64.3,82.9,87.4,102.0,2.1,60,berbunga,3
18,63.5,27.8,30.0,69.2,80.2,88.8,101.3,2.19,60,berbunga,3
19,62.3,29.0,28.7,70.9,81.1,92.7,94.6,2.26,60,berbunga,3
20,61.6,28.8,27.6,70.1,81.1,93.1,90.8,2.32,60,berbunga,3
21,61.0,27.8,28.7,71.7,81.7,90.4,88.8,2.13,60,berbunga,3
22,61.2,27.2,27.2,75.4,83.6,94.8,92.0,2.13,60,berbunga,3
23,61.3,28.2,25.5,76.5,83.0,93.3,95.9,2.23,60,berbunga,9
0,61.2,26.6,25.9,72.6,88.6,97.3,96.9,2.21,61,berbunga,3
1,60.8,26.4,25.3,78.0,90.4,102.7,98.9,2.09,61,berbunga,3
2,60.5,26.4,25.4,80.8,90.8,102.2,95.6,2.14,61,berbunga,3
3,58.6,25.8,23.2,77.2,90.5,103.4,98.2,2.2,61,berbunga,3
4,57.9,25.1,24.6,81.6,93.3,102.0,99.2,2.29,61,berbunga,3
5,56.2,26.0,23.8,77.3,90.8,103.2,98.8,2.32,61,berbunga,3
6,65.5,24.5,25.9,78.5,89.8,99.0,95.7,2.39,61,berbunga,3
7,64.4,25.2,25.8,74.5,89.5,97.6,100.7,2.45,61,berbunga,3
8,62.3,24.9,25.5,70.5,90.4,96.7,98.8,2.41,61,berbunga,3
9,59.5,25.4,28.7,71.0,88.1,98.6,102.4,2.49,61,berbunga,3
10,56.7,26.1,28.6,67.8,85.2,100.5,96.5,2.46,61,berbunga,3
11,55.3,26.0,30.9,68.6,80.4,97.4,96.0,2.56,61,berbunga,3
12,65.6,27.5,31.7,66.0,79.3,96.9,97.9,2.51,61,berbunga,3
13,63.8,28.5,31.7,61.1,81.8,96.2,99.8,2.44,61,berbunga,3
14,60.8,28.3,30.7,64.8,81.5,94.7,97.7,2.3,61,berbunga,3
15,70.8,29.3,30.8,66.5,80.1,91.5,95.6,2.24,61,berbunga,3
16,69.3,29.3,30.6,67.1,81.2,87.0,91.8,2.25,61,berbunga,3
17,66.7,29.2,30.5,70.0,84.1,91.9,97.3,2.4,61,berbunga,3
18,64.9,28.4,31.0,71.5,85.4,90.8,97.4,2.3,61,berbunga,3
19,63.7,28.3,29.8,68.3,84.4,90.6,99.7,2.43,61,berbunga,3
20,62.8,28.5,28.0,71.9,82.9,89.0,100.1,2.56,61,berbunga,3
21,62.3,28.2,28.6,77.2,78.9,91.1,100.6,2.56,61,berbunga,3
22,60.7,27.7,25.7,76.8,81.4,90.0,101.2,2.43,61,berbunga,3
23,59.4,26.5,26.5,74.8,78.9,90.6,98.0,2.4,61,berbunga,3
0,58.7,27.1,25.2,74.6,79.2,88.1,97.5,2.4,62,berbunga,3
1,58.3,25.9,25.0,75.7,77.8,89.4,94.6,2.4,62,berbunga,3
2,57.6,26.6,24.9,80.5,74.8,88.3,96.7,2.38,62,berbunga,3
3,56.4,26.5,23.5,79.6,76.0,89.0,96.6,2.35,62,berbunga,3
4,54.6,26.0,24.6,79.7,80.5,90.8,94.4,2.22,62,berbunga,3
5,54.6,25.1,24.2,78.5,80.2,89.4,90.8,2.17,62,berbunga,3
6,65.1,25.2,26.9,76.6,79.8,88.0,89.1,2.14,62,berbunga,5
7,62.6,24.3,25.8,77.1,81.1,86.5,86.2,2.04,62,berbunga,3
8,60.2,25.0,28.3,73.3,77.6,91.0,89.1,2.08,62,berbunga,3
9,58.2,26.4,29.2,71.4,78.6,89.6,94.4,1.99,62,berbunga,3
10,56.4,25.2,29.1,65.1,78.0,89.5,94.2,1.9,62,berbunga,3
11,54.0,26.8,32.2,69.1,79.6,91.6,92.3,1.97,62,berbunga,3
12,64.8,27.3,30.9,66.6,82.0,91.2,89.2,2.1,62,berbunga,3
13,63.6,28.2,30.2,65.9,78.9,89.2,90.2,2.22,62,berbunga,3
14,61.7,28.3,32.6,60.5,79.7,89.5,89.9,2.2,62,berbunga,3
15,71.8,29.2,32.5,66.3,80.0,86.7,87.7,2.49,62,berbunga,3
16,69.4,29.0,31.3,62.9,75.2,88.7,87.3,2.38,62,berbunga,7
17,67.3,28.5,30.5,67.4,72.7,87.1,90.7,2.28,62,berbunga,3
18,65.6,28.5,31.3,70.1,72.6,91.5,88.2,2.22,62,berbunga,3
19,65.1,28.8,29.8,71.5,73.3,93.6,92.2,2.22,62,berbunga,3
20,64.8,27.8,27.9,72.5,77.7,91.1,93.3,2.33,62,berbunga,3
21,63.9,28.3,28.2,76.2,74.5,92.7,95.5,2.55,62,berbunga,3
22,64.1,26.8,25.8,74.8,75.9,90.0,95.2,2.36,62,berbunga,3
23,63.1,27.8,25.6,74.5,75.4,86.6,97.4,2.27,62,berbunga,3
0,62.1,26.4,24.5,76.4,74.6,85.1,95.0,2.2,63,berbunga,3
1,61.8,27.0,23.0,78.5,70.6,86.0,97.3,2.16,63,berbunga,3
2,59.9,26.7,23.4,80.8,73.2,91.1,98.5,2.07,63,berbunga,3
3,59.1,25.6,25.1,77.9,72.9,89.2,94.7,2.15,63,berbunga,3
4,57.2,26.0,23.1,81.5,72.2,86.7,93.2,1.95,63,berbunga,3
5,55.2,25.2,23.8,79.5,72.0,88.5,96.2,1.98,63,berbunga,3
6,65.1,25.2,24.0,77.3,71.6,90.3,97.8,1.89,63,berbunga,3
7,62.6,25.6,26.7,74.3,70.8,94.0,99.7,1.91,63,berbunga,3
8,61.0,25.0,27.3,72.5,70.4,89.7,100.5,1.87,63,berbunga,3
9,58.7,25.8,29.1,71.2,69.9,87.2,103.3,1.91,63,berbunga,5
10,58.0,25.7,29.9,67.6,70.1,84.8,106.4,1.84,63,berbunga,0
11,56.3,27.3,30.1,67.2,69.0,84.7,105.0,1.74,63,berbunga,1
12,65.8,27.1,31.0,61.6,68.1,84.7,102.5,1.84,63,berbunga,5
13,64.0,28.5,32.7,61.4,66.3,88.0,100.0,1.88,63,berbunga,5
14,62.4,28.6,31.9,62.3,66.2,89.4,104.3,2.21,63,berbunga,5
15,73.7,29.1,32.3,66.7,65.6,86.9,102.6,2.27,63,berbunga,5
16,71.0,28.2,28.7,65.3,65.0,87.3,99.5,2.29,63,berbunga,5
17,68.9,28.9,31.6,66.7,66.3,90.5,95.3,2.3,63,berbunga,5
18,68.6,29.1,29.6,69.1,63.7,93.8,96.8,2.21,63,berbunga,5
19,67.8,28.8,31.0,70.7,64.1,90.8,99.8,2.44,63,berbunga,5
20,66.4,28.1,28.0,70.2,62.5,92.7,96.6,2.43,63,berbunga,5
21,64.8,28.4,27.6,70.3,66.6,96.7,100.2,2.39,63,berbunga,5
22,63.7,27.5,27.3,73.8,68.0,95.7,102.4,2.43,63,berbunga,5
23,63.5,26.8,25.3,73.2,67.5,96.7,98.9,2.34,63,berbunga,5
0,62.8,26.9,26.0,77.2,70.4,97.8,100.1,2.44,64,berbunga,3
1,62.0,26.4,24.2,77.1,71.8,97.8,95.2,2.41,64,berbunga,3
2,61.9,25.7,25.4,79.8,69.9,98.1,95.4,2.2,64,berbunga,5
3,60.8,25.1,24.7,80.2,69.9,95.3,98.5,2.12,64,berbunga,5
4,59.8,25.8,24.4,79.3,67.4,96.7,100.7,2.14,64,berbunga,5
5,58.4,24.9,23.7,80.7,65.4,100.0,97.7,2.42,64,berbunga,5
6,67.4,24.9,24.8,83.2,66.3,100.9,99.7,2.44,64,berbunga,5
7,65.7,25.5,26.2,72.7,63.2,100.2,99.5,2.44,64,berbunga,5
8,62.9,25.0,25.7,77.8,66.5,98.2,94.4,2.28,64,berbunga,5
9,60.9,25.6,28.3,68.9,67.6,100.9,94.6,2.25,64,berbunga,5
10,59.7,25.8,30.8,65.6,65.8,95.3,95.7,2.2,64,berbunga,5
11,58.1,26.4,30.0,64.1,67.8,98.0,94.4,2.16,64,berbunga,4
12,68.7,26.7,32.8,65.8,71.0,96.0,95.0,2.04,64,berbunga,3
13,65.8,28.7,31.5,64.4,70.9,96.8,94.0,2.02,64,berbunga,3
14,63.8,28.7,32.2,63.1,72.7,97.9,97.6,2.15,64,berbunga,3
15,74.5,29.0,30.7,63.6,73.5,98.7,94.5,1.98,64,berbunga,3
16,71.8,29.0,31.6,64.2,70.5,98.1,97.8,2.16,64,berbunga,3
17,70.0,28.6,31.0,67.7,67.9,93.9,95.2,2.04,64,berbunga,5
18,68.3,28.9,30.9,70.3,70.8,94.8,88.6,2.13,64,berbunga,3
19,66.6,28.2,30.3,69.1,71.4,90.8,89.8,2.21,64,berbunga,3
20,65.9,28.5,29.4,69.9,69.3,93.7,89.1,2.19,64,berbunga,5
21,64.6,28.2,27.7,72.2,70.7,93.3,87.0,2.15,64,berbunga,3
22,63.5,27.5,25.8,70.3,70.1,98.8,91.3,2.21,64,berbunga,3
23,63.2,27.5,27.1,75.9,69.3,97.1,95.6,2.17,64,berbunga,5
0,61.6,27.0,24.3,78.0,69.5,99.5,90.5,2.01,65,berbunga,5
1,62.4,26.5,24.4,77.8,68.0,100.2,89.8,2.06,65,berbunga,5
2,62.1,25.4,24.9,78.4,67.2,95.5,91.8,2.17,65,berbunga,5
3,60.8,25.4,24.4,81.8,64.8,93.6,96.6,2.23,65,berbunga,5
4,60.5,25.3,25.3,80.6,63.1,91.5,94.9,2.22,65,berbunga,5
5,60.0,25.7,24.2,80.2,63.8,93.6,98.7,2.17,65,berbunga,8
6,70.5,25.0,23.6,79.0,66.2,95.6,97.6,2.15,65,berbunga,5
7,68.4,25.1,25.8,76.3,66.7,96.5,99.1,2.27,65,berbunga,5
8,67.0,25.1,27.4,75.8,69.3,102.3,95.6,2.25,65,berbunga,5
9,65.4,25.3,28.4,68.1,69.5,97.1,96.7,2.19,65,berbunga,5
10,63.9,26.1,31.1,67.9,66.4,92.7,93.8,2.26,65,berbunga,5
11,62.1,26.0,30.9,61.8,66.3,92.1,93.8,2.3,65,berbunga,5
12,72.2,27.0,30.6,63.7,62.5,95.9,94.9,2.5,65,berbunga,5
13,70.1,28.7,32.4,67.6,61.5,97.3,93.7,2.58,65,berbunga,5
14,67.3,28.9,31.0,61.9,57.9,99.5,96.3,2.59,65,berbunga,0
15,77.3,28.6,33.0,62.7,57.5,96.5,96.6,2.45,65,berbunga,5
16,74.7,29.2,31.5,65.4,57.2,93.1,91.8,2.31,65,berbunga,5
17,72.7,28.8,29.6,68.2,54.9,96.1,91.9,2.07,65,berbunga,5
18,72.1,28.4,30.9,69.2,53.4,95.2,89.9,2.28,65,berbunga,5
19,72.1,28.7,31.1,68.5,51.4,94.1,88.2,2.29,65,berbunga,5
20,70.4,28.0,26.8,74.2,53.0,96.0,89.2,2.31,65,berbunga,5
21,69.0,28.5,28.3,72.7,52.0,92.9,90.8,2.28,65,berbunga,5
22,67.3,27.5,27.2,76.5,51.2,94.5,92.3,2.23,65,berbunga,5
23,66.5,26.9,26.1,78.9,50.1,95.3,95.9,2.38,65,berbunga,5
0,65.9,26.8,25.6,75.6,54.2,91.3,98.9,2.56,66,berbunga,5
1,64.7,26.3,25.2,75.8,51.6,93.1,99.1,2.56,66,berbunga,5
2,63.5,26.3,23.8,80.3,50.0,94.0,102.1,2.52,66,berbunga,1
3,64.3,25.9,25.2,80.2,51.4,94.2,105.3,2.47,66,berbunga,1
4,63.0,25.0,22.9,80.1,55.4,93.7,105.1,2.38,66,berbunga,1
5,61.6,25.5,25.8,80.0,56.0,94.7,103.3,2.49,66,berbunga,5
6,71.0,25.5,26.2,77.9,54.2,96.6,102.0,2.53,66,berbunga,5
7,68.2,25.1,25.1,78.8,54.7,99.5,108.0,2.7,66,berbunga,1
8,66.9,25.5,27.3,68.0,56.1,97.3,107.5,2.5,66,berbunga,1
9,65.6,25.2,29.8,72.9,56.8,93.4,104.5,2.56,66,berbunga,4
10,63.3,26.4,29.6,68.5,59.7,94.1,99.5,2.37,66,berbunga,5
11,62.0,26.7,30.9,65.6,60.6,93.7,98.6,2.46,66,berbunga,5
12,72.0,27.8,31.4,62.7,60.1,93.8,97.2,2.48,66,berbunga,5
13,69.8,28.1,32.9,66.2,62.8,93.5,95.2,2.52,66,berbunga,5
14,67.8,28.7,31.4,62.1,64.8,92.2,95.1,2.49,66,berbunga,5
15,76.6,28.2,31.6,64.9,60.8,89.4,92.9,2.52,66,berbunga,5
16,73.9,28.5,31.7,67.6,58.5,88.3,91.4,2.66,66,berbunga,5
17,72.1,29.0,30.5,63.7,55.9,87.5,91.9,2.66,66,berbunga,5
18,71.3,28.4,29.3,68.6,55.5,84.6,90.9,2.44,66,berbunga,5
19,70.4,28.1,28.2,70.1,53.5,80.9,91.9,2.52,66,berbunga,5
20,69.3,27.3,27.2,71.9,50.1,82.9,93.0,2.73,66,berbunga,5
21,68.4,27.6,26.6,72.0,49.8,79.4,95.0,2.69,66,berbunga,5
22,68.7,27.7,25.4,75.5,51.7,82.2,96.2,2.51,66,berbunga,5
23,68.6,26.7,25.4,77.9,53.4,81.3,94.9,2.65,66,berbunga,5
0,67.7,27.0,25.6,76.8,53.1,80.1,90.4,2.63,67,berbunga,5
1,66.2,25.6,24.8,82.2,56.6,77.9,88.0,2.54,67,berbunga,5
2,65.6,26.8,23.7,77.3,57.2,79.1,90.2,2.48,67,berbunga,5
3,65.6,26.1,23.3,78.6,58.3,81.3,93.5,2.59,67,berbunga,5
4,65.5,24.4,23.2,82.2,60.5,78.7,97.6,2.78,67,berbunga,5
5,63.6,24.4,23.1,79.1,60.3,77.7,98.8,2.89,67,berbunga,5
6,73.6,25.1,23.9,76.4,54.5,81.0,99.9,2.75,67,berbunga,5
7,71.2,24.3,26.6,75.2,55.6,85.9,97.3,2.62,67,berbunga,5
8,68.6,24.8,26.2,76.1,55.1,87.7,99.2,2.54,67,berbunga,5
9,66.8,25.6,28.7,72.0,56.3,88.5,100.5,2.43,67,berbunga,5
10,64.1,25.2,29.5,66.3,59.1,90.0,103.0,2.4,67,berbunga,8
11,62.1,26.9,33.0,62.5,54.9,87.9,102.4,2.36,67,berbunga,5
12,72.1,27.3,30.3,67.2,54.4,89.5,101.1,2.37,67,berbunga,5
13,70.6,27.4,32.2,64.4,56.3,91.6,105.1,2.29,67,berbunga,1
14,68.8,29.1,31.6,63.4,55.9,94.3,107.2,2.39,67,berbunga,1
15,78.1,29.1,31.0,63.1,58.3,96.3,105.6,2.25,67,berbunga,1
16,76.8,28.7,31.5,61.8,54.4,97.0,106.0,2.17,67,berbunga,1
17,74.5,29.4,30.8,64.3,55.8,100.6,105.0,1.89,67,berbunga,1
18,74.8,28.6,29.1,68.5,57.8,99.1,107.4,1.96,67,berbunga,1
19,73.9,27.9,29.6,68.6,55.7,98.5,110.5,1.91,67,berbunga,1
20,73.6,28.3,28.7,74.1,56.6,101.1,113.8,1.72,67,berbunga,1
21,73.4,28.0,28.6,74.5,52.9,99.4,113.2,1.63,67,berbunga,1
22,72.0,27.6,26.3,73.4,53.5,97.8,110.3,1.78,67,berbunga,1
23,70.9,27.2,27.2,74.3,54.2,97.9,110.5,1.89,67,berbunga,1
0,69.7,26.8,25.2,79.7,52.1,100.5,112.7,1.88,68,berbunga,1
1,68.5,26.3,23.2,77.8,53.4,98.7,111.4,1.89,68,berbunga,1
2,67.5,26.1,24.8,84.1,53.2,97.5,113.6,1.85,68,berbunga,1
3,65.9,26.1,24.0,80.0,50.8,99.5,114.2,1.93,68,berbunga,1
4,64.9,25.4,23.3,77.5,52.1,96.3,115.2,1.85,68,berbunga,1
5,63.9,25.5,25.0,75.8,52.1,94.1,113.1,1.93,68,berbunga,1
6,72.8,24.9,24.6,76.8,51.9,90.1,109.2,1.97,68,berbunga,1
7,70.5,24.7,26.8,78.6,49.4,90.9,111.0,1.99,68,berbunga,1
8,68.2,24.5,27.2,72.9,45.3,87.6,110.5,2.18,68,berbunga,1
9,65.8,25.6,29.3,66.1,45.4,88.8,109.2,2.23,68,berbunga,1
10,64.9,26.1,30.5,66.9,48.0,91.1,109.2,2.17,68,berbunga,1
11,61.9,26.1,31.4,65.3,51.4,90.4,106.9,2.27,68,berbunga,1
12,71.3,26.8,30.9,66.9,52.8,88.5,106.1,2.36,68,berbunga,1
13,69.4,28.7,32.7,64.8,54.5,89.8,108.2,2.42,68,berbunga,1
14,67.2,28.7,31.9,63.9,54.7,93.8,105.6,2.6,68,berbunga,1
15,77.5,28.7,33.3,65.2,54.5,94.1,105.2,2.54,68,berbunga,1
16,76.5,29.0,31.6,69.5,52.3,93.1,107.6,2.56,68,berbunga,1
17,75.6,28.7,31.3,68.6,51.5,93.1,104.6,2.55,68,berbunga,5
18,74.8,28.9,29.4,66.7,53.1,93.4,105.7,2.71,68,berbunga,1
19,73.5,28.7,28.9,70.8,53.5,91.6,106.5,2.74,68,berbunga,1
20,72.7,27.7,28.5,73.2,51.2,91.7,107.7,2.66,68,berbunga,1
21,70.9,27.5,26.6,77.0,47.7,91.7,106.9,2.57,68,berbunga,1
22,70.7,27.7,25.8,75.0,47.3,96.4,106.5,2.65,68,berbunga,1
23,71.1,26.7,25.9,75.4,47.7,95.9,104.8,2.58,68,berbunga,5
0,69.6,27.1,25.3,78.0,48.7,95.0,102.6,2.42,69,berbunga,5
1,68.0,26.3,24.9,77.6,48.2,97.2,99.8,2.54,69,berbunga,5
2,66.7,25.9,25.2,79.6,46.5,96.8,105.1,2.52,69,berbunga,1
3,65.8,25.9,23.8,78.4,46.0,97.7,106.1,2.58,69,berbunga,1
4,64.9,25.5,24.5,80.0,44.0,98.3,103.1,2.7,69,berbunga,5
5,63.6,25.5,24.1,76.9,41.3,97.4,102.6,2.57,69,berbunga,5
6,73.0,24.8,24.8,79.6,40.6,99.5,106.8,2.68,69,berbunga,1
7,71.9,25.1,26.2,77.4,42.4,99.2,108.2,2.6,69,berbunga,1
8,69.8,25.4,25.7,70.4,45.9,102.0,106.3,2.67,69,berbunga,1
9,67.5,25.4,28.7,72.0,46.4,100.3,106.6,2.75,69,berbunga,1
10,65.6,25.9,29.5,67.0,47.2,99.6,103.1,2.79,69,berbunga,5
11,64.5,26.8,30.3,68.4,44.5,99.9,100.7,2.86,69,berbunga,5
12,74.6,27.7,30.2,66.3,42.0,98.4,106.9,2.83,69,berbunga,1
13,73.0,27.7,31.6,66.0,43.8,98.3,105.9,2.76,69,berbunga,1
14,70.8,28.7,30.4,65.2,46.1,100.0,103.3,2.72,69,berbunga,5
15,81.0,28.5,32.4,62.8,49.5,99.4,98.7,2.72,69,berbunga,5
16,79.1,28.4,31.0,61.8,52.6,99.8,99.6,2.8,69,berbunga,5
17,78.1,29.2,29.3,66.9,56.8,101.1,101.8,2.89,69,berbunga,5
18,75.5,28.8,29.5,65.7,58.5,101.3,103.0,2.76,69,berbunga,5
19,74.6,28.2,29.8,69.9,57.0,101.6,104.4,2.69,69,berbunga,5
20,74.1,28.0,27.9,68.5,58.2,102.0,105.1,2.78,69,berbunga,1
21,73.4,28.1,27.4,74.2,59.0,105.0,104.6,3.06,69,berbunga,5
22,71.7,27.7,26.5,75.4,59.9,105.2,106.8,3.07,69,berbunga,1
23,71.3,27.6,25.9,73.7,58.1,103.4,105.9,3.03,69,berbunga,1
0,70.8,26.9,24.0,75.6,62.2,104.5,108.1,3.0,70,berbunga,1
1,70.5,26.2,24.7,79.2,62.0,101.6,104.3,2.89,70,berbunga,5
2,69.2,26.4,23.9,80.9,59.0,100.7,104.4,2.72,70,berbunga,5
3,68.3,26.5,26.5,80.2,57.9,102.2,106.6,2.51,70,berbunga,1
4,66.6,25.3,23.8,78.8,59.0,96.6,107.7,2.44,70,berbunga,1
5,65.5,25.0,23.9,79.8,54.6,95.6,104.8,2.54,70,berbunga,5
6,75.5,25.1,25.7,77.7,54.9,103.1,108.9,2.74,70,berbunga,1
7,73.6,24.8,25.9,75.0,56.9,103.9,113.1,2.75,70,berbunga,1
8,70.6,24.6,27.5,70.9,56.6,103.9,118.1,2.64,70,berbunga,1
9,67.9,25.5,28.0,70.7,56.8,106.7,119.8,2.75,70,berbunga,1
10,66.3,26.0,31.2,66.5,55.2,103.7,122.4,2.89,70,berbunga,1
11,64.2,26.3,30.6,65.6,54.6,100.8,118.0,2.75,70,berbunga,1
12,74.5,27.8,32.1,60.9,54.9,95.8,117.3,2.71,70,berbunga,1
13,71.7,29.1,32.9,65.5,56.7,94.9,118.4,2.55,70,berbunga,1
14,69.6,28.6,31.7,63.2,56.6,95.3,121.2,2.69,70,berbunga,1
15,79.3,28.5,31.7,64.8,56.7,94.1,122.6,2.55,70,berbunga,1
16,77.1,29.0,31.7,68.2,57.0,93.3,120.0,2.71,70,berbunga,1
17,74.2,29.2,31.2,69.4,59.6,94.8,118.2,2.65,70,berbunga,1
18,72.6,28.8,29.1,69.2,60.5,90.7,120.0,2.57,70,berbunga,1
19,70.8,28.6,29.4,67.7,58.8,91.8,121.1,2.66,70,berbunga,1
20,69.7,28.5,27.7,71.0,62.0,92.9,119.5,2.61,70,berbunga,1
21,68.0,27.6,27.0,73.4,60.0,93.0,119.6,2.5,70,berbunga,1
22,66.8,27.9,26.2,75.0,61.4,92.3,120.4,2.32,70,berbunga,1
23,65.6,26.9,27.0,76.3,63.5,89.6,114.9,2.23,70,berbunga,1
0,64.3,27.5,26.6,78.8,65.8,89.9,113.6,2.23,71,berbunga,1
1,62.5,26.1,26.8,79.7,64.5,86.2,115.2,2.2,71,berbunga,1
2,61.3,25.3,24.3,81.5,66.1,84.1,108.5,2.13,71,berbunga,1
3,59.6,26.0,23.4,81.3,65.0,85.9,109.6,2.09,71,berbunga,1
4,57.8,24.9,23.2,78.7,66.4,82.8,106.7,2.12,71,berbunga,1
5,57.0,26.7,25.5,78.9,68.8,86.6,105.7,2.09,71,berbunga,1
6,67.0,25.5,23.7,78.1,72.2,83.6,108.0,2.1,71,berbunga,0
7,65.2,25.3,25.7,76.7,72.9,81.7,108.2,2.37,71,berbunga,0
8,62.6,24.8,26.9,72.5,71.5,84.8,106.5,2.39,71,berbunga,0
9,59.9,25.8,30.1,70.6,71.7,84.8,109.7,2.64,71,berbunga,0
10,58.7,26.3,29.2,67.4,68.8,83.0,108.1,2.62,71,berbunga,1
11,55.6,26.6,31.9,64.9,67.0,88.2,107.5,2.61,71,berbunga,1
12,65.0,27.1,32.8,65.2,67.3,87.0,112.0,2.57,71,berbunga,1
13,63.8,27.7,31.9,65.6,69.6,90.1,115.7,2.33,71,berbunga,1
14,62.0,28.7,32.3,67.4,72.5,89.6,117.0,2.27,71,berbunga,0
15,73.0,29.1,30.4,66.5,73.0,90.4,118.1,2.18,71,berbunga,0
16,72.0,28.8,31.2,64.8,75.1,89.6,118.0,2.2,71,berbunga,0
17,70.8,28.9,30.5,68.9,80.9,88.1,113.7,2.12,71,berbunga,0
18,70.7,29.2,27.9,65.4,76.7,84.1,113.9,2.35,71,berbunga,0
19,69.8,29.1,29.6,70.3,79.8,83.2,110.3,2.34,71,berbunga,0
20,68.2,28.3,28.7,70.2,79.7,85.8,110.9,2.36,71,berbunga,0
21,67.7,27.9,26.2,71.8,81.2,89.6,108.1,2.31,71,berbunga,0
22,66.0,27.9,25.6,78.0,77.5,93.1,112.0,2.2,71,berbunga,0
23,64.0,26.4,25.4,75.2,79.3,91.6,115.3,2.16,71,berbunga,0
0,62.5,26.6,24.9,77.8,76.5,92.2,119.7,2.1,72,berbunga,0
1,61.5,26.1,24.5,79.5,71.3,95.2,124.3,2.12,72,berbunga,0
2,60.6,25.8,23.6,79.3,72.6,94.2,123.9,2.14,72,berbunga,0
3,60.4,25.8,23.3,77.4,71.9,95.3,124.4,2.25,72,berbunga,0
4,59.3,25.8,24.2,80.6,72.0,96.4,121.1,2.19,72,berbunga,0
5,59.7,26.0,23.9,78.9,69.2,96.3,123.3,2.16,72,berbunga,1
6,69.8,25.7,24.9,77.9,66.5,100.4,120.5,2.07,72,berbunga,1
7,68.2,24.9,25.8,76.0,66.0,96.7,115.6,1.94,72,berbunga,1
8,65.9,25.2,27.7,74.2,70.4,98.1,111.7,1.86,72,berbunga,0
9,64.0,25.2,28.6,71.4,68.1,100.7,110.5,1.88,72,berbunga,1
10,62.2,26.1,30.7,65.3,67.9,103.6,109.2,2.03,72,berbunga,1
11,59.7,26.5,31.1,66.3,69.5,101.1,111.9,2.1,72,berbunga,9
12,69.8,27.6,32.5,67.7,72.5,96.8,115.9,2.15,72,berbunga,0
13,67.2,28.4,33.0,60.6,71.9,94.0,114.4,2.0,72,berbunga,0
14,66.6,28.3,30.7,62.5,72.3,90.0,112.9,1.98,72,berbunga,0
15,76.0,29.4,32.4,63.4,70.2,89.7,106.9,1.9,72,berbunga,0
16,74.1,29.3,32.7,62.0,68.4,88.1,109.0,1.9,72,berbunga,1
17,71.9,28.8,29.9,63.4,71.0,91.2,109.6,1.96,72,berbunga,0
18,70.0,28.5,30.0,66.3,71.4,94.5,111.7,2.07,72,berbunga,7
19,69.4,29.2,29.0,71.6,73.5,96.7,108.1,2.02,72,berbunga,0
20,68.7,27.9,28.8,70.5,70.8,96.5,108.1,1.97,72,berbunga,0
21,66.9,28.7,28.0,71.2,71.4,96.9,109.9,1.87,72,berbunga,0
22,65.3,28.4,26.2,74.2,74.1,97.0,111.2,2.11,72,berbunga,0
23,65.0,27.4,27.1,76.9,77.2,97.8,106.3,2.14,72,berbunga,0
0,64.5,26.9,24.6,78.2,77.1,99.2,106.4,2.33,73,berbunga,0
1,63.9,26.3,24.7,78.5,74.3,96.9,105.8,2.18,73,berbunga,0
2,62.3,25.6,25.2,84.1,71.2,95.9,108.2,2.25,73,berbunga,0
3,61.1,26.0,25.7,80.3,68.7,96.9,109.3,2.2,73,berbunga,1
4,60.9,25.2,23.6,80.8,69.0,93.6,109.7,2.25,73,berbunga,1
5,58.7,25.1,24.9,78.6,70.9,91.4,112.2,2.38,73,berbunga,0
6,67.9,25.9,25.1,76.6,67.7,92.5,111.8,2.34,73,berbunga,1
7,65.6,25.1,24.7,73.9,65.6,93.8,114.5,2.38,73,berbunga,1
8,63.7,26.1,26.5,71.1,64.5,92.4,110.1,2.34,73,berbunga,1
9,62.7,26.1,27.7,71.6,65.5,91.0,110.9,2.45,73,berbunga,5
10,61.8,26.3,29.6,68.3,63.9,87.8,112.3,2.33,73,berbunga,1
11,59.4,26.9,30.7,64.7,64.9,83.6,113.3,2.39,73,berbunga,1
12,70.0,28.1,31.8,63.9,66.2,86.1,111.3,2.36,73,berbunga,1
13,67.0,27.9,33.0,65.9,66.6,82.5,110.1,2.53,73,berbunga,1
14,65.4,28.3,32.3,63.8,68.5,82.7,112.4,2.67,73,berbunga,1
15,76.3,28.8,33.8,64.8,68.4,82.0,115.2,2.62,73,berbunga,1
16,73.4,28.5,31.0,66.0,68.6,81.6,119.7,2.67,73,berbunga,1
17,71.3,28.6,31.3,67.5,68.2,83.5,124.0,2.58,73,berbunga,1
18,71.3,28.7,30.3,66.6,68.7,84.5,122.5,2.58,73,berbunga,1
19,70.3,29.0,30.4,65.1,69.5,84.8,121.1,2.66,73,berbunga,1
20,69.6,28.5,28.1,67.7,72.6,81.4,122.3,2.57,73,berbunga,0
21,68.8,27.9,28.3,73.5,70.1,83.7,118.9,2.54,73,berbunga,0
22,67.3,27.4,28.1,73.4,72.1,81.0,121.2,2.62,73,berbunga,0
23,66.2,26.9,25.4,75.4,71.2,79.2,122.6,2.58,73,berbunga,0
0,65.8,26.3,25.3,74.3,73.3,78.1,125.5,2.63,74,berbunga,0
1,65.1,26.0,25.2,77.0,75.6,75.8,124.8,2.6,74,berbunga,0
2,63.6,25.3,24.0,79.5,75.0,76.0,124.3,2.59,74,berbunga,0
3,62.7,25.8,23.4,79.9,71.9,78.9,124.4,2.58,74,berbunga,0
4,61.4,25.5,25.5,78.1,71.7,80.9,123.1,2.57,74,berbunga,0
5,60.6,25.0,24.1,77.4,71.8,85.0,119.2,2.4,74,berbunga,0
6,70.3,25.1,26.3,81.6,73.1,86.1,120.2,2.43,74,berbunga,0
7,68.6,25.2,25.6,75.6,74.6,88.8,120.2,2.54,74,berbunga,0
8,66.1,25.4,27.1,73.2,74.5,86.9,122.3,2.55,74,berbunga,0
9,64.6,25.4,29.3,68.2,75.9,85.7,126.7,2.65,74,berbunga,0
10,61.8,26.2,29.8,66.6,72.5,86.9,123.3,2.57,74,berbunga,0
11,60.8,26.7,30.3,65.4,75.1,84.8,124.7,2.58,74,berbunga,0
12,70.9,26.7,31.2,62.4,75.6,84.6,118.9,2.6,74,berbunga,0
13,69.4,28.5,32.2,64.2,74.2,81.3,119.6,2.51,74,berbunga,0
14,67.7,28.8,31.4,62.1,74.4,81.4,117.6,2.61,74,berbunga,0
15,78.8,29.1,31.7,63.4,73.0,81.6,115.8,2.34,74,berbunga,0
16,76.2,29.2,29.4,64.1,71.7,80.9,112.0,2.43,74,berbunga,0
17,73.0,29.5,30.2,63.7,69.4,82.0,112.7,2.41,74,berbunga,1
18,72.8,28.3,29.9,65.2,66.3,80.4,112.9,2.42,74,berbunga,1
19,71.4,29.6,28.8,69.7,67.6,78.1,114.2,2.26,74,berbunga,1
20,70.5,28.1,27.6,69.3,68.0,79.8,108.6,2.23,74,berbunga,1
21,70.2,27.6,26.9,72.5,71.6,83.2,101.5,2.22,74,berbunga,3
22,70.1,26.9,26.8,74.2,73.7,83.3,100.6,2.27,74,berbunga,3
23,68.7,26.8,27.2,76.6,70.7,82.4,104.0,2.18,74,berbunga,3
0,67.8,26.8,24.2,78.8,68.6,80.8,105.2,2.15,75,berbunga,1
1,67.2,26.2,24.5,77.3,67.7,84.7,105.5,2.08,75,berbunga,1
2,66.9,25.5,25.1,77.2,69.0,84.7,104.5,2.36,75,berbunga,5
3,65.4,25.9,24.4,80.2,69.1,83.6,105.1,2.38,75,berbunga,1
4,65.3,24.6,23.9,81.5,68.6,83.5,106.5,2.48,75,berbunga,1
5,64.3,24.7,23.9,78.9,69.2,81.1,106.4,2.51,75,berbunga,1
6,74.2,25.9,24.9,78.0,70.6,81.7,110.7,2.61,75,berbunga,0
7,72.8,25.2,25.9,75.7,71.3,87.3,112.0,2.51,75,berbunga,0
8,71.2,25.0,25.6,73.1,71.4,87.8,112.8,2.48,75,berbunga,0
9,70.3,25.6,28.1,71.8,71.1,87.6,114.0,2.4,75,berbunga,0
10,67.9,26.1,28.4,67.3,67.9,86.4,113.1,2.42,75,berbunga,1
11,66.3,26.9,32.1,67.0,65.4,89.6,111.0,2.42,75,berbunga,1
12,77.1,27.4,32.4,65.2,65.9,89.7,108.8,2.27,75,berbunga,1
13,75.0,28.1,31.4,67.9,63.2,86.6,106.9,2.19,75,berbunga,1
14,72.6,28.6,32.6,62.9,63.9,85.6,108.4,2.32,75,berbunga,1
15,83.0,28.7,33.6,66.8,64.9,87.4,111.8,2.29,75,berbunga,1
16,81.5,28.8,30.7,67.0,64.6,86.9,112.6,2.34,75,berbunga,1
17,78.4,29.4,31.7,64.4,63.8,87.8,109.1,2.45,75,berbunga,1
18,78.3,28.5,30.3,69.0,66.0,89.0,110.6,2.54,75,berbunga,1
19,78.2,28.7,29.0,70.6,64.6,89.6,114.1,2.28,75,berbunga,1
20,76.7,27.8,27.5,70.1,65.3,91.9,116.0,2.23,75,berbunga,1
21,75.3,27.5,27.1,68.4,67.4,94.4,117.5,2.23,75,berbunga,1
22,74.7,27.2,26.4,75.8,66.0,94.6,116.2,2.41,75,berbunga,1
23,74.3,27.0,24.1,73.7,66.0,94.0,117.4,2.33,75,berbunga,1
0,73.5,26.9,25.7,77.0,66.2,90.4,120.6,2.28,76,pematangan,1
1,71.6,26.9,24.5,75.3,62.9,93.1,118.1,2.35,76,pematangan,1
2,70.3,25.8,24.7,80.4,62.6,93.5,118.8,2.31,76,pematangan,1
3,69.5,25.6,23.8,76.5,63.6,95.5,119.0,2.26,76,pematangan,1
4,68.4,25.3,26.4,78.9,62.1,96.0,117.5,2.24,76,pematangan,1
5,66.0,25.8,22.9,78.5,59.6,91.5,114.0,2.14,76,pematangan,1
6,75.2,25.4,24.2,78.1,56.6,93.1,118.9,2.16,76,pematangan,1
7,72.4,24.8,26.6,73.3,55.7,93.2,118.9,2.1,76,pematangan,1
8,69.6,25.4,29.2,74.2,52.6,90.2,117.8,2.13,76,pematangan,1
9,67.8,25.3,27.9,71.5,52.5,92.3,120.7,2.11,76,pematangan,2
10,65.6,26.2,31.5,67.3,55.4,92.1,118.2,2.1,76,pematangan,5
11,63.7,26.2,30.3,65.4,57.3,90.7,120.3,2.13,76,pematangan,1
12,73.5,26.8,32.8,59.5,59.9,89.1,117.8,2.22,76,pematangan,1
13,71.6,27.8,32.1,66.9,61.1,88.6,114.4,2.14,76,pematangan,1
14,69.8,28.4,33.7,63.8,66.4,91.3,115.5,2.18,76,pematangan,1
15,80.6,28.6,33.1,65.9,63.5,87.3,113.4,2.22,76,pematangan,1
16,77.9,28.9,30.7,65.9,64.9,89.9,109.8,2.21,76,pematangan,5
17,76.0,28.9,33.0,66.7,63.3,89.7,106.7,2.3,76,pematangan,7
18,76.1,28.4,29.1,69.2,65.3,92.2,105.8,2.2,76,pematangan,5
19,75.2,29.0,29.0,68.4,64.6,87.3,105.5,2.36,76,pematangan,5
20,74.0,28.5,29.9,73.0,61.3,85.3,104.1,2.29,76,pematangan,6
21,72.6,28.0,27.0,75.7,62.5,83.5,105.4,2.35,76,pematangan,5
22,71.5,27.7,26.3,74.8,64.3,85.6,102.4,2.25,76,pematangan,5
23,70.7,27.6,26.1,75.7,59.8,83.8,104.8,2.17,76,pematangan,5
0,69.7,27.2,25.7,79.1,60.5,85.1,109.0,2.27,77,pematangan,5
1,68.3,26.7,25.1,79.2,61.6,86.6,111.4,2.19,77,pematangan,1
2,67.5,25.8,23.7,78.6,65.5,85.2,108.6,2.03,77,pematangan,5
3,68.0,26.4,24.2,79.2,62.6,84.3,110.3,2.08,77,pematangan,5
4,67.1,25.2,24.5,80.2,63.7,84.6,111.5,2.25,77,pematangan,1
5,66.1,25.6,25.4,80.9,62.8,82.9,106.5,2.27,77,pematangan,5
6,77.0,25.2,25.2,77.2,63.7,84.0,104.2,2.25,77,pematangan,5
7,75.3,25.0,25.0,77.4,61.3,87.4,104.2,2.3,77,pematangan,5
8,73.2,25.4,27.3,76.9,59.8,88.4,105.6,2.08,77,pematangan,5
9,70.2,25.1,28.2,71.7,58.1,89.6,106.0,2.09,77,pematangan,5
10,68.2,25.2,31.1,67.9,55.9,85.7,106.3,2.12,77,pematangan,5
11,65.7,27.2,29.7,66.9,52.3,86.3,110.4,2.1,77,pematangan,5
12,75.5,27.6,32.2,63.7,56.8,88.2,112.7,2.27,77,pematangan,1
13,73.2,28.0,31.1,62.0,52.9,89.1,116.3,2.19,77,pematangan,1
14,72.2,28.7,32.9,62.8,52.4,88.7,115.2,2.24,77,pematangan,1
15,82.7,28.6,32.3,62.2,53.0,91.7,112.4,2.17,77,pematangan,1
16,81.3,29.6,31.4,67.3,51.1,92.6,114.4,2.15,77,pematangan,1
17,78.5,29.0,31.1,65.8,49.9,89.8,114.7,2.11,77,pematangan,1
18,77.7,28.5,29.7,64.7,50.3,90.9,115.7,2.24,77,pematangan,1
19,75.6,29.0,29.8,70.4,52.0,93.0,117.1,2.17,77,pematangan,1
20,74.1,28.8,28.4,71.8,53.9,95.7,114.9,2.15,77,pematangan,1
21,72.8,28.6,28.2,73.4,53.1,97.3,117.8,2.24,77,pematangan,1
22,72.0,26.9,26.8,72.1,54.8,99.1,122.1,2.21,77,pematangan,1
23,70.9,27.1,24.0,74.0,54.0,101.1,123.9,2.32,77,pematangan,1
0,71.4,26.6,24.9,80.5,57.0,100.2,119.4,2.43,78,pematangan,1
1,70.5,26.6,26.0,77.4,56.8,100.0,121.8,2.46,78,pematangan,1
2,68.9,26.5,25.5,80.1,56.8,98.1,122.0,2.42,78,pematangan,1
3,67.7,25.5,24.2,80.0,56.1,98.3,122.7,2.51,78,pematangan,1
4,65.2,25.3,23.9,77.5,56.9,94.7,121.4,2.61,78,pematangan,1
5,64.4,25.3,24.0,76.9,59.3,92.9,118.9,2.6,78,pematangan,1
6,73.7,25.3,25.4,79.0,61.8,93.0,116.6,2.8,78,pematangan,1
7,72.1,25.5,26.5,75.4,62.4,92.5,115.7,3.04,78,pematangan,1
8,70.6,24.6,26.5,72.9,64.7,91.5,117.6,3.1,78,pematangan,1
9,69.0,24.9,29.2,72.5,62.4,88.7,115.2,3.01,78,pematangan,1
10,66.0,26.0,31.0,65.1,63.2,88.8,113.0,3.02,78,pematangan,1
11,65.1,26.4,30.3,65.8,58.3,91.8,115.3,2.86,78,pematangan,1
12,75.7,27.9,31.6,66.6,55.9,94.2,114.6,2.97,78,pematangan,1
13,73.7,27.8,32.4,65.5,57.2,94.6,113.1,3.01,78,pematangan,1
14,71.5,28.7,32.5,63.7,56.5,93.6,114.5,2.91,78,pematangan,1
15,81.5,28.6,31.3,65.5,55.6,93.0,117.2,2.97,78,pematangan,1
16,79.7,29.9,30.8,66.7,53.5,95.3,118.4,2.91,78,pematangan,1
17,77.2,28.7,30.3,65.1,57.5,97.6,112.4,2.99,78,pematangan,1
18,76.8,28.6,30.3,65.3,58.5,100.9,113.7,2.89,78,pematangan,3
19,75.5,29.4,29.6,71.1,58.9,102.6,112.0,2.74,78,pematangan,1
20,74.2,29.2,28.4,71.3,56.9,104.8,110.9,2.69,78,pematangan,5
21,73.5,27.9,26.5,76.1,59.0,105.7,106.9,2.73,78,pematangan,5
22,73.1,27.4,25.9,73.3,55.6,106.9,110.4,2.72,78,pematangan,5
23,71.6,27.3,26.5,77.8,55.2,107.2,108.8,2.76,78,pematangan,0
0,72.2,26.8,24.3,78.8,52.8,104.9,111.9,2.89,79,pematangan,1
1,71.4,26.4,24.9,79.4,50.3,105.2,113.9,2.68,79,pematangan,1
2,69.4,26.0,24.1,79.4,51.7,104.8,115.3,2.54,79,pematangan,1
3,67.8,26.2,23.6,78.1,48.7,102.8,118.9,2.41,79,pematangan,1
4,67.0,25.0,24.0,79.5,48.0,104.9,117.6,2.39,79,pematangan,1
5,66.4,26.0,25.6,78.6,51.1,111.3,110.0,2.39,79,pematangan,5
6,76.1,24.3,25.2,78.2,51.3,112.0,106.1,2.31,79,pematangan,5
7,74.3,24.3,25.8,74.1,51.5,110.7,107.8,2.17,79,pematangan,5
8,72.0,25.5,26.1,73.8,51.1,106.9,107.5,2.21,79,pematangan,5
9,69.4,25.6,29.1,73.8,52.1,104.0,108.3,2.05,79,pematangan,5
10,67.3,26.5,30.9,66.4,50.4,102.1,109.4,2.01,79,pematangan,5
11,65.2,27.2,31.6,66.8,50.4,102.9,106.4,2.1,79,pematangan,5
12,76.0,27.4,32.7,61.1,52.0,106.6,102.2,1.83,79,pematangan,5
13,74.6,27.3,32.4,64.9,46.5,104.1,103.1,1.63,79,pematangan,5
14,72.7,28.8,30.9,64.6,46.1,105.1,103.9,1.72,79,pematangan,5
15,83.0,28.8,31.6,63.1,48.5,102.2,103.5,1.76,79,pematangan,5
16,81.7,29.1,31.7,66.5,47.3,101.5,104.9,1.92,79,pematangan,6
17,81.7,28.4,31.3,66.8,47.4,100.8,107.1,1.88,79,pematangan,4
18,80.6,28.6,29.6,71.3,47.5,101.4,108.7,1.92,79,pematangan,5
19,80.7,28.8,29.2,69.7,46.7,101.4,111.8,1.86,79,pematangan,1
20,78.8,28.4,28.7,71.9,47.7,102.5,108.8,1.8,79,pematangan,5
21,77.0,27.9,28.6,72.6,46.3,102.6,110.3,1.83,79,pematangan,5
22,76.0,27.9,27.6,72.5,46.7,100.5,109.1,1.97,79,pematangan,5
23,75.5,27.1,26.5,80.7,49.4,96.4,109.9,1.97,79,pematangan,5
0,74.4,27.0,25.6,77.7,50.8,95.6,111.6,2.01,80,pematangan,1
1,73.6,26.3,23.9,79.0,53.7,95.9,111.5,1.9,80,pematangan,1
2,74.0,25.9,23.5,79.5,55.0,96.0,111.0,1.92,80,pematangan,1
3,73.2,24.7,24.0,77.2,51.2,97.2,114.6,1.76,80,pematangan,1
4,71.4,25.6,24.8,77.6,56.0,97.7,118.2,1.8,80,pematangan,1
5,70.8,25.5,24.6,76.5,56.5,98.5,121.9,2.07,80,pematangan,0
6,80.3,24.7,25.4,80.5,53.9,99.8,117.6,1.97,80,pematangan,1
7,78.4,24.4,24.8,76.9,56.1,105.5,112.7,2.04,80,pematangan,1
8,76.5,25.3,26.1,72.8,59.6,102.5,116.3,1.89,80,pematangan,1
9,74.2,25.5,29.6,68.0,60.2,96.2,115.1,1.89,80,pematangan,1
10,72.8,25.9,30.0,66.5,61.8,96.3,115.1,1.84,80,pematangan,1
11,70.3,26.8,30.0,65.7,59.9,95.7,115.1,2.01,80,pematangan,1
12,80.5,27.0,32.5,62.3,59.9,97.9,119.3,2.03,80,pematangan,1
13,79.0,27.7,32.2,65.6,56.1,92.5,120.4,1.99,80,pematangan,1
14,77.2,28.4,34.3,62.7,55.8,90.1,120.2,2.03,80,pematangan,1
15,86.8,28.6,32.7,64.2,59.0,84.4,120.0,1.86,80,pematangan,1
16,84.4,29.5,31.5,65.3,58.4,88.1,124.4,2.03,80,pematangan,1
17,82.0,29.4,30.6,62.7,57.7,86.2,124.1,2.17,80,pematangan,1
18,81.4,28.7,30.2,69.5,58.6,87.5,121.8,2.08,80,pematangan,1
19,80.6,28.7,29.2,69.6,56.2,85.0,121.5,2.26,80,pematangan,1
20,79.9,29.2,27.3,67.2,54.8,85.0,123.8,2.24,80,pematangan,1
21,79.3,27.9,28.3,72.1,57.1,85.4,124.8,2.24,80,pematangan,1
22,77.6,27.4,27.0,73.9,61.6,86.5,120.0,2.23,80,pematangan,1
23,76.0,27.5,23.8,74.1,62.3,84.9,119.1,2.17,80,pematangan,1
0,74.9,27.2,24.8,78.0,59.8,83.8,118.9,2.21,81,pematangan,1
1,73.9,26.4,24.1,80.6,58.7,84.7,119.2,2.32,81,pematangan,1
2,72.6,26.2,25.1,79.9,57.6,85.9,115.4,2.55,81,pematangan,1
3,70.7,25.5,24.1,77.3,61.3,86.6,114.9,2.49,81,pematangan,1
4,69.8,24.9,25.2,78.8,63.5,83.6,111.1,2.52,81,pematangan,1
5,68.6,25.3,23.0,76.0,62.5,85.1,108.6,2.42,81,pematangan,5
6,77.8,25.5,24.1,78.5,62.2,85.7,105.9,2.41,81,pematangan,5
7,74.7,24.6,26.9,74.2,59.1,85.8,103.4,2.4,81,pematangan,5
8,72.0,25.3,26.8,73.9,57.8,87.1,102.0,2.41,81,pematangan,5
9,70.2,24.8,27.8,72.1,56.1,88.6,98.7,2.3,81,pematangan,5
10,68.4,26.0,29.6,69.6,56.1,87.6,94.8,2.2,81,pematangan,5
11,67.2,26.8,30.5,66.2,54.4,85.1,93.0,2.2,81,pematangan,5
12,77.8,27.9,32.2,64.0,51.9,87.9,94.7,2.11,81,pematangan,5
13,76.1,28.0,32.9,61.1,51.3,83.9,94.3,2.2,81,pematangan,5
14,74.0,28.2,30.6,68.1,51.6,85.3,94.9,2.29,81,pematangan,3
15,84.1,28.7,31.4,68.7,53.0,86.8,90.4,2.24,81,pematangan,5
16,82.1,29.4,31.2,65.4,50.7,86.5,89.8,2.37,81,pematangan,5
17,79.8,28.5,30.7,67.4,46.7,88.5,92.3,2.5,81,pematangan,5
18,79.3,29.4,30.7,65.9,47.6,89.5,90.7,2.29,81,pematangan,5
19,79.1,27.7,29.3,68.8,45.5,88.9,91.7,2.39,81,pematangan,5
20,77.8,27.8,28.0,71.2,48.3,88.7,92.8,2.36,81,pematangan,5
21,77.7,28.3,26.7,71.8,49.3,88.3,92.4,2.34,81,pematangan,5
22,77.0,27.8,25.3,77.6,49.7,93.4,91.7,2.48,81,pematangan,5
23,76.1,27.0,25.7,76.6,51.7,94.0,91.2,2.33,81,pematangan,5
0,75.2,26.7,25.3,76.2,53.6,92.9,95.5,2.28,82,pematangan,5
1,74.1,26.1,25.5,77.7,55.5,95.7,100.6,2.12,82,pematangan,5
2,72.5,26.0,24.0,79.7,57.5,92.1,101.5,2.03,82,pematangan,5
3,71.6,26.1,25.9,77.0,59.3,92.8,100.1,1.91,82,pematangan,5
4,71.7,24.7,23.9,80.9,61.5,92.8,95.5,1.88,82,pematangan,5
5,71.6,25.5,23.9,79.4,59.5,92.2,95.2,2.06,82,pematangan,5
6,81.2,25.2,25.2,79.7,61.4,92.5,96.4,2.06,82,pematangan,5
7,79.5,25.0,25.2,76.6,61.7,91.4,95.1,2.04,82,pematangan,5
8,77.7,25.7,27.5,72.2,63.4,91.1,91.3,2.16,82,pematangan,5
9,75.9,25.9,27.0,69.4,62.7,92.3,91.9,2.14,82,pematangan,5
10,73.9,26.0,30.5,70.5,59.9,94.8,88.5,1.98,82,pematangan,5
11,72.4,27.1,31.1,66.6,61.8,91.9,83.6,1.94,82,pematangan,5
12,82.8,26.8,31.9,65.6,59.5,92.0,84.6,1.79,82,pematangan,5
13,80.4,27.7,32.1,65.1,57.9,92.3,84.8,1.71,82,pematangan,5
14,79.4,29.1,30.9,64.0,56.8,89.7,88.3,1.87,82,pematangan,5
15,88.3,29.3,30.9,62.7,60.0,87.5,91.2,1.82,82,pematangan,0
16,85.8,28.9,32.5,68.8,61.1,85.7,91.4,1.97,82,pematangan,5
17,84.1,28.5,31.1,66.3,63.5,84.8,92.9,2.07,82,pematangan,5
18,83.3,29.0,29.5,70.3,64.1,85.9,95.5,2.18,82,pematangan,5
19,81.3,28.3,29.6,69.4,61.5,87.1,98.0,2.36,82,pematangan,5
20,80.8,27.4,28.7,73.2,62.3,87.8,96.6,2.18,82,pematangan,9
21,80.1,27.9,29.1,71.3,64.6,86.3,99.8,2.3,82,pematangan,5
22,78.9,27.2,27.7,72.1,62.0,87.7,93.1,2.33,82,pematangan,5
23,78.3,27.6,26.3,75.5,66.5,83.9,92.2,2.33,82,pematangan,5
0,77.5,26.2,25.0,76.5,61.4,82.8,91.8,2.31,83,pematangan,5
1,76.5,26.0,26.2,79.7,62.2,84.2,96.2,2.37,83,pematangan,2
2,75.1,26.5,24.3,79.9,64.0,82.9,104.6,2.4,83,pematangan,5
3,75.2,25.5,23.4,77.0,60.7,83.8,101.1,2.53,83,pematangan,5
4,73.1,25.9,23.0,78.7,62.0,85.0,102.9,2.57,83,pematangan,5
5,71.6,25.6,23.6,77.0,59.0,85.7,103.2,2.52,83,pematangan,5
6,80.9,24.7,24.6,76.8,60.4,84.2,99.5,2.53,83,pematangan,5
7,78.8,25.5,26.6,75.8,60.9,82.8,97.9,2.56,83,pematangan,5
8,77.7,25.5,28.0,72.3,57.2,82.5,97.2,2.58,83,pematangan,5
9,75.5,25.2,29.6,72.7,55.2,80.6,98.8,2.52,83,pematangan,5
10,73.4,25.5,30.1,68.8,52.0,80.3,102.1,2.56,83,pematangan,5
11,71.1,27.1,31.7,64.3,53.9,80.3,104.8,2.53,83,pematangan,5
12,82.6,26.9,33.6,66.8,55.3,78.9,106.9,2.53,83,pematangan,5
13,79.6,28.6,32.7,65.6,53.5,76.9,107.8,2.63,83,pematangan,5
14,77.6,28.8,33.2,64.5,51.6,77.9,105.0,2.57,83,pematangan,5
15,87.3,28.5,30.4,64.0,52.3,78.0,106.1,2.78,83,pematangan,5
16,84.2,28.1,30.6,69.0,50.5,79.0,108.5,2.68,83,pematangan,5
17,81.5,28.8,30.1,68.1,52.5,83.3,109.9,2.69,83,pematangan,5
18,80.6,29.0,27.9,66.1,51.8,82.0,113.3,2.8,83,pematangan,1
19,80.5,28.1,29.3,69.8,50.7,85.6,115.6,2.85,83,pematangan,1
20,79.1,28.4,29.5,69.7,49.2,82.2,119.5,2.67,83,pematangan,1
21,77.6,27.4,27.2,74.4,47.5,83.7,116.8,2.87,83,pematangan,1
22,76.3,28.1,26.9,72.6,46.0,84.1,115.7,3.02,83,pematangan,1
23,75.7,27.3,25.3,74.9,46.4,83.0,120.7,2.98,83,pematangan,1
0,74.8,27.7,24.9,76.2,44.5,80.4,121.1,2.89,84,pematangan,1
1,73.8,26.5,25.0,79.3,44.7,82.5,120.7,2.96,84,pematangan,1
2,72.6,26.7,23.4,77.4,43.8,78.2,119.7,2.99,84,pematangan,1
3,72.2,26.2,25.0,79.8,46.3,79.3,121.5,2.96,84,pematangan,1
4,71.2,25.6,22.5,76.1,47.4,76.7,125.8,2.93,84,pematangan,1
5,71.0,24.6,24.5,81.0,46.5,77.1,122.0,3.02,84,pematangan,1
6,80.8,25.2,24.5,73.3,47.0,80.4,126.1,2.89,84,pematangan,1
7,79.8,24.8,27.2,76.3,49.2,81.6,125.9,2.69,84,pematangan,1
8,77.6,25.3,27.9,73.8,49.4,81.9,123.6,2.6,84,pematangan,1
9,76.5,25.1,27.0,69.7,49.0,81.7,119.8,2.47,84,pematangan,1
10,74.6,26.3,28.1,70.0,51.7,87.0,119.1,2.44,84,pematangan,1
11,72.6,26.6,30.3,67.9,56.3,88.1,118.0,2.57,84,pematangan,1
12,82.5,27.2,31.4,66.4,58.0,83.8,117.3,2.59,84,pematangan,1
13,79.7,28.0,31.8,66.0,59.1,80.7,119.4,2.53,84,pematangan,1
14,78.9,27.3,31.9,64.8,60.0,79.5,120.4,2.41,84,pematangan,1
15,89.3,29.2,32.2,64.0,60.6,81.8,118.6,2.52,84,pematangan,1
16,86.9,28.9,30.1,66.0,63.6,78.5,117.6,2.5,84,pematangan,1
17,84.0,29.7,29.2,68.6,63.3,79.9,118.8,2.6,84,pematangan,1
18,82.9,29.0,30.2,67.9,64.0,77.3,119.3,2.54,84,pematangan,1
19,81.9,29.3,28.9,65.2,59.0,77.2,119.1,2.61,84,pematangan,1
20,80.7,28.0,28.3,68.1,62.8,73.4,122.7,2.68,84,pematangan,1
21,78.9,27.9,27.1,76.1,65.0,71.6,121.9,2.7,84,pematangan,1
22,77.7,27.3,26.6,73.0,66.8,74.3,119.3,2.78,84,pematangan,4
23,78.0,27.4,27.2,74.9,63.1,71.1,121.9,2.7,84,pematangan,1
0,76.1,27.1,24.0,79.1,66.0,68.9,114.9,2.78,85,pematangan,1
1,75.7,25.7,23.8,80.1,65.2,69.2,115.0,2.86,85,pematangan,1
2,74.7,26.2,24.9,80.3,65.1,67.6,114.8,2.79,85,pematangan,1
3,72.7,25.4,25.3,80.1,67.8,64.7,114.4,2.61,85,pematangan,1
4,70.9,24.9,23.8,76.2,68.4,64.2,114.3,2.77,85,pematangan,1
5,70.4,24.7,23.2,83.5,69.9,63.6,109.0,2.65,85,pematangan,5
6,80.3,25.2,23.3,77.4,68.2,70.0,107.0,2.6,85,pematangan,5
7,78.3,24.8,26.2,78.0,67.5,70.7,109.7,2.6,85,pematangan,5
8,75.9,25.2,26.3,73.6,67.7,72.2,107.9,2.81,85,pematangan,5
9,73.3,25.3,30.4,69.6,68.7,75.8,106.1,2.81,85,pematangan,5
10,71.9,25.9,31.9,67.5,67.6,78.3,103.3,2.71,85,pematangan,5
11,70.2,26.1,31.2,65.6,71.1,77.6,104.2,2.72,85,pematangan,5
12,80.7,27.2,32.1,67.5,70.3,77.8,101.9,2.63,85,pematangan,5
13,78.9,28.4,31.9,61.7,68.8,80.9,102.7,2.61,85,pematangan,5
14,76.9,28.7,32.8,64.9,67.3,77.8,100.2,2.46,85,pematangan,5
15,87.7,29.2,31.7,67.9,65.7,76.9,96.6,2.54,85,pematangan,5
16,85.5,28.9,31.3,64.6,65.6,75.9,96.9,2.46,85,pematangan,5
17,82.8,29.6,31.8,66.7,68.1,78.2,93.6,2.41,85,pematangan,5
18,81.4,28.4,30.5,65.9,67.7,77.9,96.3,2.33,85,pematangan,5
19,79.9,29.2,30.9,72.5,66.4,81.2,97.2,2.36,85,pematangan,5
20,79.2,28.9,27.1,69.1,70.6,83.3,103.4,2.36,85,pematangan,5
21,79.2,27.6,27.1,74.0,74.1,85.2,105.6,2.28,85,pematangan,3
22,77.6,28.0,26.0,70.9,73.6,88.0,100.7,2.45,85,pematangan,5
23,77.3,27.1,26.7,74.4,69.9,85.3,98.8,2.45,85,pematangan,5
0,76.6,27.2,24.9,77.8,71.6,86.4,101.8,2.3,86,pematangan,5
1,75.5,26.7,25.2,76.5,74.9,88.4,103.5,2.29,86,pematangan,3
2,73.8,26.5,23.4,78.8,73.5,88.5,100.8,2.17,86,pematangan,5
3,73.7,25.3,24.0,77.4,74.6,90.5,101.0,2.31,86,pematangan,3
4,72.9,24.8,25.8,80.2,74.8,91.0,99.2,2.33,86,pematangan,6
5,72.0,24.9,25.6,77.4,75.7,94.6,102.1,2.3,86,pematangan,3
6,82.6,24.7,23.4,76.2,76.7,94.5,107.0,2.38,86,pematangan,3
7,80.5,24.9,26.3,76.5,76.8,95.4,105.2,2.32,86,pematangan,3
8,79.5,25.0,28.0,70.0,78.8,91.4,104.2,2.35,86,pematangan,3
9,77.1,25.2,28.3,71.7,76.2,93.4,106.0,2.27,86,pematangan,3
10,73.7,26.5,29.1,66.5,72.5,91.9,110.7,2.28,86,pematangan,5
11,71.3,26.9,31.6,68.7,69.3,90.7,110.9,2.21,86,pematangan,5
12,80.6,27.6,31.8,63.5,73.0,94.5,111.5,2.31,86,pematangan,1
13,78.4,27.7,32.4,62.4,70.6,92.9,111.0,2.39,86,pematangan,1
14,77.2,28.5,31.8,64.4,72.8,93.2,111.8,2.49,86,pematangan,1
15,87.7,29.5,33.5,66.5,74.9,94.2,110.8,2.62,86,pematangan,3
16,85.6,28.6,30.5,61.1,78.3,94.2,114.0,2.8,86,pematangan,0
17,83.6,28.9,30.3,65.5,76.5,94.8,114.9,2.86,86,pematangan,0
18,82.7,29.0,30.4,70.3,73.6,92.7,118.4,2.85,86,pematangan,1
19,81.1,28.5,29.8,67.7,73.6,94.1,121.3,2.71,86,pematangan,1
20,80.1,29.0,27.3,69.0,75.7,93.1,123.6,2.82,86,pematangan,0
21,79.3,27.8,28.6,70.0,78.7,87.7,124.2,2.78,86,pematangan,0
22,78.0,27.9,25.6,73.8,77.5,88.7,123.3,2.52,86,pematangan,0
23,76.8,27.0,26.0,73.7,77.2,89.8,120.5,2.49,86,pematangan,0
0,76.2,26.6,25.1,78.2,77.4,91.5,118.5,2.56,87,pematangan,0
1,74.4,26.3,24.2,75.8,76.3,94.4,116.2,2.54,87,pematangan,0
2,72.6,26.4,25.3,78.5,75.6,93.8,119.1,2.54,87,pematangan,0
3,72.0,25.7,22.2,79.5,71.0,94.3,123.3,2.48,87,pematangan,1
4,71.2,25.9,23.4,78.9,69.2,91.8,122.3,2.39,87,pematangan,1
5,69.8,25.3,23.5,79.1,67.6,91.6,119.6,2.37,87,pematangan,1
6,80.1,24.9,25.6,76.4,65.1,93.1,120.4,2.32,87,pematangan,1
7,78.5,24.7,27.2,74.4,66.5,96.2,118.0,2.27,87,pematangan,1
8,76.2,24.4,27.9,75.6,66.4,92.0,120.5,2.36,87,pematangan,1
9,74.8,25.5,29.8,71.4,66.8,91.7,122.3,2.28,87,pematangan,1
10,73.3,26.3,28.2,68.8,67.5,94.7,121.1,2.36,87,pematangan,1
11,71.4,26.6,31.2,67.8,69.4,90.2,121.7,2.37,87,pematangan,1
12,81.5,27.4,30.7,65.2,66.7,87.8,121.5,2.45,87,pematangan,1
13,80.1,28.6,31.7,63.4,68.3,87.6,121.6,2.42,87,pematangan,1
14,79.5,28.5,32.1,65.2,69.0,87.7,126.4,2.32,87,pematangan,1
15,89.4,28.9,31.7,64.2,68.7,89.3,127.0,2.3,87,pematangan,1
16,87.0,29.0,32.3,68.7,66.1,88.7,125.8,2.28,87,pematangan,1
17,85.2,29.0,29.1,67.0,63.0,90.0,125.1,2.47,87,pematangan,1
18,83.7,28.2,29.3,68.1,61.3,91.0,127.3,2.52,87,pematangan,1
19,82.8,28.1,28.1,72.3,63.6,90.9,125.3,2.47,87,pematangan,9
20,81.6,27.9,27.1,72.6,64.0,82.7,120.3,2.54,87,pematangan,1
21,80.6,28.3,28.4,71.6,64.4,82.6,120.6,2.65,87,pematangan,1
22,79.5,27.2,26.9,75.3,66.1,84.2,117.5,2.6,87,pematangan,1
23,79.7,27.0,27.2,73.7,64.3,80.5,118.0,2.68,87,pematangan,1
0,79.0,27.1,26.3,76.9,65.9,76.7,117.6,2.77,88,pematangan,1
1,77.2,26.0,24.8,78.8,65.8,80.8,116.1,2.95,88,pematangan,1
2,76.6,25.4,23.6,79.6,67.0,82.9,110.9,2.96,88,pematangan,5
3,75.6,25.1,24.9,79.5,69.3,84.4,111.5,2.79,88,pematangan,1
4,74.6,26.0,23.4,78.3,71.5,84.7,110.1,2.71,88,pematangan,5
5,73.7,25.1,23.3,80.2,69.0,85.0,108.0,2.78,88,pematangan,5
6,83.0,24.7,24.0,79.1,67.8,82.8,105.8,2.72,88,pematangan,5
7,81.6,23.9,26.1,74.8,65.1,83.1,106.5,2.63,88,pematangan,5
8,79.2,25.2,28.3,73.3,61.4,84.1,107.4,2.57,88,pematangan,5
9,77.2,25.2,28.7,71.5,58.3,83.9,111.6,2.57,88,pematangan,1
10,75.6,25.4,31.0,68.9,58.7,83.5,113.3,2.66,88,pematangan,1
11,73.8,27.3,31.1,66.5,61.4,78.4,109.7,2.56,88,pematangan,5
12,83.6,27.7,31.4,65.3,60.2,79.1,109.2,2.68,88,pematangan,5
13,81.3,27.9,34.2,65.1,58.4,79.6,108.5,2.81,88,pematangan,5
14,79.6,27.9,33.4,65.5,59.6,83.2,104.5,2.68,88,pematangan,5
15,90.5,29.7,31.8,65.5,57.2,83.9,101.6,2.88,88,pematangan,5
16,89.5,29.5,30.6,64.6,61.6,84.2,105.8,2.78,88,pematangan,5
17,87.3,29.5,29.4,67.2,62.4,82.2,104.1,2.78,88,pematangan,5
18,87.2,29.1,30.3,66.8,62.0,82.0,100.6,2.91,88,pematangan,5
19,87.5,28.6,29.0,68.5,61.0,81.1,102.2,2.9,88,pematangan,5
20,86.2,28.1,28.8,71.8,59.4,83.3,100.7,2.94,88,pematangan,5
21,84.2,27.9,27.8,72.9,56.8,85.1,103.9,2.9,88,pematangan,5
22,83.5,28.3,27.1,73.3,56.2,86.4,107.7,2.93,88,pematangan,5
23,83.2,27.1,26.9,77.0,60.4,84.7,109.1,2.95,88,pematangan,5
0,82.2,26.3,25.6,76.0,59.0,86.2,109.7,3.0,89,pematangan,5
1,81.9,26.4,24.2,79.3,62.1,86.2,109.7,3.0,89,pematangan,5
2,80.8,25.7,23.7,76.9,64.2,87.0,103.6,2.75,89,pematangan,5
3,80.5,26.3,24.6,82.2,63.7,82.1,100.1,2.76,89,pematangan,5
4,78.6,24.9,23.1,80.9,65.3,84.3,102.4,2.76,89,pematangan,5
5,78.3,24.8,24.8,80.4,62.2,82.1,98.0,2.73,89,pematangan,5
6,88.7,24.9,25.5,78.2,62.7,84.0,98.4,2.64,89,pematangan,5
7,86.2,24.4,26.0,73.6,65.3,85.8,100.7,2.78,89,pematangan,5
8,83.8,24.0,26.7,70.4,66.2,84.4,101.9,2.83,89,pematangan,5
9,81.9,25.1,27.3,70.7,66.7,82.6,103.0,2.77,89,pematangan,2
10,80.1,25.5,29.1,67.3,65.4,80.7,101.8,2.89,89,pematangan,5
11,78.5,26.8,29.8,66.5,63.3,79.2,103.2,2.89,89,pematangan,5
12,88.4,27.9,31.8,66.4,63.5,79.3,103.4,2.94,89,pematangan,5
13,85.8,28.2,31.6,64.7,70.1,79.6,106.7,2.8,89,pematangan,5
14,82.7,28.1,31.2,62.4,71.0,80.8,107.1,2.65,89,pematangan,5
15,93.1,28.9,32.4,65.8,68.2,84.2,101.6,2.53,89,pematangan,5
16,89.9,29.2,31.3,64.4,66.4,84.6,105.7,2.41,89,pematangan,5
17,88.2,28.9,30.7,67.4,67.8,83.9,108.4,2.35,89,pematangan,5
18,87.7,28.4,30.4,69.1,69.1,84.7,109.3,2.39,89,pematangan,5
19,86.5,28.4,30.1,68.6,65.5,89.8,109.8,2.26,89,pematangan,5
20,85.4,28.7,27.1,73.8,59.7,89.5,105.5,2.16,89,pematangan,5
21,83.8,28.1,28.1,72.2,63.2,87.1,103.9,2.16,89,pematangan,5
22,82.9,27.8,25.3,74.5,62.6,87.9,103.1,2.1,89,pematangan,5
23,82.7,27.0,25.4,78.3,63.8,88.0,103.6,2.16,89,pematangan,5
0,81.9,26.7,26.1,77.7,64.1,85.6,103.3,2.39,90,pematangan,5
1,81.5,26.2,25.3,77.0,66.9,89.3,104.7,2.38,90,pematangan,5
2,80.5,25.9,24.9,78.7,66.1,88.2,102.0,2.36,90,pematangan,5
3,80.0,25.2,24.2,80.2,69.4,88.7,101.8,2.31,90,pematangan,5
4,79.3,26.0,25.1,79.2,68.6,91.2,102.0,2.12,90,pematangan,5
5,78.8,25.0,23.0,78.6,65.9,89.5,101.7,2.1,90,pematangan,5
6,89.6,24.9,24.7,79.8,64.6,88.6,99.9,1.91,90,pematangan,5
7,87.2,24.5,26.0,75.7,61.8,89.2,104.0,1.78,90,pematangan,5
8,85.1,24.8,28.9,76.5,64.4,90.6,103.0,1.77,90,pematangan,5
9,81.7,24.6,29.5,70.3,67.5,91.2,100.7,1.74,90,pematangan,5
10,80.4,26.3,30.8,66.2,70.3,91.1,96.0,1.77,90,pematangan,5
11,79.2,26.6,30.5,65.4,68.2,90.0,98.4,1.77,90,pematangan,5
12,89.8,26.9,33.6,66.2,69.2,89.8,100.9,1.88,90,pematangan,5
13,87.8,28.1,32.4,63.0,71.5,91.6,99.9,1.87,90,pematangan,5
14,85.4,28.4,31.1,66.2,73.6,90.0,103.9,1.81,90,pematangan,5
15,94.6,28.6,33.5,64.7,75.4,86.7,105.1,1.83,90,pematangan,3
16,93.7,28.3,30.1,66.2,74.9,85.1,105.4,1.83,90,pematangan,3
17,91.8,28.6,30.0,65.3,74.8,88.7,108.5,1.65,90,pematangan,3
18,90.1,29.0,29.8,68.1,74.4,82.7,109.4,1.57,90,pematangan,3
19,89.9,28.5,28.5,69.5,77.5,82.8,110.3,1.64,90,pematangan,3
20,88.4,27.8,28.8,73.1,77.0,83.5,110.1,1.79,90,pematangan,3
21,87.1,27.9,27.8,72.0,78.1,85.3,108.2,1.95,90,pematangan,3
22,85.4,27.6,26.9,71.7,76.8,84.6,106.2,1.99,90,pematangan,3
23,83.5,27.3,27.5,74.0,78.2,83.3,102.1,2.21,90,pematangan,3
0,82.9,26.3,24.0,76.1,73.6,88.6,103.8,2.18,91,pematangan,5
1,81.5,26.0,25.9,79.6,75.9,89.4,105.5,2.44,91,pematangan,3
2,80.5,25.9,23.7,77.7,78.5,87.6,109.6,2.39,91,pematangan,3
3,78.9,25.8,25.3,78.1,80.2,85.6,108.9,2.43,91,pematangan,3
4,78.5,25.9,25.5,79.5,81.9,84.4,112.3,2.4,91,pematangan,0
5,78.2,25.1,26.1,79.5,83.0,84.8,106.8,2.46,91,pematangan,3
6,88.6,24.4,24.8,78.0,82.2,86.6,107.6,2.41,91,pematangan,3
7,86.2,24.9,25.1,73.7,81.2,85.7,111.4,2.35,91,pematangan,0
8,85.1,25.1,27.6,72.8,80.4,84.2,111.6,2.3,91,pematangan,0
9,82.9,25.2,28.7,72.3,81.1,82.3,113.5,2.18,91,pematangan,0
10,80.2,25.5,28.6,68.7,79.8,81.7,112.9,2.1,91,pematangan,0
11,78.2,26.3,31.7,66.6,77.4,81.3,110.6,2.03,91,pematangan,3
12,87.9,27.5,31.0,63.1,77.8,79.7,107.6,2.02,91,pematangan,3
13,85.7,28.2,33.2,63.5,77.8,81.5,107.6,2.1,91,pematangan,3
14,83.7,28.3,32.7,61.9,79.5,81.1,111.6,2.16,91,pematangan,0
15,95.0,28.5,31.4,65.7,77.0,83.9,111.1,2.16,91,pematangan,0
16,93.6,29.1,31.3,67.0,79.2,83.9,112.3,2.28,91,pematangan,0
17,91.3,29.1,30.5,66.2,82.1,82.3,114.5,2.38,91,pematangan,0
18,90.7,29.3,29.6,67.3,83.8,78.9,115.0,2.38,91,pematangan,0
19,88.7,28.4,31.7,68.0,81.9,78.9,118.0,2.38,91,pematangan,0
20,87.4,28.7,27.7,70.9,80.2,77.2,114.5,2.44,91,pematangan,0
21,86.1,27.9,27.6,75.8,78.7,81.3,113.7,2.38,91,pematangan,0
22,84.8,27.1,27.6,73.2,77.1,79.1,116.0,2.47,91,pematangan,0
23,83.3,27.5,25.7,76.4,75.4,79.5,119.0,2.53,91,pematangan,0
0,82.1,27.0,24.8,79.0,76.0,77.9,120.1,2.6,92,pematangan,0
1,81.8,26.7,23.7,78.3,76.9,77.3,120.8,2.49,92,pematangan,0
2,80.5,26.3,25.3,77.0,76.7,74.9,121.3,2.48,92,pematangan,0
3,78.4,25.9,24.7,80.4,76.5,76.7,119.8,2.49,92,pematangan,0
4,76.8,25.2,24.4,82.7,80.1,79.9,121.5,2.42,92,pematangan,0
5,75.9,24.4,23.0,79.8,81.2,81.7,121.0,2.43,92,pematangan,0
6,85.5,24.8,25.3,78.1,81.4,81.7,117.4,2.22,92,pematangan,0
7,84.0,25.0,26.2,75.9,79.4,81.2,119.9,2.16,92,pematangan,0
8,81.9,24.9,27.0,69.6,80.1,82.2,122.5,2.26,92,pematangan,0
9,80.1,25.6,27.6,71.2,80.5,82.2,122.7,2.27,92,pematangan,0
10,78.2,26.6,30.0,67.1,79.3,80.0,113.3,2.14,92,pematangan,1
11,75.8,26.6,30.4,64.2,80.2,81.1,112.7,2.12,92,pematangan,0
12,85.8,27.0,31.8,66.7,76.3,79.9,111.4,2.21,92,pematangan,0
13,83.8,28.6,32.1,62.3,77.5,81.8,112.1,2.26,92,pematangan,0
14,81.5,28.5,31.6,64.3,78.3,81.9,118.4,2.27,92,pematangan,0
15,92.2,28.9,32.4,62.5,76.9,80.5,113.7,2.17,92,pematangan,0
16,90.4,28.1,31.2,66.1,76.6,80.0,115.9,2.13,92,pematangan,0
17,87.9,28.3,31.1,64.1,76.8,75.9,115.3,2.16,92,pematangan,0
18,86.4,29.2,30.3,68.4,79.0,78.5,113.9,2.12,92,pematangan,0
19,84.6,28.8,30.0,69.7,78.9,78.5,115.8,2.25,92,pematangan,0
20,82.8,28.8,27.6,72.5,76.7,81.4,116.9,2.18,92,pematangan,0
21,81.9,28.9,27.3,70.5,77.9,80.8,117.5,2.27,92,pematangan,0
22,81.7,27.6,27.5,73.7,76.4,76.0,113.4,2.32,92,pematangan,0
23,81.0,27.2,26.1,74.5,74.7,77.7,114.3,2.09,92,pematangan,0
0,80.4,26.7,26.2,78.6,73.3,81.5,111.0,2.11,93,pematangan,1
1,79.3,26.4,25.4,75.4,72.0,79.8,111.3,2.21,93,pematangan,1
2,78.9,26.4,24.0,78.6,71.2,79.4,105.3,2.24,93,pematangan,5
3,77.9,25.4,24.8,80.7,72.3,75.4,101.7,2.07,93,pematangan,5
4,77.3,26.0,23.8,80.3,74.8,75.2,100.6,2.24,93,pematangan,3
5,77.0,24.4,25.0,76.8,71.6,77.2,104.8,2.42,93,pematangan,5
6,87.7,25.3,26.4,80.1,74.3,77.3,102.4,2.51,93,pematangan,3
7,85.4,25.5,26.9,76.1,74.7,74.5,99.7,2.52,93,pematangan,3
8,83.4,25.2,29.1,75.2,72.8,71.9,100.2,2.4,93,pematangan,5
9,80.0,25.7,27.5,69.8,73.9,71.3,98.3,2.48,93,pematangan,5
10,78.8,25.5,29.6,68.1,74.0,70.0,99.5,2.42,93,pematangan,3
11,76.2,27.3,30.9,66.2,76.0,69.7,102.6,2.46,93,pematangan,3
12,86.9,27.8,31.4,63.7,72.9,70.6,103.9,2.39,93,pematangan,5
13,84.9,27.7,32.3,68.0,73.4,69.1,103.1,2.45,93,pematangan,5
14,83.0,27.8,31.6,63.7,71.5,63.3,103.6,2.48,93,pematangan,0
15,93.6,28.5,32.5,65.3,74.5,65.8,104.6,2.46,93,pematangan,3
16,92.2,28.8,32.0,64.4,73.7,66.1,101.5,2.72,93,pematangan,5
17,90.3,28.2,31.0,65.6,73.1,67.1,107.5,2.65,93,pematangan,5
18,89.3,28.9,29.2,67.7,73.5,68.9,110.9,2.53,93,pematangan,5
19,88.4,28.8,29.7,68.2,73.0,70.0,111.3,2.44,93,pematangan,1
20,87.6,28.4,29.0,69.5,71.4,65.7,114.0,2.33,93,pematangan,6
21,87.4,27.9,27.9,72.9,76.0,62.4,112.9,2.38,93,pematangan,0
22,86.1,28.1,26.8,73.7,73.7,66.5,111.7,2.22,93,pematangan,1
23,85.1,27.3,27.1,79.8,74.3,65.4,111.2,2.17,93,pematangan,0
0,84.4,27.7,24.9,77.0,69.5,67.0,113.9,2.46,94,pematangan,1
1,83.3,26.1,24.5,77.3,69.3,66.7,116.1,2.45,94,pematangan,1
2,81.6,26.1,24.9,80.4,71.7,67.1,116.5,2.6,94,pematangan,1
3,80.8,25.3,24.5,83.0,70.2,70.6,114.4,2.68,94,pematangan,1
4,79.5,25.3,24.7,77.1,70.2,68.2,113.2,2.52,94,pematangan,1
5,78.9,25.5,24.0,81.7,71.3,67.8,112.9,2.56,94,pematangan,1
6,88.5,25.2,23.9,76.2,70.3,68.7,110.2,2.6,94,pematangan,5
7,86.5,25.4,25.0,75.1,72.4,70.2,105.5,2.58,94,pematangan,5
8,84.3,25.5,27.0,70.9,72.2,70.0,105.4,2.46,94,pematangan,5
9,82.4,25.2,29.3,69.8,72.1,70.9,102.8,2.59,94,pematangan,5
10,80.1,24.9,30.6,65.5,73.3,71.9,99.5,2.61,94,pematangan,5
11,78.5,25.8,29.6,64.8,73.0,71.5,100.7,2.5,94,pematangan,5
12,88.8,28.2,32.2,63.9,74.7,69.3,99.4,2.5,94,pematangan,3
13,87.3,27.5,31.9,63.7,72.0,66.0,102.1,2.56,94,pematangan,5
14,85.4,29.0,31.1,64.6,74.1,63.4,104.5,2.56,94,pematangan,3
15,95.0,28.7,33.4,65.2,76.4,63.0,103.5,2.49,94,pematangan,3
16,93.9,28.7,31.4,65.4,77.6,65.0,101.0,2.47,94,pematangan,3
17,92.1,29.2,31.3,69.0,76.3,65.3,104.8,2.47,94,pematangan,3
18,90.6,29.2,32.1,68.3,79.6,67.5,104.4,2.56,94,pematangan,3
19,89.7,29.0,28.8,71.7,79.6,65.3,105.3,2.53,94,pematangan,3
20,88.3,28.1,28.1,71.4,79.9,64.2,101.5,2.57,94,pematangan,3
21,87.6,28.3,28.8,71.7,79.2,64.0,105.1,2.71,94,pematangan,3
22,86.0,27.7,25.7,72.0,82.3,65.1,106.2,2.59,94,pematangan,3
23,84.2,27.9,26.1,71.0,79.4,64.1,106.9,2.58,94,pematangan,3
0,84.3,26.9,25.4,76.6,79.6,70.7,104.8,2.56,95,pematangan,3
1,83.9,26.8,25.5,76.4,77.7,70.0,102.8,2.58,95,pematangan,3
2,83.3,25.4,24.7,79.3,76.4,69.0,103.2,2.49,95,pematangan,3
3,82.5,26.4,23.4,82.1,79.8,74.1,102.6,2.45,95,pematangan,3
4,81.6,26.0,24.8,75.9,81.0,74.7,104.3,2.37,95,pematangan,3
5,81.0,24.8,24.9,80.7,80.8,73.8,100.5,2.36,95,pematangan,3
6,91.0,25.6,24.1,75.4,80.4,73.4,99.0,2.53,95,pematangan,3
7,88.5,24.7,25.4,72.7,79.2,72.5,97.2,2.5,95,pematangan,3
8,86.2,25.2,26.9,77.4,80.2,70.9,97.1,2.67,95,pematangan,3
9,84.8,25.3,27.8,72.0,77.6,72.1,95.3,2.61,95,pematangan,3
10,82.2,25.4,30.9,62.6,77.2,71.7,92.4,2.62,95,pematangan,3
11,80.2,26.6,30.8,68.3,78.0,70.2,98.2,2.56,95,pematangan,3
12,89.5,27.1,31.5,64.1,78.3,70.2,99.6,2.62,95,pematangan,3
13,86.9,28.4,31.2,66.7,76.8,73.6,101.5,2.57,95,pematangan,3
14,85.5,28.1,31.6,62.5,73.0,73.2,98.8,2.64,95,pematangan,5
15,95.0,28.7,32.8,65.0,72.0,74.9,99.5,2.68,95,pematangan,5
16,92.7,28.6,31.8,65.7,71.8,76.9,96.5,2.7,95,pematangan,5
17,90.7,29.3,29.4,62.9,71.2,73.9,93.4,2.73,95,pematangan,5
18,89.0,28.9,29.2,68.2,68.6,71.7,95.1,2.62,95,pematangan,5
19,88.8,29.0,29.7,71.0,69.3,72.7,95.3,2.63,95,pematangan,5
20,88.5,28.1,28.0,69.4,69.0,73.4,96.3,2.66,95,pematangan,5
21,87.4,28.1,27.1,73.8,69.1,75.9,94.1,2.41,95,pematangan,5
22,87.5,28.0,26.1,75.7,69.8,75.3,96.2,2.36,95,pematangan,5
23,86.5,27.1,24.9,76.0,70.2,76.4,99.7,2.43,95,pematangan,5
0,84.4,26.6,25.4,79.4,70.5,77.0,95.6,2.35,96,pematangan,5
1,83.9,26.4,24.5,79.6,70.6,82.3,102.9,2.37,96,pematangan,1
2,83.1,26.2,25.3,82.2,72.7,85.2,103.5,2.38,96,pematangan,5
3,82.5,25.7,24.0,80.3,70.1,86.7,103.3,2.34,96,pematangan,5
4,82.2,24.9,23.2,81.9,71.4,83.8,97.0,2.27,96,pematangan,5
5,81.3,25.0,24.8,79.3,71.5,84.0,99.5,2.45,96,pematangan,5
6,91.0,24.6,26.0,79.3,71.2,83.3,100.9,2.64,96,pematangan,5
7,89.5,26.2,25.4,76.6,71.3,83.1,97.6,2.6,96,pematangan,5
8,87.9,25.2,25.9,74.2,70.3,84.0,98.9,2.63,96,pematangan,5
9,85.4,24.8,28.3,71.9,69.6,86.9,100.8,2.61,96,pematangan,5
10,83.4,25.8,28.9,67.4,69.6,88.2,104.6,2.6,96,pematangan,5
11,80.8,26.2,32.4,65.3,68.1,88.9,102.6,2.49,96,pematangan,5
12,90.6,28.3,30.6,61.2,65.6,90.5,105.9,2.55,96,pematangan,5
13,89.2,28.3,31.7,64.4,64.8,90.4,104.7,2.47,96,pematangan,9
14,86.3,28.3,33.1,62.1,66.4,94.2,106.7,2.37,96,pematangan,5
15,95.0,29.4,32.4,63.3,65.2,92.2,107.2,2.34,96,pematangan,5
16,92.6,29.4,30.8,64.8,67.2,90.3,109.5,2.55,96,pematangan,5
17,90.7,28.7,30.1,67.8,69.8,90.8,108.6,2.68,96,pematangan,5
18,88.4,28.4,29.9,69.0,70.6,91.5,112.8,2.59,96,pematangan,1
19,86.7,28.1,29.0,70.4,70.4,91.6,116.8,2.48,96,pematangan,8
20,86.3,28.2,29.6,70.8,70.1,92.2,117.6,2.52,96,pematangan,3
21,85.6,28.0,27.5,73.3,72.4,92.0,120.8,2.55,96,pematangan,8
22,84.4,27.5,25.7,72.9,69.3,89.3,118.5,2.59,96,pematangan,1
23,82.8,27.5,26.8,78.8,68.4,88.5,117.0,2.53,96,pematangan,1
0,81.8,26.9,26.2,80.3,67.0,87.4,114.4,2.67,97,pematangan,1
1,80.5,26.4,24.6,77.4,67.2,89.4,113.3,2.71,97,pematangan,6
2,79.9,26.4,25.0,77.1,66.5,86.8,110.4,2.82,97,pematangan,5
3,78.6,24.9,24.1,77.7,67.6,84.9,103.8,2.57,97,pematangan,5
4,78.6,25.3,23.0,78.3,67.1,87.1,102.9,2.57,97,pematangan,5
5,77.6,24.7,24.2,77.8,67.0,90.3,98.7,2.56,97,pematangan,5
6,88.5,25.2,24.0,78.7,66.6,91.4,96.4,2.48,97,pematangan,5
7,85.9,25.3,25.5,76.3,67.8,95.9,93.5,2.42,97,pematangan,5
8,84.1,24.8,26.6,74.9,68.0,94.3,89.8,2.45,97,pematangan,5
9,83.0,24.6,29.0,70.9,72.7,96.0,94.9,2.45,97,pematangan,5
10,80.9,26.8,30.1,68.4,74.1,91.9,100.4,2.51,97,pematangan,3
11,78.6,27.2,30.0,65.3,72.2,90.4,105.1,2.41,97,pematangan,5
12,88.4,27.8,31.0,67.3,72.7,90.6,108.8,2.47,97,pematangan,5
13,86.5,27.6,32.0,66.9,69.6,91.3,108.7,2.56,97,pematangan,5
14,85.1,28.8,32.3,62.8,65.7,90.9,106.0,2.5,97,pematangan,5
15,95.0,29.0,31.7,65.2,66.0,90.8,108.4,2.44,97,pematangan,5
16,93.0,29.2,29.5,65.1,65.8,92.5,111.3,2.64,97,pematangan,1
17,90.6,29.5,31.7,66.2,64.0,94.7,111.8,2.56,97,pematangan,2
18,90.0,29.7,31.4,67.0,67.4,96.9,111.5,2.66,97,pematangan,1
19,89.3,28.7,30.5,67.5,68.9,99.0,111.5,2.59,97,pematangan,1
20,88.6,28.5,28.9,70.7,71.7,97.9,109.3,2.58,97,pematangan,5
21,88.4,28.6,28.1,74.5,74.4,95.5,109.4,2.52,97,pematangan,3
22,88.3,27.7,26.2,76.9,76.1,93.1,108.5,2.45,97,pematangan,3
23,87.7,27.2,26.2,77.7,77.8,89.0,109.6,2.25,97,pematangan,3
0,87.0,26.8,24.4,77.6,77.7,91.5,110.7,2.43,98,pematangan,3
1,86.3,27.1,24.9,80.9,79.0,90.2,107.6,2.36,98,pematangan,3
2,85.6,26.6,23.2,79.2,79.0,91.6,109.8,2.27,98,pematangan,3
3,84.3,24.7,24.6,79.6,78.5,89.0,107.9,2.24,98,pematangan,3
4,83.5,26.1,23.7,77.6,81.3,90.5,110.1,2.39,98,pematangan,3
5,82.8,25.1,24.9,81.7,80.5,91.1,108.3,2.48,98,pematangan,3
6,92.3,24.5,25.1,80.0,79.9,91.6,103.4,2.46,98,pematangan,3
7,89.8,25.6,25.6,74.3,81.4,94.3,102.5,2.4,98,pematangan,3
8,87.0,25.3,28.0,71.1,80.7,94.1,108.6,2.36,98,pematangan,5
9,85.0,25.5,27.8,74.2,81.3,94.3,112.4,2.46,98,pematangan,0
10,83.3,26.0,29.8,68.4,80.0,93.8,112.9,2.5,98,pematangan,0
11,80.8,27.2,30.6,63.9,79.5,93.9,111.8,2.38,98,pematangan,0
12,89.7,27.7,32.4,63.9,77.9,94.7,114.2,2.55,98,pematangan,0
13,86.8,27.7,31.9,65.0,78.3,94.2,111.1,2.65,98,pematangan,0
14,83.6,27.8,32.1,66.1,78.7,91.9,111.4,2.81,98,pematangan,0
15,92.9,28.5,32.1,66.1,84.3,91.3,111.2,2.76,98,pematangan,0
16,90.8,28.8,29.4,68.4,85.1,93.7,113.2,2.53,98,pematangan,0
17,90.3,28.8,29.9,68.0,85.1,96.4,114.3,2.46,98,pematangan,0
18,89.1,29.3,30.1,68.8,90.0,97.4,113.9,2.5,98,pematangan,0
19,87.4,28.2,30.0,71.7,91.3,98.8,112.6,2.6,98,pematangan,0
20,85.7,28.3,28.9,70.3,92.6,98.2,117.0,2.35,98,pematangan,0
21,85.1,28.6,28.6,71.8,93.7,99.4,117.6,2.51,98,pematangan,0
22,83.9,27.3,26.6,71.9,93.4,99.4,117.2,2.51,98,pematangan,0
23,82.9,27.4,26.1,77.4,92.0,99.0,116.8,2.52,98,pematangan,0
0,82.5,26.6,24.9,76.1,90.5,99.8,119.7,2.66,99,pematangan,0
1,81.6,27.2,24.4,78.9,88.3,97.4,118.2,2.76,99,pematangan,0
2,80.3,26.2,23.7,79.5,85.2,95.1,118.2,2.65,99,pematangan,0
3,78.6,25.2,23.7,79.2,85.4,93.6,119.2,2.66,99,pematangan,0
4,77.1,24.9,23.8,79.3,85.0,94.2,119.0,2.71,99,pematangan,0
5,76.0,24.8,23.7,81.3,84.5,96.6,114.6,2.73,99,pematangan,0
6,86.4,24.6,25.0,81.0,82.3,94.9,115.4,2.81,99,pematangan,0
7,84.2,25.4,24.5,75.2,81.3,98.6,115.4,2.91,99,pematangan,0
8,82.6,24.6,27.6,72.0,82.2,100.1,116.7,2.8,99,pematangan,0
9,81.6,25.7,28.8,74.1,82.8,99.4,115.8,2.79,99,pematangan,0
10,80.8,26.1,30.4,68.2,83.1,99.3,115.8,2.82,99,pematangan,0
11,80.2,27.2,30.7,64.9,83.2,99.1,115.1,2.78,99,pematangan,0
12,90.1,28.0,31.4,63.9,83.7,100.4,117.0,2.77,99,pematangan,0
13,88.5,28.6,32.8,65.5,79.3,99.4,116.9,2.75,99,pematangan,0
14,86.4,28.3,31.8,64.0,82.6,98.7,116.1,2.76,99,pematangan,0
15,95.0,28.9,33.2,64.9,82.4,97.0,116.0,2.78,99,pematangan,0
16,93.2,28.6,30.1,63.2,80.7,96.1,118.0,2.91,99,pematangan,0
17,90.7,29.8,30.5,65.2,80.1,96.8,115.9,2.9,99,pematangan,0
18,89.7,28.8,29.1,70.0,78.1,98.4,117.5,2.94,99,pematangan,2
19,88.6,29.2,28.6,70.3,78.8,98.8,109.7,2.81,99,pematangan,3
20,88.0,28.7,27.8,73.0,76.5,95.9,108.3,2.64,99,pematangan,3
21,87.5,27.8,27.2,69.8,76.0,98.1,110.9,2.52,99,pematangan,3
22,85.5,27.3,27.4,73.4,76.7,95.8,108.3,2.34,99,pematangan,3
23,84.5,27.1,25.1,76.6,75.5,93.6,108.1,2.35,99,pematangan,3
0,83.7,26.6,25.8,78.6,77.4,94.9,112.8,2.37,100,pematangan,0
1,83.3,26.3,23.6,82.2,76.0,96.5,110.9,2.3,100,pematangan,3
2,81.3,26.5,24.0,79.7,79.1,97.6,107.1,2.36,100,pematangan,3
3,79.7,26.2,25.1,78.2,77.0,95.4,106.6,2.38,100,pematangan,3
4,78.6,26.1,24.4,78.6,75.3,93.8,106.0,2.33,100,pematangan,3
5,76.9,24.5,24.5,77.1,76.6,93.4,106.7,2.22,100,pematangan,3
6,87.6,24.6,25.4,80.5,76.3,97.5,105.1,2.29,100,pematangan,3
7,85.1,24.8,26.5,75.7,73.8,93.4,109.7,2.43,100,pematangan,5
8,83.6,26.0,27.8,72.2,73.4,91.6,109.2,2.28,100,pematangan,5
9,81.4,26.4,29.8,72.7,72.8,92.2,106.1,2.31,100,pematangan,5
10,78.1,25.8,29.2,70.4,75.9,93.4,107.4,2.44,100,pematangan,3
11,75.7,26.7,31.0,65.3,75.2,94.5,107.2,2.36,100,pematangan,3
12,85.5,27.4,32.3,63.5,72.3,97.1,101.4,2.15,100,pematangan,5
13,83.2,28.8,32.6,64.5,70.7,97.1,99.9,2.1,100,pematangan,5
14,81.8,28.8,32.4,61.1,72.2,95.2,99.4,2.04,100,pematangan,5
15,90.7,29.5,32.7,65.6,69.2,94.3,100.5,2.08,100,pematangan,5
16,88.0,29.1,30.8,66.8,69.9,92.5,99.5,2.14,100,pematangan,5
17,86.1,28.7,29.6,67.0,66.9,96.3,97.9,2.12,100,pematangan,5
18,84.7,28.5,31.0,69.3,64.0,95.2,98.6,2.34,100,pematangan,5
19,83.9,28.3,29.2,69.6,64.2,95.0,97.8,2.44,100,pematangan,5
20,81.6,28.7,28.0,71.5,67.1,92.5,98.0,2.36,100,pematangan,5
21,79.6,28.4,27.6,75.3,64.4,91.6,99.8,2.32,100,pematangan,5
22,77.5,28.5,26.4,74.7,63.6,88.9,99.5,2.31,100,pematangan,5
23,76.3,27.4,26.8,78.9,64.6,84.5,102.0,2.24,100,pematangan,5
0,75.6,26.8,26.0,78.9,66.6,84.5,103.7,2.25,101,pematangan,5
1,74.1,26.1,25.0,78.0,66.8,85.3,105.8,2.34,101,pematangan,5
2,73.6,26.1,24.8,79.2,68.8,84.8,105.6,2.39,101,pematangan,5
3,73.0,26.0,24.1,78.6,68.9,85.3,105.8,2.39,101,pematangan,5
4,71.5,24.5,24.8,82.2,67.0,83.9,110.5,2.37,101,pematangan,5
5,71.3,24.8,22.4,84.5,67.8,85.7,113.9,2.3,101,pematangan,1
6,80.9,24.5,24.0,77.7,69.5,86.4,112.0,2.38,101,pematangan,1
7,77.4,25.8,26.0,76.5,71.3,84.4,112.4,2.19,101,pematangan,1
8,75.4,25.4,27.0,74.3,70.6,82.9,111.3,2.2,101,pematangan,1
9,73.7,25.3,27.9,70.8,68.5,82.0,111.6,2.21,101,pematangan,1
10,71.9,26.2,30.5,67.7,71.8,84.6,110.1,2.32,101,pematangan,5
11,69.8,27.2,30.3,67.0,71.2,86.4,109.4,2.42,101,pematangan,5
12,80.1,27.2,31.9,61.9,74.4,87.6,110.2,2.45,101,pematangan,3
13,77.8,28.1,32.1,62.4,73.2,86.8,110.5,2.55,101,pematangan,5
14,76.2,28.5,32.0,64.6,73.7,84.0,109.7,2.51,101,pematangan,5
15,85.0,29.0,31.0,64.8,74.4,82.4,109.8,2.57,101,pematangan,3
16,82.7,29.1,31.1,65.9,70.2,79.8,111.6,2.55,101,pematangan,1
17,79.5,29.2,31.7,67.7,67.2,80.7,111.7,2.67,101,pematangan,2
18,77.9,28.6,30.4,70.2,67.0,76.2,109.7,2.81,101,pematangan,5
19,78.1,28.3,30.0,67.6,65.4,76.2,109.5,2.65,101,pematangan,5
20,76.6,28.4,28.4,69.9,66.3,75.4,108.1,2.64,101,pematangan,5
21,75.5,27.9,26.2,74.8,65.9,73.3,111.6,2.79,101,pematangan,1
22,74.7,27.6,26.4,74.6,69.3,74.1,108.6,2.94,101,pematangan,5
23,73.2,27.7,25.9,76.3,68.2,73.5,108.1,2.96,101,pematangan,5
0,73.0,26.6,26.4,79.5,69.2,73.2,108.2,2.92,102,pematangan,5
1,71.6,26.3,25.7,75.2,70.9,73.0,110.8,2.96,102,pematangan,5
2,70.3,26.1,24.7,82.0,68.2,74.3,104.7,2.62,102,pematangan,5
3,70.0,25.6,23.4,80.2,70.3,76.8,104.2,2.76,102,pematangan,5
4,68.7,25.2,24.1,77.7,73.6,80.1,102.8,2.94,102,pematangan,5
5,66.8,24.8,24.0,81.7,74.2,80.1,103.7,2.79,102,pematangan,3
6,77.5,24.5,24.7,81.4,69.1,82.6,104.8,2.83,102,pematangan,5
7,76.0,24.9,25.0,78.7,70.7,82.9,104.1,2.97,102,pematangan,5
8,75.1,25.6,27.7,72.9,69.6,84.5,103.1,2.88,102,pematangan,7
9,73.1,26.3,28.7,71.9,68.9,80.7,106.6,2.73,102,pematangan,5
10,71.8,25.8,30.6,69.0,65.9,83.4,109.9,2.92,102,pematangan,5
11,70.1,26.8,29.9,63.4,64.5,85.8,109.8,2.92,102,pematangan,5
12,80.0,27.6,30.9,69.1,66.7,85.4,113.3,2.92,102,pematangan,1
13,77.4,28.2,34.9,62.2,65.7,86.8,116.8,2.89,102,pematangan,1
14,76.1,28.2,31.2,67.9,62.7,87.1,119.7,2.9,102,pematangan,1
15,86.6,29.2,31.9,64.6,60.0,86.3,122.3,3.0,102,pematangan,1
16,84.5,29.3,31.6,66.0,62.0,88.1,119.9,2.83,102,pematangan,1
17,81.5,28.3,29.9,66.2,64.0,87.9,120.0,2.9,102,pematangan,1
18,81.4,29.0,31.4,70.5,62.2,87.9,119.7,2.8,102,pematangan,1
19,79.9,28.8,29.2,72.7,64.8,86.5,122.7,2.72,102,pematangan,1
20,81.0,28.0,28.5,71.5,62.7,85.2,124.8,2.62,102,pematangan,1
21,80.8,27.6,29.0,71.7,63.5,83.3,123.3,2.56,102,pematangan,1
22,79.6,28.1,26.1,73.2,64.7,81.5,121.6,2.35,102,pematangan,1
23,78.2,27.5,25.6,77.2,67.5,78.0,121.7,2.47,102,pematangan,1
0,76.9,27.6,25.0,73.3,65.7,78.6,119.1,2.52,103,pematangan,1
1,77.1,25.9,23.7,75.6,62.2,77.9,119.5,2.4,103,pematangan,1
2,75.2,25.8,24.6,79.3,65.2,72.6,119.9,2.31,103,pematangan,1
3,74.4,25.4,24.5,80.4,65.7,73.5,118.7,2.42,103,pematangan,1
4,73.0,25.1,24.1,79.1,66.5,72.6,116.7,2.64,103,pematangan,0
5,71.8,24.9,24.8,78.7,65.3,76.0,114.9,2.53,103,pematangan,1
6,82.2,25.0,25.6,75.0,65.5,71.2,112.7,2.5,103,pematangan,1
7,80.2,24.4,26.3,75.3,62.7,72.9,115.9,2.3,103,pematangan,1
8,78.0,24.8,27.1,73.1,63.5,71.9,114.1,2.51,103,pematangan,1
9,75.6,25.2,29.7,71.1,68.0,70.8,117.9,2.53,103,pematangan,1
10,73.4,26.4,29.4,69.0,66.0,73.7,116.3,2.65,103,pematangan,1
11,71.5,26.6,32.2,62.4,65.9,73.4,115.0,2.64,103,pematangan,1
12,81.1,27.5,31.6,67.3,63.3,73.0,116.1,2.5,103,pematangan,1
13,79.9,27.9,32.6,60.2,63.6,73.2,115.8,2.58,103,pematangan,1
14,77.7,28.2,33.4,65.1,65.2,72.0,116.9,2.36,103,pematangan,1
15,88.5,28.8,29.8,63.9,66.8,73.2,116.9,2.38,103,pematangan,1
16,86.5,29.4,31.1,67.3,66.1,74.1,115.5,2.4,103,pematangan,0
17,84.4,29.4,30.4,67.6,63.8,71.6,115.9,2.51,103,pematangan,1
18,83.1,29.3,31.4,67.7,63.1,66.4,114.7,2.47,103,pematangan,1
19,83.2,29.5,28.9,69.0,60.5,69.4,113.1,2.51,103,pematangan,1
20,81.8,29.2,30.6,68.2,61.9,69.5,109.6,2.62,103,pematangan,5
21,81.1,28.0,26.4,72.7,65.5,70.6,106.7,2.65,103,pematangan,5
22,79.9,27.6,27.0,73.2,66.0,73.9,104.1,2.63,103,pematangan,5
23,79.3,27.3,25.7,74.3,64.1,75.6,102.7,2.61,103,pematangan,5
0,78.7,26.9,25.7,75.3,65.6,77.7,106.7,2.66,104,pematangan,5
1,77.5,26.2,24.3,78.5,65.0,80.4,103.5,2.79,104,pematangan,5
2,76.4,25.4,24.0,78.5,67.1,80.0,105.7,2.78,104,pematangan,5
3,75.8,25.8,22.6,81.4,65.3,79.4,101.1,2.56,104,pematangan,5
4,74.6,25.1,24.1,79.0,63.2,80.2,100.3,2.41,104,pematangan,5
5,73.9,25.1,23.0,76.8,63.3,78.6,99.8,2.44,104,pematangan,5
6,84.4,24.4,23.9,76.7,59.9,81.1,101.6,2.44,104,pematangan,5
7,82.9,25.4,26.1,76.0,60.3,81.2,102.6,2.53,104,pematangan,5
8,80.8,24.5,27.2,70.1,59.6,80.1,94.3,2.39,104,pematangan,5
9,79.3,26.2,29.5,73.0,63.1,81.5,92.1,2.31,104,pematangan,5
10,76.9,25.6,28.9,67.6,65.4,85.5,98.7,2.38,104,pematangan,5
11,75.8,26.9,31.4,65.6,64.3,83.6,98.0,2.39,104,pematangan,5
12,85.2,27.3,32.0,64.7,62.2,83.3,99.1,2.4,104,pematangan,5
13,83.1,27.6,31.8,65.2,65.7,84.0,97.9,2.46,104,pematangan,5
14,82.3,28.2,31.3,65.4,68.2,84.0,96.4,2.59,104,pematangan,5
15,91.8,29.1,31.6,63.3,66.8,87.4,94.9,2.56,104,pematangan,5
16,89.0,28.8,31.9,64.2,66.6,86.4,94.9,2.63,104,pematangan,5
17,87.7,29.3,30.4,70.2,66.1,85.4,91.9,2.72,104,pematangan,5
18,86.9,28.8,30.7,64.2,66.2,84.9,89.4,2.51,104,pematangan,1
19,85.7,28.4,29.0,67.7,69.8,85.0,86.4,2.39,104,pematangan,5
20,84.4,28.4,29.8,69.6,70.1,88.3,81.7,2.43,104,pematangan,5
21,82.8,28.3,27.6,74.5,68.1,89.9,83.2,2.31,104,pematangan,5
22,80.9,27.9,26.6,75.0,68.3,91.8,85.5,2.29,104,pematangan,5
23,80.6,28.0,24.7,76.6,67.0,95.8,87.3,2.33,104,pematangan,5
0,79.7,26.5,24.2,75.8,67.2,94.6,91.0,2.4,105,pematangan,5
1,79.1,25.9,25.1,79.0,67.2,95.0,87.7,2.28,105,pematangan,5
2,76.9,26.4,24.2,77.6,67.0,95.8,85.7,2.31,105,pematangan,5
3,76.1,25.4,24.3,78.8,68.9,98.2,82.6,2.5,105,pematangan,5
4,74.7,25.4,23.5,78.6,70.2,95.7,83.2,2.34,105,pematangan,5
5,73.1,24.8,24.1,78.2,68.0,94.1,87.9,2.45,105,pematangan,5
6,83.3,24.9,24.4,76.3,69.0,93.8,87.3,2.59,105,pematangan,5
7,80.8,24.8,26.2,76.4,65.9,94.8,84.4,2.59,105,pematangan,5
8,78.5,25.2,27.1,73.9,64.8,96.7,81.5,2.63,105,pematangan,5
9,76.3,25.6,30.2,69.1,63.8,95.2,83.8,2.48,105,pematangan,5
10,74.6,25.8,29.4,67.2,63.5,89.0,87.2,2.52,105,pematangan,5
11,72.4,26.4,32.0,66.6,63.2,89.2,85.0,2.6,105,pematangan,5
12,82.4,27.7,30.9,64.7,60.7,87.4,90.6,2.57,105,pematangan,5
13,81.2,27.4,31.6,66.6,64.9,86.6,90.4,2.64,105,pematangan,5
14,78.7,28.4,31.2,63.7,68.7,87.9,91.0,2.65,105,pematangan,5
15,89.7,28.8,32.7,65.3,70.6,87.7,87.9,2.57,105,pematangan,5
16,88.0,29.1,31.6,66.7,70.1,87.8,88.6,2.42,105,pematangan,5
17,85.6,29.5,30.8,64.8,71.1,84.7,92.5,2.19,105,pematangan,5
18,83.6,29.0,30.2,66.0,74.1,82.0,95.0,2.12,105,pematangan,3
19,83.1,28.9,28.4,67.0,74.3,81.1,99.1,2.23,105,pematangan,3
20,80.8,28.1,29.5,71.9,71.9,81.0,96.5,2.17,105,pematangan,5
21,81.1,28.0,28.7,72.5,72.9,77.2,97.7,2.24,105,pematangan,5
22,80.6,27.0,26.7,74.9,75.3,78.4,95.9,2.19,105,pematangan,3
23,79.0,27.4,26.0,76.2,76.7,81.8,97.4,2.13,105,pematangan,3
0,78.7,26.3,25.8,77.7,73.5,83.4,93.3,2.05,106,pematangan,5
1,77.6,26.8,24.6,79.6,76.1,85.2,95.8,2.0,106,pematangan,3
2,76.4,25.9,24.2,78.6,75.6,87.9,95.0,2.07,106,pematangan,3
3,75.8,26.3,23.7,81.2,72.9,83.8,94.7,1.99,106,pematangan,5
4,74.8,25.2,23.7,81.1,74.7,86.0,99.0,1.95,106,pematangan,3
5,74.1,25.1,23.9,77.0,73.2,84.8,96.4,2.08,106,pematangan,5
6,83.8,24.5,25.5,77.7,74.7,83.5,97.0,2.13,106,pematangan,3
7,82.1,25.4,25.7,78.8,75.5,85.7,96.2,2.02,106,pematangan,3
8,80.5,25.3,27.0,79.8,74.6,88.8,101.9,1.9,106,pematangan,3
9,78.1,25.9,28.2,70.5,75.1,87.9,100.4,2.05,106,pematangan,3
10,76.9,25.2,28.8,68.0,75.5,89.7,99.9,2.32,106,pematangan,3
11,75.2,26.8,32.3,62.9,78.8,89.5,99.6,2.33,106,pematangan,3
12,85.1,28.0,32.2,64.7,76.7,89.1,99.6,2.26,106,pematangan,3
13,83.6,28.7,32.7,63.9,72.7,93.6,95.8,2.15,106,pematangan,5
14,81.7,28.2,31.5,63.2,70.2,92.2,98.3,2.24,106,pematangan,5
15,92.6,29.7,32.8,67.9,72.1,93.2,98.9,2.13,106,pematangan,5
16,90.4,28.5,31.4,65.9,72.0,93.4,99.4,2.13,106,pematangan,5
17,89.4,28.5,31.8,64.9,69.7,92.4,95.1,1.98,106,pematangan,5
18,89.3,29.3,30.0,66.0,68.5,94.9,93.4,2.23,106,pematangan,5
19,88.4,28.2,29.2,70.9,65.1,94.7,96.1,2.15,106,pematangan,5
20,86.6,28.4,28.0,70.0,59.7,95.7,95.4,2.04,106,pematangan,4
21,85.5,27.8,27.6,71.2,62.0,94.3,94.6,2.02,106,pematangan,5
22,84.3,28.4,26.9,71.4,64.0,94.8,94.7,2.26,106,pematangan,5
23,84.6,27.3,27.2,75.8,63.4,94.5,95.0,2.15,106,pematangan,5
0,83.5,27.5,26.6,78.4,61.6,94.0,92.7,2.12,107,pematangan,5
1,82.7,26.6,24.8,79.9,61.1,87.5,94.7,2.13,107,pematangan,9
2,82.0,25.7,25.3,79.7,63.4,91.2,91.0,2.15,107,pematangan,5
3,80.6,26.5,21.9,82.8,61.8,92.2,88.2,2.16,107,pematangan,5
4,79.2,25.4,23.6,77.9,60.4,93.4,88.9,2.0,107,pematangan,5
5,78.8,25.4,24.4,79.9,59.6,96.8,90.6,2.16,107,pematangan,5
6,89.7,25.2,25.6,78.8,57.9,97.5,86.7,2.15,107,pematangan,5
7,88.1,25.7,26.3,73.0,59.2,97.1,82.4,2.22,107,pematangan,5
8,87.0,24.5,27.3,73.0,58.5,96.9,81.1,2.25,107,pematangan,5
9,84.7,26.1,28.3,68.6,57.4,99.4,84.4,2.2,107,pematangan,5
10,82.4,25.4,29.4,68.4,60.0,97.2,82.4,2.23,107,pematangan,5
11,80.3,26.3,32.6,64.4,65.0,95.2,80.9,2.21,107,pematangan,5
12,89.1,26.7,32.7,65.7,66.1,90.9,84.0,2.19,107,pematangan,5
13,87.2,28.1,33.0,66.9,67.5,89.9,85.1,2.22,107,pematangan,5
14,84.7,28.5,31.9,63.8,68.6,88.8,86.3,2.32,107,pematangan,5
15,94.4,29.1,31.2,63.5,68.5,85.0,87.3,2.22,107,pematangan,5
16,90.8,28.2,31.7,63.3,68.0,86.2,87.5,2.17,107,pematangan,5
17,88.1,28.6,30.7,67.4,65.3,80.8,89.5,2.17,107,pematangan,5
18,88.1,29.1,29.9,66.3,67.1,78.3,92.1,2.25,107,pematangan,5
19,86.9,29.0,29.2,71.2,65.6,78.8,93.5,2.39,107,pematangan,5
20,85.5,27.8,27.9,74.1,64.9,77.9,91.8,2.49,107,pematangan,5
21,84.6,27.9,26.9,75.9,62.0,78.8,93.2,2.43,107,pematangan,5
22,83.9,27.9,26.6,77.7,60.4,79.0,96.2,2.31,107,pematangan,5
23,82.3,27.6,24.9,76.2,61.8,75.8,98.9,2.31,107,pematangan,5
0,80.5,25.7,25.8,78.2,62.6,73.5,100.7,2.36,108,pematangan,5
1,78.6,26.6,25.4,77.1,62.4,73.6,94.0,2.45,108,pematangan,5
2,77.9,25.7,23.7,76.9,64.1,72.6,91.1,2.5,108,pematangan,5
3,77.2,24.9,22.6,81.2,61.2,68.9,94.4,2.61,108,pematangan,5
4,76.9,26.0,24.3,77.4,61.7,71.8,91.3,2.68,108,pematangan,5
5,75.8,25.1,24.4,81.3,63.3,70.4,94.1,2.73,108,pematangan,5
6,85.8,25.3,25.0,76.6,60.8,72.0,97.3,2.93,108,pematangan,5
7,83.4,25.3,24.9,75.6,61.8,69.2,97.7,2.92,108,pematangan,5
8,81.9,25.1,25.8,76.5,64.8,68.6,98.7,2.96,108,pematangan,5
9,79.5,25.3,30.1,71.1,63.9,68.6,96.7,2.99,108,pematangan,5
10,76.3,25.7,29.8,68.9,63.7,70.8,96.1,2.88,108,pematangan,5
11,74.8,26.9,31.5,65.4,66.3,72.5,99.0,3.03,108,pematangan,5
12,83.9,27.4,31.7,66.0,66.9,71.7,102.1,2.99,108,pematangan,5
13,81.9,28.1,32.3,63.5,67.3,71.9,103.2,2.84,108,pematangan,5
14,80.3,28.3,30.9,62.5,65.8,74.1,102.7,2.92,108,pematangan,5
15,89.7,28.2,31.3,62.9,65.1,76.6,101.3,2.98,108,pematangan,5
16,88.0,29.5,30.2,62.7,60.1,76.3,101.8,3.24,108,pematangan,5
17,86.7,28.7,29.8,64.4,61.8,75.1,100.3,3.2,108,pematangan,5
18,85.6,29.2,29.4,69.2,60.2,76.2,96.7,3.1,108,pematangan,5
19,84.7,29.4,27.8,69.4,60.5,76.1,97.5,2.92,108,pematangan,5
20,83.8,29.3,28.0,69.4,61.4,76.6,100.3,3.02,108,pematangan,5
21,83.0,27.8,27.0,74.2,61.5,75.3,99.5,3.0,108,pematangan,5
22,82.0,26.9,25.8,74.8,64.1,75.2,98.4,3.02,108,pematangan,5
23,81.3,26.9,25.9,76.8,64.3,75.4,97.1,3.01,108,pematangan,1
0,81.1,27.6,25.3,75.6,64.5,73.1,94.0,3.0,109,pematangan,5
1,80.1,26.3,24.1,77.6,64.0,76.4,92.8,2.92,109,pematangan,5
2,78.8,26.2,26.0,79.9,66.8,78.9,92.4,2.87,109,pematangan,6
3,77.5,25.8,24.7,79.3,64.3,81.1,91.0,2.88,109,pematangan,5
4,76.5,25.3,24.9,81.8,62.8,82.7,89.3,2.88,109,pematangan,5
5,75.8,25.6,24.0,80.9,62.9,86.2,84.0,2.95,109,pematangan,9
6,85.4,25.8,25.7,80.8,62.4,90.4,83.6,2.97,109,pematangan,5
7,83.9,26.0,26.6,76.6,60.8,91.1,86.9,2.84,109,pematangan,5
8,82.3,25.3,26.5,72.2,64.9,89.9,86.6,2.74,109,pematangan,5
9,80.5,24.9,28.1,70.7,67.2,91.0,86.0,2.63,109,pematangan,5
10,78.7,26.3,32.3,72.2,70.9,91.0,86.0,2.83,109,pematangan,5
11,75.8,26.6,30.7,67.8,72.2,92.7,89.1,2.8,109,pematangan,5
12,84.6,27.1,32.1,64.2,74.1,93.8,88.5,2.87,109,pematangan,3
13,83.1,27.1,31.8,65.3,76.7,93.5,89.8,2.96,109,pematangan,3
14,81.0,29.0,32.6,63.8,73.7,93.8,87.6,3.03,109,pematangan,5
15,91.9,29.2,30.9,64.1,75.3,90.6,91.0,2.98,109,pematangan,3
16,89.7,29.0,30.4,67.6,74.1,88.0,89.8,2.94,109,pematangan,3
17,87.4,28.9,31.6,67.4,73.3,83.5,90.1,3.1,109,pematangan,5
18,86.1,29.1,30.2,69.7,72.9,79.7,88.5,3.16,109,pematangan,5
19,86.1,28.4,27.3,72.7,76.6,76.9,90.1,3.31,109,pematangan,3
20,85.8,28.7,28.4,70.3,75.4,79.1,87.5,3.28,109,pematangan,3
21,84.2,28.7,27.4,73.4,73.9,79.6,88.1,3.24,109,pematangan,5
22,82.2,27.7,27.3,76.2,72.7,78.8,86.4,3.11,109,pematangan,5
23,80.3,27.5,26.3,77.4,75.5,80.9,83.7,3.1,109,pematangan,3
0,79.7,25.9,25.6,76.7,79.2,78.3,81.1,2.89,110,pematangan,3
1,78.6,26.3,24.8,78.6,78.9,76.2,81.5,2.87,110,pematangan,3
2,78.8,25.1,24.6,82.8,77.0,79.1,77.2,2.94,110,pematangan,3
3,77.9,25.7,23.2,78.8,80.3,79.0,80.1,3.03,110,pematangan,3
4,76.3,25.7,23.3,80.8,77.0,78.3,84.5,2.67,110,pematangan,3
5,74.8,25.3,23.6,80.4,76.1,79.4,84.9,2.59,110,pematangan,3
6,85.7,24.9,23.9,75.6,77.3,77.0,82.7,2.65,110,pematangan,3
7,84.0,25.4,26.6,77.2,77.3,79.9,86.2,2.54,110,pematangan,3
8,82.3,25.0,28.2,71.0,77.5,80.9,84.2,2.55,110,pematangan,1
9,80.7,25.5,29.2,71.0,76.8,75.2,87.9,2.49,110,pematangan,3
10,78.6,26.0,29.5,70.2,77.2,73.7,85.2,2.55,110,pematangan,3
11,76.5,26.0,30.6,65.0,78.9,72.3,84.8,2.55,110,pematangan,3
12,86.2,27.2,31.4,61.7,79.3,70.4,86.0,2.79,110,pematangan,3
13,85.5,28.0,32.9,64.0,79.8,71.4,87.4,2.8,110,pematangan,3
14,83.1,28.3,32.3,64.1,79.3,76.9,92.9,2.84,110,pematangan,3
15,92.2,28.8,33.0,64.9,81.2,77.0,95.3,2.92,110,pematangan,3
16,90.2,29.6,30.5,65.9,76.8,71.9,94.9,2.85,110,pematangan,3
17,88.2,28.9,30.5,67.2,80.1,73.6,97.0,2.83,110,pematangan,3
18,86.7,28.8,29.0,65.4,82.3,72.5,97.7,2.69,110,pematangan,9
19,86.2,28.5,28.1,71.5,81.2,74.4,100.5,2.76,110,pematangan,3
20,85.2,27.7,28.3,67.3,81.3,74.8,100.2,2.8,110,pematangan,3
21,85.4,28.6,27.3,72.2,81.0,72.9,99.9,2.73,110,pematangan,3
22,84.3,27.5,26.4,75.9,79.6,77.2,99.0,2.81,110,pematangan,3
23,82.5,27.3,24.8,74.6,78.9,78.2,97.2,2.85,110,pematangan,3
0,81.1,26.5,25.5,74.7,77.7,80.6,99.4,2.94,111,pematangan,3
1,79.6,25.8,24.5,77.1,76.0,81.0,101.5,3.01,111,pematangan,3
2,77.8,25.6,25.1,78.4,75.7,80.3,100.8,2.96,111,pematangan,3
3,77.1,26.3,24.5,83.4,77.4,83.9,104.7,2.83,111,pematangan,3
4,75.8,25.8,23.0,77.3,79.4,82.1,105.5,2.85,111,pematangan,3
5,75.4,24.6,24.6,80.3,77.5,83.2,107.7,2.9,111,pematangan,3
6,85.2,24.7,24.5,77.8,76.2,81.6,107.5,2.91,111,pematangan,3
7,82.4,25.2,27.2,74.5,76.1,80.2,109.5,3.0,111,pematangan,3
8,81.2,25.7,27.3,70.9,75.5,76.7,108.5,3.0,111,pematangan,3
9,77.8,25.2,28.3,68.5,78.0,73.7,107.9,2.9,111,pematangan,3
10,74.5,25.6,29.7,68.6,80.9,75.0,108.7,2.88,111,pematangan,3
11,72.7,26.5,29.9,67.1,80.4,74.2,107.0,2.93,111,pematangan,3
12,83.6,27.3,32.8,66.8,79.7,74.2,106.5,2.99,111,pematangan,3
13,81.9,28.9,33.7,62.3,81.7,75.5,107.7,2.87,111,pematangan,3
14,79.7,28.7,30.5,60.4,80.7,76.2,108.4,2.63,111,pematangan,3
15,90.5,28.8,31.5,65.7,80.5,74.1,108.8,2.69,111,pematangan,3
16,87.9,28.8,31.1,66.5,79.3,75.5,108.8,2.58,111,pematangan,3
17,84.8,28.7,30.2,68.8,79.7,77.5,112.2,2.62,111,pematangan,0
18,84.0,28.6,31.0,64.6,79.9,78.1,115.9,2.44,111,pematangan,0
19,83.8,28.6,30.2,72.2,75.6,78.3,118.4,2.59,111,pematangan,0
20,83.1,28.6,28.2,71.4,74.5,84.3,121.1,2.83,111,pematangan,0
21,81.6,27.3,29.2,76.5,73.9,85.3,122.3,2.76,111,pematangan,1
22,80.6,27.7,26.8,74.1,74.6,82.9,124.3,2.84,111,pematangan,0
23,79.3,27.3,25.8,78.5,71.3,83.2,121.7,2.94,111,pematangan,1
0,77.6,26.6,25.5,76.3,71.4,83.1,118.3,2.84,112,pematangan,1
1,77.0,26.5,24.2,82.3,71.6,83.5,116.8,3.01,112,pematangan,1
2,76.3,26.2,25.5,78.4,68.7,81.2,118.6,2.86,112,pematangan,1
3,74.7,25.0,24.6,77.1,70.8,82.7,119.9,2.71,112,pematangan,1
4,73.8,25.4,23.7,80.4,70.2,80.9,114.0,2.6,112,pematangan,1
5,73.7,25.1,24.1,81.6,67.7,82.5,119.9,2.46,112,pematangan,1
6,82.5,25.8,24.2,80.4,67.5,78.6,118.7,2.55,112,pematangan,1
7,80.7,25.1,26.2,75.9,66.8,77.2,113.0,2.57,112,pematangan,0
8,77.8,25.5,26.3,74.1,68.8,82.0,115.0,2.53,112,pematangan,1
9,75.8,25.1,28.7,70.6,67.5,85.2,112.3,2.61,112,pematangan,1
10,73.8,26.3,29.6,70.4,66.5,91.5,113.7,2.58,112,pematangan,1
11,71.6,27.1,31.5,67.8,66.7,92.5,113.3,2.62,112,pematangan,1
12,81.3,27.7,32.6,63.6,65.8,97.8,114.9,2.59,112,pematangan,5
13,78.8,27.7,32.6,65.8,67.9,96.0,115.7,2.58,112,pematangan,1
14,77.2,29.0,31.8,64.1,66.6,98.8,119.3,2.73,112,pematangan,1
15,88.2,28.4,31.1,66.8,65.8,97.5,119.9,2.77,112,pematangan,1
16,86.6,29.2,31.0,64.8,65.2,100.7,123.6,2.81,112,pematangan,1
17,84.3,29.1,30.7,66.8,66.2,99.3,126.7,2.82,112,pematangan,1
18,83.0,28.8,30.4,67.0,66.1,98.2,118.9,2.72,112,pematangan,1
19,82.3,28.4,28.8,66.7,64.6,96.2,114.7,2.64,112,pematangan,1
20,80.7,28.3,27.6,69.0,63.8,99.5,115.6,2.7,112,pematangan,1
21,79.5,27.8,27.7,74.9,63.9,97.0,117.3,2.62,112,pematangan,1
22,78.7,28.4,27.9,75.6,65.0,95.8,119.0,2.65,112,pematangan,1
23,77.6,27.7,27.5,74.6,62.7,92.9,122.1,2.83,112,pematangan,1
0,75.5,27.5,26.0,78.2,66.1,93.8,121.0,2.69,113,pematangan,1
1,75.0,26.4,24.0,78.5,67.3,94.6,121.0,2.47,113,pematangan,1
2,74.2,26.0,25.5,80.7,68.0,94.4,117.4,2.54,113,pematangan,1
3,72.2,25.8,23.4,79.0,69.1,92.6,122.8,2.35,113,pematangan,1
4,70.7,25.7,23.4,80.0,68.3,89.0,125.4,2.39,113,pematangan,1
5,70.6,25.3,24.6,77.4,70.8,93.0,125.2,2.38,113,pematangan,1
6,80.2,24.6,23.8,80.2,71.4,92.6,125.0,2.33,113,pematangan,1
7,77.8,24.9,26.6,76.9,68.6,93.1,122.5,2.34,113,pematangan,1
8,76.3,25.5,27.3,73.6,69.6,96.4,124.1,2.34,113,pematangan,1
9,74.2,26.6,29.0,75.0,67.9,96.4,123.7,2.23,113,pematangan,1
10,72.0,25.8,29.3,70.1,69.2,93.7,122.4,2.31,113,pematangan,1
11,68.8,26.5,31.7,68.4,69.0,96.0,123.2,2.23,113,pematangan,1
12,78.2,27.2,32.2,65.1,70.7,95.4,126.1,2.46,113,pematangan,1
13,75.9,28.6,31.7,63.1,71.4,95.2,125.6,2.39,113,pematangan,1
14,74.4,28.6,32.7,65.0,72.8,98.8,133.5,2.28,113,pematangan,1
15,85.8,28.8,29.5,64.8,72.7,98.1,126.6,2.11,113,pematangan,1
16,83.9,29.0,31.5,64.9,70.1,97.0,125.3,2.15,113,pematangan,1
17,82.7,29.0,30.6,68.8,69.6,94.7,120.8,2.17,113,pematangan,1
18,82.3,28.9,29.4,67.4,70.2,96.3,118.6,2.19,113,pematangan,1
19,80.9,28.9,29.4,70.0,71.3,100.4,124.0,2.4,113,pematangan,1
20,79.7,28.6,28.8,71.4,72.6,99.5,122.6,2.6,113,pematangan,1
21,78.4,28.4,27.0,70.1,68.7,102.0,119.4,2.69,113,pematangan,1
22,78.0,28.2,26.7,75.4,68.9,101.1,123.3,2.73,113,pematangan,1
23,76.8,27.1,26.0,77.4,70.8,101.3,127.8,2.75,113,pematangan,1
0,76.1,26.7,25.6,77.5,69.8,100.6,129.5,2.7,114,pematangan,1
1,75.1,26.2,25.7,78.9,66.6,100.5,127.8,2.73,114,pematangan,1
2,74.1,26.1,24.0,78.7,65.7,95.7,127.4,2.73,114,pematangan,1
3,73.4,26.0,25.1,78.7,65.3,92.4,128.4,2.69,114,pematangan,1
4,72.7,25.6,23.0,78.9,67.7,87.6,128.1,2.66,114,pematangan,1
5,71.4,25.2,24.5,76.3,69.4,89.2,124.6,2.68,114,pematangan,1
6,81.5,24.7,23.6,79.1,68.1,92.7,123.0,2.7,114,pematangan,1
7,80.4,24.6,26.1,73.6,66.2,93.7,125.1,2.7,114,pematangan,1
8,78.5,24.7,27.9,72.6,64.7,96.9,125.8,2.76,114,pematangan,1
9,76.3,25.2,30.3,66.9,67.4,94.9,129.8,2.95,114,pematangan,1
10,74.1,25.9,30.0,66.8,67.0,93.5,130.0,3.05,114,pematangan,1
11,72.0,27.1,30.5,66.9,67.4,96.1,130.3,2.92,114,pematangan,1
12,81.8,27.6,32.6,64.6,67.3,96.0,129.6,2.79,114,pematangan,1
13,79.3,27.4,32.0,64.1,72.0,95.5,125.6,2.75,114,pematangan,1
14,78.6,28.0,32.0,64.6,75.6,97.7,121.8,2.74,114,pematangan,0
15,87.7,28.8,32.4,61.6,74.7,97.4,116.6,2.72,114,pematangan,0
16,85.3,29.3,32.1,67.1,72.7,96.0,117.4,2.79,114,pematangan,1
17,82.0,28.9,29.3,65.9,67.9,93.0,118.2,2.69,114,pematangan,1
18,81.6,28.8,30.0,68.1,69.3,92.8,117.3,2.63,114,pematangan,1
19,80.0,28.5,29.2,70.3,70.3,89.6,119.0,2.66,114,pematangan,1
20,79.4,28.7,27.6,66.4,69.5,89.3,120.8,2.58,114,pematangan,1
21,78.0,28.1,26.3,75.4,67.8,89.8,122.6,2.7,114,pematangan,1
22,76.5,27.6,26.7,73.9,69.5,93.2,127.9,2.71,114,pematangan,1
23,74.9,26.7,25.6,77.0,72.3,94.6,131.2,2.59,114,pematangan,1
0,73.6,26.9,24.7,76.7,69.5,93.6,129.1,2.42,115,pematangan,1
1,72.7,26.2,24.7,77.4,70.6,96.5,127.7,2.61,115,pematangan,1
2,72.0,26.1,24.1,81.7,73.0,94.2,127.1,2.51,115,pematangan,6
3,70.3,25.0,24.1,77.7,73.8,94.0,128.0,2.49,115,pematangan,7
4,69.4,26.0,25.3,80.5,74.1,90.4,127.3,2.54,115,pematangan,0
5,69.1,25.2,24.2,78.6,71.0,87.0,125.4,2.5,115,pematangan,1
6,79.5,25.5,26.4,79.1,72.8,85.5,121.5,2.52,115,pematangan,1
7,77.5,25.3,27.0,77.6,71.3,81.1,124.6,2.6,115,pematangan,1
8,75.2,25.4,28.1,74.6,72.6,82.0,124.1,2.52,115,pematangan,1
9,72.7,25.3,28.1,71.6,72.1,82.9,125.5,2.54,115,pematangan,6
10,69.9,25.7,29.8,66.9,76.0,82.1,121.6,2.48,115,pematangan,0
11,69.4,26.1,30.3,65.4,72.7,86.1,118.7,2.46,115,pematangan,1
12,79.7,27.6,32.1,65.1,72.9,89.2,118.1,2.51,115,pematangan,1
13,77.2,28.1,31.9,66.2,76.1,88.2,117.8,2.55,115,pematangan,0
14,73.7,28.8,32.3,65.0,77.8,90.2,117.5,2.49,115,pematangan,0
15,83.1,28.5,31.9,64.3,76.5,93.8,118.6,2.49,115,pematangan,0
16,80.9,29.0,31.4,65.9,74.8,94.9,118.9,2.43,115,pematangan,0
17,78.4,28.5,30.4,68.3,74.6,95.6,122.2,2.58,115,pematangan,0
18,77.2,28.1,29.2,68.8,74.2,94.2,122.5,2.53,115,pematangan,0
19,77.0,28.6,28.9,71.1,74.9,92.5,117.1,2.63,115,pematangan,0
20,74.8,27.8,29.0,70.4,72.4,89.1,117.6,2.46,115,pematangan,1
21,74.6,29.4,27.5,74.5,74.2,91.6,118.6,2.45,115,pematangan,0
22,73.3,27.8,26.7,73.8,73.3,89.3,117.9,2.81,115,pematangan,1
23,73.1,27.7,26.7,76.2,73.3,90.2,114.0,2.75,115,pematangan,1
0,71.5,27.2,25.7,78.4,73.6,89.4,111.8,2.81,116,pematangan,1
1,70.4,26.5,23.6,76.1,72.7,87.3,111.4,2.71,116,pematangan,1
2,69.7,25.6,24.3,78.9,70.4,89.8,112.9,2.76,116,pematangan,1
3,69.5,25.8,23.4,80.3,71.7,93.9,109.9,2.71,116,pematangan,5
4,69.1,26.1,24.0,80.3,67.7,92.2,107.9,2.86,116,pematangan,5
5,67.9,24.8,24.6,81.0,70.4,89.5,106.8,2.88,116,pematangan,5
6,78.3,25.5,25.3,73.9,70.3,89.3,109.2,2.91,116,pematangan,5
7,77.1,24.9,27.3,73.0,71.0,92.4,111.0,2.97,116,pematangan,1
8,74.9,25.5,26.9,75.2,68.9,94.6,111.4,2.82,116,pematangan,1
9,73.1,25.2,28.5,71.9,66.3,94.4,113.3,2.96,116,pematangan,1
10,70.2,26.4,30.5,71.5,64.6,95.9,114.3,2.81,116,pematangan,1
11,68.4,27.2,31.8,65.7,68.2,93.7,111.0,2.81,116,pematangan,4
12,78.6,27.3,30.9,66.6,67.8,92.6,107.9,2.82,116,pematangan,5
13,76.9,28.0,32.5,68.0,68.6,92.7,105.2,3.0,116,pematangan,5
14,75.0,28.8,32.4,60.1,69.1,96.1,102.5,3.08,116,pematangan,5
15,86.1,29.1,31.5,61.7,70.4,96.1,103.9,3.04,116,pematangan,5
16,84.5,29.6,31.0,64.6,72.0,95.8,103.7,3.04,116,pematangan,5
17,82.7,28.9,31.3,64.1,73.0,97.2,101.0,2.77,116,pematangan,5
18,81.0,28.8,30.3,70.7,74.8,97.0,104.7,2.72,116,pematangan,3
19,78.6,28.7,29.6,69.0,75.9,94.2,106.3,2.63,116,pematangan,3
20,78.9,28.5,27.8,69.9,76.8,92.5,106.7,2.56,116,pematangan,3
21,77.3,27.4,26.2,75.1,76.7,96.7,112.7,2.49,116,pematangan,0
22,76.0,27.9,26.7,75.6,75.3,96.0,113.1,2.42,116,pematangan,0
23,75.7,27.7,25.8,75.0,75.3,98.8,112.1,2.47,116,pematangan,0
0,74.3,26.9,25.7,78.6,77.5,97.4,111.9,2.53,117,pematangan,0
1,73.3,26.5,24.2,76.8,78.2,96.6,111.7,2.49,117,pematangan,0
2,72.3,25.8,24.9,78.1,80.1,98.1,111.7,2.39,117,pematangan,0
3,70.6,25.8,24.4,81.9,79.1,93.3,107.0,2.51,117,pematangan,3
4,70.0,25.3,23.4,78.5,81.1,94.3,103.5,2.66,117,pematangan,6
5,68.6,25.2,25.0,78.6,76.7,91.8,103.3,2.54,117,pematangan,3
6,78.9,24.8,24.7,77.3,77.1,88.0,103.6,2.53,117,pematangan,3
7,76.6,25.2,25.4,75.0,74.8,87.7,107.7,2.45,117,pematangan,3
8,74.0,25.6,27.5,68.8,74.2,88.7,106.6,2.6,117,pematangan,3
9,71.4,25.3,28.7,67.8,71.8,91.1,108.0,2.61,117,pematangan,5
10,69.8,26.1,29.3,68.3,70.0,90.5,109.3,2.84,117,pematangan,5
11,66.7,27.1,31.6,68.3,71.4,86.9,112.0,2.82,117,pematangan,1
12,75.9,27.3,31.8,65.7,71.5,85.0,112.3,2.72,117,pematangan,1
13,74.1,27.6,31.4,63.1,74.6,85.1,110.4,2.71,117,pematangan,3
14,72.0,28.8,30.5,63.9,75.1,84.0,108.5,2.68,117,pematangan,3
15,82.2,28.8,32.0,61.7,74.5,81.0,106.8,2.75,117,pematangan,3
16,79.7,29.1,31.3,65.1,76.9,77.4,104.5,2.75,117,pematangan,3
17,77.1,28.9,30.8,66.2,78.0,77.4,105.1,2.76,117,pematangan,3
18,76.9,29.0,31.1,66.9,78.9,79.4,103.0,2.7,117,pematangan,3
19,77.0,28.6,27.2,70.6,79.1,80.2,102.3,2.66,117,pematangan,3
20,76.3,28.1,29.4,71.9,75.6,76.4,100.5,2.58,117,pematangan,3
21,75.9,28.4,28.7,73.8,77.0,77.8,104.1,2.8,117,pematangan,3
22,75.0,27.5,26.0,78.4,75.9,78.1,104.1,2.75,117,pematangan,3
23,73.5,27.5,26.8,77.0,79.4,74.5,103.2,2.79,117,pematangan,3
0,73.2,27.5,24.7,73.8,79.7,78.2,102.9,2.81,118,pematangan,3
1,72.0,26.1,23.9,76.0,79.5,78.4,102.1,2.73,118,pematangan,3
2,71.1,25.9,24.3,79.2,77.7,77.1,104.1,2.58,118,pematangan,3
3,70.0,25.7,25.5,78.2,82.1,73.2,105.6,2.57,118,pematangan,3
4,67.3,25.3,24.3,79.5,80.6,71.3,103.3,2.38,118,pematangan,3
5,65.6,25.4,24.3,82.1,81.2,72.6,105.6,2.27,118,pematangan,3
6,75.2,24.6,25.6,78.3,80.2,76.1,104.2,2.15,118,pematangan,3
7,73.9,24.6,25.5,73.8,78.0,75.0,101.7,2.28,118,pematangan,3
8,71.7,24.9,28.5,76.0,75.6,78.2,99.4,2.3,118,pematangan,3
9,70.4,25.6,30.0,70.2,75.5,77.8,100.8,2.18,118,pematangan,3
10,68.9,26.2,30.3,67.9,75.0,75.4,102.2,2.1,118,pematangan,3
11,66.7,26.9,30.4,66.3,76.2,79.7,100.3,2.04,118,pematangan,3
12,76.5,27.2,32.6,65.4,75.2,81.3,101.6,1.96,118,pematangan,3
13,74.3,27.3,32.2,62.7,71.9,80.8,100.6,1.85,118,pematangan,5
14,71.9,28.8,32.4,64.3,68.1,78.3,100.6,1.8,118,pematangan,5
15,82.2,28.6,32.6,66.9,66.5,76.3,101.0,1.76,118,pematangan,5
16,81.1,29.1,31.6,67.7,68.2,77.8,99.9,1.94,118,pematangan,5
17,78.3,28.9,30.0,65.2,70.8,77.2,97.9,2.09,118,pematangan,5
18,76.7,28.4,31.2,68.0,70.3,79.9,104.4,2.14,118,pematangan,5
19,76.0,28.8,29.5,72.3,68.7,80.8,105.0,2.16,118,pematangan,5
20,75.5,28.4,28.7,70.7,68.9,84.3,108.3,2.1,118,pematangan,5
21,74.7,28.3,28.1,70.4,70.6,82.9,108.6,2.17,118,pematangan,9
22,74.0,27.7,27.0,73.3,72.2,86.0,106.4,2.18,118,pematangan,5
23,72.6,28.0,26.6,77.1,72.2,86.4,112.5,2.13,118,pematangan,1
0,71.8,26.5,25.5,77.2,71.7,85.7,114.2,2.02,119,pematangan,1
1,70.3,27.2,24.6,78.5,70.6,83.9,113.9,2.17,119,pematangan,1
2,71.0,26.7,23.9,79.8,73.1,84.4,116.3,2.16,119,pematangan,1
3,70.5,25.5,23.7,79.3,75.5,87.6,120.1,1.98,119,pematangan,0
4,68.8,24.9,23.8,80.9,73.5,81.6,123.0,2.01,119,pematangan,1
5,68.5,25.0,25.0,81.9,72.4,80.7,122.5,2.04,119,pematangan,1
6,78.1,24.9,24.7,78.9,73.7,78.7,123.8,2.13,119,pematangan,1
7,75.4,25.2,25.9,76.9,70.4,80.5,121.9,2.2,119,pematangan,7
8,73.1,25.4,27.2,75.4,67.6,80.4,126.4,2.49,119,pematangan,1
9,70.8,25.7,29.1,71.9,69.9,83.9,129.3,2.58,119,pematangan,6
10,69.3,25.3,30.5,70.0,72.1,84.0,124.5,2.4,119,pematangan,1
11,67.9,25.9,32.6,62.2,72.0,86.9,127.5,2.3,119,pematangan,1
12,77.6,27.4,30.6,64.5,70.9,88.9,129.7,2.32,119,pematangan,1
13,75.1,28.5,31.8,64.7,69.8,83.5,132.6,2.31,119,pematangan,1
14,73.3,28.6,32.4,63.9,68.3,84.9,130.0,2.3,119,pematangan,1
15,83.1,29.6,30.3,63.2,64.8,89.2,131.5,2.24,119,pematangan,1
16,81.5,28.6,32.6,65.3,63.6,92.0,129.1,2.15,119,pematangan,1
17,80.6,29.0,30.6,65.3,62.6,91.0,131.2,2.04,119,pematangan,1
18,78.8,29.3,29.4,68.6,66.7,89.8,130.0,2.2,119,pematangan,1
19,77.8,28.7,30.0,70.7,67.1,88.1,131.9,2.16,119,pematangan,1
20,76.3,28.9,26.7,70.7,67.4,85.5,129.3,2.23,119,pematangan,1
21,75.3,28.4,27.8,74.8,69.4,88.3,130.6,2.14,119,pematangan,1
22,74.5,27.5,26.0,73.5,70.5,88.4,128.1,1.99,119,pematangan,1
23,74.2,27.1,26.0,74.9,67.7,89.0,122.9,1.81,119,pematangan,1
0,72.7,26.2,25.6,77.5,66.7,91.9,122.2,1.86,120,pematangan,1
1,70.6,26.4,25.4,77.8,68.1,92.7,126.7,2.16,120,pematangan,1
2,70.4,26.8,24.7,81.1,68.2,93.8,124.1,2.26,120,pematangan,1
3,68.6,25.0,25.8,79.5,64.9,93.2,126.6,2.29,120,pematangan,3
4,67.0,25.3,24.0,81.0,69.6,91.2,125.1,2.23,120,pematangan,6
5,66.1,25.6,24.0,81.2,66.5,96.0,121.4,2.45,120,pematangan,1
6,77.0,25.2,25.9,75.2,65.3,96.2,122.2,2.48,120,pematangan,1
7,75.3,24.3,25.9,75.9,71.8,93.5,122.8,2.54,120,pematangan,1
8,72.9,25.1,27.6,73.6,72.6,95.0,122.2,2.59,120,pematangan,6
9,70.5,25.7,25.5,67.3,69.8,91.9,118.2,2.48,120,pematangan,1
10,68.7,26.1,30.4,68.1,70.2,96.5,120.7,2.55,120,pematangan,1
11,67.6,26.5,31.0,65.5,70.9,94.4,117.1,2.41,120,pematangan,1
12,76.7,27.4,31.4,61.9,71.5,97.5,118.3,2.45,120,pematangan,1
13,74.7,28.6,31.5,66.4,71.8,97.1,120.1,2.44,120,pematangan,1
14,73.4,28.2,32.6,64.4,74.5,95.3,119.5,2.35,120,pematangan,0
15,83.0,29.5,30.0,60.6,73.7,95.7,121.5,2.27,120,pematangan,1
16,80.2,28.8,33.8,64.7,70.3,89.9,122.6,2.24,120,pematangan,1
17,77.9,29.0,31.6,66.1,70.1,93.0,122.5,2.3,120,pematangan,1
18,76.8,28.8,30.3,67.8,74.5,91.4,125.4,2.08,120,pematangan,0
19,76.3,29.0,30.8,68.2,74.4,90.3,119.8,2.19,120,pematangan,0
20,75.4,28.9,28.6,69.2,77.3,91.2,118.3,2.22,120,pematangan,0
21,73.7,27.9,26.9,73.3,76.7,89.3,118.6,2.28,120,pematangan,0
22,73.1,26.9,27.6,72.7,76.1,89.8,121.2,2.25,120,pematangan,2
23,70.7,27.0,24.7,77.7,76.8,88.9,122.1,2.33,120,pematangan,0
0,69.9,26.2,25.8,78.2,74.1,87.2,122.4,2.37,121,pematangan,0
1,69.8,25.6,25.7,78.9,78.1,89.5,117.5,2.36,121,pematangan,0
2,68.8,25.8,24.8,78.3,76.5,91.6,114.9,2.26,121,pematangan,0
3,66.8,25.5,22.9,80.0,76.8,93.2,117.9,2.17,121,pematangan,0
4,65.5,25.3,24.2,80.1,73.8,95.6,120.3,2.18,121,pematangan,1
5,63.4,24.5,24.1,79.8,72.4,96.5,117.7,2.24,121,pematangan,1
6,73.2,25.3,24.3,75.2,75.3,96.7,120.4,2.45,121,pematangan,0
7,71.1,25.7,24.2,76.0,73.5,97.7,118.7,2.28,121,pematangan,1
8,69.6,25.0,26.4,69.3,72.8,98.8,118.2,2.16,121,pematangan,1
9,67.7,26.2,28.3,70.8,69.6,96.7,123.6,2.14,121,pematangan,1
10,65.7,25.3,30.9,72.4,68.0,96.6,118.8,2.26,121,pematangan,1
11,64.3,27.0,33.3,64.1,69.3,96.9,121.2,2.24,121,pematangan,1
12,73.8,27.7,32.4,63.0,66.8,94.8,120.6,2.21,121,pematangan,1
13,72.5,28.0,31.4,65.5,64.2,96.3,123.0,2.18,121,pematangan,1
14,71.1,28.6,31.6,62.7,65.4,96.4,122.8,2.25,121,pematangan,1
15,81.6,29.0,32.5,62.8,64.7,94.9,121.7,2.32,121,pematangan,1
16,80.1,28.6,31.7,65.1,63.0,96.4,124.1,2.18,121,pematangan,1
17,78.6,28.4,31.0,66.9,64.6,94.0,121.6,2.32,121,pematangan,1
18,77.8,29.2,30.2,69.6,66.8,87.8,119.9,2.25,121,pematangan,1
19,77.3,28.8,30.2,68.7,66.5,93.9,122.3,2.35,121,pematangan,1
20,75.9,28.5,30.2,70.1,66.3,95.4,123.2,2.31,121,pematangan,1
21,75.2,27.9,27.6,72.4,66.9,97.5,120.4,2.31,121,pematangan,3
22,75.0,27.3,26.9,73.2,67.1,97.8,120.9,2.19,121,pematangan,1
23,74.1,26.8,26.4,76.5,65.9,96.7,114.2,2.31,121,pematangan,1
0,72.6,26.2,25.0,79.8,67.8,96.6,110.6,2.23,122,pematangan,5
1,70.8,26.0,23.0,77.0,68.1,94.8,114.9,2.11,122,pematangan,1
2,69.9,26.2,24.7,77.2,71.3,95.6,111.6,2.12,122,pematangan,1
3,69.1,25.9,23.5,79.7,68.2,99.0,112.1,2.12,122,pematangan,1
4,67.9,25.3,25.1,79.0,71.2,97.2,112.6,1.99,122,pematangan,1
5,66.9,25.8,24.4,76.9,72.5,93.4,116.8,1.87,122,pematangan,1
6,77.1,24.8,26.1,75.7,73.2,91.8,115.8,2.01,122,pematangan,1
7,74.9,25.1,25.3,72.7,72.1,92.0,119.2,2.07,122,pematangan,1
8,73.6,25.8,28.2,73.3,72.2,91.0,118.0,2.11,122,pematangan,1
9,71.1,26.2,27.4,69.3,72.5,92.4,119.2,2.31,122,pematangan,1
10,70.4,26.6,30.8,71.2,75.2,94.7,118.4,2.27,122,pematangan,0
11,68.9,27.2,30.9,66.6,77.3,94.6,124.4,2.14,122,pematangan,0
12,79.6,27.0,32.5,62.6,78.0,97.7,122.0,2.19,122,pematangan,0
13,76.5,27.9,31.7,62.0,76.6,100.0,121.9,2.04,122,pematangan,0
14,74.1,28.3,32.5,63.3,75.9,101.5,120.3,1.93,122,pematangan,0
15,84.7,29.5,32.1,62.2,75.6,97.6,116.5,2.07,122,pematangan,0
16,83.5,28.5,31.5,65.4,75.7,97.9,120.3,2.23,122,pematangan,0
17,81.3,28.8,31.0,68.6,75.0,98.6,127.5,2.28,122,pematangan,0
18,80.5,28.6,31.3,67.4,76.9,94.2,126.5,2.35,122,pematangan,0
19,80.3,28.3,28.8,68.3,74.3,93.0,127.1,2.43,122,pematangan,0
20,79.9,28.0,29.5,67.6,75.7,95.0,128.1,2.47,122,pematangan,0
21,77.7,28.7,27.3,70.2,72.9,90.9,131.9,2.41,122,pematangan,1
22,77.0,27.9,27.7,74.6,69.7,93.6,131.9,2.42,122,pematangan,1
23,76.5,27.3,27.9,75.8,69.0,94.1,128.4,2.57,122,pematangan,1
0,75.0,26.3,24.7,77.7,70.5,95.0,128.6,2.56,123,pematangan,1
1,73.6,26.2,23.0,75.9,70.7,98.0,124.2,2.62,123,pematangan,1
2,72.4,26.1,24.5,80.9,68.2,97.4,121.7,2.5,123,pematangan,1
3,70.7,25.6,23.5,78.9,69.6,95.4,122.7,2.4,123,pematangan,1
4,69.3,25.3,23.6,76.7,68.5,92.7,123.6,2.54,123,pematangan,1
5,69.1,25.0,24.0,77.5,68.6,91.4,122.7,2.44,123,pematangan,1
6,77.8,25.2,24.5,77.0,68.3,92.7,120.8,2.48,123,pematangan,1
7,75.2,25.1,27.1,75.9,68.0,89.7,120.9,2.42,123,pematangan,1
8,73.0,25.4,28.2,70.4,69.1,91.3,118.2,2.28,123,pematangan,1
9,71.4,25.9,29.6,72.2,68.8,91.3,121.0,2.36,123,pematangan,1
10,68.2,26.3,31.8,68.0,64.4,91.5,120.8,2.34,123,pematangan,3
11,65.1,26.5,30.4,67.4,65.2,91.3,120.5,2.41,123,pematangan,7
12,74.1,27.4,29.8,67.1,66.7,93.4,120.1,2.57,123,pematangan,0
13,72.1,26.9,33.6,63.5,67.2,94.0,123.6,2.41,123,pematangan,1
14,70.7,28.3,32.1,63.0,67.1,92.1,119.2,2.41,123,pematangan,1
15,80.5,29.2,31.6,65.7,69.8,91.4,119.6,2.43,123,pematangan,1
16,79.0,29.0,29.8,62.4,71.2,92.4,117.7,2.49,123,pematangan,1
17,76.7,28.5,29.6,68.6,69.9,89.4,117.0,2.45,123,pematangan,1
18,76.2,28.4,30.6,67.9,72.7,91.3,116.2,2.39,123,pematangan,1
19,75.6,28.5,29.1,68.8,69.9,89.0,116.6,2.31,123,pematangan,1
20,74.8,28.1,26.7,69.1,73.7,90.1,116.2,2.32,123,pematangan,1
21,73.2,27.7,26.8,70.5,72.7,87.4,117.7,2.36,123,pematangan,1
22,72.1,28.0,27.6,73.9,73.0,87.7,116.3,2.34,123,pematangan,1
23,71.5,27.8,27.0,76.8,71.1,88.4,119.0,2.47,123,pematangan,1
0,70.1,27.0,25.5,77.3,70.5,86.6,112.6,2.37,124,pematangan,1
1,69.6,26.0,27.0,74.3,69.4,87.1,113.7,2.45,124,pematangan,1
2,69.6,26.7,25.2,78.1,74.2,85.7,111.3,2.45,124,pematangan,0
3,69.1,26.2,25.5,80.7,75.7,87.3,110.5,2.58,124,pematangan,3
4,68.9,25.4,25.1,83.3,74.5,89.1,109.4,2.6,124,pematangan,3
5,68.6,25.5,24.9,79.2,75.5,92.0,106.8,2.65,124,pematangan,3
6,79.5,24.7,23.9,78.8,72.9,91.7,106.6,2.59,124,pematangan,5
7,77.8,24.6,24.7,76.0,71.8,90.2,108.5,2.5,124,pematangan,5
8,76.4,25.8,26.7,72.7,72.5,89.2,107.8,2.58,124,pematangan,5
9,74.6,25.7,28.9,68.5,73.4,89.5,110.5,2.72,124,pematangan,5
10,73.2,26.0,30.0,66.3,75.0,89.0,108.3,2.76,124,pematangan,3
11,71.1,26.8,31.4,63.5,74.9,85.7,111.5,2.72,124,pematangan,0
12,81.0,27.4,31.7,65.3,78.0,85.4,107.6,2.8,124,pematangan,3
13,79.1,28.3,32.4,65.5,77.8,86.5,109.2,2.92,124,pematangan,3
14,77.8,29.0,32.7,63.8,78.5,84.6,104.8,2.88,124,pematangan,3
15,87.1,29.5,31.7,63.5,79.0,82.5,107.9,2.91,124,pematangan,3
16,84.8,28.6,31.0,67.3,75.7,85.0,108.5,2.88,124,pematangan,3
17,82.4,29.0,28.6,70.6,75.0,85.6,109.2,3.03,124,pematangan,3
18,80.4,28.8,30.7,64.9,75.9,84.7,109.5,2.95,124,pematangan,3
19,78.5,28.0,28.6,70.5,75.8,89.3,103.6,2.95,124,pematangan,3
20,78.2,29.0,27.7,71.4,76.3,88.2,103.8,3.13,124,pematangan,3
21,77.3,28.1,28.3,73.4,73.0,86.9,105.6,2.95,124,pematangan,5
22,76.1,27.0,27.5,75.7,69.3,86.5,106.9,2.76,124,pematangan,5
23,75.6,27.2,26.5,78.8,70.5,86.1,107.4,2.82,124,pematangan,5
0,72.9,26.6,26.1,77.1,71.8,85.1,112.5,2.7,125,pematangan,1
1,71.3,25.9,23.9,82.3,72.0,83.2,113.2,2.57,125,pematangan,1
2,69.5,26.5,24.2,77.2,71.9,82.6,113.3,2.71,125,pematangan,1
3,69.2,25.8,23.6,81.2,73.0,82.6,112.6,2.64,125,pematangan,1
4,67.7,25.5,25.4,77.4,70.3,83.2,115.8,2.53,125,pematangan,1
5,66.5,25.7,24.9,77.0,66.8,86.4,115.2,2.32,125,pematangan,1
6,77.5,25.7,24.7,78.9,69.5,88.8,111.4,2.16,125,pematangan,1
7,75.8,25.0,26.7,77.3,68.3,91.9,116.6,2.09,125,pematangan,1
8,73.7,24.8,27.6,72.3,65.7,92.6,116.1,2.04,125,pematangan,1
9,71.8,25.3,28.6,71.6,64.8,93.0,115.4,2.03,125,pematangan,1
10,69.6,26.2,30.4,66.7,65.2,92.6,117.7,1.99,125,pematangan,1
11,67.2,26.5,31.7,67.9,64.8,91.6,114.0,2.05,125,pematangan,9
12,76.6,27.5,31.6,61.8,66.0,86.1,115.3,2.19,125,pematangan,1
13,74.8,28.5,31.0,64.4,66.6,85.6,112.0,2.13,125,pematangan,1
14,72.7,29.1,32.2,64.7,67.4,84.5,108.3,2.17,125,pematangan,5
15,82.5,28.5,31.4,65.1,66.6,87.4,106.1,2.17,125,pematangan,5
16,82.4,28.9,30.3,65.5,68.5,88.5,108.3,2.14,125,pematangan,5
17,80.0,29.5,30.1,66.4,65.1,89.0,107.5,2.32,125,pematangan,5
18,80.1,28.6,29.8,63.4,64.2,90.9,105.0,2.28,125,pematangan,5
19,79.5,28.6,29.3,66.9,65.8,93.2,109.0,2.41,125,pematangan,5
20,78.7,28.5,28.9,73.0,64.7,93.6,105.2,2.46,125,pematangan,5
21,78.0,28.5,27.4,74.1,64.8,92.2,108.4,2.54,125,pematangan,5
22,75.9,27.4,27.1,76.9,66.1,92.3,106.0,2.57,125,pematangan,5
23,75.2,27.5,25.7,76.1,63.8,93.3,107.6,2.73,125,pematangan,5
0,74.1,26.8,25.8,80.4,65.3,94.1,103.2,2.84,126,pematangan,5
1,73.4,26.6,25.1,78.2,59.3,96.8,103.2,2.95,126,pematangan,5
2,71.7,26.0,24.8,81.2,60.4,98.0,101.5,2.99,126,pematangan,5
3,70.6,25.8,25.2,79.0,62.0,96.4,99.7,2.98,126,pematangan,5
4,70.2,24.9,23.8,79.0,62.1,92.8,102.1,2.96,126,pematangan,5
5,69.6,24.8,23.0,81.1,63.5,93.9,99.6,2.89,126,pematangan,5
6,80.5,24.6,24.9,75.5,64.9,91.1,101.2,2.95,126,pematangan,5
7,78.4,25.0,26.6,78.7,66.2,88.3,100.7,2.92,126,pematangan,5
8,75.4,25.2,27.3,76.7,66.5,85.2,104.0,2.87,126,pematangan,5
9,73.4,25.6,28.9,70.6,67.9,85.3,103.2,2.91,126,pematangan,5
10,71.0,26.2,28.6,70.5,65.5,84.1,103.4,2.81,126,pematangan,5
11,70.3,26.0,30.4,64.9,63.8,87.7,105.1,2.57,126,pematangan,6
12,81.7,27.5,32.2,64.0,63.8,85.9,107.8,2.45,126,pematangan,5
13,79.4,27.8,32.6,64.4,64.6,85.2,110.5,2.54,126,pematangan,5
14,77.1,27.9,31.3,63.2,60.9,84.6,108.1,2.37,126,pematangan,5
15,87.3,28.6,31.9,66.0,62.2,85.7,108.1,2.32,126,pematangan,5
16,85.5,29.3,30.7,67.1,62.4,84.6,112.2,2.13,126,pematangan,1
17,82.0,28.4,29.8,67.8,59.8,83.5,109.8,2.17,126,pematangan,5
18,82.1,29.4,30.1,67.1,61.5,83.8,108.0,2.23,126,pematangan,5
19,81.4,28.1,29.4,66.8,64.1,84.6,108.9,2.23,126,pematangan,5
20,81.6,28.3,28.7,71.9,64.9,84.4,110.4,2.17,126,pematangan,5
21,80.6,28.1,28.2,72.2,64.0,87.2,110.2,2.32,126,pematangan,5
22,80.0,27.3,28.1,71.6,63.0,88.3,113.5,2.15,126,pematangan,1
23,79.0,26.8,26.8,73.8,61.3,90.3,114.7,2.0,126,pematangan,1
0,78.7,27.0,25.0,76.8,59.9,88.5,115.3,1.96,127,pematangan,1
1,78.5,26.2,25.5,81.2,57.3,87.2,115.6,1.89,127,pematangan,1
2,77.9,25.7,23.2,80.0,57.8,85.3,117.1,1.91,127,pematangan,1
3,76.6,25.6,24.2,78.2,60.9,85.0,120.1,1.88,127,pematangan,1
4,75.1,25.4,24.8,78.1,61.0,87.6,116.4,1.73,127,pematangan,1
5,72.7,25.4,24.8,77.7,62.2,89.3,111.4,1.92,127,pematangan,1
6,83.1,24.8,25.6,76.3,64.7,90.0,110.7,2.01,127,pematangan,5
7,82.3,25.4,27.5,76.3,64.2,87.6,111.8,2.04,127,pematangan,1
8,80.4,25.0,26.7,75.4,65.0,86.7,111.1,1.93,127,pematangan,1
9,78.8,24.8,29.3,75.5,67.3,82.4,110.5,2.0,127,pematangan,5
10,77.3,25.6,29.9,71.2,70.3,81.4,110.3,2.2,127,pematangan,5
11,74.5,26.8,32.0,65.0,67.9,82.8,105.8,2.3,127,pematangan,5
12,83.9,27.4,31.9,66.2,70.0,78.5,107.0,2.38,127,pematangan,5
13,81.4,27.1,32.6,64.2,69.4,79.6,108.7,2.65,127,pematangan,5
14,80.6,28.0,33.2,67.3,71.6,79.6,115.2,2.61,127,pematangan,1
15,91.0,28.9,32.2,65.6,69.5,80.3,114.9,2.5,127,pematangan,1
16,89.2,29.2,31.1,64.6,69.2,81.8,114.5,2.45,127,pematangan,1
17,87.1,28.4,30.4,68.4,70.7,79.9,113.1,2.34,127,pematangan,1
18,86.2,29.0,29.4,66.6,70.2,76.7,107.1,2.33,127,pematangan,5
19,85.6,28.6,30.1,68.4,69.7,77.1,106.9,2.37,127,pematangan,5
20,84.4,28.3,29.5,70.6,67.0,76.9,111.4,2.43,127,pematangan,1
21,83.5,28.0,27.4,72.4,63.8,83.9,106.4,2.53,127,pematangan,5
22,83.3,27.7,25.3,70.7,60.9,87.6,109.2,2.52,127,pematangan,5
23,82.4,27.2,25.5,77.8,61.2,85.2,106.9,2.63,127,pematangan,5
0,80.3,27.1,25.7,82.2,63.0,86.7,107.2,2.58,128,pematangan,5
1,79.4,26.4,24.0,76.2,63.6,88.5,108.2,2.66,128,pematangan,7
2,78.5,26.4,22.8,81.7,60.5,89.1,106.5,2.76,128,pematangan,6
3,77.4,25.7,23.7,76.8,61.7,87.2,106.4,2.6,128,pematangan,5
4,77.7,25.2,22.4,79.9,61.7,88.4,103.7,2.58,128,pematangan,5
5,76.7,24.2,24.5,78.0,62.3,86.5,103.1,2.6,128,pematangan,5
6,86.6,25.4,24.6,78.5,67.5,86.6,100.9,2.52,128,pematangan,5
7,83.9,25.2,26.0,76.9,66.1,86.6,100.4,2.56,128,pematangan,5
8,81.8,24.5,28.3,71.1,64.2,85.0,103.2,2.57,128,pematangan,5
9,80.8,24.6,28.0,70.3,66.4,81.5,101.9,2.59,128,pematangan,5
10,78.4,26.0,28.3,69.3,65.1,84.1,101.2,2.81,128,pematangan,5
11,76.8,26.3,31.0,64.2,66.7,81.4,102.4,2.83,128,pematangan,5
12,85.8,27.2,32.1,66.7,67.4,83.3,103.2,2.74,128,pematangan,5
13,83.9,28.6,30.9,66.3,66.6,85.8,101.8,2.69,128,pematangan,5
14,81.8,28.5,31.6,63.3,69.7,86.2,98.3,2.56,128,pematangan,5
15,91.5,29.0,31.4,67.2,70.7,87.2,96.1,2.59,128,pematangan,5
16,89.6,29.2,31.3,62.0,68.7,85.7,99.2,2.41,128,pematangan,5
17,88.2,29.1,30.2,65.5,68.8,87.6,95.1,2.34,128,pematangan,5
18,88.1,27.9,32.1,69.0,67.7,90.2,95.8,2.33,128,pematangan,5
19,86.7,28.9,29.0,71.2,66.6,97.5,94.9,2.14,128,pematangan,5
20,86.9,29.2,28.6,73.1,69.8,93.1,93.0,1.94,128,pematangan,6
21,87.0,27.9,27.2,74.6,70.6,94.1,95.8,1.81,128,pematangan,5
22,86.4,28.0,24.6,74.5,73.0,96.1,90.9,1.9,128,pematangan,5
23,85.1,27.6,27.1,77.2,76.6,93.6,93.1,1.93,128,pematangan,3
0,82.8,27.5,22.8,77.4,73.9,94.2,89.9,2.01,129,pematangan,5
1,81.7,26.2,25.8,75.8,71.0,94.1,86.8,2.04,129,pematangan,5
2,82.0,26.7,23.3,80.9,66.1,96.5,90.8,2.12,129,pematangan,5
3,80.0,25.0,23.0,80.8,64.2,97.8,88.9,2.21,129,pematangan,5
4,79.2,25.5,23.9,79.8,65.1,96.6,89.8,2.24,129,pematangan,5
5,79.3,25.3,26.0,78.5,64.5,92.6,89.2,2.25,129,pematangan,5
6,90.1,25.0,25.2,81.6,64.8,94.0,89.3,2.31,129,pematangan,5
7,87.5,24.6,25.8,74.3,65.8,93.3,85.9,2.37,129,pematangan,5
8,84.8,25.6,26.7,73.5,67.8,91.6,86.6,2.3,129,pematangan,5
9,82.6,25.1,29.2,69.3,69.4,90.5,85.3,2.49,129,pematangan,5
10,81.0,26.0,29.7,67.9,68.0,92.7,89.1,2.53,129,pematangan,5
11,79.9,26.7,31.6,67.9,70.4,92.7,87.9,2.53,129,pematangan,5
12,90.5,27.2,30.2,65.2,72.7,91.9,87.4,2.52,129,pematangan,5
13,87.5,27.9,32.4,63.4,72.9,90.8,92.3,2.48,129,pematangan,5
14,84.8,28.4,32.2,65.6,73.4,91.2,88.9,2.54,129,pematangan,5
15,95.0,28.6,30.6,66.4,72.6,89.3,91.7,2.44,129,pematangan,5
16,92.9,28.7,30.4,65.4,70.7,87.6,93.2,2.56,129,pematangan,5
17,90.4,29.2,30.6,65.9,68.6,82.9,92.9,2.49,129,pematangan,5
18,90.0,29.2,29.6,66.7,67.9,84.5,96.8,2.49,129,pematangan,5
19,87.7,28.7,29.5,66.1,70.7,83.5,94.2,2.51,129,pematangan,5
20,86.4,28.1,27.3,74.0,71.9,83.3,94.3,2.58,129,pematangan,5
21,85.9,28.1,26.9,71.6,72.7,79.6,92.3,2.54,129,pematangan,5
22,85.6,28.5,28.5,72.4,72.9,79.4,91.2,2.39,129,pematangan,5
23,84.3,27.3,25.3,74.5,73.5,82.3,94.6,2.39,129,pematangan,5
0,82.9,26.2,25.0,75.3,73.7,85.5,95.0,2.37,130,pematangan,5
1,82.0,25.5,24.6,80.5,70.9,87.0,94.8,2.31,130,pematangan,5
2,80.9,26.4,24.1,79.2,71.1,88.8,97.2,2.3,130,pematangan,5
3,80.3,25.2,25.1,78.1,71.3,88.2,98.9,2.26,130,pematangan,5
4,80.0,25.3,23.5,78.5,70.9,84.9,101.5,2.21,130,pematangan,5
5,79.3,24.9,24.9,77.7,69.2,85.1,100.6,2.25,130,pematangan,5
6,88.5,25.0,24.3,80.2,67.4,83.5,97.9,2.26,130,pematangan,5
7,86.3,25.6,26.6,73.4,65.7,83.6,97.4,2.41,130,pematangan,5
8,83.7,25.4,27.1,73.5,66.5,83.9,95.3,2.34,130,pematangan,3
9,81.8,25.4,28.6,71.5,67.3,84.9,93.1,2.23,130,pematangan,5
10,79.3,25.7,29.9,68.7,68.2,87.5,91.5,2.21,130,pematangan,5
11,77.2,26.0,31.5,66.3,65.7,84.3,87.8,2.12,130,pematangan,5
12,88.0,27.5,30.8,64.2,65.9,80.4,87.5,2.06,130,pematangan,5
13,85.9,28.0,31.2,59.8,65.2,82.8,88.5,2.12,130,pematangan,5
14,82.4,27.8,33.5,64.1,64.8,83.4,92.2,2.22,130,pematangan,5
15,91.6,28.6,32.1,63.8,67.2,83.1,93.2,2.13,130,pematangan,5
16,89.6,28.4,30.9,63.2,69.9,80.6,91.7,2.15,130,pematangan,5
17,86.7,28.7,31.2,69.3,68.1,82.3,96.4,1.86,130,pematangan,5
18,86.0,29.0,30.0,70.3,67.9,82.7,98.5,1.96,130,pematangan,5
19,85.3,28.0,27.4,68.9,65.7,80.8,100.5,1.91,130,pematangan,5
20,84.5,28.3,28.5,71.8,65.5,75.8,102.8,1.97,130,pematangan,5
21,83.7,27.7,27.5,72.8,66.2,74.7,104.7,1.91,130,pematangan,5
22,82.9,27.9,27.0,71.1,65.8,76.3,104.4,2.11,130,pematangan,5
23,82.6,27.4,25.4,75.2,65.5,72.3,106.0,2.19,130,pematangan,5
0,81.8,27.0,25.1,78.9,66.6,73.6,106.5,2.17,131,pematangan,5
1,80.9,25.9,25.7,78.3,66.4,75.7,107.9,2.35,131,pematangan,5
2,79.9,25.4,24.2,77.5,66.7,73.5,106.5,2.39,131,pematangan,5
3,78.4,26.3,23.7,81.9,69.9,75.8,107.6,2.32,131,pematangan,5
4,75.7,25.3,24.3,80.6,70.4,78.5,108.1,2.39,131,pematangan,5
5,73.7,24.7,23.9,77.4,68.5,79.3,104.7,2.42,131,pematangan,5
6,83.4,24.8,25.8,77.1,68.9,80.6,95.0,2.4,131,pematangan,5
7,81.3,25.5,25.9,75.2,71.0,82.6,96.3,2.52,131,pematangan,5
8,79.2,24.7,27.6,71.6,69.4,86.2,95.0,2.41,131,pematangan,5
9,78.6,25.8,28.1,72.0,65.0,86.1,97.8,2.46,131,pematangan,5
10,75.8,25.2,29.0,67.0,64.0,89.0,93.3,2.67,131,pematangan,5
11,74.8,27.5,31.6,66.1,64.9,85.0,94.8,2.77,131,pematangan,1
12,85.3,27.4,32.0,67.7,66.1,89.9,96.0,2.82,131,pematangan,5
13,83.8,27.8,32.5,62.8,65.6,89.1,97.7,2.96,131,pematangan,5
14,81.3,28.1,32.5,62.2,64.3,87.6,96.7,2.91,131,pematangan,5
15,90.9,28.1,30.5,64.7,64.2,89.7,99.4,2.77,131,pematangan,5
16,87.9,28.8,31.3,64.7,66.1,86.4,100.0,2.4,131,pematangan,5
17,86.6,28.6,29.1,66.0,64.8,89.1,98.1,2.53,131,pematangan,5
18,85.3,29.0,30.4,66.4,62.8,90.7,98.4,2.52,131,pematangan,5
19,83.8,28.6,28.4,66.7,60.8,93.4,96.6,2.48,131,pematangan,5
20,83.4,28.3,28.8,70.5,62.8,92.9,96.7,2.53,131,pematangan,5
21,82.1,28.2,28.2,70.5,64.5,92.8,98.5,2.43,131,pematangan,5
22,80.8,28.1,26.3,72.5,66.2,93.2,100.4,2.36,131,pematangan,5
23,79.3,26.9,26.0,81.1,69.2,88.3,102.1,2.34,131,pematangan,5
0,78.9,26.3,26.3,81.7,68.4,90.2,104.4,2.15,132,pematangan,5
1,77.8,26.5,23.4,82.8,70.6,90.3,103.4,2.16,132,pematangan,5
2,75.5,25.6,24.9,78.8,72.2,90.4,105.3,2.21,132,pematangan,5
3,74.8,24.9,24.2,77.8,72.9,86.9,103.1,2.08,132,pematangan,5
4,73.9,24.9,24.8,81.0,75.6,86.6,104.7,2.1,132,pematangan,3
5,73.5,25.9,22.9,77.7,73.0,83.1,104.8,2.13,132,pematangan,5
6,84.7,25.3,24.9,77.6,74.1,85.9,107.7,2.14,132,pematangan,3
7,83.6,25.0,26.9,74.3,75.2,87.1,109.5,2.27,132,pematangan,3
8,81.3,24.8,28.4,75.0,73.7,88.0,109.0,2.24,132,pematangan,5
9,79.3,25.9,28.1,70.4,74.0,84.9,111.5,2.2,132,pematangan,0
10,78.1,26.0,29.8,68.6,76.1,85.5,112.7,2.16,132,pematangan,0
11,76.1,25.9,32.5,64.8,76.7,85.5,109.7,2.01,132,pematangan,3
12,86.2,26.4,30.6,64.1,76.5,84.9,108.4,2.12,132,pematangan,3
13,84.4,27.5,32.0,60.7,75.6,85.4,106.8,1.96,132,pematangan,3
14,82.2,28.7,32.1,64.0,79.2,84.9,104.7,1.88,132,pematangan,3
15,92.5,28.2,31.8,64.1,80.2,85.4,108.1,1.97,132,pematangan,0
16,90.7,28.4,30.5,66.3,76.5,87.8,106.5,1.94,132,pematangan,3
17,88.3,29.4,31.4,65.8,77.2,85.8,103.5,2.07,132,pematangan,3
18,86.5,29.7,30.7,66.2,78.7,85.3,109.5,2.03,132,pematangan,1
19,85.4,27.8,30.7,69.7,77.7,83.5,114.8,2.1,132,pematangan,0
20,85.6,27.9,27.8,73.8,79.4,84.4,113.2,2.13,132,pematangan,0
21,83.5,27.9,27.2,72.6,81.6,83.6,108.4,2.2,132,pematangan,3
22,83.5,27.3,27.6,77.7,78.1,80.8,110.6,2.24,132,pematangan,3
23,83.4,27.1,27.5,71.5,79.0,80.8,109.6,2.22,132,pematangan,3
0,81.8,25.9,25.3,75.8,77.2,82.0,108.2,2.49,133,pematangan,3
1,81.6,26.1,23.5,78.0,77.6,87.8,110.4,2.46,133,pematangan,3
2,80.6,26.0,24.2,76.9,75.1,89.9,107.1,2.54,133,pematangan,3
3,80.1,25.1,24.9,74.9,76.5,94.1,103.7,2.32,133,pematangan,3
4,80.7,25.5,24.5,80.1,76.1,96.7,102.1,2.24,133,pematangan,3
5,79.5,24.7,25.1,77.7,72.9,96.4,102.2,2.25,133,pematangan,5
6,90.1,24.7,26.5,76.7,76.9,96.2,99.8,2.35,133,pematangan,3
7,88.2,25.7,25.7,75.7,78.5,95.7,100.1,2.38,133,pematangan,3
8,86.1,24.5,26.6,73.0,76.8,94.9,103.2,2.29,133,pematangan,3
9,83.4,26.1,27.7,69.5,78.0,96.9,102.0,2.32,133,pematangan,4
10,81.4,25.3,29.9,69.1,75.0,98.5,102.0,2.09,133,pematangan,3
11,78.6,26.5,31.9,64.5,73.4,95.9,104.5,2.17,133,pematangan,5
12,88.6,27.4,33.1,66.5,76.2,98.4,103.8,2.07,133,pematangan,3
13,86.4,28.4,32.2,66.2,71.7,98.9,105.3,2.01,133,pematangan,5
14,84.8,28.0,31.9,61.3,67.9,98.7,105.8,1.98,133,pematangan,5
15,95.0,29.2,31.5,63.1,67.7,97.4,103.4,2.08,133,pematangan,5
16,93.0,29.4,32.2,67.2,69.8,98.6,101.4,2.03,133,pematangan,5
17,91.6,29.3,30.1,64.4,69.1,95.1,105.2,2.14,133,pematangan,5
18,89.9,28.1,29.9,67.0,71.0,95.5,108.4,2.1,133,pematangan,5
19,88.4,28.8,29.2,69.8,72.7,96.7,108.3,2.08,133,pematangan,5
20,87.9,28.5,28.4,73.0,75.6,95.9,107.0,2.06,133,pematangan,3
21,86.4,27.8,29.0,74.9,72.5,95.1,110.9,2.19,133,pematangan,5
22,86.1,28.3,26.1,74.2,70.8,93.7,106.4,1.93,133,pematangan,9
23,85.4,27.2,28.0,77.0,70.8,99.4,105.5,2.09,133,pematangan,5
0,84.1,26.6,24.8,77.9,70.3,102.4,108.3,2.01,134,pematangan,6
1,82.8,26.4,24.1,81.4,69.2,104.3,107.9,2.12,134,pematangan,5
2,81.2,26.1,23.8,79.3,69.7,108.0,106.5,2.16,134,pematangan,5
3,79.3,25.8,24.6,79.6,71.6,102.8,108.1,2.03,134,pematangan,5
4,77.3,25.7,24.0,79.6,71.5,103.3,112.4,2.0,134,pematangan,1
5,75.7,25.1,25.1,77.2,73.1,103.5,111.1,1.87,134,pematangan,1
6,86.2,24.4,24.3,75.8,74.7,100.7,108.2,1.78,134,pematangan,3
7,84.5,25.4,24.7,71.2,73.3,98.4,110.2,1.7,134,pematangan,5
8,84.0,24.9,27.0,76.0,75.2,95.5,112.6,1.99,134,pematangan,0
9,81.5,25.4,28.9,74.1,74.4,92.9,111.7,1.91,134,pematangan,0
10,79.2,26.0,28.8,64.9,75.0,89.2,112.6,2.14,134,pematangan,0
11,77.3,26.6,31.0,67.4,75.0,88.4,115.2,2.03,134,pematangan,0
12,87.6,27.5,32.2,65.2,74.0,89.8,114.5,2.01,134,pematangan,1
13,86.2,28.0,31.4,63.6,72.9,88.3,111.4,2.04,134,pematangan,1
14,83.9,28.8,31.3,65.3,73.1,87.2,112.6,1.88,134,pematangan,1
15,94.0,29.5,30.8,64.5,70.9,91.6,115.3,1.98,134,pematangan,1
16,91.7,29.3,31.1,70.3,71.4,86.8,110.7,1.9,134,pematangan,5
17,89.5,29.1,31.0,68.3,68.5,86.8,115.1,2.0,134,pematangan,1
18,88.7,29.2,32.2,66.6,68.5,85.2,116.3,1.8,134,pematangan,6
19,86.6,28.5,30.2,67.6,68.6,85.5,119.7,1.82,134,pematangan,1
20,86.3,28.1,27.4,73.6,70.3,83.6,119.5,1.94,134,pematangan,1
21,85.1,28.3,26.4,72.4,72.3,81.3,123.7,1.89,134,pematangan,1
22,84.3,27.5,26.7,74.1,72.3,83.8,121.2,2.05,134,pematangan,1
23,83.4,26.9,27.3,76.3,72.4,81.3,122.2,2.23,134,pematangan,1
0,82.1,26.6,25.8,77.5,70.6,79.2,118.7,2.24,135,pematangan,1
1,80.7,26.6,24.3,80.6,73.3,78.8,122.5,2.21,135,pematangan,1
2,79.0,25.5,25.1,77.6,70.3,78.0,123.7,2.05,135,pematangan,1
3,78.3,25.9,25.2,75.7,72.5,77.9,119.7,2.12,135,pematangan,5
4,77.2,24.8,25.2,79.0,73.4,80.5,116.0,2.04,135,pematangan,1
5,76.1,25.2,23.4,78.1,71.9,83.7,115.6,2.04,135,pematangan,1
6,86.4,25.5,25.3,77.0,75.5,86.4,110.4,2.12,135,pematangan,3
7,85.7,25.1,25.0,73.0,72.8,86.9,111.3,2.21,135,pematangan,1
8,83.0,25.5,26.7,71.7,69.0,88.8,109.8,2.2,135,pematangan,5
9,81.1,25.5,27.7,68.0,70.3,92.4,112.5,2.34,135,pematangan,1
10,78.6,26.6,29.8,69.7,73.3,90.9,111.6,2.28,135,pematangan,1
11,76.9,26.8,29.9,63.9,72.5,91.5,112.6,2.51,135,pematangan,1
12,87.4,27.6,32.4,64.1,74.5,90.7,113.3,2.35,135,pematangan,0
13,85.4,27.7,32.0,66.6,70.5,91.8,114.0,2.55,135,pematangan,1
14,82.5,28.4,31.2,63.6,69.1,90.9,109.4,2.44,135,pematangan,5
15,92.0,28.8,32.0,65.4,71.8,87.2,107.3,2.38,135,pematangan,5
16,90.3,28.8,32.5,67.3,70.4,88.2,104.9,2.29,135,pematangan,5
17,87.4,28.4,31.0,67.7,70.2,87.1,101.5,2.32,135,pematangan,5
18,86.6,28.2,29.5,67.0,69.8,86.1,97.8,2.25,135,pematangan,5
19,86.0,29.5,29.0,67.7,74.2,84.1,97.8,2.2,135,pematangan,3
20,85.5,28.2,28.3,73.5,71.1,85.0,95.8,2.18,135,pematangan,5
21,84.9,28.0,27.0,73.2,70.5,85.2,98.3,2.27,135,pematangan,5
22,83.1,28.1,25.4,73.2,68.1,81.8,94.6,2.34,135,pematangan,5
23,81.3,27.3,25.7,75.4,69.4,82.4,94.6,2.26,135,pematangan,5
0,79.0,27.2,26.3,77.3,67.9,79.4,92.5,2.27,136,pematangan,1
1,78.6,26.1,24.1,75.3,68.9,77.1,93.3,2.26,136,pematangan,5
2,77.7,25.8,22.8,80.2,67.6,78.4,94.4,2.12,136,pematangan,5
3,76.5,25.6,24.0,81.7,66.3,78.5,92.9,2.41,136,pematangan,5
4,75.9,25.3,24.9,78.8,64.4,74.2,95.0,2.47,136,pematangan,5
5,74.0,24.5,22.9,78.0,65.2,74.7,96.4,2.65,136,pematangan,5
6,84.0,25.4,25.1,77.4,68.0,74.9,101.1,2.73,136,pematangan,5
7,81.7,24.8,26.3,75.6,67.0,73.4,95.6,2.74,136,pematangan,5
8,79.6,25.1,27.7,77.0,66.8,73.5,91.7,2.69,136,pematangan,5
9,77.7,25.2,29.1,72.1,63.9,74.4,90.4,2.74,136,pematangan,5
10,76.0,26.1,30.5,68.3,64.8,70.9,93.4,2.66,136,pematangan,5
11,73.4,26.6,29.8,64.8,70.3,68.6,93.0,2.62,136,pematangan,3
12,82.6,27.1,32.3,64.6,68.2,70.0,97.4,2.59,136,pematangan,5
13,81.0,28.6,33.1,63.7,69.0,72.6,96.1,2.57,136,pematangan,5
14,79.2,28.7,31.7,62.1,70.1,73.7,98.0,2.54,136,pematangan,5
15,88.0,28.7,32.0,63.9,66.9,73.2,97.9,2.6,136,pematangan,5
16,85.8,29.0,30.4,66.3,67.9,77.0,97.3,2.63,136,pematangan,5
17,83.7,29.0,31.7,64.7,68.2,76.6,97.4,2.67,136,pematangan,4
18,82.3,29.4,29.5,65.6,68.7,76.9,99.5,2.42,136,pematangan,5
19,81.4,29.2,30.6,69.2,65.7,76.8,98.5,2.34,136,pematangan,5
20,80.2,28.5,28.1,70.4,64.4,80.2,97.2,2.43,136,pematangan,5
21,79.4,27.1,28.1,69.7,63.2,79.0,100.7,2.46,136,pematangan,5
22,78.1,27.2,26.3,76.6,66.1,79.2,99.8,2.46,136,pematangan,5
23,77.6,27.4,27.5,78.1,64.5,80.4,98.1,2.54,136,pematangan,5
0,75.7,26.2,23.7,81.1,65.8,78.8,98.1,2.55,137,pematangan,5
1,74.4,26.5,25.1,77.6,65.7,77.7,96.0,2.7,137,pematangan,5
2,73.7,25.3,22.7,80.3,65.4,79.1,91.7,2.71,137,pematangan,5
3,72.1,26.3,23.1,82.0,66.3,81.4,97.1,2.69,137,pematangan,5
4,70.0,25.3,25.5,81.0,68.9,82.3,99.4,2.77,137,pematangan,5
5,68.8,25.1,25.0,81.6,66.9,82.4,98.2,2.68,137,pematangan,5
6,78.1,24.5,23.3,78.4,63.5,84.6,98.2,2.6,137,pematangan,5
7,76.6,24.7,26.0,75.1,64.3,82.1,99.3,2.61,137,pematangan,5
8,74.1,24.3,26.8,74.2,60.7,81.2,99.4,2.52,137,pematangan,5
9,70.3,25.5,29.2,71.5,60.7,80.2,99.6,2.69,137,pematangan,9
10,67.9,25.9,31.5,69.2,60.9,81.0,100.4,2.64,137,pematangan,5
11,65.8,26.9,31.6,67.8,62.0,80.2,103.9,2.57,137,pematangan,5
12,75.9,27.3,32.1,64.8,62.6,81.6,103.1,2.64,137,pematangan,5
13,73.9,28.3,32.4,63.6,63.0,83.3,103.2,2.94,137,pematangan,5
14,71.7,28.7,31.0,66.3,61.9,85.4,101.5,2.95,137,pematangan,5
15,81.3,29.0,32.2,64.4,63.7,84.7,102.1,2.8,137,pematangan,5
16,80.0,29.1,32.0,64.1,60.3,84.3,103.1,2.73,137,pematangan,5
17,78.5,28.7,30.2,68.4,62.9,87.0,98.2,2.78,137,pematangan,5
18,77.6,28.8,29.5,64.2,60.9,89.3,95.6,2.68,137,pematangan,5
19,76.5,28.6,30.4,71.5,58.7,92.6,91.9,2.74,137,pematangan,5
20,75.8,28.5,28.6,72.7,58.6,93.7,90.7,2.81,137,pematangan,5
21,74.8,27.3,26.7,72.8,58.6,91.2,93.2,3.03,137,pematangan,5
22,73.8,28.2,26.4,76.5,60.7,93.6,94.0,3.09,137,pematangan,5
23,72.9,26.8,25.6,75.3,60.8,96.0,100.2,2.91,137,pematangan,5
0,71.6,27.0,25.3,77.9,66.1,97.0,100.7,2.85,138,pematangan,5
1,71.8,26.5,24.7,75.9,64.7,94.8,101.1,2.7,138,pematangan,5
2,70.2,25.7,24.1,77.1,64.4,95.9,101.9,2.58,138,pematangan,5
3,68.3,26.2,25.4,80.6,64.4,92.9,100.1,2.68,138,pematangan,5
4,67.3,25.5,24.7,79.3,62.4,92.6,98.5,2.73,138,pematangan,5
5,65.2,24.9,25.4,77.5,59.9,94.5,101.5,2.81,138,pematangan,5
6,75.4,24.5,23.6,79.8,60.9,94.3,103.5,2.98,138,pematangan,5
7,72.3,25.2,26.1,75.9,64.5,94.4,103.9,2.97,138,pematangan,5
8,70.2,25.3,28.2,72.2,65.0,95.6,106.3,2.85,138,pematangan,5
9,69.0,25.4,29.3,70.3,67.8,95.6,104.2,2.89,138,pematangan,5
10,66.8,26.4,29.5,70.7,72.5,99.5,98.9,3.0,138,pematangan,5
11,64.6,27.2,30.5,67.8,70.3,97.1,102.7,3.11,138,pematangan,5
12,75.8,27.8,32.5,64.6,69.6,98.2,106.6,3.13,138,pematangan,5
13,73.7,27.8,31.8,65.2,69.0,99.0,103.2,3.03,138,pematangan,5
14,70.7,28.2,32.4,63.1,66.1,102.6,103.9,3.07,138,pematangan,5
15,81.2,29.0,31.8,67.9,65.4,99.0,101.8,3.11,138,pematangan,5
16,79.6,29.0,31.1,67.9,63.5,99.7,102.2,3.08,138,pematangan,5
17,78.0,28.9,30.8,66.0,65.3,97.4,102.3,3.04,138,pematangan,5
18,77.3,28.2,29.3,68.4,63.0,94.5,105.1,3.02,138,pematangan,5
19,76.7,28.5,30.6,71.2,62.9,94.5,102.7,3.15,138,pematangan,5
20,76.4,28.2,28.9,72.9,67.5,94.1,104.0,2.94,138,pematangan,5
21,75.3,27.9,28.7,74.7,70.6,94.3,102.4,3.02,138,pematangan,6
22,73.7,27.3,26.3,75.7,67.8,89.6,102.9,3.04,138,pematangan,5
23,72.8,27.3,25.6,76.6,67.4,92.2,101.7,3.1,138,pematangan,5
0,72.0,26.4,25.1,74.5,67.0,95.6,104.9,3.11,139,pematangan,5
1,71.2,26.2,24.1,81.1,71.4,95.3,107.2,3.04,139,pematangan,5
2,70.7,26.3,24.9,78.7,70.8,97.1,109.0,3.25,139,pematangan,5
3,70.1,25.8,24.7,80.3,70.0,99.4,113.5,3.04,139,pematangan,1
4,69.3,25.7,23.6,80.0,73.0,98.6,116.6,3.02,139,pematangan,1
5,67.7,25.1,24.0,81.4,76.6,98.6,115.4,2.97,139,pematangan,0
6,77.3,24.3,25.2,77.4,77.5,98.3,115.9,2.85,139,pematangan,0
7,75.4,25.5,25.4,73.9,78.8,99.1,117.2,2.89,139,pematangan,0
8,73.1,25.8,27.0,76.0,80.6,97.4,115.8,3.02,139,pematangan,0
9,70.9,25.0,29.9,71.9,80.2,99.0,116.5,3.05,139,pematangan,1
10,67.5,26.2,29.4,70.8,78.9,95.1,120.5,2.89,139,pematangan,0
11,66.2,26.8,30.7,65.8,77.2,90.4,120.1,2.79,139,pematangan,0
12,75.8,26.8,33.8,65.1,76.3,89.9,118.5,2.57,139,pematangan,0
13,74.6,27.7,30.3,65.6,78.7,86.1,118.0,2.57,139,pematangan,0
14,71.7,27.3,31.0,62.3,79.2,86.6,120.5,2.5,139,pematangan,0
15,82.7,29.3,33.1,61.9,78.8,89.0,121.5,2.5,139,pematangan,0
16,81.3,28.8,30.9,64.0,78.4,86.4,121.6,2.63,139,pematangan,0
17,78.3,29.2,31.1,65.5,79.4,87.0,122.0,2.59,139,pematangan,6
18,77.6,29.5,31.7,71.2,80.1,87.7,122.0,2.6,139,pematangan,0
19,75.9,28.9,28.7,74.2,77.9,87.9,120.6,2.42,139,pematangan,0
20,75.4,28.5,27.9,70.8,78.9,86.1,119.0,2.62,139,pematangan,0
21,74.9,28.4,27.9,73.0,79.0,87.9,118.5,2.7,139,pematangan,0
22,73.8,27.3,26.7,73.9,76.2,87.7,123.2,2.76,139,pematangan,0
23,72.7,27.1,25.6,75.6,74.8,87.5,120.7,2.81,139,pematangan,0
0,71.5,26.9,25.2,78.0,71.5,85.8,117.9,2.75,140,pematangan,0
1,70.9,26.6,23.7,79.1,75.2,85.9,115.1,2.67,140,pematangan,0
2,70.7,26.0,24.7,78.7,76.4,86.2,116.0,2.61,140,pematangan,0
3,70.3,25.6,24.8,79.6,76.5,87.1,117.7,2.61,140,pematangan,0
4,69.8,26.0,23.9,78.9,78.6,88.6,115.0,2.45,140,pematangan,0
5,69.9,25.4,24.1,78.2,75.3,87.7,110.9,2.32,140,pematangan,3
6,80.4,25.5,25.4,77.4,74.8,88.0,107.5,2.22,140,pematangan,3
7,78.3,25.4,25.6,77.2,74.5,87.2,102.3,2.23,140,pematangan,3
8,76.3,25.1,27.1,74.3,73.6,82.4,102.4,2.32,140,pematangan,5
9,74.2,25.4,28.6,69.7,73.4,80.0,103.7,2.44,140,pematangan,5
10,71.8,26.2,31.2,69.7,73.9,74.4,101.3,2.39,140,pematangan,5
11,69.9,26.5,31.0,66.0,73.3,75.5,102.7,2.48,140,pematangan,5
12,79.9,28.0,31.7,66.2,74.6,75.3,108.0,2.67,140,pematangan,3
13,78.8,27.6,31.9,63.7,76.2,73.6,103.7,2.7,140,pematangan,3
14,76.4,28.6,31.6,67.4,76.6,75.1,102.0,2.7,140,pematangan,3
15,86.1,28.6,30.9,67.2,77.7,72.8,99.5,2.71,140,pematangan,3
16,84.0,28.5,30.5,66.8,76.2,73.4,97.8,2.62,140,pematangan,3
17,81.0,29.0,31.4,69.2,74.4,74.6,100.8,2.56,140,pematangan,3
18,80.7,29.1,29.5,66.8,70.6,73.2,101.8,2.57,140,pematangan,5
19,80.6,28.8,29.3,72.7,71.5,76.2,104.6,2.7,140,pematangan,5
20,79.6,28.0,28.0,69.0,73.9,79.9,107.0,2.63,140,pematangan,5
21,78.4,27.6,26.5,73.0,75.6,81.2,108.7,2.6,140,pematangan,3
22,77.8,27.7,26.4,73.4,76.7,83.7,110.9,2.71,140,pematangan,7
23,76.8,27.0,27.1,72.6,76.7,86.0,108.2,2.65,140,pematangan,3
0,76.5,27.1,25.0,75.0,78.1,85.3,106.4,2.46,141,pematangan,3
1,75.6,26.7,24.2,77.7,76.7,87.8,107.0,2.52,141,pematangan,3
2,75.6,26.1,24.0,80.2,78.5,86.6,105.0,2.63,141,pematangan,3
3,75.3,25.5,23.8,79.2,79.0,84.5,104.6,2.62,141,pematangan,3
4,74.0,24.2,24.2,81.7,81.2,82.7,103.9,2.52,141,pematangan,3
5,73.3,25.1,23.9,78.9,85.2,80.6,103.7,2.37,141,pematangan,3
6,83.8,24.8,24.9,76.5,85.0,80.2,105.4,2.3,141,pematangan,3
7,82.0,24.9,25.6,78.4,82.6,78.7,105.8,2.28,141,pematangan,3
8,79.6,25.1,27.6,75.6,81.9,79.4,104.9,2.48,141,pematangan,3
9,77.8,24.7,28.9,70.2,81.2,78.9,106.5,2.69,141,pematangan,3
10,74.8,25.8,30.2,65.1,81.7,80.7,106.0,2.64,141,pematangan,3
11,73.4,26.9,31.6,63.9,82.4,79.2,108.2,2.55,141,pematangan,3
12,83.6,27.3,31.7,63.6,80.0,80.1,112.5,2.5,141,pematangan,0
13,81.0,28.1,33.0,64.1,79.5,82.0,111.1,2.6,141,pematangan,0
14,78.9,27.8,32.3,66.3,79.9,83.0,106.4,2.5,141,pematangan,3
15,89.3,29.2,32.8,64.8,80.0,85.5,106.1,2.47,141,pematangan,3
16,86.4,29.0,31.2,66.1,79.3,87.6,104.0,2.55,141,pematangan,3
17,85.5,28.9,30.9,67.4,81.5,91.2,104.4,2.55,141,pematangan,3
18,84.0,28.4,29.5,65.9,78.8,91.0,104.7,2.42,141,pematangan,3
19,83.4,27.8,29.2,71.6,77.2,88.1,104.5,2.47,141,pematangan,3
20,83.0,27.9,29.1,73.9,75.2,86.5,106.6,2.43,141,pematangan,3
21,83.0,28.3,27.3,73.8,72.4,88.2,102.6,2.55,141,pematangan,5
22,81.2,28.1,28.0,77.3,70.3,95.2,106.0,2.52,141,pematangan,5
23,78.9,26.7,26.0,75.5,69.3,98.0,104.5,2.46,141,pematangan,5
0,77.9,27.2,26.6,77.4,68.1,96.1,106.0,2.4,142,pematangan,5
1,76.3,26.8,23.9,80.9,67.4,98.2,106.5,2.39,142,pematangan,5
2,74.2,26.2,24.1,79.0,65.3,97.4,108.0,2.21,142,pematangan,5
3,73.6,24.9,23.7,78.7,67.2,96.5,108.9,2.2,142,pematangan,5
4,73.6,25.0,24.8,83.2,68.6,94.4,104.4,2.21,142,pematangan,5
5,71.8,24.6,24.8,79.2,64.2,100.8,103.6,2.38,142,pematangan,5
6,82.3,25.3,24.9,76.7,67.8,100.1,104.4,2.34,142,pematangan,5
7,79.5,25.5,25.6,76.0,65.6,98.4,106.8,2.19,142,pematangan,5
8,77.5,25.0,27.3,69.5,65.4,97.3,110.0,2.22,142,pematangan,5
9,76.6,26.1,29.3,72.5,67.6,99.2,113.9,2.18,142,pematangan,1
10,73.6,25.9,30.7,70.4,68.9,97.3,113.3,2.09,142,pematangan,6
11,72.4,26.7,31.0,63.6,69.7,98.3,111.3,2.17,142,pematangan,1
12,81.9,27.5,31.4,63.3,67.8,98.3,109.2,2.0,142,pematangan,5
13,79.9,28.1,32.1,67.3,65.7,96.9,112.5,1.95,142,pematangan,1
14,77.6,28.7,32.0,65.9,68.2,102.7,117.0,1.98,142,pematangan,5
15,87.1,28.7,31.9,64.1,65.2,101.9,119.2,1.92,142,pematangan,1
16,85.3,28.8,30.9,65.2,64.8,103.3,118.3,1.93,142,pematangan,1
17,81.8,28.7,32.1,67.4,65.2,101.1,115.8,1.94,142,pematangan,0
18,80.3,28.5,29.5,70.6,65.8,99.4,115.7,2.02,142,pematangan,1
19,80.5,28.9,30.4,70.9,68.0,99.6,114.7,2.07,142,pematangan,1
20,80.6,28.7,29.5,72.2,65.5,97.3,114.8,2.12,142,pematangan,1
21,79.9,27.2,28.3,72.5,66.7,100.5,110.9,2.08,142,pematangan,5
22,79.7,27.5,28.3,77.2,65.3,103.3,107.0,2.09,142,pematangan,5
23,78.8,27.7,26.4,77.0,66.7,105.1,112.0,2.19,142,pematangan,1
0,77.4,26.6,25.1,75.4,66.4,104.4,109.2,2.29,143,pematangan,5
1,76.6,26.7,24.3,77.8,67.1,104.4,108.1,2.19,143,pematangan,5
2,76.4,26.5,23.8,82.6,68.8,102.8,110.7,2.24,143,pematangan,5
3,76.0,25.5,24.8,76.6,66.1,105.8,115.9,2.28,143,pematangan,1
4,75.4,24.8,22.8,78.1,65.4,109.0,117.7,2.19,143,pematangan,1
5,72.8,25.7,23.1,80.5,63.5,108.9,119.0,2.17,143,pematangan,5
6,82.7,24.8,26.2,77.9,64.5,107.8,122.6,2.08,143,pematangan,1
7,80.5,24.4,26.8,74.0,65.7,109.5,122.3,2.23,143,pematangan,1
8,78.8,25.6,27.6,67.1,67.2,108.1,122.3,2.28,143,pematangan,1
9,76.7,25.2,29.4,70.0,66.2,106.4,117.4,2.17,143,pematangan,1
10,73.8,25.7,30.6,70.1,67.2,104.3,114.4,2.11,143,pematangan,1
11,72.4,26.2,30.9,64.1,67.2,103.8,113.4,2.18,143,pematangan,1
12,82.7,27.2,30.6,62.4,70.1,104.0,111.8,2.15,143,pematangan,1
13,80.4,28.0,33.0,65.4,70.2,102.9,114.0,2.19,143,pematangan,1
14,77.4,28.2,32.3,66.7,67.7,104.0,113.5,2.16,143,pematangan,1
15,87.5,28.9,30.6,63.1,67.2,102.7,113.1,2.04,143,pematangan,1
16,85.5,28.4,31.3,64.9,69.1,103.1,110.4,1.99,143,pematangan,0
17,84.1,28.9,30.3,63.9,68.5,104.9,116.0,2.04,143,pematangan,1
18,82.9,28.8,29.9,68.0,67.6,106.7,114.3,2.16,143,pematangan,1
19,81.3,28.9,29.0,68.2,70.1,105.7,115.7,2.25,143,pematangan,1
20,80.9,28.3,28.9,70.9,68.2,106.8,114.1,2.17,143,pematangan,1
21,79.1,28.3,27.4,68.4,67.8,106.9,112.3,2.2,143,pematangan,1
22,78.5,27.3,25.8,76.1,68.3,108.7,114.1,2.2,143,pematangan,1
23,77.0,27.2,26.5,72.7,67.1,106.3,110.8,2.24,143,pematangan,5
0,76.5,27.5,25.7,74.9,64.8,102.2,111.2,2.15,144,pematangan,1
1,76.8,25.9,23.6,78.0,64.6,104.9,110.1,2.21,144,pematangan,5
2,75.9,25.7,24.7,75.7,66.7,102.6,112.7,2.15,144,pematangan,1
3,74.6,25.5,24.8,76.9,64.0,102.9,114.7,2.27,144,pematangan,1
4,73.5,25.1,23.9,78.3,63.2,102.1,114.9,2.37,144,pematangan,1
5,72.3,25.9,24.4,76.2,64.3,99.0,115.9,2.43,144,pematangan,1
6,81.9,24.6,24.3,76.9,67.8,100.4,112.4,2.34,144,pematangan,1
7,80.0,25.0,24.6,75.8,67.8,99.5,113.1,2.39,144,pematangan,1
8,77.2,25.1,27.7,76.5,67.5,101.6,116.8,2.21,144,pematangan,1
9,74.5,25.9,28.6,72.2,67.8,102.9,117.6,2.21,144,pematangan,2
10,72.7,25.6,30.3,63.6,66.0,100.9,115.3,2.07,144,pematangan,1
11,70.1,26.1,30.9,65.5,68.0,103.1,116.1,2.14,144,pematangan,1
12,80.5,27.5,31.6,62.9,71.0,99.7,111.9,2.06,144,pematangan,1
13,78.2,27.9,32.1,64.8,72.3,101.8,107.5,2.16,144,pematangan,5
14,76.2,28.6,31.9,63.6,75.1,103.4,110.2,2.19,144,pematangan,3
15,86.8,28.5,32.3,65.3,72.5,103.8,109.2,2.18,144,pematangan,5
16,84.7,28.9,30.9,66.7,73.4,106.7,113.7,2.3,144,pematangan,1
17,83.2,28.6,29.5,65.9,72.2,101.9,115.6,2.52,144,pematangan,1
18,81.5,28.5,30.1,65.0,70.7,101.8,116.2,2.47,144,pematangan,1
19,80.0,28.5,28.2,68.8,72.3,99.1,114.6,2.55,144,pematangan,1
20,78.9,28.5,26.4,72.3,72.9,97.9,115.4,2.54,144,pematangan,1
21,77.7,27.5,26.7,73.9,72.6,97.7,116.8,2.46,144,pematangan,1
22,76.4,27.9,26.4,74.1,71.7,96.8,118.1,2.55,144,pematangan,1
23,74.5,27.8,25.4,77.2,69.7,95.9,119.7,2.68,144,pematangan,1
0,71.9,27.2,24.1,77.2,73.3,96.2,125.9,2.47,145,pematangan,1
1,71.0,26.0,24.6,76.1,71.9,95.5,125.6,2.71,145,pematangan,1
2,69.7,26.2,25.3,79.6,72.9,93.5,120.5,2.79,145,pematangan,1
3,68.3,26.3,24.8,81.3,73.8,91.5,119.0,2.93,145,pematangan,1
4,67.7,25.5,24.0,82.4,74.5,89.7,118.6,2.9,145,pematangan,0
5,67.2,25.0,25.0,78.5,74.9,87.5,117.3,2.85,145,pematangan,0
6,77.1,24.8,24.6,78.3,72.5,87.4,109.4,2.73,145,pematangan,5
7,74.8,24.6,25.3,75.6,73.9,86.3,106.4,2.79,145,pematangan,5
8,73.0,25.1,27.8,71.0,77.8,88.0,108.8,2.75,145,pematangan,3
9,71.6,25.9,27.8,71.2,74.9,88.5,105.9,2.71,145,pematangan,3
10,69.0,25.9,30.3,66.3,74.0,87.8,109.6,2.83,145,pematangan,3
11,67.4,27.2,31.0,66.0,69.7,89.0,107.5,2.84,145,pematangan,5
12,77.7,27.1,31.5,63.3,70.2,88.5,110.1,2.67,145,pematangan,5
13,76.0,27.9,31.6,62.9,71.7,90.6,108.9,2.72,145,pematangan,5
14,74.8,28.3,32.8,64.1,69.1,87.9,111.2,2.64,145,pematangan,1
15,83.7,28.7,30.4,64.8,69.1,88.5,116.7,2.65,145,pematangan,1
16,81.0,29.7,31.5,66.4,67.5,89.6,118.0,2.59,145,pematangan,1
17,79.3,28.8,30.4,65.9,70.0,94.2,122.7,2.47,145,pematangan,1
18,78.7,28.9,29.4,67.5,67.0,92.2,119.7,2.56,145,pematangan,1
19,77.0,28.6,29.3,70.2,70.3,89.4,119.6,2.31,145,pematangan,1
20,75.5,28.7,28.7,70.4,69.0,89.0,121.1,2.33,145,pematangan,1
21,74.4,28.9,27.5,72.9,64.5,88.5,120.7,2.31,145,pematangan,1
22,73.4,28.0,27.0,73.4,65.4,88.8,118.9,2.48,145,pematangan,1
23,71.9,27.0,27.1,75.9,66.3,92.5,116.4,2.47,145,pematangan,1
0,71.1,27.3,24.8,78.8,66.0,90.6,115.1,2.55,146,pematangan,1
1,70.9,26.4,25.1,79.9,67.7,88.9,114.7,2.47,146,pematangan,1
2,70.8,25.9,23.0,80.8,65.9,87.5,116.5,2.59,146,pematangan,1
3,70.2,26.2,24.5,82.0,66.6,90.2,116.5,2.35,146,pematangan,1
4,69.3,25.4,22.5,80.3,67.3,88.8,116.6,2.39,146,pematangan,1
5,67.3,25.3,24.7,81.3,67.0,89.0,119.9,2.53,146,pematangan,1
6,77.4,24.0,24.6,77.5,64.0,87.6,125.2,2.47,146,pematangan,1
7,74.8,25.5,26.1,77.8,65.2,86.4,125.5,2.51,146,pematangan,1
8,73.2,24.7,26.1,74.7,64.6,86.5,125.9,2.69,146,pematangan,1
9,71.4,25.2,28.7,73.6,64.7,85.7,125.2,2.57,146,pematangan,1
10,69.4,25.8,30.7,69.5,64.0,83.2,127.0,2.32,146,pematangan,1
11,66.6,26.8,31.6,67.1,63.3,82.4,129.6,2.54,146,pematangan,1
12,76.9,27.5,31.7,65.1,63.6,87.1,127.3,2.54,146,pematangan,1
13,74.2,28.3,32.0,63.1,67.0,86.9,127.6,2.33,146,pematangan,1
14,72.2,28.6,32.8,63.0,68.6,87.5,125.7,2.68,146,pematangan,1
15,81.5,28.8,32.2,66.2,68.2,89.0,124.1,2.86,146,pematangan,0
16,79.2,29.2,30.7,63.2,66.5,89.7,122.3,2.69,146,pematangan,1
17,76.9,28.7,30.2,69.5,67.5,87.9,121.3,2.71,146,pematangan,1
18,76.8,28.5,29.5,68.4,70.2,84.4,121.4,2.54,146,pematangan,1
19,75.7,28.5,29.2,70.6,65.9,80.3,122.3,2.66,146,pematangan,1
20,75.3,28.5,27.5,72.9,66.2,79.5,122.6,2.84,146,pematangan,1
21,73.7,27.1,25.9,73.3,67.9,76.0,120.6,2.7,146,pematangan,1
22,72.2,27.5,26.6,74.3,67.4,77.4,121.0,2.7,146,pematangan,1
23,71.0,27.0,26.2,72.1,65.3,77.8,122.6,2.64,146,pematangan,1
0,70.1,27.2,25.5,78.0,62.0,76.8,126.7,2.46,147,pematangan,1
1,68.0,26.1,25.6,79.5,61.3,77.1,127.1,2.33,147,pematangan,1
2,67.0,26.4,23.3,76.7,59.4,72.6,126.9,2.36,147,pematangan,1
3,66.4,25.7,23.7,80.2,56.2,73.7,126.8,2.26,147,pematangan,1
4,64.3,25.2,22.8,79.8,57.1,76.4,124.9,2.09,147,pematangan,9
5,63.8,24.9,24.4,81.4,59.1,75.1,123.3,1.86,147,pematangan,7
6,74.2,24.8,24.9,75.1,56.3,77.2,122.1,1.89,147,pematangan,1
7,72.0,25.1,25.6,75.0,60.4,76.5,126.1,1.63,147,pematangan,1
8,70.7,24.7,27.3,73.0,57.9,80.6,126.0,1.56,147,pematangan,1
9,69.2,25.1,28.1,69.1,56.9,84.2,122.8,1.71,147,pematangan,1
10,67.0,25.9,29.2,68.3,54.8,82.8,125.7,1.58,147,pematangan,1
11,64.4,27.2,32.3,62.2,53.2,81.9,122.6,1.61,147,pematangan,1
12,74.8,27.5,32.4,60.4,53.8,81.8,128.6,1.5,147,pematangan,1
13,72.9,27.8,31.9,64.0,53.6,85.3,128.6,1.46,147,pematangan,6
14,70.7,28.2,30.7,65.2,51.9,84.3,129.4,1.55,147,pematangan,1
15,79.9,28.8,31.5,63.2,52.6,84.7,126.9,1.61,147,pematangan,1
16,78.6,29.1,31.7,66.2,50.9,83.4,124.9,1.88,147,pematangan,1
17,76.2,29.7,30.8,67.2,49.8,85.2,130.9,1.95,147,pematangan,1
18,75.1,28.9,30.8,69.0,50.7,87.2,134.2,1.86,147,pematangan,1
19,73.6,28.4,30.2,69.7,48.6,86.9,130.5,1.9,147,pematangan,1
20,73.6,27.6,28.4,68.1,47.1,87.4,124.9,1.86,147,pematangan,1
21,73.0,27.3,27.2,72.8,44.8,87.5,119.6,1.74,147,pematangan,1
22,72.8,28.2,26.4,74.7,48.1,87.8,117.1,1.81,147,pematangan,1
23,72.2,27.6,25.7,78.7,49.8,90.4,116.3,1.8,147,pematangan,1
0,70.1,27.1,26.0,74.7,53.6,90.3,115.9,1.94,148,pematangan,1
1,68.9,26.3,24.4,82.6,56.6,86.4,117.0,1.86,148,pematangan,1
2,68.2,25.8,23.0,79.2,57.2,85.0,113.3,1.75,148,pematangan,1
3,68.1,25.7,24.5,77.9,56.6,84.3,110.9,1.96,148,pematangan,5
4,65.6,25.5,23.9,79.5,57.7,84.8,106.9,1.94,148,pematangan,5
5,64.8,24.9,23.9,81.5,58.7,84.9,107.3,1.93,148,pematangan,5
6,75.1,24.8,23.4,78.2,57.4,82.8,108.2,2.1,148,pematangan,5
7,72.5,25.1,26.9,74.6,59.6,82.2,105.2,2.36,148,pematangan,5
8,70.6,25.3,27.9,74.6,62.0,81.1,104.5,2.43,148,pematangan,5
9,68.4,25.7,27.8,72.4,61.3,81.9,106.8,2.35,148,pematangan,5
10,67.2,26.2,30.1,68.0,59.7,85.2,115.8,2.29,148,pematangan,1
11,66.3,26.8,30.2,68.9,60.4,82.8,114.8,2.37,148,pematangan,1
12,76.7,27.2,30.7,68.3,57.8,86.7,117.5,2.43,148,pematangan,1
13,75.0,28.5,30.3,59.6,59.2,87.0,113.9,2.23,148,pematangan,1
14,73.7,28.2,32.5,64.2,59.1,81.6,114.7,2.27,148,pematangan,1
15,83.7,28.6,32.4,68.0,60.6,81.1,121.1,2.15,148,pematangan,1
16,82.4,29.0,31.0,66.4,58.5,79.0,122.9,2.19,148,pematangan,1
17,80.4,29.1,30.6,69.3,58.8,78.1,120.3,2.28,148,pematangan,1
18,79.4,29.4,31.4,69.0,57.5,80.4,119.9,2.37,148,pematangan,1
19,79.0,28.9,28.6,66.9,57.5,81.8,114.0,2.3,148,pematangan,1
20,77.4,27.7,27.5,70.0,57.5,85.0,118.0,2.34,148,pematangan,1
21,76.7,28.2,27.7,72.8,60.8,87.9,116.2,2.48,148,pematangan,1
22,76.6,27.2,27.2,76.9,61.3,84.6,117.5,2.47,148,pematangan,1
23,76.2,27.6,25.8,75.9,59.9,81.7,114.9,2.28,148,pematangan,1
0,75.4,26.4,24.2,76.5,60.3,82.9,113.7,2.44,149,pematangan,1
1,74.0,26.7,24.2,77.5,61.4,83.2,113.5,2.36,149,pematangan,1
2,72.4,25.9,24.9,79.6,61.8,82.7,113.2,2.4,149,pematangan,1
3,71.4,26.5,24.7,80.2,59.0,81.9,116.5,2.49,149,pematangan,1
4,71.3,24.7,22.7,84.1,59.3,83.9,115.6,2.37,149,pematangan,1
5,69.1,25.2,23.3,79.3,62.8,82.3,116.1,2.4,149,pematangan,1
6,79.3,24.7,24.1,75.9,65.7,84.8,118.4,2.31,149,pematangan,1
7,77.3,24.9,26.0,77.1,64.1,86.0,120.2,2.33,149,pematangan,1
8,75.0,24.6,29.1,73.9,67.1,91.2,123.1,2.36,149,pematangan,1
9,72.0,25.5,28.5,70.9,67.6,91.5,120.2,2.33,149,pematangan,1
10,71.4,26.3,30.0,66.7,68.0,89.9,123.1,2.36,149,pematangan,1
11,69.5,26.2,30.4,66.7,66.8,87.2,120.4,2.26,149,pematangan,1
12,79.8,26.9,33.8,63.6,62.5,84.2,119.7,2.32,149,pematangan,1
13,78.8,28.4,31.5,63.0,62.1,85.3,121.3,2.45,149,pematangan,1
14,76.6,28.0,31.5,63.1,62.4,87.2,124.9,2.5,149,pematangan,1
15,86.7,28.5,31.8,66.5,64.5,89.5,121.6,2.52,149,pematangan,1
16,84.6,28.5,30.2,62.9,64.9,88.4,122.6,2.54,149,pematangan,1
17,82.8,29.4,31.3,66.5,62.0,90.0,122.9,2.52,149,pematangan,1
18,82.7,28.9,30.0,67.5,60.9,89.0,120.2,2.5,149,pematangan,1
19,81.5,29.0,28.6,70.9,59.1,89.9,115.4,2.55,149,pematangan,1
20,79.5,28.1,27.9,70.8,55.9,91.4,113.3,2.57,149,pematangan,1
21,77.9,28.2,26.1,74.5,58.5,91.8,114.6,2.62,149,pematangan,1
22,77.3,27.5,26.3,73.1,57.2,85.9,119.8,2.54,149,pematangan,1
23,76.9,27.5,24.2,76.8,60.4,85.1,121.2,2.53,149,pematangan,1
0,75.3,26.4,25.0,77.9,57.2,87.0,123.0,2.5,150,pematangan,1
1,74.2,26.1,24.4,78.6,57.9,89.3,123.7,2.54,150,pematangan,1
2,73.1,26.9,23.9,82.1,59.8,87.9,120.7,2.7,150,pematangan,1
3,72.7,25.8,23.6,80.8,56.8,87.4,118.9,2.67,150,pematangan,1
4,71.6,25.4,23.3,80.5,56.9,84.1,117.1,2.71,150,pematangan,0
5,70.4,25.8,25.2,81.5,54.5,84.8,118.1,2.83,150,pematangan,1
6,81.1,24.4,26.1,78.8,58.1,87.8,115.5,2.79,150,pematangan,1
7,79.2,25.2,25.9,75.5,57.5,83.2,111.5,2.74,150,pematangan,1
8,76.8,24.8,28.2,75.1,57.2,84.9,110.5,2.56,150,pematangan,5
9,74.1,25.7,28.4,74.6,55.4,84.5,109.8,2.54,150,pematangan,5
10,72.4,25.7,29.8,67.0,54.7,84.8,107.1,2.61,150,pematangan,5
11,71.4,27.0,30.4,67.0,56.3,86.8,110.7,2.56,150,pematangan,5
12,79.9,27.2,32.3,64.7,57.4,88.3,112.0,2.54,150,pematangan,1
13,77.2,27.1,32.5,64.2,57.8,91.0,110.3,2.43,150,pematangan,5
14,75.5,28.8,30.9,60.8,62.3,90.5,110.6,2.52,150,pematangan,5
15,84.8,29.0,31.8,63.5,60.3,92.5,109.7,2.43,150,pematangan,5
16,82.8,29.1,30.8,64.1,60.4,91.8,108.1,2.54,150,pematangan,5
17,80.8,29.3,30.0,69.2,57.9,89.0,104.9,2.64,150,pematangan,4
18,79.7,29.3,30.0,66.0,55.2,87.5,101.1,2.73,150,pematangan,5
19,79.2,28.6,27.7,71.9,54.8,89.0,104.0,2.8,150,pematangan,5
20,78.6,28.7,28.1,69.5,53.8,87.4,103.8,2.95,150,pematangan,5
21,76.9,28.7,29.1,72.5,56.4,86.5,105.8,2.85,150,pematangan,5
22,76.3,27.3,27.1,73.7,60.1,85.3,107.4,2.87,150,pematangan,5
23,75.6,26.8,25.1,75.0,65.7,82.5,109.4,2.85,150,pematangan,5
0,74.7,27.1,25.8,74.5,69.2,85.1,108.6,3.13,151,pematangan,5
1,73.7,25.7,24.8,81.0,68.0,86.8,108.3,2.98,151,pematangan,5
2,72.0,26.4,24.1,81.3,67.9,85.4,105.9,2.91,151,pematangan,5
3,71.3,25.6,23.6,82.0,66.7,91.2,99.3,3.1,151,pematangan,5
4,70.1,25.4,24.0,81.7,64.9,91.5,97.6,3.06,151,pematangan,5
5,69.2,25.0,23.8,81.2,66.3,90.9,99.7,3.01,151,pematangan,5
6,80.6,25.2,24.8,80.4,68.2,94.1,98.2,3.2,151,pematangan,5
7,78.0,24.9,26.6,74.6,67.2,96.9,95.4,3.12,151,pematangan,5
8,77.5,25.1,28.0,74.4,69.5,94.5,95.8,3.06,151,pematangan,5
9,76.1,25.3,27.7,73.2,69.0,91.0,96.4,3.08,151,pematangan,5
10,74.7,26.8,29.6,68.6,73.0,92.5,92.7,3.07,151,pematangan,8
11,73.3,27.1,32.3,65.6,77.6,93.4,91.1,3.11,151,pematangan,3
12,83.5,27.0,33.2,62.9,73.8,96.6,85.8,2.9,151,pematangan,5
13,80.8,28.1,32.3,63.5,72.5,95.8,89.8,2.67,151,pematangan,5
14,77.5,28.7,33.2,63.3,72.3,95.0,89.1,2.57,151,pematangan,5
15,86.2,28.6,32.6,59.3,75.7,94.2,93.0,2.88,151,pematangan,3
16,83.7,29.2,31.1,66.4,75.4,92.4,99.4,2.82,151,pematangan,3
17,81.9,28.8,29.1,69.4,73.9,90.7,93.9,2.72,151,pematangan,5
18,80.4,28.6,30.0,69.1,70.6,89.5,90.0,2.64,151,pematangan,5
19,79.4,29.1,28.2,69.8,70.2,86.2,93.8,2.53,151,pematangan,5
20,78.5,28.4,28.5,69.9,69.7,87.0,91.6,2.57,151,pematangan,5
21,78.2,28.2,29.0,72.4,69.1,90.3,90.3,2.51,151,pematangan,5
22,78.0,28.2,27.0,77.0,69.4,90.9,86.8,2.48,151,pematangan,5
23,78.0,27.4,25.4,73.5,68.1,89.7,84.3,2.27,151,pematangan,5
0,77.8,27.0,24.4,81.4,71.2,90.3,80.7,2.17,152,pematangan,5
1,76.4,25.4,23.2,75.8,71.4,89.5,79.6,2.24,152,pematangan,5
2,74.9,26.2,22.8,80.9,69.5,88.0,82.9,2.14,152,pematangan,5
3,73.4,25.6,25.4,78.6,67.2,86.5,80.2,2.18,152,pematangan,5
4,72.5,24.5,24.7,79.2,65.8,90.5,82.8,2.3,152,pematangan,5
5,71.2,24.9,24.1,75.6,65.1,89.7,82.7,2.42,152,pematangan,5
6,81.3,25.3,24.8,79.8,66.2,88.1,84.0,2.31,152,pematangan,5
7,79.7,24.8,26.0,76.8,68.7,89.1,83.8,2.38,152,pematangan,5
8,77.5,25.2,27.3,75.3,71.8,90.6,82.9,2.33,152,pematangan,5
9,75.1,25.2,29.8,69.7,69.3,90.1,87.7,2.39,152,pematangan,5
10,72.8,26.0,30.3,70.4,70.8,90.1,82.8,2.49,152,pematangan,5
11,71.0,26.5,29.5,66.2,70.1,88.3,84.2,2.4,152,pematangan,5
12,81.8,27.9,32.6,64.2,65.9,87.7,88.6,2.48,152,pematangan,5
13,79.5,28.4,30.5,63.1,65.4,88.8,91.3,2.39,152,pematangan,5
14,76.9,28.6,31.6,66.4,64.2,89.3,89.6,2.4,152,pematangan,5
15,87.6,29.1,30.5,65.3,64.6,89.0,89.0,2.24,152,pematangan,5
16,85.7,28.3,31.3,66.3,68.9,87.5,89.3,2.19,152,pematangan,5
17,83.1,29.1,29.7,64.0,71.2,90.3,88.5,2.27,152,pematangan,5
18,82.2,28.8,28.9,67.9,67.4,89.5,88.3,2.3,152,pematangan,5
19,80.3,28.4,28.4,67.7,65.0,90.6,85.7,2.37,152,pematangan,5
20,79.1,28.6,29.1,69.7,67.2,90.8,87.1,2.23,152,pematangan,5
21,77.7,27.9,27.4,69.5,67.8,90.3,89.0,2.32,152,pematangan,1
22,77.4,28.4,27.3,75.5,66.5,87.7,86.2,2.24,152,pematangan,5
23,76.0,27.3,27.1,75.8,70.8,90.9,87.4,2.36,152,pematangan,5
0,74.7,26.8,25.5,77.4,71.0,92.9,86.4,2.5,153,pematangan,5
1,74.6,25.9,25.2,76.7,71.3,93.8,90.4,2.63,153,pematangan,5
2,74.3,26.5,23.6,79.6,71.3,94.9,90.3,2.61,153,pematangan,5
3,73.3,25.7,24.0,78.0,74.7,93.0,91.7,2.64,153,pematangan,3
4,72.7,25.6,23.1,79.8,75.6,95.1,88.8,2.53,153,pematangan,3
5,72.9,25.2,24.7,80.7,74.6,99.4,85.9,2.37,153,pematangan,3
6,82.9,25.3,25.7,78.8,73.9,100.6,83.7,2.57,153,pematangan,5
7,81.4,25.1,26.8,77.1,72.8,92.8,87.7,2.53,153,pematangan,5
8,79.3,25.7,27.3,72.2,72.9,90.4,90.4,2.58,153,pematangan,5
9,77.2,26.1,29.4,67.1,77.4,93.6,94.1,2.45,153,pematangan,3
10,74.8,26.3,29.9,68.5,77.1,94.3,99.4,2.51,153,pematangan,3
11,73.4,26.2,30.6,64.0,78.2,96.1,102.2,2.62,153,pematangan,3
12,84.4,27.3,32.2,63.9,75.9,95.2,102.8,2.77,153,pematangan,0
13,82.5,28.3,32.6,61.9,77.9,95.6,106.5,2.7,153,pematangan,3
14,80.4,28.6,33.7,63.8,78.2,97.8,109.1,2.62,153,pematangan,3
15,90.4,29.1,32.2,65.9,79.2,98.3,109.2,2.62,153,pematangan,3
16,87.8,29.0,30.4,64.9,78.7,96.8,109.5,2.49,153,pematangan,3
17,85.0,29.5,29.9,64.4,77.7,96.2,111.4,2.47,153,pematangan,0
18,82.8,28.8,29.0,68.3,75.8,96.3,114.0,2.41,153,pematangan,0
19,82.0,28.5,29.3,70.0,73.4,94.5,112.8,2.57,153,pematangan,1
20,80.9,28.3,27.5,71.2,76.7,92.6,114.0,2.51,153,pematangan,0
21,79.7,28.0,28.7,73.3,75.3,94.4,115.6,2.52,153,pematangan,0
22,78.1,26.9,26.5,76.7,74.3,97.5,114.6,2.39,153,pematangan,0
23,77.8,27.4,26.5,79.0,72.9,99.0,116.1,2.52,153,pematangan,1
0,76.4,26.6,25.4,78.6,70.1,99.6,112.7,2.4,154,pematangan,1
1,75.0,26.0,25.0,77.8,70.5,97.1,111.2,2.49,154,pematangan,1
2,73.5,25.6,23.5,80.0,74.8,98.9,107.7,2.4,154,pematangan,3
3,73.1,25.6,24.1,77.3,73.8,97.5,107.7,2.5,154,pematangan,5
4,72.9,24.4,23.7,80.0,70.8,95.5,108.0,2.32,154,pematangan,5
5,71.2,25.0,24.2,82.9,69.8,94.4,107.1,2.38,154,pematangan,5
6,81.0,25.4,25.0,78.0,70.1,91.5,106.8,2.41,154,pematangan,5
7,79.0,24.9,26.5,76.0,70.2,93.1,105.3,2.31,154,pematangan,5
8,77.6,24.6,26.9,72.0,68.1,91.8,105.6,2.29,154,pematangan,5
9,75.2,25.1,29.4,72.6,65.2,88.9,108.2,2.36,154,pematangan,5
10,74.0,26.0,30.3,67.5,64.6,89.0,110.6,2.46,154,pematangan,5
11,71.7,26.0,32.4,66.4,61.0,87.4,109.1,2.45,154,pematangan,5
12,81.5,26.9,29.1,63.9,60.8,86.2,109.9,2.62,154,pematangan,5
13,79.1,27.9,31.5,61.8,61.6,83.1,110.7,2.51,154,pematangan,5
14,76.8,28.1,32.9,63.9,62.6,86.8,109.3,2.59,154,pematangan,5
15,86.6,28.9,29.6,62.9,61.0,85.4,109.0,2.6,154,pematangan,5
16,84.1,29.1,32.4,64.3,59.3,88.4,109.4,2.6,154,pematangan,5
17,82.0,28.7,30.7,65.6,56.2,87.6,110.5,2.44,154,pematangan,5
18,80.5,28.5,28.4,71.1,61.1,85.7,109.0,2.58,154,pematangan,5
19,78.1,28.4,29.8,70.7,61.3,83.0,107.6,2.6,154,pematangan,5
20,78.0,28.2,27.6,71.7,59.8,82.0,105.3,2.46,154,pematangan,5
21,76.8,28.5,26.9,71.7,56.9,80.5,103.8,2.62,154,pematangan,5
22,76.3,27.3,27.9,75.6,58.0,81.4,102.1,2.42,154,pematangan,5
23,75.5,27.4,25.7,75.8,58.1,78.6,98.9,2.38,154,pematangan,5
0,74.6,26.5,24.6,79.6,60.5,82.4,97.5,2.42,155,pematangan,5
1,73.5,26.6,26.4,78.1,62.5,85.2,98.1,2.42,155,pematangan,5
2,72.6,26.0,25.1,82.4,62.6,81.4,98.5,2.37,155,pematangan,5
3,71.7,25.7,23.8,79.4,62.5,78.7,101.5,2.34,155,pematangan,3
4,70.6,24.9,23.4,80.2,61.8,78.0,103.7,2.41,155,pematangan,5
5,69.5,25.4,24.1,78.7,65.2,81.5,108.1,2.4,155,pematangan,5
6,79.7,25.5,26.2,78.1,59.0,80.5,108.1,2.37,155,pematangan,5
7,77.3,25.6,25.2,74.2,61.0,83.7,110.5,2.39,155,pematangan,5
8,75.4,25.3,26.3,71.3,61.6,87.1,109.7,2.39,155,pematangan,5
9,72.4,24.8,29.7,67.6,60.3,88.2,106.2,2.58,155,pematangan,5
10,70.6,25.8,29.8,66.5,60.1,87.5,111.6,2.67,155,pematangan,1
11,68.2,26.4,31.1,64.2,60.5,92.3,112.6,2.61,155,pematangan,1
12,77.8,27.3,32.2,65.0,59.2,90.1,116.6,2.61,155,pematangan,1
13,76.2,28.1,31.7,62.8,60.7,93.1,120.9,2.72,155,pematangan,5
14,74.7,28.6,30.0,63.9,59.2,90.7,118.7,2.77,155,pematangan,1
15,83.7,29.3,31.5,67.1,61.9,89.1,116.6,2.77,155,pematangan,1
16,81.6,28.6,32.2,66.6,60.8,87.0,116.0,2.68,155,pematangan,1
17,79.5,29.0,32.4,63.8,59.7,87.3,116.8,2.63,155,pematangan,1
18,78.2,28.0,29.9,68.7,58.7,86.5,121.5,2.51,155,pematangan,1
19,77.4,28.8,29.2,70.6,60.6,86.0,123.6,2.57,155,pematangan,1
20,75.8,27.9,29.5,70.9,62.7,85.3,121.6,2.56,155,pematangan,1
21,74.4,28.1,28.1,71.1,66.0,88.3,120.6,2.47,155,pematangan,1
22,73.8,28.5,27.0,75.1,65.7,89.6,121.0,2.56,155,pematangan,1
23,73.1,27.5,24.4,75.5,67.0,90.4,120.0,2.66,155,pematangan,1
0,71.4,27.5,25.0,77.8,68.6,92.1,122.6,2.73,156,pematangan,1
1,70.5,25.8,24.9,79.5,69.3,94.1,121.1,2.73,156,pematangan,1
2,70.0,26.0,23.1,80.1,76.4,92.6,121.2,2.81,156,pematangan,0
3,69.3,25.8,23.8,78.9,75.9,92.1,117.5,2.92,156,pematangan,0
4,68.1,25.0,25.4,77.1,73.7,90.1,118.0,2.92,156,pematangan,1
5,66.7,25.3,24.0,79.7,76.6,91.5,120.8,2.74,156,pematangan,0
6,77.3,24.8,23.8,77.9,76.8,92.0,118.2,2.88,156,pematangan,0
7,74.9,24.6,24.5,75.7,74.6,92.8,116.7,2.84,156,pematangan,0
8,72.8,24.8,27.3,74.0,75.6,89.5,116.9,2.8,156,pematangan,0
9,71.1,25.3,28.2,71.6,71.3,87.4,120.8,2.85,156,pematangan,1
10,69.4,25.5,29.3,66.1,71.6,87.8,125.6,2.88,156,pematangan,1
11,68.4,26.6,31.2,67.4,69.1,86.7,129.1,2.83,156,pematangan,1
12,78.9,28.1,32.0,65.1,68.9,85.6,125.8,2.9,156,pematangan,1
13,76.7,27.7,32.1,64.3,69.5,86.5,128.7,3.01,156,pematangan,1
14,74.3,28.2,32.2,64.3,68.6,89.1,129.3,2.78,156,pematangan,1
15,83.5,28.9,30.7,68.6,64.9,89.3,126.4,2.82,156,pematangan,1
16,80.4,29.3,30.7,66.3,64.2,88.1,122.6,2.83,156,pematangan,1
17,79.0,29.8,30.4,66.5,65.2,89.5,117.2,2.84,156,pematangan,1
18,78.0,29.5,30.0,65.1,69.6,89.1,116.4,2.83,156,pematangan,1
19,77.6,29.7,30.0,69.0,67.3,88.7,112.4,2.8,156,pematangan,1
20,76.8,28.7,27.8,72.0,68.2,85.4,111.2,2.74,156,pematangan,1
21,75.4,28.5,27.0,70.5,67.1,85.8,110.3,2.67,156,pematangan,5
22,74.3,27.6,28.0,74.2,65.5,89.4,114.2,2.56,156,pematangan,1
23,73.5,27.3,26.1,76.3,67.9,90.5,113.0,2.51,156,pematangan,1
0,72.4,26.9,24.2,78.8,69.4,91.3,111.7,2.49,157,pematangan,1
1,71.6,26.9,24.5,75.8,71.8,95.7,112.0,2.57,157,pematangan,1
2,69.9,26.4,23.4,79.0,69.2,95.3,113.1,2.54,157,pematangan,1
3,68.9,25.7,23.2,79.4,71.4,94.4,112.9,2.7,157,pematangan,1
4,67.9,25.5,22.9,80.0,75.1,97.7,112.4,2.63,157,pematangan,0
5,67.2,24.7,23.6,80.3,75.4,98.2,110.0,2.63,157,pematangan,3
6,76.6,24.8,26.6,79.7,76.1,99.3,112.4,2.62,157,pematangan,0
7,74.5,24.8,26.8,78.0,73.8,99.2,111.9,2.76,157,pematangan,1
8,72.7,25.6,28.4,78.1,74.6,97.3,110.3,2.68,157,pematangan,3
9,71.0,25.6,29.6,71.0,71.2,94.7,109.3,2.56,157,pematangan,7
10,69.6,26.3,29.9,68.8,70.7,91.5,106.4,2.22,157,pematangan,5
11,67.4,27.0,31.4,65.6,73.7,93.1,109.1,2.3,157,pematangan,5
12,77.9,26.7,31.8,64.3,73.6,93.2,112.2,2.29,157,pematangan,1
13,75.2,28.1,31.1,62.4,74.3,94.7,109.8,2.34,157,pematangan,3
14,72.0,29.2,31.0,63.9,76.8,97.7,113.0,2.53,157,pematangan,0
15,81.9,29.0,32.4,63.5,78.1,99.5,111.2,2.38,157,pematangan,0
16,79.2,28.9,30.3,63.2,78.8,95.0,112.7,2.4,157,pematangan,0
17,77.5,28.4,30.8,66.9,78.9,92.2,112.2,2.59,157,pematangan,0
18,75.8,29.8,30.5,67.0,77.3,95.3,111.5,2.63,157,pematangan,0
19,75.4,29.0,29.8,69.9,74.2,96.4,112.4,2.65,157,pematangan,0
20,74.9,28.7,28.7,70.7,73.1,98.4,113.8,2.6,157,pematangan,1
21,74.4,27.8,26.6,73.7,71.4,97.0,116.0,2.66,157,pematangan,1
22,73.8,27.4,27.2,77.1,68.4,99.3,117.5,2.59,157,pematangan,1
23,72.3,26.8,25.9,77.0,68.4,98.6,116.1,2.6,157,pematangan,1
0,71.4,26.7,24.5,76.7,68.2,96.6,117.6,2.65,158,pematangan,1
1,70.8,26.1,23.2,77.8,67.5,97.6,112.0,2.76,158,pematangan,1
2,69.3,26.6,24.7,79.7,69.9,94.7,111.0,2.5,158,pematangan,1
3,68.3,26.4,22.8,79.1,70.7,94.5,112.1,2.45,158,pematangan,1
4,66.6,25.7,22.6,79.4,68.1,95.6,117.1,2.41,158,pematangan,1
5,65.4,25.4,25.6,81.6,69.4,96.8,116.4,2.57,158,pematangan,1
6,75.6,25.0,24.0,78.6,70.4,95.7,116.2,2.38,158,pematangan,1
7,73.9,25.1,25.7,75.1,68.6,96.6,116.0,2.34,158,pematangan,1
8,71.1,24.8,27.4,73.7,66.9,97.9,114.8,2.28,158,pematangan,1
9,69.6,26.4,28.8,70.4,67.9,100.5,113.5,2.39,158,pematangan,3
10,67.8,26.2,29.2,67.1,69.2,100.3,113.8,2.38,158,pematangan,1
11,66.0,27.1,30.5,66.3,67.2,95.5,116.1,2.4,158,pematangan,1
12,76.6,26.7,32.4,63.8,65.7,92.2,108.9,2.5,158,pematangan,5
13,73.9,28.4,31.8,62.9,65.0,92.5,104.4,2.47,158,pematangan,5
14,71.5,28.8,31.9,65.5,67.4,90.9,105.5,2.62,158,pematangan,5
15,82.1,29.3,29.9,63.5,68.3,89.1,101.6,2.52,158,pematangan,5
16,79.6,29.0,30.8,68.0,70.6,94.5,100.9,2.56,158,pematangan,5
17,76.1,29.8,31.4,64.4,72.8,96.0,101.5,2.62,158,pematangan,5
18,75.8,29.0,29.4,68.8,71.9,95.6,101.7,2.74,158,pematangan,5
19,74.4,28.6,28.5,70.2,69.9,93.3,101.0,2.89,158,pematangan,5
20,74.1,28.5,28.7,71.8,73.9,93.2,103.3,2.65,158,pematangan,5
21,72.1,27.8,28.1,73.4,77.8,94.5,98.4,2.62,158,pematangan,3
22,70.6,27.5,27.0,76.1,75.0,95.0,98.5,2.7,158,pematangan,3
23,69.5,27.2,25.5,75.5,73.9,95.2,98.9,2.65,158,pematangan,5
0,68.2,25.7,25.9,76.7,76.9,92.0,96.6,2.45,159,pematangan,3
1,66.5,26.6,26.1,77.9,80.3,90.2,97.0,2.47,159,pematangan,3
2,65.3,26.4,25.3,82.9,82.9,85.9,97.9,2.43,159,pematangan,3
3,63.6,25.4,22.8,78.0,80.6,84.0,99.9,2.51,159,pematangan,3
4,62.7,25.8,26.3,81.9,81.7,85.2,103.2,2.36,159,pematangan,3
5,61.2,25.4,23.2,78.0,78.9,85.9,102.5,2.54,159,pematangan,3
6,71.2,25.5,24.0,79.1,77.2,87.6,105.5,2.56,159,pematangan,3
7,70.0,24.7,26.2,78.0,77.9,88.1,107.7,2.64,159,pematangan,3
8,67.6,25.9,27.2,71.2,77.2,87.2,102.2,2.61,159,pematangan,3
9,66.1,25.4,29.0,69.0,80.7,87.6,103.7,2.67,159,pematangan,3
10,64.9,26.3,31.0,69.6,79.1,88.0,108.7,2.7,159,pematangan,3
11,62.3,26.6,31.8,68.0,80.0,88.6,107.9,2.69,159,pematangan,4
12,72.1,26.6,31.0,63.4,78.1,89.4,111.6,2.71,159,pematangan,0
13,68.9,27.7,32.1,67.1,79.8,88.9,110.5,2.88,159,pematangan,3
14,66.7,28.7,32.7,63.7,80.7,87.6,111.8,3.01,159,pematangan,0
15,76.9,28.5,32.5,65.4,81.1,89.0,110.2,2.81,159,pematangan,3
16,75.4,28.8,32.1,67.8,81.1,89.8,108.9,2.65,159,pematangan,3
17,73.1,28.5,31.3,65.3,83.0,92.3,112.2,2.81,159,pematangan,0
18,73.5,28.5,30.6,71.0,82.1,93.8,113.8,2.75,159,pematangan,0
19,72.6,28.0,28.8,68.2,85.6,93.5,115.9,2.58,159,pematangan,0
20,71.1,27.8,27.4,71.0,85.9,93.9,116.1,2.67,159,pematangan,0
21,70.1,27.7,27.9,72.1,84.9,89.9,114.6,2.72,159,pematangan,0
22,67.8,27.9,26.4,78.7,84.8,86.2,117.2,2.79,159,pematangan,0
23,66.4,26.6,27.0,76.1,83.9,88.9,115.5,2.8,159,pematangan,0
0,64.5,26.8,24.6,78.9,82.1,89.8,115.3,2.6,160,pematangan,9
1,63.0,27.1,24.5,80.6,81.2,89.0,113.7,2.57,160,pematangan,0
2,61.6,25.7,24.0,78.5,83.8,88.9,119.1,2.49,160,pematangan,4
3,59.5,25.8,24.9,81.4,85.3,87.3,117.2,2.63,160,pematangan,0
4,58.0,25.7,24.6,79.4,89.1,88.9,117.5,2.55,160,pematangan,0
5,57.6,25.0,24.3,76.4,84.5,89.4,115.4,2.68,160,pematangan,0
6,66.5,26.3,25.2,77.5,82.3,88.2,115.3,2.66,160,pematangan,0
7,64.0,24.8,27.3,76.1,80.5,90.4,112.4,2.48,160,pematangan,0
8,62.9,25.6,25.9,69.4,81.9,92.3,113.1,2.57,160,pematangan,0
9,60.4,25.6,29.3,68.5,82.7,90.3,112.7,2.56,160,pematangan,0
10,59.0,26.1,30.9,67.9,82.7,86.3,109.5,2.67,160,pematangan,3
11,58.0,26.4,32.0,66.6,83.2,87.6,108.2,2.73,160,pematangan,3
12,67.6,27.6,32.4,65.6,82.8,88.0,100.0,2.65,160,pematangan,8
13,65.7,27.5,31.4,64.0,82.6,87.4,98.9,2.6,160,pematangan,3
14,63.6,28.7,31.5,63.0,83.0,86.2,97.2,2.68,160,pematangan,3
15,74.0,28.6,32.2,65.7,82.4,84.1,95.0,2.69,160,pematangan,3
16,72.5,29.4,30.8,63.1,80.7,86.0,91.5,2.63,160,pematangan,3
17,69.6,28.8,30.5,67.9,79.8,86.8,90.5,2.54,160,pematangan,3
18,68.1,28.9,28.8,65.3,78.8,85.5,93.6,2.72,160,pematangan,3
19,66.2,28.8,28.3,71.2,74.6,84.5,92.3,2.71,160,pematangan,3
20,64.3,28.0,28.7,69.5,74.1,85.1,96.4,2.6,160,pematangan,3
21,64.0,27.9,27.2,75.6,75.4,85.5,99.8,2.69,160,pematangan,3
22,62.1,27.6,26.2,73.7,75.4,81.1,100.2,2.57,160,pematangan,3
23,61.3,26.8,25.8,74.9,70.4,79.6,101.3,2.53,160,pematangan,5
0,59.8,26.7,25.6,75.5,67.9,78.1,102.9,2.42,161,pematangan,5
1,58.0,26.5,24.6,79.5,65.5,84.4,98.6,2.55,161,pematangan,5
2,56.8,26.2,24.5,77.1,67.2,84.2,93.4,2.64,161,pematangan,5
3,56.3,26.1,24.2,79.4,63.4,83.6,94.1,2.44,161,pematangan,5
4,55.0,25.5,23.8,80.8,68.9,80.5,98.6,2.44,161,pematangan,5
5,54.0,25.1,24.2,77.9,70.8,83.1,95.9,2.56,161,pematangan,5
6,64.1,24.7,24.2,76.5,74.0,84.4,95.3,2.44,161,pematangan,3
7,61.7,25.8,25.6,75.1,72.6,87.7,98.6,2.53,161,pematangan,5
8,60.4,24.4,25.8,70.9,73.1,88.0,101.5,2.67,161,pematangan,5
9,57.9,25.8,27.8,69.3,74.7,86.4,102.9,2.7,161,pematangan,9
10,57.4,26.3,29.1,68.0,76.2,82.0,102.4,2.71,161,pematangan,3
11,56.4,27.0,30.7,63.1,72.7,83.2,101.9,2.52,161,pematangan,5
12,65.9,28.3,32.7,64.5,75.3,84.0,103.0,2.45,161,pematangan,3
13,64.2,28.2,32.0,64.1,79.9,80.4,105.8,2.47,161,pematangan,3
14,61.1,28.7,32.0,64.5,79.8,80.6,109.8,2.49,161,pematangan,3
15,71.3,29.1,30.9,64.7,79.1,80.4,109.7,2.5,161,pematangan,3
16,70.0,29.3,31.5,61.3,78.4,82.5,112.4,2.49,161,pematangan,0
17,68.5,28.6,32.0,65.0,79.0,83.5,113.1,2.59,161,pematangan,0
18,67.0,29.3,29.9,68.6,79.8,82.9,115.3,2.64,161,pematangan,0
19,65.4,28.5,28.6,69.2,80.3,82.4,120.3,2.65,161,pematangan,0
20,64.9,27.7,27.5,69.1,81.5,78.9,121.0,2.55,161,pematangan,0
21,64.7,28.4,27.8,75.7,80.8,83.8,118.7,2.56,161,pematangan,0
22,64.2,27.5,26.0,76.7,79.2,84.6,117.1,2.54,161,pematangan,0
23,62.9,27.7,26.6,73.5,78.0,84.8,117.2,2.59,161,pematangan,0
0,61.6,26.9,24.5,77.1,75.2,90.4,117.6,2.68,162,pematangan,0
1,59.6,26.6,23.4,79.4,73.4,90.2,117.0,2.48,162,pematangan,1
2,58.6,25.8,24.7,82.2,74.8,92.3,117.7,2.42,162,pematangan,0
3,57.8,26.0,23.1,76.0,75.3,94.8,113.6,2.4,162,pematangan,0
4,56.5,25.5,24.5,81.1,72.2,95.1,114.2,2.43,162,pematangan,1
5,55.9,25.3,25.1,78.8,75.1,94.8,113.2,2.42,162,pematangan,0
6,66.2,25.1,24.5,78.4,74.7,97.3,119.2,2.5,162,pematangan,0
7,64.9,24.9,26.2,75.5,72.5,97.4,120.2,2.67,162,pematangan,1
8,62.8,24.7,28.4,76.4,75.9,95.1,116.1,2.53,162,pematangan,7
9,60.3,25.4,28.3,74.1,74.3,96.2,112.3,2.52,162,pematangan,0
10,58.2,26.9,31.3,67.5,70.6,93.7,113.2,2.56,162,pematangan,1
11,56.9,27.2,30.8,64.2,70.6,91.6,112.7,2.63,162,pematangan,1
12,66.5,27.6,31.0,69.1,68.7,94.4,115.0,2.61,162,pematangan,1
13,64.6,27.5,32.1,64.8,73.4,91.5,115.8,2.66,162,pematangan,1
14,62.5,28.6,32.1,62.2,71.5,94.9,113.2,2.73,162,pematangan,1
15,72.8,28.9,32.6,66.7,69.9,93.2,110.3,2.72,162,pematangan,5
16,69.9,29.1,31.9,65.2,71.3,93.5,111.5,2.68,162,pematangan,1
17,68.7,29.1,31.0,66.0,71.5,95.1,110.1,2.52,162,pematangan,5
18,66.8,29.2,30.5,69.9,69.0,91.6,111.0,2.47,162,pematangan,1
19,64.8,28.6,29.4,66.4,70.7,92.2,110.2,2.49,162,pematangan,5
20,63.3,28.0,29.1,72.8,71.1,94.2,108.9,2.46,162,pematangan,5
21,62.6,27.3,27.2,73.2,73.9,95.7,113.2,2.48,162,pematangan,1
22,61.0,27.3,25.9,75.1,71.6,92.8,111.9,2.41,162,pematangan,1
23,59.5,27.6,26.2,76.3,70.3,95.2,113.1,2.34,162,pematangan,1
0,58.3,27.6,27.5,74.4,71.4,94.4,110.6,2.22,163,pematangan,5
1,58.0,26.6,25.4,77.1,72.5,97.1,110.3,2.43,163,pematangan,5
2,57.9,25.9,23.8,80.0,71.8,98.4,109.8,2.4,163,pematangan,5
3,57.6,25.8,25.2,80.7,71.2,100.3,107.8,2.34,163,pematangan,5
4,56.3,24.3,22.5,79.9,71.7,97.1,105.5,2.38,163,pematangan,5
5,55.5,24.6,24.0,76.5,69.9,97.1,107.3,2.15,163,pematangan,5
6,66.5,24.5,25.3,77.6,71.2,95.0,108.3,1.94,163,pematangan,5
7,65.5,24.5,25.5,74.6,68.7,97.7,111.3,2.02,163,pematangan,1
8,64.1,25.2,26.8,72.0,67.8,95.1,111.0,2.05,163,pematangan,1
9,61.8,25.7,28.6,71.5,68.6,100.7,106.0,2.22,163,pematangan,5
10,60.4,25.0,29.6,68.5,66.8,99.5,103.6,2.29,163,pematangan,5
11,58.4,27.5,30.4,63.2,67.7,102.8,107.1,2.27,163,pematangan,3
12,67.4,27.8,30.9,64.2,66.6,101.4,109.7,2.23,163,pematangan,5
13,64.5,28.3,30.8,65.0,66.6,99.1,112.3,2.37,163,pematangan,1
14,62.7,28.2,31.1,64.5,64.9,97.9,108.4,2.55,163,pematangan,5
15,72.8,28.6,31.6,64.4,65.5,97.8,107.1,2.81,163,pematangan,5
16,69.9,29.2,32.0,65.5,67.0,96.7,109.4,2.8,163,pematangan,5
17,68.2,28.7,30.1,64.5,66.9,94.6,110.1,2.76,163,pematangan,5
18,68.0,29.3,29.0,71.4,65.4,95.9,107.7,2.71,163,pematangan,5
19,68.0,28.8,30.5,69.8,67.1,98.7,102.8,2.68,163,pematangan,5
20,67.2,28.3,27.5,69.6,66.4,98.6,105.0,2.64,163,pematangan,5
21,66.5,28.6,27.7,69.5,64.3,97.4,103.2,2.42,163,pematangan,5
22,65.8,27.6,26.0,71.3,63.7,102.0,102.3,2.37,163,pematangan,5
23,64.7,27.0,25.4,74.9,64.9,105.4,102.2,2.39,163,pematangan,5
0,63.7,26.3,25.6,79.2,66.6,100.6,104.9,2.48,164,pematangan,5
1,63.4,26.0,25.1,77.4,64.4,97.8,107.9,2.33,164,pematangan,5
2,62.2,26.8,25.4,78.8,64.5,99.4,108.5,2.36,164,pematangan,5
3,62.2,25.8,24.6,78.0,63.2,99.9,104.5,2.39,164,pematangan,5
4,59.9,25.1,24.1,82.7,64.3,98.7,102.9,2.55,164,pematangan,5
5,58.5,24.6,24.7,83.6,63.9,98.6,101.0,2.57,164,pematangan,5
6,69.4,25.2,24.1,73.2,65.0,96.8,102.0,2.46,164,pematangan,5
7,67.2,24.6,27.0,75.3,67.4,96.1,107.0,2.45,164,pematangan,5
8,65.5,24.8,27.7,74.3,64.5,96.0,109.5,2.29,164,pematangan,5
9,63.5,25.4,29.1,71.5,62.1,98.4,111.4,2.28,164,pematangan,1
10,61.3,25.9,30.5,67.1,62.6,100.3,109.4,2.33,164,pematangan,5
11,60.0,26.3,29.9,65.0,65.1,99.7,109.8,2.29,164,pematangan,5
12,70.3,27.4,30.9,65.7,65.1,99.3,108.5,2.31,164,pematangan,5
13,68.8,27.7,32.1,66.7,64.0,101.6,109.5,2.49,164,pematangan,5
14,65.8,28.9,32.0,61.0,63.0,101.7,110.9,2.53,164,pematangan,5
15,76.4,28.8,32.1,63.4,63.5,102.8,114.8,2.48,164,pematangan,1
16,73.6,28.9,31.3,66.3,60.7,101.5,114.8,2.49,164,pematangan,1
17,72.2,29.2,30.5,64.8,61.2,103.4,113.6,2.54,164,pematangan,7
18,71.3,29.0,31.0,67.0,58.6,103.7,114.9,2.44,164,pematangan,1
19,70.7,28.8,29.5,71.9,59.5,103.2,109.9,2.44,164,pematangan,5
20,69.3,28.8,29.0,71.7,63.4,104.4,111.4,2.39,164,pematangan,1
21,68.2,28.3,28.5,71.9,63.4,104.1,108.0,2.38,164,pematangan,5
22,66.8,27.8,27.8,75.3,64.9,104.2,109.4,2.18,164,pematangan,5
23,66.3,27.3,26.3,73.5,67.0,103.8,108.7,2.3,164,pematangan,5
0,65.6,26.6,25.9,77.6,66.7,101.4,110.2,2.31,165,pematangan,5
1,64.2,26.5,25.0,79.3,65.1,98.5,112.2,2.24,165,pematangan,1
2,62.2,26.6,25.2,81.5,64.1,97.7,115.0,2.26,165,pematangan,1
3,60.6,26.0,25.9,81.0,62.3,96.8,112.8,1.99,165,pematangan,1
4,59.7,25.2,23.2,80.2,61.9,99.9,115.4,2.0,165,pematangan,1
5,57.6,24.7,23.6,79.2,62.3,98.6,114.1,1.95,165,pematangan,1
6,68.3,25.0,26.2,77.7,58.9,95.7,111.1,2.06,165,pematangan,1
7,67.1,24.6,26.1,78.2,58.8,93.3,107.9,1.97,165,pematangan,5
8,65.6,25.5,27.0,75.6,59.6,90.9,107.5,1.97,165,pematangan,5
9,62.8,25.9,28.1,71.6,60.3,91.0,108.1,1.82,165,pematangan,9
10,60.7,26.5,30.7,68.1,60.4,93.0,105.8,1.86,165,pematangan,5
11,58.3,26.5,31.5,64.3,61.2,92.4,104.4,1.78,165,pematangan,5
12,68.2,26.5,33.4,62.0,62.8,88.1,104.5,1.86,165,pematangan,5
13,66.2,27.5,31.9,63.2,59.7,87.0,103.2,1.84,165,pematangan,5
14,65.0,28.6,32.6,65.6,60.6,87.1,103.8,1.74,165,pematangan,5
15,74.8,29.3,33.0,65.0,62.9,88.4,99.2,1.87,165,pematangan,5
16,72.0,29.2,30.1,67.8,63.1,86.8,95.7,2.06,165,pematangan,5
17,68.4,29.0,29.8,66.3,62.3,83.7,97.0,2.01,165,pematangan,5
18,67.0,28.9,30.2,65.1,66.8,83.0,101.3,2.0,165,pematangan,5
19,67.1,28.8,28.8,68.3,66.9,82.1,100.0,1.98,165,pematangan,5
20,66.0,29.1,28.1,72.7,63.5,79.8,95.3,1.97,165,pematangan,5
21,64.4,28.2,27.1,73.3,60.7,79.2,94.7,2.06,165,pematangan,5
22,63.7,27.6,26.6,74.7,59.6,81.0,94.1,2.32,165,pematangan,5
23,63.3,27.5,25.3,75.9,55.5,79.5,95.0,2.27,165,pematangan,5
0,62.1,26.2,24.3,76.4,57.3,83.8,95.1,2.25,166,pematangan,5
1,61.1,26.4,25.1,79.6,56.4,84.9,96.3,2.18,166,pematangan,5
2,61.0,25.5,24.4,78.4,56.7,88.7,95.0,2.28,166,pematangan,5
3,60.7,26.0,24.9,80.5,58.7,93.1,91.8,2.33,166,pematangan,5
4,58.9,25.3,24.4,80.0,58.6,89.6,92.2,2.42,166,pematangan,5
5,57.9,25.4,24.6,76.6,55.8,90.7,93.9,2.34,166,pematangan,5
6,68.6,24.6,25.5,80.9,52.7,85.2,97.6,2.35,166,pematangan,5
7,66.8,25.9,25.3,75.5,50.4,87.6,93.8,2.19,166,pematangan,5
8,65.3,24.8,26.9,74.9,46.3,86.4,93.5,2.29,166,pematangan,5
9,63.5,25.6,28.9,71.7,49.4,88.4,93.6,2.36,166,pematangan,7
10,61.3,26.4,30.7,68.0,49.9,91.6,96.1,2.32,166,pematangan,5
11,59.2,26.4,31.6,65.0,52.4,89.1,98.3,2.24,166,pematangan,5
12,69.8,27.3,31.6,64.8,53.2,90.3,100.7,2.06,166,pematangan,5
13,67.7,28.0,31.9,63.0,50.3,92.6,99.4,2.05,166,pematangan,5
14,65.5,28.7,32.1,62.7,56.2,91.0,98.8,2.03,166,pematangan,5
15,76.0,27.9,30.7,63.8,56.9,88.8,98.7,2.04,166,pematangan,5
16,74.5,28.6,31.9,62.5,57.5,89.0,96.6,2.03,166,pematangan,5
17,72.6,29.2,31.3,64.8,59.8,86.1,96.4,1.89,166,pematangan,5
18,72.3,29.1,30.7,67.7,62.2,85.1,95.6,1.82,166,pematangan,5
19,70.1,28.6,30.0,70.5,68.6,86.2,96.1,1.9,166,pematangan,5
20,69.5,28.6,29.2,67.5,68.7,87.6,97.6,1.78,166,pematangan,5
21,67.9,27.8,26.1,73.7,69.8,89.4,97.6,1.7,166,pematangan,5
22,66.7,26.8,26.9,76.9,69.9,89.6,95.4,1.61,166,pematangan,5
23,65.7,26.6,24.9,77.6,68.1,89.7,94.4,1.48,166,pematangan,5
0,64.2,27.3,24.6,79.8,67.4,91.4,95.3,1.42,167,pematangan,5
1,64.5,26.0,24.7,76.3,65.0,90.1,98.6,1.6,167,pematangan,3
2,63.5,25.4,25.3,77.6,68.4,91.6,98.4,1.63,167,pematangan,5
3,62.3,26.0,24.4,77.3,69.8,88.0,95.2,1.79,167,pematangan,5
4,62.0,25.0,24.2,82.5,71.3,90.0,101.7,1.9,167,pematangan,5
5,60.7,24.7,25.7,83.4,70.9,86.4,102.3,2.01,167,pematangan,5
6,71.0,25.2,25.1,75.2,73.7,86.1,104.3,2.18,167,pematangan,5
7,69.9,24.6,25.2,75.7,72.8,87.9,104.4,2.2,167,pematangan,5
8,68.3,25.6,26.2,71.0,71.3,87.3,104.7,2.18,167,pematangan,5
9,66.1,25.5,28.0,67.2,71.4,85.4,103.8,2.2,167,pematangan,2
10,64.2,26.2,30.1,66.3,73.5,87.1,104.9,2.25,167,pematangan,5
11,64.0,26.2,29.8,68.5,75.4,87.7,106.6,2.38,167,pematangan,3
12,75.4,27.4,32.1,63.6,72.5,88.1,104.6,2.4,167,pematangan,5
13,72.0,28.3,32.2,65.4,73.6,88.5,105.5,2.49,167,pematangan,5
14,70.3,28.2,31.3,65.4,76.7,91.0,107.5,2.51,167,pematangan,3
15,80.0,28.3,31.7,63.2,76.2,90.2,109.4,2.51,167,pematangan,3
16,77.7,28.5,31.6,67.9,74.9,91.3,110.1,2.48,167,pematangan,3
17,74.6,28.9,30.2,64.7,76.5,89.2,110.9,2.57,167,pematangan,3
18,73.4,29.8,30.6,67.1,78.4,90.0,110.1,2.61,167,pematangan,3
19,72.9,27.8,28.7,70.3,76.6,91.5,108.8,2.5,167,pematangan,3
20,71.6,27.9,28.9,70.6,75.5,92.9,109.8,2.37,167,pematangan,3
21,70.5,27.6,28.7,72.4,76.5,92.0,115.1,2.36,167,pematangan,0
22,71.1,26.7,27.0,75.9,74.7,94.4,110.1,2.26,167,pematangan,1
23,70.3,27.6,25.0,78.1,75.3,97.2,112.3,2.27,167,pematangan,0
0,69.2,26.9,25.4,74.1,77.0,99.4,116.8,2.31,168,pematangan,0
1,67.9,26.0,24.8,78.5,76.5,99.1,117.0,2.5,168,pematangan,0
2,66.2,25.9,23.7,81.6,78.6,99.7,118.3,2.37,168,pematangan,0
3,66.3,25.2,23.1,82.7,79.3,96.9,120.2,2.22,168,pematangan,0
4,66.6,24.7,23.7,75.5,77.2,97.7,117.5,2.08,168,pematangan,0
5,65.9,25.0,24.9,78.1,78.0,96.5,118.0,2.04,168,pematangan,0
6,75.9,25.4,25.6,78.3,80.4,93.0,119.4,1.99,168,pematangan,4
7,73.4,25.1,27.0,75.2,80.4,91.6,118.7,1.85,168,pematangan,0
8,71.7,24.7,27.3,74.7,80.4,87.1,118.9,2.01,168,pematangan,0
9,70.3,25.8,30.3,71.5,79.0,89.6,118.3,2.03,168,pematangan,0
10,68.0,26.1,29.3,69.0,79.6,90.8,120.4,1.94,168,pematangan,0
11,66.7,26.2,31.4,65.4,80.3,92.2,120.4,1.72,168,pematangan,0
12,77.2,28.0,31.6,64.2,82.8,93.4,118.9,1.9,168,pematangan,0
13,74.9,27.4,33.2,65.7,81.3,97.1,121.7,1.78,168,pematangan,0
14,72.4,29.0,31.9,65.1,82.2,94.7,119.4,1.91,168,pematangan,0
15,81.6,28.6,30.8,65.3,83.1,95.2,118.4,1.82,168,pematangan,0
16,79.4,29.0,31.4,65.7,82.1,94.4,120.0,2.01,168,pematangan,0
17,76.5,29.3,29.8,65.3,81.9,93.0,119.3,2.18,168,pematangan,0
18,75.0,28.5,29.3,66.6,75.9,92.8,120.4,2.11,168,pematangan,0
19,74.7,28.4,30.0,69.8,76.7,92.7,122.6,1.91,168,pematangan,0
20,73.3,28.2,28.4,73.0,72.7,92.1,123.5,2.12,168,pematangan,1
21,72.1,28.6,28.3,71.0,70.7,91.1,122.8,2.2,168,pematangan,1
22,71.1,27.9,26.1,75.1,68.6,92.8,125.7,2.28,168,pematangan,1
23,69.6,27.3,27.0,76.7,68.1,91.2,124.3,2.38,168,pematangan,1
0,68.6,27.0,25.2,76.9,68.8,89.6,127.0,2.37,169,pematangan,1
1,67.7,26.2,23.2,78.3,66.3,88.6,124.5,2.15,169,pematangan,1
2,65.3,26.0,23.6,80.5,62.4,90.0,124.3,2.18,169,pematangan,1
3,64.9,26.2,23.0,78.4,61.4,89.9,124.0,2.24,169,pematangan,1
4,63.2,26.3,22.8,82.5,63.1,87.3,122.6,2.12,169,pematangan,6
5,62.2,25.4,24.6,76.4,63.2,87.4,118.4,2.22,169,pematangan,1
6,72.1,24.7,25.2,79.3,61.9,90.1,116.8,2.41,169,pematangan,1
7,70.5,25.1,26.5,77.2,61.5,90.0,118.1,2.3,169,pematangan,1
8,69.1,24.2,26.7,75.9,61.7,94.3,121.1,2.44,169,pematangan,1
9,67.2,25.9,29.1,66.9,61.9,94.9,120.2,2.66,169,pematangan,1
10,64.7,26.1,28.8,66.1,60.9,90.6,121.6,2.64,169,pematangan,1
11,62.2,26.4,30.7,67.8,62.6,90.8,123.1,2.57,169,pematangan,1
12,71.7,27.5,31.6,63.1,66.2,93.2,124.2,2.61,169,pematangan,0
13,69.7,27.5,31.5,63.9,65.0,97.1,124.4,2.5,169,pematangan,1
14,68.2,28.1,32.0,66.1,65.7,96.6,125.0,2.41,169,pematangan,1
15,78.5,29.1,31.6,62.8,63.8,97.8,127.1,2.58,169,pematangan,1
16,76.4,29.7,31.6,63.6,64.5,101.9,126.3,2.5,169,pematangan,1
17,74.1,28.7,30.9,64.9,65.7,100.1,125.8,2.59,169,pematangan,1
18,72.0,28.6,30.8,67.9,65.6,97.0,121.8,2.38,169,pematangan,1
19,71.1,28.4,28.9,68.2,67.1,94.1,122.3,2.46,169,pematangan,1
20,69.4,28.2,28.9,71.3,67.9,100.3,123.6,2.37,169,pematangan,1
21,68.6,27.9,27.8,72.6,62.8,101.1,122.0,2.52,169,pematangan,1
22,67.4,27.9,27.0,75.4,63.6,99.1,122.7,2.63,169,pematangan,1
23,65.7,27.2,26.1,74.8,63.0,96.9,119.9,2.74,169,pematangan,1
0,64.8,26.6,23.6,78.3,59.7,97.9,117.9,2.65,170,pematangan,1
1,63.9,26.1,26.3,80.0,59.8,104.6,115.9,2.63,170,pematangan,1
2,62.8,26.2,23.6,80.9,56.6,104.5,116.4,2.66,170,pematangan,1
3,62.9,25.9,23.5,80.6,56.8,104.6,115.9,2.68,170,pematangan,1
4,61.6,25.9,23.7,79.2,58.0,103.4,113.5,2.68,170,pematangan,1
5,62.3,25.1,23.2,79.7,58.2,106.1,111.4,2.76,170,pematangan,1
6,71.9,24.8,26.3,75.6,57.9,104.7,108.5,2.75,170,pematangan,5
7,70.1,25.4,25.5,76.5,58.1,105.9,105.7,2.61,170,pematangan,5
8,67.2,25.3,26.8,75.0,59.3,107.4,105.3,2.57,170,pematangan,5
9,65.7,26.0,28.0,69.4,62.4,107.8,105.7,2.83,170,pematangan,5
10,62.8,26.5,30.3,70.5,62.0,108.5,102.6,2.79,170,pematangan,5
11,61.0,26.9,32.2,67.4,61.8,104.1,104.2,2.78,170,pematangan,5
12,70.0,27.4,32.0,68.0,62.1,103.1,105.6,2.92,170,pematangan,5
13,68.5,28.0,31.4,62.0,61.7,101.0,108.6,2.94,170,pematangan,8
14,66.6,29.0,33.0,64.3,61.3,101.0,108.6,2.79,170,pematangan,5
15,76.8,29.4,31.9,63.5,60.7,101.3,109.4,2.93,170,pematangan,5
16,75.4,29.0,30.7,64.8,60.5,101.7,107.6,2.86,170,pematangan,5
17,73.2,29.5,30.6,68.0,61.3,104.9,111.3,2.83,170,pematangan,1
18,72.2,28.6,30.1,70.1,60.1,100.0,110.8,2.85,170,pematangan,5
19,70.4,28.3,29.4,69.5,60.7,95.5,111.3,2.8,170,pematangan,1
20,69.5,28.6,28.4,70.6,59.4,96.9,109.6,2.69,170,pematangan,5
21,67.5,27.8,27.6,70.9,58.2,97.7,108.7,2.62,170,pematangan,5
22,66.9,27.7,28.3,74.4,57.2,101.3,113.8,2.52,170,pematangan,1
23,66.3,27.4,28.3,76.5,60.4,101.2,115.4,2.48,170,pematangan,1
0,65.2,27.1,25.5,78.5,62.0,102.9,118.7,2.35,171,pematangan,1
1,64.3,26.2,24.0,80.2,63.7,102.7,118.6,2.43,171,pematangan,1
2,63.9,25.5,23.5,78.3,63.1,101.6,120.6,2.32,171,pematangan,1
3,62.9,25.5,24.7,78.6,64.9,97.6,115.2,2.4,171,pematangan,1
4,61.3,26.4,22.7,82.4,65.3,95.3,116.2,2.33,171,pematangan,1
5,60.4,25.6,24.1,80.0,63.3,94.8,117.0,2.16,171,pematangan,1
6,70.2,25.6,25.3,75.0,61.5,94.4,118.8,2.09,171,pematangan,1
7,68.0,24.4,26.1,78.9,64.0,94.6,118.8,2.11,171,pematangan,1
8,65.2,25.4,27.0,72.2,66.9,93.0,119.5,2.22,171,pematangan,1
9,63.0,25.5,30.2,72.1,69.5,96.4,119.0,2.26,171,pematangan,1
10,60.8,26.1,30.6,67.4,67.8,96.8,117.7,2.18,171,pematangan,1
11,59.1,26.0,30.7,66.0,66.4,94.6,117.4,2.06,171,pematangan,1
12,69.0,28.3,32.4,67.5,67.1,93.5,124.2,2.11,171,pematangan,1
13,67.6,27.6,31.9,60.7,68.7,95.2,125.3,2.3,171,pematangan,0
14,64.5,28.9,31.5,63.6,64.0,94.0,123.8,2.36,171,pematangan,5
15,74.9,29.2,31.3,63.4,65.3,93.1,119.8,2.32,171,pematangan,1
16,72.8,29.5,32.2,65.0,64.9,92.8,120.0,2.44,171,pematangan,1
17,71.0,29.4,30.2,66.1,65.6,89.8,120.8,2.44,171,pematangan,1
18,70.3,28.9,29.9,69.7,61.9,91.6,118.3,2.51,171,pematangan,1
19,69.2,28.2,30.1,70.3,59.5,91.3,118.9,2.62,171,pematangan,1
20,68.6,28.8,28.7,70.3,59.2,95.9,120.1,2.62,171,pematangan,1
21,68.0,28.4,27.8,75.5,61.0,95.8,124.2,2.59,171,pematangan,1
22,67.2,27.6,26.2,76.0,60.7,95.1,125.1,2.58,171,pematangan,1
23,66.0,27.4,27.9,74.4,58.2,94.6,126.5,2.63,171,pematangan,1
0,64.6,26.9,26.0,76.7,62.3,97.1,126.8,2.53,172,pematangan,1
1,64.5,26.0,22.9,77.3,60.8,96.9,124.1,2.29,172,pematangan,1
2,62.6,25.8,25.4,79.7,58.5,98.4,125.0,2.55,172,pematangan,5
3,60.9,25.8,23.1,79.1,60.5,102.0,124.2,2.78,172,pematangan,1
4,59.2,26.0,22.9,81.3,61.3,97.6,120.5,2.77,172,pematangan,1
5,57.8,25.0,23.7,78.6,62.2,97.6,120.6,2.97,172,pematangan,1
6,68.3,25.5,25.9,78.1,60.5,96.9,120.7,3.01,172,pematangan,1
7,67.4,24.7,25.8,74.9,58.0,96.2,121.6,3.04,172,pematangan,1
8,65.4,25.8,27.5,72.3,61.1,94.7,118.1,2.8,172,pematangan,1
9,63.6,25.3,27.4,72.1,62.0,91.7,114.3,2.88,172,pematangan,1
10,61.7,26.2,30.9,65.3,63.1,91.9,116.3,2.95,172,pematangan,1
11,59.3,26.6,30.9,66.3,63.0,91.2,119.0,3.01,172,pematangan,1
12,68.5,27.1,30.7,66.0,62.1,88.3,117.0,2.94,172,pematangan,1
13,66.7,28.4,32.3,66.4,62.1,89.2,117.8,2.82,172,pematangan,1
14,64.3,28.4,32.3,62.5,64.4,88.4,116.6,2.81,172,pematangan,1
15,74.0,28.6,31.7,66.9,64.7,89.6,117.0,2.82,172,pematangan,1
16,71.9,29.7,32.3,65.3,62.6,86.9,116.1,2.92,172,pematangan,1
17,69.1,28.9,31.1,66.8,60.0,85.8,118.8,2.91,172,pematangan,1
18,68.9,28.6,31.2,68.5,60.7,87.4,116.8,2.76,172,pematangan,1
19,68.4,28.9,29.2,67.2,63.7,87.4,116.3,2.78,172,pematangan,1
20,66.6,27.8,28.5,73.5,65.0,85.2,115.5,2.84,172,pematangan,1
21,66.3,28.4,28.3,74.1,64.9,84.8,114.0,2.73,172,pematangan,1
22,65.5,28.0,27.7,73.3,65.3,86.0,116.1,2.79,172,pematangan,1
23,64.3,27.5,25.7,74.9,65.0,89.2,117.0,2.6,172,pematangan,1
0,63.1,26.9,26.8,81.6,66.5,91.1,115.2,2.59,173,pematangan,1
1,61.9,26.1,24.9,78.1,68.4,89.7,117.9,2.49,173,pematangan,1
2,60.7,26.2,24.3,79.2,66.8,85.7,119.3,2.52,173,pematangan,1
3,59.7,26.2,24.4,76.9,66.0,85.1,123.4,2.52,173,pematangan,1
4,57.9,25.5,23.3,79.6,63.2,83.3,126.2,2.53,173,pematangan,1
5,56.1,24.5,22.9,80.5,63.2,81.3,125.1,2.43,173,pematangan,1
6,66.3,26.2,26.6,77.1,67.4,82.5,125.9,2.19,173,pematangan,5
7,64.2,25.5,26.9,76.3,64.3,82.9,126.5,2.14,173,pematangan,1
8,61.6,25.2,26.6,74.0,67.5,83.3,125.9,2.22,173,pematangan,1
9,59.5,26.0,28.8,69.9,67.9,85.8,130.7,2.21,173,pematangan,1
10,55.8,26.4,30.5,69.8,68.1,86.1,131.6,2.24,173,pematangan,1
11,54.3,26.4,30.7,65.5,67.3,90.4,131.1,2.27,173,pematangan,9
12,63.7,27.4,32.9,64.3,66.3,88.4,128.8,2.33,173,pematangan,1
13,61.8,27.6,31.6,64.0,68.5,91.1,129.8,2.29,173,pematangan,1
14,60.2,28.4,32.7,60.9,68.2,88.8,129.0,2.31,173,pematangan,1
15,70.8,28.7,31.1,65.7,70.2,95.2,131.6,2.2,173,pematangan,1
16,69.1,29.4,31.6,66.9,72.0,97.8,129.4,2.26,173,pematangan,1
17,67.0,29.1,31.9,68.0,70.9,98.1,121.8,2.13,173,pematangan,1
18,66.4,29.2,30.4,68.8,72.6,99.7,125.6,1.9,173,pematangan,1
19,65.3,28.6,28.8,69.4,71.9,96.0,129.2,1.83,173,pematangan,1
20,64.7,29.3,28.6,72.1,70.8,94.0,123.7,1.99,173,pematangan,1
21,64.4,27.9,28.2,77.7,69.6,93.2,122.5,2.22,173,pematangan,1
22,62.8,27.4,26.4,72.5,67.5,91.3,121.2,2.43,173,pematangan,1
23,62.0,26.9,25.7,77.1,70.4,92.1,122.3,2.32,173,pematangan,6
0,61.6,27.3,26.7,78.2,73.3,93.7,124.7,2.21,174,pematangan,1
1,61.4,25.5,25.9,80.0,76.6,95.3,125.8,2.33,174,pematangan,0
2,61.2,26.1,23.8,76.7,75.4,96.7,124.1,2.23,174,pematangan,0
3,60.5,25.5,23.0,83.4,76.2,96.8,122.7,2.26,174,pematangan,0
4,59.7,25.7,23.0,82.3,75.1,98.2,119.3,2.28,174,pematangan,0
5,58.2,24.7,23.3,79.1,75.4,98.8,119.5,2.28,174,pematangan,0
6,68.6,24.9,24.7,81.4,75.9,100.1,119.7,2.1,174,pematangan,0
7,66.5,24.9,25.9,76.3,72.8,99.5,117.0,2.13,174,pematangan,1
8,64.1,25.4,26.2,77.2,73.9,96.2,117.4,2.16,174,pematangan,1
9,61.7,25.8,28.8,71.0,74.2,95.3,114.7,2.13,174,pematangan,0
10,59.8,26.6,27.7,64.4,74.3,91.9,116.8,1.96,174,pematangan,0
11,57.0,26.6,31.2,65.8,72.6,91.6,112.4,1.84,174,pematangan,1
12,67.6,27.0,33.0,63.7,72.3,90.9,107.4,1.88,174,pematangan,5
13,66.3,28.5,31.0,61.5,71.2,91.2,105.6,1.98,174,pematangan,5
14,65.5,29.3,29.6,62.4,70.2,91.3,105.6,2.02,174,pematangan,5
15,75.6,29.0,31.8,65.2,68.8,86.3,106.6,2.08,174,pematangan,5
16,73.7,28.9,31.8,64.2,67.9,84.6,106.9,2.09,174,pematangan,5
17,70.8,29.3,30.3,68.4,67.1,87.2,108.0,1.98,174,pematangan,5
18,69.3,29.0,30.2,65.0,66.7,89.7,108.5,2.06,174,pematangan,5
19,68.4,28.3,30.3,69.1,66.0,89.1,109.2,2.12,174,pematangan,5
20,68.6,28.4,29.8,72.0,67.3,92.2,108.1,2.07,174,pematangan,5
21,67.4,27.9,28.1,73.6,63.8,87.0,105.4,2.1,174,pematangan,5
22,66.5,27.3,25.8,73.5,64.7,88.8,107.7,2.0,174,pematangan,5
23,65.2,28.2,26.1,76.5,65.1,88.7,108.3,2.01,174,pematangan,5
0,64.0,27.0,24.5,75.5,65.4,87.2,111.2,1.97,175,pematangan,1
1,63.8,26.6,24.8,77.2,66.9,90.0,111.3,2.01,175,pematangan,1
2,62.6,25.8,24.2,76.8,68.7,86.5,116.1,1.91,175,pematangan,1
3,62.2,25.8,23.6,82.2,68.5,87.5,116.7,2.04,175,pematangan,1
4,61.3,25.2,25.2,79.3,68.4,82.5,116.0,1.97,175,pematangan,1
5,60.1,25.5,24.1,77.7,67.2,82.1,119.1,1.88,175,pematangan,1
6,70.1,25.5,23.8,77.6,65.7,84.1,118.4,1.94,175,pematangan,4
7,68.4,25.2,26.3,78.5,63.3,82.9,120.0,2.0,175,pematangan,1
8,66.7,25.4,27.9,76.6,61.8,79.0,123.2,1.96,175,pematangan,1
9,64.1,25.6,28.7,69.0,61.7,80.9,125.0,1.93,175,pematangan,1
10,63.1,26.0,29.4,71.3,59.9,84.2,121.2,1.93,175,pematangan,1
11,61.2,26.7,30.7,65.8,60.5,81.4,120.0,1.82,175,pematangan,1
12,71.2,27.7,31.3,66.6,62.1,78.2,116.4,1.99,175,pematangan,1
13,68.4,28.0,31.6,65.6,62.1,78.6,114.1,1.94,175,pematangan,1
14,66.6,28.3,31.4,62.8,62.4,82.4,114.5,1.9,175,pematangan,1
15,77.4,28.1,31.5,63.5,62.7,83.2,111.8,2.03,175,pematangan,1
16,76.0,29.5,30.2,62.5,62.8,79.6,112.2,2.08,175,pematangan,1
17,74.6,28.7,30.9,66.7,63.1,83.4,116.4,2.07,175,pematangan,1
18,73.7,29.1,29.4,68.7,61.3,80.6,112.9,2.1,175,pematangan,1
19,72.9,28.3,29.9,69.2,61.9,81.4,111.8,2.19,175,pematangan,5
20,72.1,28.6,28.7,68.9,60.6,83.1,108.5,2.24,175,pematangan,5
21,70.6,28.2,28.8,73.7,58.0,84.6,109.4,2.27,175,pematangan,5
22,69.4,27.2,25.7,75.9,58.3,87.1,111.0,2.23,175,pematangan,1
23,69.1,27.9,27.1,76.3,61.0,85.2,109.4,2.1,175,pematangan,5
0,68.3,26.9,25.2,76.2,59.0,85.7,111.9,2.13,176,pematangan,1
1,67.9,26.6,25.3,79.1,58.5,83.7,108.6,2.14,176,pematangan,5
2,66.4,26.1,25.1,77.6,60.4,85.3,106.9,2.19,176,pematangan,5
3,65.0,25.4,24.9,80.3,63.1,86.6,104.5,2.12,176,pematangan,5
4,64.0,25.3,24.0,80.7,64.0,86.7,102.9,2.04,176,pematangan,5
5,64.1,25.9,24.6,81.4,61.9,88.0,104.3,2.11,176,pematangan,5
6,74.3,24.6,24.9,81.5,61.9,92.9,102.3,2.0,176,pematangan,5
7,71.7,24.8,26.6,79.3,60.8,91.1,100.0,2.1,176,pematangan,8
8,71.0,25.6,26.6,75.0,61.8,92.1,101.4,2.06,176,pematangan,5
9,69.1,24.9,29.0,69.7,62.2,91.6,101.4,2.06,176,pematangan,5
10,66.1,25.5,31.2,69.2,60.7,94.0,100.6,2.14,176,pematangan,5
11,64.7,26.5,32.7,63.3,58.4,93.6,99.7,2.07,176,pematangan,5
12,72.6,27.2,32.6,64.5,56.6,92.6,101.3,2.34,176,pematangan,5
13,70.9,27.7,33.2,63.8,57.4,94.8,101.0,2.25,176,pematangan,5
14,69.1,28.2,32.3,63.3,59.6,96.0,105.0,2.39,176,pematangan,5
15,79.6,28.8,32.5,65.6,58.7,98.2,105.3,2.46,176,pematangan,5
16,76.2,29.5,32.8,64.8,56.1,100.6,105.6,2.5,176,pematangan,5
17,74.1,28.5,30.6,70.3,56.1,104.4,104.8,2.49,176,pematangan,5
18,73.1,29.7,28.7,67.7,57.1,103.6,109.7,2.4,176,pematangan,5
19,72.1,28.8,29.1,73.0,57.1,106.9,103.5,2.66,176,pematangan,5
20,71.6,27.8,28.6,71.7,56.2,102.2,100.9,2.6,176,pematangan,5
21,72.1,28.3,26.9,71.0,57.1,105.0,98.7,2.54,176,pematangan,5
22,71.7,27.6,25.8,74.7,54.9,103.7,102.8,2.78,176,pematangan,5
23,71.2,27.3,25.6,79.9,55.8,100.4,102.8,2.71,176,pematangan,5
0,69.3,27.7,24.3,77.1,56.6,99.7,97.9,2.68,177,pematangan,5
1,68.0,26.8,25.5,78.6,56.9,102.5,94.1,2.79,177,pematangan,5
2,68.0,25.8,25.7,80.3,59.7,103.7,93.8,2.79,177,pematangan,5
3,67.3,25.6,24.6,81.3,60.7,106.9,91.9,2.75,177,pematangan,8
4,66.1,24.9,22.9,81.4,61.7,106.4,89.9,2.78,177,pematangan,5
5,65.6,25.2,24.4,76.5,65.0,110.7,93.0,2.72,177,pematangan,5
6,76.3,24.7,24.2,76.8,66.0,114.6,93.0,2.85,177,pematangan,5
7,74.8,25.4,26.2,75.0,67.2,115.2,96.9,2.89,177,pematangan,5
8,72.9,25.1,26.6,78.9,68.0,115.7,97.6,2.64,177,pematangan,5
9,71.1,26.0,29.5,69.2,67.2,113.6,98.5,2.71,177,pematangan,5
10,69.8,25.3,30.6,68.2,67.8,113.9,100.9,2.77,177,pematangan,5
11,67.9,26.4,30.8,70.7,67.3,112.9,95.8,2.64,177,pematangan,5
12,77.5,27.6,32.2,65.4,68.3,111.4,97.3,2.59,177,pematangan,5
13,75.4,28.1,32.1,66.4,70.2,113.0,100.5,2.52,177,pematangan,5
14,72.0,28.2,33.3,65.7,71.5,114.1,101.1,2.55,177,pematangan,5
15,81.9,28.5,30.1,61.8,69.5,112.6,103.9,2.71,177,pematangan,5
16,79.1,29.4,31.6,64.7,68.8,111.9,100.4,2.67,177,pematangan,5
17,76.7,28.5,31.7,66.2,68.7,109.4,101.6,2.67,177,pematangan,7
18,76.8,29.1,29.7,64.8,69.1,107.9,102.4,2.66,177,pematangan,5
19,76.0,28.6,28.8,65.8,67.7,106.1,102.0,2.75,177,pematangan,5
20,74.3,28.3,28.6,73.0,67.3,109.0,104.7,2.89,177,pematangan,5
21,73.7,27.8,26.8,76.3,66.7,106.9,103.6,2.87,177,pematangan,5
22,73.4,28.4,26.3,72.6,62.5,111.0,101.7,2.92,177,pematangan,5
23,72.5,27.0,25.2,75.8,61.5,111.2,103.0,2.75,177,pematangan,5
0,71.9,25.6,25.2,80.0,59.4,114.1,101.5,2.72,178,pematangan,5
1,70.5,26.3,23.1,80.4,59.1,113.7,102.2,2.71,178,pematangan,5
2,69.1,26.5,23.9,76.8,56.5,110.3,102.7,2.84,178,pematangan,5
3,69.2,25.7,24.5,79.8,57.4,106.7,104.0,2.69,178,pematangan,5
4,69.0,25.3,23.7,80.7,61.4,105.2,99.4,2.79,178,pematangan,5
5,67.7,25.9,23.9,76.1,61.7,103.0,98.5,2.71,178,pematangan,5
6,77.8,25.1,25.7,77.2,64.4,105.6,100.6,2.81,178,pematangan,5
7,74.7,24.7,27.3,75.0,64.0,105.7,93.8,2.78,178,pematangan,5
8,72.9,25.0,26.7,69.2,63.3,115.7,94.2,2.7,178,pematangan,5
9,70.9,25.4,29.7,69.2,65.5,112.1,93.2,2.7,178,pematangan,5
10,68.8,26.1,28.6,68.2,64.6,106.3,92.6,2.69,178,pematangan,9
11,67.1,27.2,30.4,66.6,64.7,101.9,91.6,2.69,178,pematangan,5
12,77.0,27.5,32.2,62.1,66.6,100.0,93.2,2.6,178,pematangan,5
13,76.1,28.5,32.2,65.0,69.9,99.4,94.8,2.7,178,pematangan,5
14,73.7,28.3,32.0,63.8,70.0,96.7,96.9,2.49,178,pematangan,0
15,83.3,29.2,32.3,64.5,68.4,99.1,97.5,2.58,178,pematangan,5
16,81.9,28.3,31.1,64.5,67.4,99.8,102.1,2.53,178,pematangan,5
17,80.0,28.5,31.3,62.7,65.0,101.9,102.9,2.51,178,pematangan,5
18,79.1,28.8,29.6,69.6,65.2,99.5,97.1,2.54,178,pematangan,5
19,78.7,28.9,28.7,70.4,65.6,98.5,95.2,2.47,178,pematangan,5
20,78.2,28.5,26.9,71.1,65.7,99.4,99.7,2.47,178,pematangan,5
21,78.3,27.8,28.1,71.9,66.8,100.3,99.6,2.52,178,pematangan,0
22,78.3,27.1,26.1,72.0,67.8,99.4,97.4,2.53,178,pematangan,5
23,76.0,27.5,26.8,76.7,67.0,99.2,96.8,2.46,178,pematangan,5
0,74.7,25.7,26.1,76.5,63.6,95.4,95.0,2.61,179,pematangan,5
1,74.6,26.4,24.6,79.5,67.9,94.7,95.9,2.4,179,pematangan,5
2,74.2,25.8,24.4,80.5,66.9,94.4,93.5,2.25,179,pematangan,5
3,72.6,25.8,24.2,78.9,64.8,97.8,94.9,2.29,179,pematangan,5
4,71.4,25.4,23.8,78.7,65.4,96.9,100.4,2.41,179,pematangan,5
5,70.4,25.4,23.1,79.2,65.2,94.3,100.6,2.24,179,pematangan,5
6,79.9,25.3,26.1,78.7,67.0,95.8,105.5,2.46,179,pematangan,5
7,77.4,25.5,25.5,72.9,68.0,93.0,106.3,2.33,179,pematangan,5
8,74.9,25.6,27.7,73.7,64.5,91.3,104.2,2.35,179,pematangan,5
9,72.3,25.9,28.9,68.0,62.7,90.2,105.6,2.45,179,pematangan,9
10,70.7,26.1,30.2,67.3,59.4,88.2,105.1,2.3,179,pematangan,5
11,67.6,26.7,31.2,70.0,59.0,91.0,106.6,2.36,179,pematangan,5
12,78.1,28.0,32.5,62.7,60.3,91.3,107.4,2.36,179,pematangan,5
13,77.0,28.0,31.3,62.2,58.1,89.0,105.2,2.43,179,pematangan,5
14,74.9,28.5,32.7,63.4,58.9,91.7,109.4,2.61,179,pematangan,5
15,85.4,28.3,31.8,64.3,59.9,93.7,107.4,2.58,179,pematangan,5
16,83.8,29.2,31.3,63.2,60.6,100.2,106.9,2.56,179,pematangan,5
17,83.1,29.2,30.3,67.3,61.4,101.4,103.7,2.31,179,pematangan,5
18,82.1,29.3,30.0,69.1,58.2,98.2,104.8,2.11,179,pematangan,5
19,80.7,28.5,29.7,70.4,55.8,97.5,104.3,2.05,179,pematangan,5
20,79.7,28.0,27.5,71.8,53.6,97.9,103.7,2.04,179,pematangan,5
21,78.5,27.5,26.2,72.3,53.4,96.3,101.6,1.92,179,pematangan,5
22,77.6,27.7,26.5,72.8,55.2,99.6,102.0,1.94,179,pematangan,5
23,76.6,27.2,26.6,76.1,53.7,98.7,102.9,1.92,179,pematangan,5
0,74.9,27.0,25.1,78.3,56.1,97.4,104.4,1.95,180,pematangan,5
1,73.0,26.6,25.9,76.9,57.7,99.9,100.5,1.94,180,pematangan,5
2,70.6,26.4,25.4,78.9,59.5,101.8,101.3,1.87,180,pematangan,5
3,69.9,26.2,25.2,79.8,57.7,102.2,104.4,2.0,180,pematangan,5
4,68.9,25.6,25.2,84.1,61.0,100.6,102.7,2.1,180,pematangan,5
5,68.4,24.4,24.5,81.5,59.4,102.7,99.0,2.0,180,pematangan,5
6,78.5,24.9,25.4,80.6,58.3,102.2,97.7,1.85,180,pematangan,5
7,76.7,25.4,25.5,77.3,57.0,103.7,100.3,1.76,180,pematangan,5
8,74.4,24.8,25.2,72.3,57.2,100.1,100.5,1.61,180,pematangan,5
9,72.2,25.0,29.0,71.7,54.6,100.0,103.1,1.7,180,pematangan,5
10,70.3,25.7,29.4,70.7,55.9,99.3,107.0,1.65,180,pematangan,5
11,67.5,26.7,30.9,64.1,58.7,100.6,105.6,1.4,180,pematangan,5
12,78.1,27.2,29.8,64.6,61.1,100.8,106.9,1.4,180,pematangan,5
13,76.2,27.8,32.7,64.2,59.2,99.7,111.3,1.52,180,pematangan,1
14,72.8,28.0,31.8,65.2,59.3,99.3,106.8,1.69,180,pematangan,5
15,83.0,29.5,31.2,66.8,60.8,96.5,106.2,1.82,180,pematangan,5
16,79.5,29.4,30.3,65.2,62.6,93.6,106.0,1.9,180,pematangan,5
17,77.8,28.5,30.0,66.4,60.9,90.5,107.8,2.02,180,pematangan,5
18,77.6,27.9,29.3,73.7,60.0,92.2,108.5,2.0,180,pematangan,6
19,76.5,28.7,28.5,68.7,61.5,92.5,106.6,2.19,180,pematangan,5
20,75.2,28.1,27.3,68.7,63.1,88.8,106.4,2.22,180,pematangan,5
21,74.4,28.1,27.4,73.1,65.4,90.3,105.8,2.39,180,pematangan,5
22,73.9,27.4,26.5,73.5,61.4,89.7,106.2,2.27,180,pematangan,5
23,73.0,27.3,26.7,75.7,60.2,93.5,106.2,2.06,180,pematangan,5
0,72.7,26.9,23.9,77.1,60.8,94.3,107.4,2.07,181,pematangan,5
1,71.2,25.6,24.4,74.4,62.8,95.1,106.6,2.29,181,pematangan,5
2,70.2,26.0,23.6,79.5,63.2,91.7,106.2,2.38,181,pematangan,5
3,69.4,25.2,24.4,80.2,63.5,87.4,107.3,2.35,181,pematangan,5
4,68.3,25.4,24.0,82.1,64.4,85.5,108.4,2.35,181,pematangan,5
5,67.6,25.4,24.9,79.8,60.7,83.9,106.4,2.35,181,pematangan,5
6,77.9,25.0,26.4,80.2,59.7,83.9,105.7,2.29,181,pematangan,5
7,76.5,25.3,26.0,79.0,58.2,84.0,107.2,2.37,181,pematangan,5
8,74.4,25.4,27.7,74.3,58.7,85.4,106.1,2.5,181,pematangan,5
9,72.3,26.1,28.1,71.4,60.1,84.7,105.4,2.41,181,pematangan,5
10,70.7,25.3,29.9,67.4,60.2,82.7,103.4,2.49,181,pematangan,5
11,68.7,26.8,31.1,67.0,62.3,82.4,103.2,2.61,181,pematangan,5
12,78.6,27.8,33.5,63.9,64.7,80.0,101.8,2.62,181,pematangan,5
13,76.9,28.2,31.1,59.8,67.7,83.7,106.7,2.71,181,pematangan,6
14,75.1,28.4,31.8,63.9,66.2,80.0,105.0,2.74,181,pematangan,5
15,85.0,29.1,31.7,66.7,65.7,81.3,103.8,2.82,181,pematangan,5
16,82.4,29.2,30.6,67.1,67.5,83.6,105.4,2.9,181,pematangan,5
17,80.7,29.7,31.0,66.2,69.0,86.1,106.6,2.99,181,pematangan,5
18,79.5,29.4,30.0,66.6,69.6,87.1,108.4,3.04,181,pematangan,5
19,79.8,27.7,29.3,69.0,67.9,86.2,109.7,3.08,181,pematangan,5
20,78.9,28.3,27.8,71.1,69.1,90.6,110.2,2.74,181,pematangan,5
21,78.4,28.5,28.2,70.7,67.6,91.4,108.8,2.65,181,pematangan,5
22,77.4,27.4,26.0,72.7,67.6,89.4,109.5,2.67,181,pematangan,5
23,76.4,27.3,25.7,75.9,67.8,87.2,109.1,2.69,181,pematangan,5
0,75.6,26.9,26.0,77.7,69.4,88.1,112.1,2.68,182,pematangan,1
1,75.3,25.8,25.9,79.5,68.9,85.6,113.6,2.7,182,pematangan,1
2,74.4,25.1,23.7,77.9,68.1,87.7,115.5,2.81,182,pematangan,1
3,73.4,26.4,24.6,76.4,64.7,90.3,115.4,2.91,182,pematangan,1
4,72.9,24.8,23.9,79.7,65.6,91.9,117.1,2.89,182,pematangan,1
5,71.8,25.0,25.1,81.3,65.1,92.4,116.1,2.99,182,pematangan,1
6,81.2,25.2,25.0,75.5,63.9,93.2,116.5,2.79,182,pematangan,1
7,79.2,25.2,27.4,74.5,63.1,94.8,113.8,2.76,182,pematangan,1
8,77.5,24.9,28.5,72.2,61.4,94.7,111.9,2.96,182,pematangan,1
9,76.2,25.7,27.9,73.6,61.1,92.5,112.4,3.06,182,pematangan,1
10,74.2,26.6,29.7,70.0,62.6,92.7,113.6,3.01,182,pematangan,1
11,71.3,27.1,30.5,65.3,57.8,95.2,114.5,3.16,182,pematangan,1
12,80.9,27.0,31.7,65.9,54.4,91.9,116.6,3.17,182,pematangan,1
13,79.2,28.0,30.5,62.7,54.6,92.6,114.4,3.34,182,pematangan,1
14,77.2,28.4,30.6,64.1,53.5,94.3,117.1,3.22,182,pematangan,1
15,87.9,29.0,32.5,61.4,55.3,95.0,118.6,3.11,182,pematangan,1
16,86.7,29.2,31.5,63.8,54.8,95.8,115.2,3.06,182,pematangan,1
17,86.2,28.9,31.3,64.9,56.6,98.0,114.7,2.88,182,pematangan,1
18,85.4,29.1,29.3,65.9,57.1,103.2,113.9,2.94,182,pematangan,9
19,84.7,28.4,28.4,70.5,56.4,97.4,118.8,2.7,182,pematangan,1
20,83.2,28.4,28.3,69.4,59.0,101.3,122.2,2.63,182,pematangan,1
21,82.3,29.0,28.7,74.6,56.7,101.2,122.8,2.46,182,pematangan,1
22,80.4,28.3,26.8,75.5,55.9,102.4,122.9,2.5,182,pematangan,1
23,79.6,26.9,26.1,76.4,59.9,103.2,124.3,2.52,182,pematangan,1
0,78.3,26.0,26.3,79.5,57.4,101.0,122.3,2.54,183,pematangan,1
1,75.9,26.0,25.1,78.9,58.2,102.3,123.6,2.56,183,pematangan,1
2,74.9,26.5,24.5,78.0,60.8,101.4,123.1,2.58,183,pematangan,1
3,73.9,25.4,24.4,79.0,61.2,103.5,124.8,2.72,183,pematangan,1
4,72.1,25.4,23.8,81.2,59.9,107.5,120.4,2.7,183,pematangan,1
5,70.1,25.2,25.5,77.2,62.5,108.5,120.4,2.59,183,pematangan,1
6,79.9,25.4,24.9,79.8,63.0,107.4,123.1,2.63,183,pematangan,1
7,77.7,24.9,25.4,75.6,60.4,111.7,121.3,2.61,183,pematangan,8
8,74.7,24.9,27.9,74.5,60.8,111.4,122.4,2.51,183,pematangan,1
9,72.3,25.0,29.5,70.8,59.6,111.2,119.9,2.45,183,pematangan,1
10,69.9,26.0,29.6,66.6,58.2,102.4,119.2,2.57,183,pematangan,1
11,67.0,26.6,31.6,68.7,59.0,98.3,115.0,2.65,183,pematangan,1
12,76.7,27.4,32.6,64.0,62.9,99.0,117.0,2.56,183,pematangan,1
13,74.1,28.2,29.3,64.5,63.3,98.5,113.5,2.53,183,pematangan,1
14,73.9,28.3,30.5,63.2,60.7,102.0,114.9,2.45,183,pematangan,1
15,85.2,29.5,32.0,63.2,62.9,101.4,113.2,2.57,183,pematangan,1
16,82.8,29.0,30.5,65.7,67.4,99.5,110.0,2.58,183,pematangan,5
17,81.3,29.7,32.0,65.7,67.9,101.5,110.9,2.39,183,pematangan,5
18,79.7,28.3,30.3,67.9,64.8,102.5,110.4,2.32,183,pematangan,5
19,78.3,28.3,29.2,69.8,65.7,102.9,107.2,2.36,183,pematangan,5
20,77.3,27.8,28.5,70.2,65.4,103.5,107.9,2.48,183,pematangan,5
21,76.3,27.1,27.3,74.6,63.9,99.6,109.3,2.6,183,pematangan,5
22,75.5,27.3,26.3,75.6,62.2,100.1,109.8,2.52,183,pematangan,5
23,75.5,27.1,26.1,72.3,63.9,99.0,110.3,2.4,183,pematangan,5
0,74.0,26.4,26.1,75.7,64.6,99.6,110.0,2.6,184,pematangan,5
1,73.7,26.8,23.5,77.8,64.7,98.9,110.1,2.59,184,pematangan,5
2,72.6,26.3,24.5,77.5,65.5,97.2,112.7,2.63,184,pematangan,1
3,71.4,25.4,23.7,78.5,66.0,97.2,112.0,2.44,184,pematangan,1
4,70.0,25.6,24.1,81.2,65.6,94.1,108.0,2.54,184,pematangan,5
5,69.2,24.9,23.6,80.4,65.4,94.7,103.0,2.41,184,pematangan,5
6,79.4,25.1,25.1,75.2,62.4,94.5,106.3,2.39,184,pematangan,5
7,78.1,24.5,25.1,73.7,61.7,95.7,107.0,2.35,184,pematangan,5
8,74.8,24.7,27.3,73.8,61.4,91.5,104.3,2.55,184,pematangan,5
9,73.1,25.5,28.5,70.1,60.6,93.0,105.9,2.42,184,pematangan,5
10,71.2,25.4,28.7,69.5,61.0,91.4,104.2,2.64,184,pematangan,5
11,69.6,26.4,31.4,64.7,62.4,93.4,106.7,2.38,184,pematangan,5
12,79.2,28.0,29.5,64.5,64.4,92.2,106.1,2.4,184,pematangan,5
13,76.8,28.5,31.7,62.4,64.0,93.5,104.9,2.52,184,pematangan,5
14,74.2,28.6,30.7,63.7,64.0,92.8,106.7,2.59,184,pematangan,5
15,83.9,29.7,31.9,65.8,61.9,91.1,106.2,2.44,184,pematangan,5
16,82.2,29.1,31.0,66.2,61.5,91.1,105.7,2.49,184,pematangan,5
17,79.2,29.4,31.3,64.6,56.4,92.3,105.8,2.48,184,pematangan,5
18,78.2,29.0,29.8,69.9,53.6,92.1,112.4,2.53,184,pematangan,1
19,77.7,28.6,29.1,69.4,53.5,90.1,114.0,2.71,184,pematangan,2
20,76.6,27.9,29.3,71.9,54.2,89.6,115.3,2.66,184,pematangan,1
21,75.9,27.0,27.2,73.6,55.4,86.6,116.4,2.6,184,pematangan,1
22,74.9,27.4,26.7,73.7,54.0,88.9,114.7,2.5,184,pematangan,1
23,73.8,27.3,27.1,77.6,51.8,89.1,112.0,2.57,184,pematangan,1
0,74.0,26.8,25.9,76.0,53.0,87.6,115.2,2.65,185,pematangan,1
1,73.5,26.1,26.4,77.8,54.2,90.1,119.1,2.43,185,pematangan,1
2,72.6,26.3,24.7,77.1,51.4,93.1,122.3,2.27,185,pematangan,1
3,71.4,25.8,23.7,77.0,49.7,94.0,124.2,2.28,185,pematangan,1
4,70.8,25.7,24.9,84.0,47.0,92.6,126.4,2.35,185,pematangan,1
5,69.7,25.0,25.0,79.2,45.9,91.9,123.8,2.56,185,pematangan,1
6,79.7,25.6,24.7,77.4,46.8,90.6,122.3,2.73,185,pematangan,1
7,77.1,25.0,26.4,79.4,45.2,90.6,122.0,2.75,185,pematangan,1
8,76.4,25.8,27.2,70.3,43.9,89.1,122.4,2.8,185,pematangan,1
9,74.0,24.9,29.1,72.8,45.7,93.0,119.0,2.81,185,pematangan,1
10,71.8,26.8,30.0,68.4,46.7,93.8,115.9,2.7,185,pematangan,1
11,68.9,27.2,31.0,65.6,47.9,92.8,116.4,2.76,185,pematangan,1
12,78.5,27.2,33.1,64.1,47.7,88.7,118.0,2.66,185,pematangan,1
13,76.9,27.9,32.4,63.5,49.4,88.4,114.8,2.62,185,pematangan,1
14,74.4,28.5,30.8,66.9,51.0,85.0,110.4,2.62,185,pematangan,5
15,84.5,29.4,31.8,66.5,53.5,87.7,111.5,2.6,185,pematangan,1
16,82.7,29.0,31.0,65.3,51.1,88.7,115.0,2.61,185,pematangan,1
17,81.0,28.0,30.9,65.2,53.4,87.7,117.0,2.7,185,pematangan,1
18,80.1,28.9,30.2,68.0,53.6,87.2,116.6,2.62,185,pematangan,1
19,79.8,29.1,29.5,67.7,53.7,88.6,115.2,2.59,185,pematangan,1
20,78.2,28.3,27.1,69.7,51.5,93.6,113.2,2.48,185,pematangan,1
21,77.5,28.2,26.3,72.3,51.0,97.0,113.1,2.61,185,pematangan,1
22,75.6,27.6,27.9,73.1,51.2,97.6,112.4,2.5,185,pematangan,1
23,74.4,26.6,26.0,74.8,56.5,98.8,114.8,2.44,185,pematangan,1
0,73.3,27.2,26.4,76.7,54.9,98.7,115.0,2.53,186,pematangan,1
1,71.0,26.2,25.2,76.6,53.0,98.8,116.2,2.44,186,pematangan,1
2,69.9,26.7,23.9,82.0,54.4,102.2,116.1,2.5,186,pematangan,1
3,68.5,25.6,22.7,76.0,52.6,100.6,116.1,2.59,186,pematangan,1
4,66.9,25.5,24.4,81.3,50.8,97.4,115.5,2.68,186,pematangan,1
5,65.1,25.1,24.7,80.7,54.2,93.3,111.6,2.52,186,pematangan,1
6,74.5,24.8,26.3,77.8,53.7,92.3,113.0,2.52,186,pematangan,1
7,72.8,25.0,25.8,75.7,52.8,92.6,109.0,2.57,186,pematangan,5
8,70.8,25.1,27.4,73.6,54.0,94.3,117.5,2.48,186,pematangan,1
9,69.0,25.5,27.2,70.7,55.7,91.2,117.2,2.63,186,pematangan,1
10,66.8,25.7,29.5,69.3,55.9,93.4,114.9,2.77,186,pematangan,1
11,64.1,25.8,31.3,66.8,58.4,95.1,115.9,2.71,186,pematangan,1
12,74.0,27.4,31.5,63.7,60.1,95.9,113.1,2.62,186,pematangan,1
13,72.4,27.5,31.3,62.2,62.1,93.0,116.2,2.6,186,pematangan,1
14,70.6,28.9,33.0,64.7,62.0,93.1,120.8,2.72,186,pematangan,1
15,80.4,29.4,32.9,65.7,59.9,94.6,122.7,2.61,186,pematangan,1
16,78.7,29.5,30.4,66.9,63.0,93.6,120.8,2.65,186,pematangan,1
17,76.9,28.9,30.8,65.7,62.9,93.7,118.9,2.53,186,pematangan,1
18,77.2,28.7,29.7,72.5,59.7,94.6,125.6,2.44,186,pematangan,1
19,76.0,28.4,30.4,66.4,62.0,91.0,125.0,2.55,186,pematangan,1
20,74.7,28.5,28.6,74.5,63.7,90.5,122.6,2.58,186,pematangan,1
21,73.1,27.7,28.1,71.4,62.6,87.9,124.8,2.67,186,pematangan,1
22,73.5,27.9,26.0,74.3,61.8,85.3,127.3,2.78,186,pematangan,1
23,72.8,27.3,27.1,79.1,64.0,85.1,128.4,2.68,186,pematangan,1
0,73.8,26.9,25.1,80.7,62.8,84.2,125.0,2.68,187,pematangan,1
1,73.3,26.1,26.3,81.3,66.1,87.1,124.6,2.65,187,pematangan,1
2,72.3,26.0,25.2,80.7,68.1,86.3,125.7,2.64,187,pematangan,1
3,71.5,25.8,23.6,80.6,68.9,86.1,124.7,2.56,187,pematangan,1
4,70.7,24.9,24.4,77.5,72.6,86.5,126.9,2.71,187,pematangan,1
5,69.9,25.3,24.4,77.4,71.7,89.6,125.0,2.79,187,pematangan,1
6,78.5,25.7,24.8,78.0,68.7,89.2,127.1,2.85,187,pematangan,1
7,75.9,25.1,26.6,77.1,69.0,88.0,127.3,2.62,187,pematangan,1
8,73.8,25.1,27.3,74.7,68.5,92.2,128.1,2.69,187,pematangan,1
9,70.9,25.1,28.7,72.1,63.6,90.9,129.4,2.69,187,pematangan,1
10,68.6,26.0,29.5,70.5,62.7,92.4,129.2,2.77,187,pematangan,1
11,67.4,26.0,30.5,68.4,62.5,92.9,130.4,2.69,187,pematangan,1
12,77.1,27.6,31.8,64.6,61.6,91.8,123.8,2.66,187,pematangan,1
13,75.5,27.6,32.1,60.2,62.7,89.5,121.7,2.65,187,pematangan,1
14,71.9,28.2,32.8,66.0,66.4,91.9,121.3,2.69,187,pematangan,1
15,81.8,28.2,30.6,64.3,64.2,90.4,119.8,2.71,187,pematangan,1
16,79.9,29.2,31.3,64.7,64.3,90.0,119.7,2.81,187,pematangan,1
17,77.3,29.3,32.0,66.9,63.0,89.0,118.3,2.79,187,pematangan,1
18,75.2,28.9,29.5,65.7,63.1,88.2,119.2,2.65,187,pematangan,0
19,74.3,28.7,28.4,69.1,62.7,87.8,118.3,2.7,187,pematangan,1
20,73.4,28.7,27.7,68.6,61.6,89.7,125.3,2.76,187,pematangan,1
21,72.0,28.7,28.2,68.7,58.9,89.0,119.9,2.82,187,pematangan,1
22,71.1,27.5,25.8,73.2,61.4,86.0,117.7,2.72,187,pematangan,1
23,70.7,27.3,26.0,78.6,60.8,83.1,113.1,2.6,187,pematangan,1
0,69.9,26.9,24.8,77.6,59.0,84.3,110.1,2.59,188,pematangan,5
1,69.2,26.5,24.3,79.9,61.9,87.5,108.9,2.39,188,pematangan,5
2,68.2,25.6,24.1,79.1,64.6,87.4,102.8,2.31,188,pematangan,5
3,66.5,25.9,23.8,80.5,67.1,85.4,102.0,2.35,188,pematangan,5
4,65.2,25.3,23.7,76.6,68.3,85.2,105.5,2.35,188,pematangan,5
5,64.1,24.9,24.2,78.2,66.7,86.4,108.0,2.29,188,pematangan,5
6,74.1,24.9,25.2,76.5,66.3,89.9,107.3,2.37,188,pematangan,5
7,72.0,24.4,25.6,73.5,70.1,94.5,106.8,2.35,188,pematangan,5
8,69.0,25.5,27.7,73.6,70.8,99.4,103.5,2.48,188,pematangan,5
9,67.8,25.1,28.3,71.3,69.6,100.0,107.2,2.4,188,pematangan,5
10,67.3,26.4,29.6,68.6,72.0,103.6,108.9,2.37,188,pematangan,5
11,66.0,26.3,31.1,65.8,73.9,106.1,107.1,2.14,188,pematangan,5
12,76.7,27.9,30.4,65.7,74.5,106.3,106.1,2.17,188,pematangan,3
13,75.3,27.9,31.3,64.1,75.1,103.5,107.7,2.13,188,pematangan,3
14,73.0,28.3,31.4,64.7,76.4,101.2,104.4,1.96,188,pematangan,3
15,82.8,29.3,30.8,63.6,75.4,103.7,104.0,1.89,188,pematangan,3
16,81.0,29.3,31.1,66.5,77.4,101.5,106.2,1.87,188,pematangan,3
17,78.8,28.5,30.1,67.4,76.3,99.7,106.3,1.75,188,pematangan,3
18,77.4,28.7,29.3,66.1,77.2,99.2,108.6,1.8,188,pematangan,3
19,75.8,28.4,30.0,68.3,75.4,99.7,108.9,1.93,188,pematangan,3
20,74.7,28.1,30.1,73.1,71.0,102.7,112.2,1.96,188,pematangan,1
21,73.1,28.1,28.4,70.5,71.5,103.7,113.1,2.02,188,pematangan,1
22,72.1,27.8,27.0,73.7,69.9,103.4,113.2,2.05,188,pematangan,1
23,71.1,26.8,26.9,77.8,67.6,101.3,111.7,2.11,188,pematangan,1
0,69.6,26.6,25.6,78.6,66.0,99.7,113.2,2.04,189,pematangan,1
1,69.1,26.9,24.6,80.2,66.0,96.6,115.9,2.03,189,pematangan,1
2,67.0,26.6,24.4,80.4,65.0,94.8,120.0,2.15,189,pematangan,1
3,66.8,25.3,23.8,79.2,63.4,98.5,121.5,2.22,189,pematangan,1
4,65.3,25.5,22.2,76.8,63.6,97.3,118.8,2.11,189,pematangan,1
5,64.0,24.9,23.6,83.2,63.4,97.7,116.1,2.05,189,pematangan,1
6,74.9,24.8,24.3,79.6,60.7,94.2,116.0,2.1,189,pematangan,1
7,73.4,25.7,26.4,74.4,63.3,93.9,115.6,2.15,189,pematangan,1
8,71.3,25.0,26.9,73.6,67.0,92.7,120.7,2.03,189,pematangan,1
9,69.4,25.5,27.3,69.5,67.6,94.9,121.1,2.06,189,pematangan,1
10,67.7,25.4,30.0,67.8,63.4,95.0,117.9,2.07,189,pematangan,1
11,64.1,26.3,31.3,66.9,66.3,97.4,114.8,2.0,189,pematangan,1
12,74.7,27.4,32.4,63.2,68.5,94.7,115.2,1.95,189,pematangan,1
13,73.0,28.1,32.3,67.4,70.9,91.4,113.4,1.89,189,pematangan,1
14,70.6,28.5,33.8,63.6,71.8,90.9,109.4,2.03,189,pematangan,5
15,80.7,28.4,31.0,63.9,71.5,91.1,112.1,2.11,189,pematangan,1
16,78.6,29.3,32.3,67.6,69.6,88.9,114.7,2.06,189,pematangan,1
17,76.2,28.6,31.4,64.6,70.0,82.4,110.4,2.3,189,pematangan,5
18,74.8,28.4,29.5,68.2,69.3,84.4,114.5,2.22,189,pematangan,1
19,74.5,29.0,29.1,73.3,68.8,82.1,114.4,2.23,189,pematangan,1
20,73.5,28.2,27.8,71.3,63.1,82.4,110.8,2.27,189,pematangan,5
21,72.5,27.3,27.5,73.2,64.6,85.5,110.8,2.16,189,pematangan,5
22,70.7,27.9,26.4,73.4,64.1,82.6,108.1,2.19,189,pematangan,5
23,69.9,27.3,25.6,74.3,62.0,80.5,110.4,2.19,189,pematangan,5
0,69.9,27.3,25.3,77.0,62.2,79.5,113.2,2.3,190,pematangan,1
1,68.5,25.9,23.9,82.6,64.3,79.9,112.7,2.19,190,pematangan,1
2,67.5,26.0,25.2,81.0,68.5,83.0,113.3,2.03,190,pematangan,1
3,66.6,25.8,24.8,80.8,71.0,81.3,115.2,2.02,190,pematangan,1
4,66.4,25.7,23.4,81.2,65.2,83.9,117.2,1.85,190,pematangan,1
5,64.8,24.8,24.9,81.2,64.7,84.2,121.4,1.84,190,pematangan,1
6,75.1,25.5,24.1,77.5,62.7,84.3,121.8,1.82,190,pematangan,1
7,72.8,25.2,24.6,76.0,65.8,83.1,121.1,1.95,190,pematangan,1
8,71.0,25.5,27.6,73.3,66.5,83.0,121.7,1.77,190,pematangan,1
9,69.9,25.7,29.1,71.4,64.4,84.7,117.4,1.73,190,pematangan,1
10,67.5,26.3,29.4,66.3,66.0,86.9,117.6,1.93,190,pematangan,1
11,65.5,26.8,31.5,63.5,65.9,87.5,118.8,2.06,190,pematangan,1
12,75.2,26.6,33.3,63.2,67.4,88.4,115.9,2.18,190,pematangan,1
13,71.8,27.8,34.4,64.7,68.8,86.2,115.1,2.08,190,pematangan,1
14,70.2,29.0,31.2,62.2,65.8,89.3,119.8,2.06,190,pematangan,1
15,78.8,29.0,31.9,66.1,64.1,89.5,121.3,2.2,190,pematangan,1
16,77.9,29.1,30.3,63.5,63.6,92.8,121.5,2.11,190,pematangan,1
17,74.7,28.8,32.9,66.3,65.2,91.9,119.6,2.14,190,pematangan,1
18,73.6,29.0,29.7,65.5,66.3,94.6,120.3,2.12,190,pematangan,1
19,72.5,28.0,29.9,70.6,66.7,96.1,118.7,2.15,190,pematangan,1
20,70.9,28.5,28.5,68.4,64.0,95.8,122.4,2.09,190,pematangan,1
21,69.4,28.1,26.7,69.2,67.5,93.2,120.9,2.35,190,pematangan,0
22,69.1,27.2,26.6,74.6,67.6,91.2,119.9,2.55,190,pematangan,1
23,67.8,27.4,24.9,76.6,65.5,92.8,119.2,2.42,190,pematangan,1
0,67.0,26.7,24.8,78.7,65.9,91.8,117.9,2.54,191,pematangan,1
1,67.2,26.3,24.5,78.8,64.9,92.6,119.4,2.37,191,pematangan,1
2,67.5,26.0,24.5,80.1,63.4,95.2,117.6,2.49,191,pematangan,1
3,67.3,25.2,22.3,80.2,64.0,93.5,116.7,2.59,191,pematangan,1
4,66.0,24.9,23.9,80.4,63.9,96.7,117.9,2.61,191,pematangan,1
5,63.1,24.0,26.3,82.0,61.3,94.4,115.6,2.5,191,pematangan,1
6,73.8,25.0,24.2,77.7,59.8,95.5,118.4,2.38,191,pematangan,1
7,72.2,25.1,26.3,74.2,58.5,94.2,117.4,2.2,191,pematangan,1
8,69.7,25.2,27.0,75.7,62.6,92.3,113.3,2.34,191,pematangan,1
9,68.0,25.5,26.4,72.4,60.7,92.9,112.4,2.46,191,pematangan,1
10,65.6,26.0,29.2,69.0,59.8,93.2,110.9,2.32,191,pematangan,5
11,63.1,26.6,30.5,64.9,56.9,92.5,113.1,2.45,191,pematangan,1
12,72.7,27.4,32.4,65.4,53.9,92.5,115.3,2.53,191,pematangan,1
13,71.1,27.9,32.0,67.0,59.9,95.0,112.0,2.52,191,pematangan,1
14,68.3,28.2,31.7,63.3,61.2,98.3,114.2,2.66,191,pematangan,1
15,77.5,29.5,32.2,65.9,58.3,99.3,108.5,2.49,191,pematangan,5
16,75.1,29.2,31.3,63.1,55.9,99.1,108.4,2.68,191,pematangan,5
17,73.0,28.5,30.5,65.0,55.5,99.7,112.1,2.61,191,pematangan,1
18,72.2,29.1,30.5,69.8,53.7,97.1,111.1,2.63,191,pematangan,1
19,71.4,28.7,28.1,70.7,51.2,97.8,106.5,2.94,191,pematangan,5
20,70.4,28.5,28.3,70.5,48.5,100.7,109.0,2.87,191,pematangan,5
21,68.7,27.9,28.6,70.9,46.7,101.1,106.1,2.91,191,pematangan,5
22,67.7,27.7,25.1,73.1,51.5,104.3,105.8,2.84,191,pematangan,5
23,66.1,26.7,25.4,79.7,53.7,105.6,103.6,2.77,191,pematangan,5
0,65.2,26.3,25.4,77.5,53.1,108.3,107.1,2.88,192,pematangan,5
1,64.5,26.9,24.9,80.0,52.8,106.4,108.9,2.8,192,pematangan,5
2,63.8,26.0,24.1,80.4,53.1,103.9,110.4,2.92,192,pematangan,5
3,63.5,25.1,24.4,80.3,54.8,102.7,112.3,2.78,192,pematangan,1
4,61.7,25.2,23.3,80.8,60.1,98.2,109.0,2.95,192,pematangan,5
5,60.5,24.0,25.0,78.9,55.6,99.7,111.3,2.82,192,pematangan,1
6,71.0,24.8,25.1,80.2,56.8,102.5,112.6,2.6,192,pematangan,1
7,68.1,25.6,27.5,76.2,54.9,101.6,109.4,2.67,192,pematangan,5
8,66.6,25.3,28.0,72.8,55.8,103.8,108.2,2.69,192,pematangan,5
9,64.4,25.0,29.1,71.6,57.6,103.2,108.0,2.72,192,pematangan,5
10,62.6,25.9,31.1,67.9,59.5,104.3,108.8,2.81,192,pematangan,5
11,60.8,27.0,30.4,66.6,60.0,106.2,109.2,2.6,192,pematangan,5
12,71.0,27.6,31.5,63.0,61.8,105.4,115.1,2.6,192,pematangan,1
13,69.1,28.4,30.6,60.8,66.3,101.9,115.0,2.88,192,pematangan,1
14,66.5,28.9,32.6,60.2,66.6,104.0,116.8,3.02,192,pematangan,1
15,76.5,29.4,33.0,62.0,65.6,103.1,115.1,3.1,192,pematangan,1
16,75.5,28.7,30.8,63.7,68.3,102.4,113.2,3.08,192,pematangan,1
17,73.1,28.9,29.7,65.6,66.2,104.8,114.7,2.98,192,pematangan,1
18,72.6,28.1,30.9,68.0,63.6,104.6,113.1,2.76,192,pematangan,1
19,71.2,28.5,28.6,70.4,64.5,100.9,112.6,2.81,192,pematangan,1
20,70.1,28.8,28.0,72.1,64.2,102.1,111.4,2.97,192,pematangan,1
21,69.9,28.6,28.8,70.7,61.1,101.2,112.8,3.04,192,pematangan,1
22,68.8,27.5,26.5,77.9,58.5,97.3,111.7,2.94,192,pematangan,1
23,67.7,27.8,25.9,75.8,59.5,98.2,109.5,2.89,192,pematangan,5
0,67.2,27.2,26.6,76.3,58.4,102.1,108.1,2.78,193,pematangan,5
1,66.6,26.5,25.2,78.3,59.4,102.8,108.7,2.59,193,pematangan,5
2,64.7,26.4,23.5,79.8,57.6,104.0,110.0,2.45,193,pematangan,5
3,64.4,25.8,25.3,80.5,58.9,105.7,114.8,2.36,193,pematangan,1
4,64.0,25.9,22.6,79.0,58.4,104.1,111.4,2.37,193,pematangan,1
5,62.6,25.3,25.0,82.3,58.8,104.3,109.0,2.43,193,pematangan,5
6,72.6,25.4,25.3,75.3,60.7,99.3,108.8,2.4,193,pematangan,5
7,69.9,25.0,25.6,76.9,61.6,98.0,108.1,2.4,193,pematangan,5
8,67.7,25.1,26.7,74.8,61.1,96.7,107.6,2.44,193,pematangan,5
9,65.6,25.8,27.8,70.5,58.5,94.5,111.9,2.38,193,pematangan,1
10,63.7,25.8,31.4,66.3,57.9,94.7,116.2,2.46,193,pematangan,1
11,61.4,27.0,31.2,66.0,57.5,91.2,114.4,2.71,193,pematangan,7
12,71.1,26.9,31.3,66.2,59.2,95.1,112.2,2.63,193,pematangan,1
13,69.2,28.0,32.5,64.1,57.8,100.7,107.7,2.6,193,pematangan,5
14,68.1,28.1,32.9,63.2,63.2,104.1,105.8,2.4,193,pematangan,5
15,78.3,29.2,31.9,61.0,64.3,104.7,108.4,2.44,193,pematangan,5
16,75.6,29.0,31.8,66.1,63.2,100.6,106.5,2.5,193,pematangan,5
17,74.3,29.2,31.4,63.1,61.8,99.9,106.9,2.51,193,pematangan,5
18,72.5,28.8,30.0,70.0,59.3,99.3,101.9,2.46,193,pematangan,5
19,71.4,28.9,29.5,68.1,60.4,99.3,99.3,2.53,193,pematangan,5
20,69.6,28.1,28.3,73.2,61.9,100.0,98.1,2.49,193,pematangan,5
21,68.4,28.5,26.8,74.6,63.2,95.5,95.3,2.51,193,pematangan,5
22,68.5,27.1,25.8,74.4,60.1,97.8,95.2,2.72,193,pematangan,5
23,65.7,27.8,26.4,75.6,63.0,98.0,97.3,2.71,193,pematangan,5
0,64.2,26.9,24.8,80.9,63.1,94.6,94.5,2.96,194,pematangan,5
1,62.2,26.0,24.7,78.0,61.5,90.8,99.1,3.1,194,pematangan,5
2,61.9,26.6,24.1,78.8,62.3,94.8,99.2,3.25,194,pematangan,5
3,62.1,25.8,24.9,79.0,63.0,96.1,101.8,3.13,194,pematangan,5
4,61.2,25.3,24.2,78.7,62.6,97.0,103.4,3.11,194,pematangan,5
5,61.0,25.1,24.5,79.5,61.5,96.9,103.9,3.03,194,pematangan,5
6,69.2,25.2,24.7,77.9,59.5,92.6,106.4,2.93,194,pematangan,5
7,67.4,25.4,25.9,71.2,56.6,92.1,105.7,2.93,194,pematangan,5
8,65.7,25.4,27.0,71.5,52.1,89.8,105.8,3.06,194,pematangan,5
9,64.1,25.1,28.9,72.9,51.1,93.8,105.3,3.12,194,pematangan,5
10,61.7,25.5,28.6,69.5,52.4,92.7,103.1,3.21,194,pematangan,5
11,59.5,26.2,31.0,70.1,50.8,92.5,108.6,3.11,194,pematangan,5
12,69.1,27.9,32.1,61.5,49.5,95.0,103.3,3.16,194,pematangan,5
13,67.2,28.1,32.3,60.4,51.8,96.1,104.5,2.92,194,pematangan,5
14,64.8,27.9,31.1,66.1,53.6,101.4,106.8,2.99,194,pematangan,5
15,75.0,28.2,31.3,62.8,54.8,101.3,105.9,2.82,194,pematangan,5
16,72.8,29.2,30.9,67.1,57.5,103.3,105.7,2.8,194,pematangan,5
17,70.4,28.8,30.2,65.5,56.5,102.2,105.8,2.75,194,pematangan,5
18,69.7,29.1,29.0,70.1,52.7,101.6,107.7,2.88,194,pematangan,5
19,68.6,28.7,28.4,69.0,51.3,101.9,109.1,2.8,194,pematangan,5
20,66.9,28.5,28.4,70.9,52.1,96.9,108.6,2.97,194,pematangan,5
21,67.3,28.1,27.9,75.5,53.0,96.4,108.0,2.84,194,pematangan,5
22,66.4,27.0,26.9,75.8,52.4,95.1,111.3,2.83,194,pematangan,1
23,65.1,27.7,25.3,74.8,56.0,95.5,111.2,2.8,194,pematangan,1
0,64.1,27.2,25.6,72.4,51.1,95.1,110.8,2.92,195,pematangan,5
1,63.0,26.7,24.6,81.3,50.4,93.8,109.1,2.83,195,pematangan,5
2,60.8,26.0,23.9,79.1,48.3,95.7,109.3,2.86,195,pematangan,5
3,58.4,25.7,23.3,80.3,45.1,96.4,111.9,2.8,195,pematangan,1
4,58.6,25.2,23.6,78.4,45.5,95.7,114.0,2.74,195,pematangan,1
5,57.7,25.0,24.8,79.3,45.5,96.6,111.2,2.83,195,pematangan,1
6,67.9,25.2,24.8,76.7,46.6,98.9,109.9,2.69,195,pematangan,5
7,65.8,24.8,25.9,74.8,50.0,101.5,107.4,2.53,195,pematangan,5
8,63.5,25.6,26.5,68.9,48.4,98.9,108.8,2.51,195,pematangan,2
9,60.4,25.3,30.9,71.9,50.2,95.9,108.6,2.47,195,pematangan,5
10,58.8,26.4,28.2,68.4,50.9,96.8,108.2,2.59,195,pematangan,5
11,55.9,26.5,29.4,64.4,49.3,99.0,104.6,2.69,195,pematangan,5
12,64.9,26.9,31.3,66.6,51.6,97.4,104.2,2.68,195,pematangan,5
13,63.2,28.5,32.2,63.6,53.1,97.4,104.8,2.79,195,pematangan,5
14,61.3,28.4,33.3,63.4,55.8,99.6,107.4,2.68,195,pematangan,5
15,71.0,28.9,32.1,62.8,56.6,99.3,106.2,2.69,195,pematangan,5
16,70.4,29.0,31.5,68.3,56.9,100.8,107.0,2.68,195,pematangan,5
17,68.8,29.2,31.4,70.4,58.5,104.4,108.0,2.56,195,pematangan,5
18,69.1,29.4,30.1,66.1,58.3,105.0,110.5,2.49,195,pematangan,5
19,67.8,28.9,27.7,67.7,57.1,101.5,108.8,2.47,195,pematangan,5
20,66.8,28.1,28.6,70.7,58.6,101.0,111.2,2.53,195,pematangan,1
21,66.5,27.8,27.8,74.2,54.8,98.5,109.7,2.39,195,pematangan,5
22,66.1,27.9,28.5,74.6,52.7,98.2,107.9,2.38,195,pematangan,5
23,65.1,27.7,25.4,75.7,52.0,97.9,105.5,2.39,195,pematangan,5
0,63.3,26.5,26.3,78.8,53.0,96.9,106.4,2.48,196,pematangan,5
1,61.4,25.8,23.7,78.8,54.2,96.9,106.3,2.48,196,pematangan,5
2,60.6,25.8,25.6,78.8,56.2,99.3,104.9,2.52,196,pematangan,5
3,58.7,25.8,24.2,79.5,56.7,96.4,103.4,2.41,196,pematangan,9
4,58.3,25.4,24.7,79.3,58.9,94.9,102.2,2.41,196,pematangan,5
5,57.9,25.6,24.8,81.3,58.2,93.9,106.6,2.16,196,pematangan,5
6,68.5,25.0,25.5,78.1,58.1,92.2,108.5,2.16,196,pematangan,5
7,65.4,24.6,26.1,75.9,61.7,93.9,112.0,2.0,196,pematangan,1
8,64.3,25.0,26.8,73.4,63.3,88.7,108.7,2.05,196,pematangan,5
9,62.4,25.0,28.6,72.3,63.6,91.3,108.3,2.27,196,pematangan,5
10,59.0,26.1,29.4,67.3,62.4,95.6,106.6,2.23,196,pematangan,5
11,56.6,27.0,31.0,69.4,60.7,94.1,106.6,2.29,196,pematangan,5
12,65.9,27.4,30.5,62.9,57.5,98.3,103.9,2.41,196,pematangan,5
13,63.9,27.8,32.1,61.3,58.6,96.3,108.2,2.49,196,pematangan,5
14,61.7,29.1,32.7,64.6,55.5,98.2,108.8,2.52,196,pematangan,5
15,71.4,28.3,32.6,65.3,55.2,96.8,107.7,2.43,196,pematangan,5
16,69.4,28.7,32.3,64.8,57.0,95.9,110.6,2.53,196,pematangan,5
17,66.7,30.1,30.8,72.6,56.5,98.8,110.1,2.44,196,pematangan,5
18,64.8,28.5,29.9,68.8,55.9,101.2,108.0,2.4,196,pematangan,5
19,63.0,28.9,29.0,71.8,58.3,100.0,107.2,2.47,196,pematangan,5
20,61.2,28.3,28.7,72.3,58.5,97.7,105.0,2.36,196,pematangan,5
21,59.9,27.3,28.2,73.5,60.1,98.6,105.1,2.36,196,pematangan,5
22,59.4,27.7,27.0,72.8,63.3,96.0,103.1,2.44,196,pematangan,5
23,58.7,27.1,24.9,76.3,63.1,98.3,102.6,2.65,196,pematangan,5
0,57.8,26.6,26.4,78.3,64.5,99.1,101.1,2.62,197,pematangan,5
1,56.9,26.5,25.1,76.1,65.5,100.7,100.0,2.58,197,pematangan,5
2,56.5,25.8,25.1,75.2,62.7,100.9,102.5,2.61,197,pematangan,5
3,55.7,25.3,24.1,82.0,61.4,99.5,104.9,2.7,197,pematangan,5
4,55.4,25.2,23.8,81.1,61.1,102.0,107.1,2.83,197,pematangan,5
5,54.4,24.9,25.8,80.3,61.4,101.6,107.2,2.75,197,pematangan,5
6,64.2,25.9,24.1,77.6,62.8,101.3,106.9,2.95,197,pematangan,5
7,62.9,24.8,24.6,77.5,59.6,99.8,107.3,2.9,197,pematangan,0
8,60.6,25.3,28.9,70.9,63.2,103.2,114.1,3.03,197,pematangan,1
9,58.0,25.5,28.9,69.6,63.1,103.4,118.8,2.98,197,pematangan,1
10,55.0,25.7,29.7,67.0,61.2,105.1,118.7,2.95,197,pematangan,9
11,53.0,26.9,30.6,68.0,62.6,102.4,120.7,2.94,197,pematangan,1
12,63.0,27.3,30.2,64.0,61.8,102.9,117.5,2.81,197,pematangan,1
13,61.4,28.3,33.5,62.9,64.0,102.2,116.8,2.77,197,pematangan,0
14,59.9,27.9,32.5,65.7,64.5,99.0,114.4,2.72,197,pematangan,1
15,70.0,28.5,32.1,66.4,65.8,96.2,113.0,2.69,197,pematangan,1
16,67.0,28.1,31.9,65.3,62.4,92.2,110.7,2.54,197,pematangan,5
17,63.6,28.9,29.9,67.4,63.1,90.9,111.3,2.47,197,pematangan,1
18,62.9,28.9,30.4,65.7,64.5,91.5,111.9,2.41,197,pematangan,1
19,62.0,28.0,30.1,68.5,62.7,93.0,109.0,2.37,197,pematangan,5
20,61.1,28.0,26.7,69.5,62.1,94.2,113.9,2.47,197,pematangan,1
21,60.0,28.4,28.1,72.3,61.4,95.7,118.8,2.46,197,pematangan,1
22,58.7,27.4,27.4,75.8,60.7,95.4,117.5,2.31,197,pematangan,1
23,56.5,27.2,26.1,74.6,60.7,92.2,117.0,2.31,197,pematangan,1
0,54.4,27.1,24.6,78.6,61.2,90.7,115.7,2.4,198,pematangan,1
1,54.1,26.3,24.6,80.0,61.1,88.7,118.2,2.51,198,pematangan,1
2,54.2,26.4,24.0,77.7,63.0,82.9,116.7,2.52,198,pematangan,1
3,52.6,25.6,24.4,83.7,64.4,81.0,119.0,2.68,198,pematangan,8
4,50.5,25.5,23.6,79.5,62.1,80.6,120.1,2.66,198,pematangan,1
5,48.0,25.0,24.9,77.5,59.1,75.8,116.2,2.73,198,pematangan,1
6,57.1,25.0,24.5,76.4,63.7,76.2,113.3,2.8,198,pematangan,1
7,55.1,24.9,25.6,76.8,65.4,79.1,113.8,2.82,198,pematangan,1
8,53.8,25.1,28.2,73.0,63.1,80.7,116.1,2.82,198,pematangan,1
9,52.1,25.3,28.6,70.8,66.5,80.5,114.6,2.89,198,pematangan,1
10,50.3,26.2,30.4,63.8,65.1,80.3,115.6,2.91,198,pematangan,1
11,48.1,26.4,30.0,64.2,67.8,81.2,112.0,2.85,198,pematangan,1
12,58.5,27.6,33.0,61.8,67.5,80.4,107.1,2.8,198,pematangan,4
13,55.9,27.9,30.8,65.4,70.7,79.2,106.7,2.76,198,pematangan,5
14,54.1,28.6,32.0,63.0,67.4,79.3,108.3,2.7,198,pematangan,5
15,64.9,28.5,31.5,63.7,69.6,79.9,110.0,2.68,198,pematangan,7
16,61.9,29.1,30.6,65.6,66.1,81.3,110.8,2.84,198,pematangan,5
17,61.0,28.7,30.5,68.8,66.1,78.2,106.7,2.93,198,pematangan,5
18,60.1,28.6,31.0,69.6,68.2,77.6,109.2,2.89,198,pematangan,5
19,58.2,29.2,30.6,71.1,71.4,77.9,107.5,2.89,198,pematangan,5
20,56.9,28.1,28.2,69.8,68.9,78.2,106.6,2.97,198,pematangan,5
21,55.8,28.2,27.3,72.2,67.3,79.6,108.4,2.98,198,pematangan,5
22,54.3,27.7,25.3,74.5,68.0,77.5,108.5,2.94,198,pematangan,5
23,52.5,27.4,27.4,74.2,67.5,77.8,107.2,3.1,198,pematangan,5
0,52.5,27.2,24.5,77.2,68.3,78.2,104.1,3.13,199,pematangan,5
1,51.4,26.7,24.0,78.6,69.5,79.5,103.5,2.97,199,pematangan,5
2,50.4,25.4,24.4,80.6,67.8,78.8,100.1,2.99,199,pematangan,5
3,48.9,25.6,24.7,76.4,69.8,76.8,94.4,3.11,199,pematangan,5
4,47.2,25.5,25.2,79.4,70.3,80.9,90.5,3.02,199,pematangan,5
5,45.9,24.7,26.0,79.7,70.9,82.1,92.8,2.84,199,pematangan,7
6,56.9,24.8,25.5,81.3,68.5,84.8,93.7,2.64,199,pematangan,5
7,55.7,24.8,25.6,77.1,71.7,88.5,92.7,2.58,199,pematangan,5
8,54.6,24.7,26.8,72.4,71.6,91.3,95.0,2.61,199,pematangan,5
9,53.0,25.2,28.6,69.3,72.0,92.7,94.0,2.54,199,pematangan,5
10,50.9,26.1,30.6,69.2,70.0,92.9,91.1,2.56,199,pematangan,5
11,49.2,26.9,31.8,66.7,71.4,92.2,92.9,2.55,199,pematangan,5
12,58.6,27.1,32.3,62.9,73.1,94.1,94.5,2.68,199,pematangan,5
13,58.5,28.2,30.5,64.2,68.3,88.5,94.0,2.69,199,pematangan,5
14,56.9,28.7,31.5,66.9,69.5,89.7,90.5,2.38,199,pematangan,5
15,66.1,29.7,32.8,65.8,72.6,91.5,93.7,2.45,199,pematangan,5
16,63.5,29.4,30.8,64.2,72.1,92.6,96.9,2.51,199,pematangan,5
17,60.4,28.4,30.6,64.0,70.4,96.0,99.5,2.65,199,pematangan,5
18,59.0,29.7,32.2,69.2,68.9,97.1,99.1,2.84,199,pematangan,5
19,58.0,28.4,29.2,69.9,65.1,96.3,98.4,2.7,199,pematangan,5
20,57.9,28.0,29.6,73.0,68.7,95.3,99.1,2.69,199,pematangan,5
21,57.9,27.7,29.1,75.2,66.2,94.4,98.9,2.67,199,pematangan,5
22,57.1,27.6,27.4,73.2,67.3,97.0,98.6,2.77,199,pematangan,5
23,55.8,26.9,25.7,76.0,66.0,95.5,100.5,2.61,199,pematangan,5
0,54.3,26.4,23.5,75.8,65.0,94.7,96.7,2.62,200,pematangan,5
1,52.5,26.7,24.1,75.3,68.1,91.4,97.1,2.66,200,pematangan,5
2,51.8,25.6,24.9,78.8,68.3,93.6,99.9,2.46,200,pematangan,5
3,50.9,25.7,24.6,81.3,64.4,90.3,97.0,2.46,200,pematangan,5
4,51.0,24.6,24.9,80.2,65.5,93.5,97.3,2.59,200,pematangan,4
5,50.5,24.9,23.4,79.5,62.9,91.9,96.8,2.47,200,pematangan,5
6,60.2,25.1,25.1,75.4,59.8,94.3,97.5,2.45,200,pematangan,5
7,58.2,25.0,24.4,76.3,61.4,92.5,96.5,2.38,200,pematangan,5
8,55.0,25.4,26.6,73.4,59.9,89.3,92.8,2.51,200,pematangan,5
9,53.3,26.1,29.1,70.6,63.7,85.8,92.4,2.43,200,pematangan,5
10,51.7,26.1,28.3,67.3,65.0,83.6,94.7,2.31,200,pematangan,5
11,49.6,26.7,31.7,65.3,61.8,81.4,96.4,2.18,200,pematangan,5
12,58.5,27.9,33.2,65.5,58.9,80.4,95.2,2.06,200,pematangan,5
13,57.4,28.4,30.9,64.7,63.6,82.8,94.7,2.12,200,pematangan,5
14,54.7,28.7,31.7,60.8,66.1,84.1,94.9,2.26,200,pematangan,1
15,64.6,29.0,33.0,65.3,66.6,83.8,92.6,2.36,200,pematangan,5
16,62.7,28.3,31.6,65.0,69.0,83.3,96.7,2.44,200,pematangan,5
17,61.1,28.4,31.0,66.9,70.3,83.8,94.6,2.38,200,pematangan,5
18,59.9,28.8,30.1,69.3,65.4,84.0,93.4,2.44,200,pematangan,5
19,57.8,29.0,28.1,70.8,67.4,82.2,88.5,2.56,200,pematangan,5
20,58.0,27.7,28.3,74.5,66.4,87.4,88.9,2.42,200,pematangan,5
21,57.9,28.1,28.6,72.5,65.2,86.2,94.1,2.35,200,pematangan,5
22,56.6,27.6,26.8,75.7,67.1,85.5,91.7,2.33,200,pematangan,5
23,55.8,27.5,26.6,74.1,65.7,87.8,93.3,2.24,200,pematangan,5
0,53.5,27.0,25.0,78.5,67.3,91.4,94.4,2.24,201,pematangan,5
1,53.1,26.4,24.1,76.0,65.9,94.1,92.6,2.46,201,pematangan,5
2,53.1,25.9,24.0,80.9,68.5,93.3,91.7,2.42,201,pematangan,5
3,51.8,25.3,23.2,77.9,71.3,92.3,89.4,2.45,201,pematangan,5
4,50.0,25.9,22.9,77.7,72.6,88.5,91.7,2.5,201,pematangan,5
5,48.1,25.2,24.2,80.6,72.0,90.5,92.4,2.56,201,pematangan,5
6,57.3,25.1,24.8,79.5,72.0,89.7,96.9,2.39,201,pematangan,5
7,54.8,25.4,25.2,79.1,73.7,84.8,95.4,2.5,201,pematangan,5
8,52.6,25.2,27.9,72.8,74.7,85.3,97.1,2.5,201,pematangan,3
9,51.0,25.3,27.9,69.7,73.8,87.3,95.5,2.54,201,pematangan,5
10,48.5,26.3,30.3,67.9,76.0,88.7,97.1,2.51,201,pematangan,3
11,46.5,26.8,31.5,63.6,75.4,90.4,89.4,2.4,201,pematangan,3
12,56.6,27.5,33.1,63.0,73.9,92.8,89.6,2.32,201,pematangan,5
13,55.4,28.1,32.3,64.2,73.3,93.1,93.9,2.44,201,pematangan,5
14,52.9,27.9,32.5,61.9,74.4,94.1,93.4,2.64,201,pematangan,3
15,62.0,28.8,31.7,60.7,76.8,94.2,94.8,2.46,201,pematangan,3
16,59.4,28.9,30.1,62.9,75.9,92.3,92.9,2.51,201,pematangan,3
17,57.6,29.4,31.4,66.8,74.2,88.8,95.4,2.66,201,pematangan,3
18,56.1,28.9,31.3,65.8,72.2,93.3,92.7,2.37,201,pematangan,5
19,55.1,29.0,29.1,71.3,71.6,97.5,91.1,2.46,201,pematangan,5
20,54.5,27.6,30.1,72.6,71.4,98.5,88.4,2.44,201,pematangan,5
21,53.3,28.1,28.3,74.0,75.7,100.8,84.8,2.4,201,pematangan,4
22,52.5,27.0,28.4,74.1,74.7,97.3,83.7,2.46,201,pematangan,3
23,50.9,26.9,25.9,76.2,72.5,97.8,89.4,2.5,201,pematangan,5
0,50.0,26.6,24.6,75.1,76.2,97.8,86.0,2.48,202,pematangan,9
1,49.3,26.5,24.8,79.1,73.7,99.1,83.7,2.4,202,pematangan,5
2,47.6,25.8,23.8,80.8,70.7,98.7,83.3,2.29,202,pematangan,5
3,46.2,24.7,24.2,79.9,67.9,99.0,83.7,2.31,202,pematangan,5
4,45.5,25.0,23.8,77.7,69.5,98.2,88.8,2.27,202,pematangan,5
5,44.4,24.9,24.4,76.5,69.7,100.2,91.3,2.21,202,pematangan,5
6,54.0,25.4,24.9,77.7,68.2,98.8,96.4,2.09,202,pematangan,5
7,51.3,25.2,25.2,75.6,67.8,96.5,98.4,2.14,202,pematangan,5
8,48.0,24.9,26.9,77.2,68.2,96.1,95.0,2.08,202,pematangan,5
9,46.3,25.8,29.7,68.1,69.6,97.2,94.2,2.06,202,pematangan,5
10,44.0,26.8,29.9,65.2,66.5,99.0,97.3,2.11,202,pematangan,5
11,41.7,27.2,30.0,66.4,66.3,96.6,98.6,2.2,202,pematangan,5
12,51.7,27.1,30.1,63.6,67.5,95.9,96.5,2.07,202,pematangan,5
13,49.2,27.3,31.7,69.0,66.7,98.3,93.8,2.15,202,pematangan,5
14,48.1,28.4,32.1,62.0,66.4,100.2,96.7,2.08,202,pematangan,5
15,58.5,29.3,30.7,67.5,67.6,104.8,97.3,2.06,202,pematangan,5
16,56.2,28.4,29.8,63.9,65.3,100.6,100.8,2.04,202,pematangan,5
17,53.7,29.3,31.1,66.6,66.2,103.5,102.4,2.11,202,pematangan,8
18,52.7,29.1,32.6,67.5,67.7,100.9,100.7,1.96,202,pematangan,5
19,52.4,28.1,29.9,67.8,66.1,100.4,98.7,1.99,202,pematangan,5
20,51.4,28.4,27.6,73.6,66.6,96.6,102.7,1.95,202,pematangan,5
21,50.7,27.6,27.5,73.8,67.6,93.5,108.2,1.89,202,pematangan,5
22,49.0,27.2,26.7,72.8,67.7,89.4,106.8,1.9,202,pematangan,5
23,46.6,27.2,25.0,78.3,71.4,92.4,106.0,1.83,202,pematangan,5
0,46.3,26.1,24.2,75.8,72.6,92.2,103.0,1.77,203,pematangan,5
1,45.1,26.7,24.6,80.9,73.9,94.7,105.2,1.95,203,pematangan,5
2,44.6,26.6,25.0,79.6,71.7,89.9,106.6,1.85,203,pematangan,5
3,43.0,25.8,24.3,78.4,76.6,87.6,105.3,1.8,203,pematangan,3
4,42.9,25.5,23.5,80.1,70.9,88.8,107.5,1.68,203,pematangan,5
5,42.1,25.3,24.6,78.0,69.6,89.7,106.1,1.74,203,pematangan,5
6,52.0,25.1,25.4,75.0,70.0,90.3,106.7,1.75,203,pematangan,5
7,49.8,24.9,25.2,78.5,67.2,89.6,109.9,1.83,203,pematangan,5
8,47.7,25.4,26.3,72.3,69.8,89.4,108.8,1.86,203,pematangan,5
9,45.0,25.5,29.2,69.2,66.1,87.7,106.4,1.95,203,pematangan,5
10,43.2,26.5,30.9,65.4,65.8,85.6,103.2,2.04,203,pematangan,5
11,41.4,26.6,31.4,66.3,63.4,88.4,104.0,1.91,203,pematangan,5
12,51.1,27.5,32.7,60.8,61.0,86.5,97.8,1.92,203,pematangan,5
13,48.2,28.4,33.2,62.1,61.1,88.8,98.4,2.07,203,pematangan,5
14,45.6,28.7,30.7,64.5,64.1,91.3,94.5,1.96,203,pematangan,5
15,55.4,28.8,32.0,62.5,61.1,90.3,94.7,2.03,203,pematangan,5
16,53.4,29.1,32.3,66.6,59.8,89.0,95.4,2.18,203,pematangan,5
17,51.1,28.9,31.6,67.8,57.8,87.2,99.1,2.41,203,pematangan,5
18,50.4,29.1,31.1,69.6,59.4,83.5,102.3,2.41,203,pematangan,5
19,49.9,29.0,28.8,69.1,61.4,85.0,105.6,2.55,203,pematangan,5
20,48.3,28.1,29.0,69.8,62.2,84.5,107.6,2.42,203,pematangan,5
21,47.3,28.6,28.2,71.6,61.4,85.5,110.1,2.32,203,pematangan,5
22,45.2,27.8,26.3,77.9,63.2,87.5,110.5,2.42,203,pematangan,5
23,43.8,27.4,26.2,77.0,67.1,89.4,108.5,2.48,203,pematangan,5
0,42.9,27.0,24.3,77.8,67.5,87.6,107.7,2.58,204,pematangan,5
1,41.7,27.2,24.1,79.2,68.2,84.1,107.8,2.43,204,pematangan,5
2,40.9,25.5,24.6,82.6,68.2,84.4,108.5,2.27,204,pematangan,5
3,40.1,26.2,24.9,82.4,68.3,86.1,105.6,2.21,204,pematangan,5
4,38.4,25.1,24.0,77.0,66.1,88.0,105.1,2.07,204,pematangan,5
5,37.3,25.2,25.5,80.0,63.6,88.7,107.9,2.2,204,pematangan,5
6,45.5,24.6,26.1,81.4,62.4,89.6,107.9,2.15,204,pematangan,5
7,43.5,24.8,25.2,75.6,65.6,88.9,109.3,2.09,204,pematangan,5
8,40.9,25.4,27.2,73.2,67.4,92.1,109.4,1.94,204,pematangan,5
9,38.6,25.1,28.3,69.3,67.3,89.8,113.8,1.97,204,pematangan,1
10,36.7,25.2,30.7,68.9,67.1,88.2,110.6,1.93,204,pematangan,5
11,34.3,26.3,31.6,65.2,65.8,86.9,114.1,2.08,204,pematangan,1
12,44.8,26.5,31.1,66.8,70.1,83.8,112.2,2.02,204,pematangan,1
13,43.2,27.2,32.7,62.1,70.7,88.1,109.1,1.97,204,pematangan,5
14,41.2,28.7,30.9,63.6,69.7,88.0,108.2,2.01,204,pematangan,5
15,51.6,28.6,32.6,65.0,71.6,90.7,109.6,2.21,204,pematangan,5
16,49.0,29.2,29.3,64.9,69.1,86.9,109.1,2.31,204,pematangan,5
17,46.3,28.9,30.5,66.1,66.6,86.1,109.3,2.36,204,pematangan,5
18,46.1,28.7,29.4,68.4,67.2,83.2,106.1,2.43,204,pematangan,5
19,45.1,29.1,29.8,69.0,67.2,81.4,101.8,2.46,204,pematangan,5
20,43.4,28.7,28.6,71.4,66.5,80.7,104.2,2.34,204,pematangan,5
21,43.4,26.9,25.8,70.4,66.8,75.5,102.8,2.44,204,pematangan,5
22,42.4,27.7,25.7,76.7,68.5,74.2,103.8,2.54,204,pematangan,5
23,40.4,26.8,25.5,72.6,71.3,73.4,104.2,2.43,204,pematangan,3
0,39.6,26.9,26.3,76.1,75.0,75.5,104.8,2.47,205,pematangan,3
1,38.7,27.2,26.1,81.0,74.6,77.0,103.9,2.48,205,pematangan,3
2,38.4,26.6,24.9,75.4,73.0,78.0,102.6,2.52,205,pematangan,5
3,37.2,25.3,25.2,83.6,72.2,79.8,103.3,2.57,205,pematangan,5
4,36.6,25.0,23.4,78.9,73.5,80.6,100.6,2.5,205,pematangan,5
5,36.0,25.1,24.6,79.0,72.2,78.5,103.3,2.45,205,pematangan,5
6,46.0,25.2,25.0,78.1,70.8,80.1,103.3,2.38,205,pematangan,5
7,43.0,25.6,25.1,77.9,68.0,79.0,103.4,2.39,205,pematangan,5
8,41.4,25.0,27.0,73.1,67.7,80.3,103.6,2.34,205,pematangan,5
9,39.8,25.3,28.4,71.8,67.6,83.3,101.7,2.32,205,pematangan,5
10,37.2,26.3,30.4,69.7,64.3,85.5,99.4,2.23,205,pematangan,5
11,34.9,26.9,31.5,68.7,64.6,85.3,99.0,2.2,205,pematangan,5
12,45.5,27.3,31.3,64.9,67.1,85.3,97.1,2.48,205,pematangan,0
13,43.6,27.9,31.6,62.9,66.5,85.3,96.3,2.23,205,pematangan,5
14,41.7,28.7,30.4,62.0,65.5,89.4,94.9,2.12,205,pematangan,5
15,51.2,28.5,32.1,63.4,65.8,88.9,97.0,2.14,205,pematangan,5
16,49.0,29.5,31.2,64.9,67.9,89.2,92.9,2.06,205,pematangan,5
17,47.1,28.9,30.7,65.6,65.8,88.4,95.3,1.97,205,pematangan,2
18,45.5,29.1,30.4,69.4,66.9,88.3,93.0,1.89,205,pematangan,5
19,42.8,28.7,28.8,66.0,69.2,84.6,92.8,1.9,205,pematangan,5
20,41.5,27.5,27.6,70.0,65.4,81.7,93.4,1.92,205,pematangan,5
21,40.9,27.6,27.1,74.3,64.1,81.8,93.6,1.74,205,pematangan,5
22,39.6,27.5,26.5,73.8,64.6,86.0,98.7,1.67,205,pematangan,5
23,38.1,26.8,26.2,75.8,66.1,84.6,99.6,1.78,205,pematangan,7
0,37.1,26.8,24.8,78.5,67.6,84.2,101.7,1.67,206,pematangan,5
1,36.7,27.1,24.4,81.1,67.2,82.7,98.8,1.56,206,pematangan,5
2,35.8,25.6,23.3,81.5,69.0,83.8,101.6,1.65,206,pematangan,5
3,34.8,26.0,23.8,78.5,66.8,83.1,107.9,1.75,206,pematangan,5
4,33.9,24.5,22.6,76.6,67.3,87.7,108.2,1.69,206,pematangan,5
5,32.6,24.8,23.7,79.6,65.3,90.0,110.3,1.86,206,pematangan,5
6,42.1,24.6,25.4,76.3,61.5,90.4,110.2,1.82,206,pematangan,5
7,40.3,25.3,26.1,75.1,58.0,87.0,107.4,1.77,206,pematangan,5
8,38.9,25.4,27.2,71.9,61.3,84.9,108.9,1.85,206,pematangan,5
9,38.0,24.7,28.5,72.6,59.8,84.8,104.8,1.85,206,pematangan,5
10,36.5,25.6,30.7,67.1,60.5,80.9,104.1,1.85,206,pematangan,5
11,34.6,26.0,30.1,65.5,63.3,81.6,104.5,1.78,206,pematangan,5
12,45.1,26.9,32.1,66.2,64.1,81.6,108.4,1.63,206,pematangan,5
13,42.9,27.5,31.4,64.8,67.8,83.4,108.5,1.69,206,pematangan,5
14,39.3,28.5,32.1,63.7,65.4,80.6,105.5,1.76,206,pematangan,5
15,48.8,28.3,31.5,65.2,62.5,79.0,102.6,1.94,206,pematangan,5
16,47.2,29.1,30.8,68.3,60.3,79.9,102.8,1.87,206,pematangan,5
17,45.7,28.2,30.9,68.1,60.2,77.6,104.4,1.93,206,pematangan,5
18,45.4,29.2,29.5,67.7,62.7,79.1,105.1,1.94,206,pematangan,5
19,44.5,28.9,28.3,70.4,63.0,78.2,105.5,1.85,206,pematangan,5
20,44.2,28.8,28.0,71.5,61.2,75.7,106.7,1.86,206,pematangan,5
21,43.0,28.6,26.6,75.3,61.1,77.9,111.2,2.0,206,pematangan,1
22,40.9,27.1,26.9,73.8,62.8,77.2,110.2,2.02,206,pematangan,5
23,39.4,26.9,25.5,77.1,63.0,76.1,105.7,1.97,206,pematangan,5
0,38.0,26.6,24.3,81.1,64.7,74.4,108.2,1.95,207,pematangan,5
1,37.0,26.3,25.1,77.0,62.9,78.9,109.6,2.02,207,pematangan,5
2,35.8,25.7,24.7,79.3,62.9,84.1,111.1,1.95,207,pematangan,1
3,34.7,25.5,23.9,82.6,59.7,85.3,108.1,1.78,207,pematangan,5
4,35.1,25.5,23.8,83.3,57.8,86.0,108.2,1.9,207,pematangan,5
5,33.5,24.3,25.0,81.0,55.9,85.9,108.9,1.79,207,pematangan,5
6,43.4,24.4,24.7,78.8,56.9,85.7,109.1,1.7,207,pematangan,5
7,41.2,24.7,26.2,75.9,57.1,84.1,108.8,1.72,207,pematangan,5
8,38.9,25.7,26.4,70.3,61.1,82.6,109.5,1.6,207,pematangan,5
9,36.5,24.7,29.1,69.0,64.5,84.9,110.6,1.71,207,pematangan,5
10,33.5,26.1,29.9,69.9,65.1,82.5,110.7,1.5,207,pematangan,5
11,31.6,26.5,31.5,65.0,65.2,83.9,110.3,1.54,207,pematangan,5
12,41.2,27.7,31.5,64.0,67.2,83.3,111.5,1.55,207,pematangan,1
13,39.1,27.4,31.4,64.4,65.1,85.4,109.7,1.58,207,pematangan,5
14,37.2,28.6,31.0,63.9,66.2,82.9,113.8,1.7,207,pematangan,1
15,46.1,29.6,31.5,63.9,70.2,81.8,113.7,1.77,207,pematangan,1
16,43.9,29.1,30.9,61.6,70.7,80.8,113.2,1.81,207,pematangan,1
17,42.0,28.5,29.6,67.4,74.5,79.2,118.6,1.94,207,pematangan,0
18,40.3,27.9,31.0,68.0,74.7,80.8,119.2,1.95,207,pematangan,0
19,38.4,28.2,30.1,70.0,72.8,83.6,115.9,1.9,207,pematangan,1
20,37.0,28.9,26.8,70.4,73.5,85.3,110.0,2.0,207,pematangan,5
21,36.5,28.2,25.9,74.0,72.4,85.1,112.4,1.98,207,pematangan,1
22,35.4,28.1,25.5,72.9,74.2,85.8,111.1,1.9,207,pematangan,0
23,34.7,27.3,26.1,78.6,74.2,82.6,105.2,1.8,207,pematangan,3
0,33.2,27.1,27.5,78.8,74.8,85.5,104.7,1.9,208,pematangan,3
1,32.2,26.9,23.8,80.2,73.5,85.4,104.7,1.95,208,pematangan,5
2,31.3,25.6,24.1,78.9,75.3,86.7,107.5,1.75,208,pematangan,3
3,30.6,25.8,25.2,75.8,75.9,89.0,107.7,1.71,208,pematangan,3
4,30.4,25.8,23.6,78.1,79.0,88.8,106.0,1.83,208,pematangan,3
5,29.2,24.8,25.1,76.4,81.0,87.0,105.0,1.87,208,pematangan,3
6,39.7,25.2,25.7,78.2,81.5,87.5,107.9,1.95,208,pematangan,3
7,37.7,25.2,26.0,76.7,81.7,86.4,108.1,1.9,208,pematangan,3
